type,t0,adc0,t1,adc1,t2,adc2,t3,adc3,t4,acc_x,acc_y,acc_z,t5,gyro_x,gyro_y,gyro_z,adc0_filtered,adc1_filtered
adc,1543140394.0,0.2550000250339508,1543149442.0,0.5112500190734863,1543158474.0,0.163875013589859,1543167509.0,0.4367500245571136,,,,,,,,,-0.03281884558298065,0.023170958106451266
adc,1543176746.0,-0.3072500228881836,1543185789.0,0.905750036239624,1543194827.0,0.1268750131130218,1543203861.0,0.4266250133514404,,,,,,,,,-0.5878188179677004,0.4487062424683821
adc,1543213044.0,-0.1541250050067901,1543222086.0,0.5365000367164612,1543231113.0,0.0988750010728836,1543240422.0,0.4201250076293945,,,,,,,,,-0.4269803054357185,0.10949787429862512
adc,1543249639.0,0.4617500305175781,1543258680.0,-0.0401250012218952,1543267716.0,0.1112500056624412,1543276749.0,0.3528750240802765,,,,,,,,,0.19679103619690075,-0.43886637345957624
adc,1543285782.0,0.862500011920929,1543294820.0,-0.2845000028610229,1543303854.0,0.1420000046491623,1543312887.0,0.3428750038146972,,,,,,,,,0.6054501872631759,-0.6575026730060297
adc,1543322202.0,0.4531250298023224,1543331240.0,0.2098750174045562,1543340427.0,0.1503750085830688,1543349464.0,0.304625004529953,,,,,,,,,0.20389268898088578,-0.14051800656896718
adc,1543358675.0,-0.1092500016093254,1543367722.0,0.8250000476837158,1543376764.0,0.1338750123977661,1543385794.0,0.3017500042915344,,,,,,,,,-0.3508453579530271,0.49367569392755084
adc,1543394838.0,-0.2830000221729278,1543403884.0,0.8073750138282776,1543412915.0,0.1283750087022781,1543421948.0,0.3100000023841858,,,,,,,,,-0.5172570697601095,0.4913901205296724
adc,1543431005.0,0.2481250166893005,1543440422.0,0.1602500081062317,1543449467.0,0.1460000127553939,1543458499.0,0.277875006198883,,,,,,,,,0.02072231843963032,-0.14408746559226898
adc,1543467679.0,0.7706250548362732,1543476744.0,-0.3107500076293945,1543485784.0,0.1420000046491623,1543494823.0,0.301250010728836,,,,,,,,,0.5493098167631086,-0.6068862813681932
adc,1543503971.0,0.6740000247955322,1543513017.0,-0.0388750024139881,1543522055.0,0.1708750128746032,1543531084.0,0.3055000007152557,,,,,,,,,0.4576046558507103,-0.32983277056019816
adc,1543540581.0,0.106000006198883,1543549633.0,0.5750000476837158,1543558674.0,0.1846250146627426,1543567710.0,0.3243750035762787,,,,,,,,,-0.1071635477050582,0.286753928016709
adc,1543576955.0,-0.30137500166893,1543586000.0,0.9790000319480896,1543595036.0,0.1838750094175338,1543604064.0,0.324500024318695,,,,,,,,,-0.5136124287661217,0.6916287149896956
adc,1543613248.0,-0.0360000021755695,1543622299.0,0.5335000157356262,1543631336.0,0.1346250027418136,1543640741.0,0.3406250178813934,,,,,,,,,-0.2502855530410283,0.24580845526900189
adc,1543649835.0,0.5640000104904175,1543658881.0,-0.0855000019073486,1543667915.0,0.0608750022947788,1543676943.0,0.328000009059906,,,,,,,,,0.3440349092664655,-0.37410784792013435
adc,1543686129.0,0.8643750548362732,1543695175.0,-0.2996250092983246,1543704211.0,0.032999999821186,1543713240.0,0.2985000014305115,,,,,,,,,0.6345238527350036,-0.5892283977369548
adc,1543722314.0,0.382625013589859,1543731362.0,0.2763750255107879,1543740432.0,0.0116250002756714,1543749476.0,0.2487500160932541,,,,,,,,,0.13826370085591688,-0.013894316769600318
adc,1543758679.0,-0.2082500159740448,1543767722.0,0.8601250648498535,1543776766.0,0.0048750001005828,1543785799.0,0.2210000157356262,,,,,,,,,-0.4719267508840572,0.569802501862888
adc,1543795005.0,-0.3206250071525574,1543804048.0,0.6890000104904175,1543813086.0,-0.0025000001769512,1543822122.0,0.2322500050067901,,,,,,,,,-0.6082937880814934,0.39938238420910255
adc,1543831240.0,0.2370000183582306,1543840483.0,0.0523750036954879,1543849525.0,-0.0050000003539025,1543858558.0,0.2480000108480453,,,,,,,,,-0.0788447187153212,-0.23577465549814125
adc,1543867772.0,0.6235000491142273,1543876835.0,-0.3198750019073486,1543885876.0,-0.0023750001564621,1543894915.0,0.2637500166893005,,,,,,,,,0.2761697538418523,-0.6059193238375771
adc,1543903959.0,0.4436250329017639,1543913004.0,0.0883750021457672,1543922042.0,0.0045000002719461,1543931077.0,0.2861250042915344,,,,,,,,,0.06272695593815662,-0.19516180184649307
adc,1543940100.0,0.0375000014901161,1543949140.0,0.7676250338554382,1543958179.0,0.0068750004284083,1543967208.0,0.2773750126361847,,,,,,,,,-0.37754170690892064,0.4866791553006167
adc,1543976428.0,0.0118750007823109,1543985487.0,0.8572500348091125,1543994525.0,0.0003750000032596,1544003559.0,0.2983750104904175,,,,,,,,,-0.43621316999989385,0.5786034699076923
adc,1544012610.0,0.5536250472068787,1544021660.0,0.2541249990463257,1544030695.0,-0.0036250001285225,1544040048.0,0.3477500081062317,,,,,,,,,0.07528682935654077,-0.022914063657020284
adc,1544049279.0,1.102250099182129,1544058325.0,-0.2406250089406967,1544067359.0,-0.0047500003129243,1544076389.0,0.3710000216960907,,,,,,,,,0.5980290302964313,-0.5171352445387698
adc,1544085582.0,1.2873750925064087,1544094634.0,-0.1813750118017196,1544103670.0,0.0027500002179294,1544112700.0,0.4065000116825104,,,,,,,,,0.762931503121798,-0.45876468632294093
adc,1544122039.0,0.5138750076293945,1544131077.0,0.3487500250339508,1544140540.0,0.0430000014603138,1544149579.0,0.5095000267028809,,,,,,,,,-0.02423541593192413,0.0688408180967231
adc,1544158768.0,0.265375018119812,1544167814.0,0.812000036239624,1544176868.0,0.1547500044107437,1544185905.0,0.5927500128746033,,,,,,,,,-0.2794211175962284,0.527825041554391
adc,1544195204.0,0.085875004529953,1544204252.0,0.6147500276565552,1544213287.0,0.4855000376701355,1544222325.0,0.7392500638961792,,,,,,,,,-0.45868810342115857,0.32459531147299026
adc,1544231372.0,0.6212500333786011,1544240742.0,0.021000001579523,1544249785.0,0.8040000200271606,1544258820.0,0.924500048160553,,,,,,,,,0.08331802000771202,-0.2766758887447075
adc,1544268029.0,1.033500075340271,1544277084.0,-0.3106250166893005,1544286121.0,1.1271250247955322,1544295154.0,1.0767500400543213,,,,,,,,,0.5076828603059353,-0.6170565714071226
adc,1544304193.0,0.8318750262260437,1544313233.0,0.0913750007748603,1544322274.0,1.3540000915527344,1544331311.0,1.1657500267028809,,,,,,,,,0.32243805351815225,-0.22461976040013393
adc,1544340623.0,0.1618750095367431,1544349669.0,0.7591250538825989,1544358704.0,1.512125015258789,1544367735.0,1.3037500381469729,,,,,,,,,-0.3283296088894356,0.4332788333126128
adc,1544376939.0,-0.2006250023841858,1544385986.0,0.9333750605583192,1544395021.0,1.6288751363754272,1544404053.0,1.4667500257492063,,,,,,,,,-0.6702331381415282,0.5979598036592261
adc,1544413344.0,0.1938750147819519,1544422390.0,0.3941250145435333,1544431421.0,1.7043750286102295,1544440740.0,1.5046250820159912,,,,,,,,,-0.2552156830965102,0.049998175594656136
adc,1544449969.0,0.784250020980835,1544459018.0,-0.1355000138282776,1544468060.0,1.810375094413757,1544477094.0,1.600375056266785,,,,,,,,,0.3543033968041011,-0.4869449464149281
adc,1544486167.0,1.0681250095367432,1544495215.0,-0.1163750067353248,1544504253.0,1.9067500829696653,1544513287.0,1.6476250886917114,,,,,,,,,0.654883519099643,-0.47328267987844147
adc,1544522587.0,0.3875000178813934,1544531635.0,0.3821250200271606,1544540966.0,1.96750009059906,1544550004.0,1.6866251230239868,,,,,,,,,-0.01225584826788323,0.02196793409900527
adc,1544559182.0,-0.1615000069141388,1544568225.0,0.984000027179718,1544577275.0,2.0400002002716064,1544586308.0,1.704625129699707,,,,,,,,,-0.5514478286901822,0.6230326832415432
adc,1544595510.0,-0.1866250038146972,1544604549.0,0.8223750591278076,1544613581.0,2.085750102996826,1544622613.0,1.756375074386597,,,,,,,,,-0.5705581072486664,0.46310524095997196
adc,1544631659.0,0.468250036239624,1544640986.0,0.0760000050067901,1544650031.0,2.0888750553131104,1544659067.0,1.772000074386597,,,,,,,,,0.08676234004009531,-0.2791674485069956
adc,1544668252.0,1.1096251010894775,1544677313.0,-0.312125027179718,1544686348.0,2.1091251373291016,1544695380.0,1.7820000648498535,,,,,,,,,0.7275480393178735,-0.6610573598103682
adc,1544704414.0,0.7553750276565552,1544713464.0,0.1140000075101852,1544722502.0,2.140500068664551,1544731618.0,1.7828750610351562,,,,,,,,,0.37046622405801116,-0.2269875702811088
adc,1544740705.0,0.032999999821186,1544749752.0,0.8692500591278076,1544758789.0,2.167250156402588,1544767824.0,1.764125108718872,,,,,,,,,-0.35599869733132844,0.5373702196789513
adc,1544777057.0,-0.2892500162124634,1544786110.0,1.012125015258789,1544795144.0,2.183500051498413,1544804174.0,1.7975001335144043,,,,,,,,,-0.6824912717813185,0.6898790767258192
adc,1544813361.0,0.1898750066757202,1544822404.0,0.3686250150203705,1544831442.0,2.1821250915527344,1544840941.0,1.7847501039505005,,,,,,,,,-0.20660830941540487,0.05585429244074128
adc,1544850163.0,0.8358750343322754,1544859208.0,-0.2067500054836273,1544868244.0,2.19837498664856,1544877280.0,1.7516250610351562,,,,,,,,,0.43827161558008726,-0.510881927526361
adc,1544886567.0,1.1085000038146973,1544895609.0,-0.2875000238418579,1544904642.0,2.208125114440918,1544913674.0,1.7605000734329224,,,,,,,,,0.7129044933792205,-0.5844350692038467
adc,1544922738.0,0.5406250357627869,1544931784.0,0.2666250169277191,1544940973.0,2.2018752098083496,1544950010.0,1.7763750553131104,,,,,,,,,0.15097763379571558,-0.02502547117207482
adc,1544959225.0,-0.2300000041723251,1544968270.0,0.827750027179718,1544977318.0,2.16462516784668,1544986355.0,1.789750099182129,,,,,,,,,-0.6092019073705025,0.5391831031445038
adc,1544995410.0,-0.1390000134706497,1545004455.0,0.5130000114440918,1545013488.0,2.022625207901001,1545022517.0,1.6737500429153442,,,,,,,,,-0.5029951303578386,0.2252318536519835
adc,1545031816.0,0.5435000061988831,1545040968.0,-0.0206250008195638,1545050005.0,1.6658750772476196,1545059037.0,1.5417500734329224,,,,,,,,,0.1994245271656624,-0.3097571820288655
adc,1545068237.0,0.9693750739097596,1545077296.0,-0.3342500030994415,1545086335.0,1.2833750247955322,1545095367.0,1.3696250915527344,,,,,,,,,0.6495653263686617,-0.6265986044661356
adc,1545104680.0,0.6116250157356262,1545113725.0,0.2132500112056732,1545122765.0,0.9226250648498536,1545131798.0,1.1516250371932983,,,,,,,,,0.3197479314658292,-0.08370326831294944
adc,1545141165.0,-0.2025000154972076,1545150211.0,0.8820000290870667,1545159248.0,0.4942500293254852,1545168281.0,0.8715000152587891,,,,,,,,,-0.46374742265990987,0.5796200891086223
adc,1545177522.0,-0.4208750128746032,1545186565.0,0.8593750596046448,1545195606.0,0.2156250029802322,1545204640.0,0.5254999995231628,,,,,,,,,-0.6500173015732509,0.5513514289579098
adc,1545213829.0,-0.0018750000745058,1545222880.0,0.2565000057220459,1545231918.0,0.1185000091791153,1545240993.0,0.5053750276565552,,,,,,,,,-0.1988584238791071,-0.05680464027750676
adc,1545250228.0,0.8351250290870667,1545259273.0,-0.2830000221729278,1545268308.0,0.1026250049471855,1545277337.0,0.4382500350475311,,,,,,,,,0.6687886986235227,-0.6007214661395257
adc,1545286543.0,0.6767500042915344,1545295585.0,-0.034375000745058,1545304622.0,0.1183750033378601,1545313652.0,0.4656250178813934,,,,,,,,,0.537898721942137,-0.35526335232180045
adc,1545322725.0,0.1695000082254409,1545331776.0,0.6445000171661377,1545340969.0,0.1363750100135803,1545350014.0,0.4321250319480896,,,,,,,,,0.053304695322557605,0.3219387815017588
adc,1545359216.0,-0.3073750138282776,1545368260.0,0.9966250658035278,1545377312.0,0.0496250018477439,1545386346.0,0.3852500319480896,,,,,,,,,-0.4073427774692011,0.6739704809819577
adc,1545395402.0,-0.2188750058412552,1545404444.0,0.4581250250339508,1545413477.0,-0.0035000001080334,1545422511.0,0.2661250233650207,,,,,,,,,-0.31047446585700406,0.1368771020268495
adc,1545431619.0,0.1521250009536743,1545440689.0,-0.1595000028610229,1545449738.0,-0.0053750001825392,1545458768.0,0.1486250013113021,,,,,,,,,0.059879824430730144,-0.4780763004602309
adc,1545467981.0,0.5248750448226929,1545477056.0,-0.2111250162124633,1545486091.0,0.0018750000745058,1545495131.0,0.1387500017881393,,,,,,,,,0.4221924272938864,-0.5261287809192425
adc,1545504463.0,0.1570000052452087,1545513505.0,0.3911250233650207,1545522542.0,0.0061250003054738,1545531617.0,0.1725000143051147,,,,,,,,,0.033772046680599285,0.08013890501744414
adc,1545540674.0,-0.1961250156164169,1545549725.0,0.912000060081482,1545558758.0,0.0055000004358589,1545567791.0,0.2071250081062317,,,,,,,,,-0.3497988567792598,0.6049686673311339
adc,1545576861.0,-0.1225000023841857,1545585904.0,0.5820000171661377,1545594940.0,-0.0031250000465661,1545603974.0,0.2560000121593475,,,,,,,,,-0.3157553261810263,0.27833819272850263
adc,1545613276.0,0.2643750011920929,1545622322.0,-0.0158750005066394,1545631355.0,-0.0056250002235174,1545640515.0,0.3407500088214874,,,,,,,,,0.02372379460389132,-0.3172504126506297
adc,1545649754.0,0.4813750088214874,1545658797.0,-0.3177500069141388,1545667836.0,-0.0011250000679865,1545676876.0,0.3023750185966491,,,,,,,,,0.18734745029501634,-0.618355769494896
adc,1545685999.0,0.2848750054836273,1545695047.0,0.1882500052452087,1545704078.0,0.0050000003539025,1545713112.0,0.3136250078678131,,,,,,,,,-0.06625053981435049,-0.11343433442300183
adc,1545722140.0,-0.1020000055432319,1545731189.0,0.8421250581741333,1545740515.0,0.0067500001750886,1545749559.0,0.3913750052452087,,,,,,,,,-0.5113899218333141,0.5373130292891074
adc,1545758793.0,0.1471250057220459,1545767836.0,0.8267500400543213,1545776896.0,0.0,1545785932.0,0.5710000395774841,,,,,,,,,-0.31900572900871266,0.516707185761945
adc,1545795258.0,0.6921250224113464,1545804310.0,0.2376250177621841,1545813343.0,0.0107500003650784,1545822375.0,0.6167500019073486,,,,,,,,,0.17341726118201348,-0.07965123933241813
adc,1545831422.0,1.293125033378601,1545840479.0,-0.2623750269412994,1545849525.0,0.1030000075697898,1545858553.0,0.7571250200271606,,,,,,,,,0.7284038784645244,-0.5886284163564521
adc,1545867743.0,1.396875023841858,1545876805.0,-0.1467500030994415,1545885847.0,0.3152500092983246,1545894881.0,0.8083750605583191,,,,,,,,,0.7946902323896299,-0.4833088766800837
adc,1545903892.0,0.6320000290870667,1545912933.0,0.5043750405311584,1545921971.0,0.5241250395774841,1545931003.0,0.8698750138282776,,,,,,,,,0.002344211298177634,0.15673957249408005
adc,1545940157.0,0.0245000012218952,1545949199.0,0.9467500448226928,1545958230.0,0.9218750596046448,1545967259.0,1.062250018119812,,,,,,,,,-0.6218016579575497,0.5879323681778647
adc,1545976460.0,0.4286250174045563,1545985505.0,0.6036249995231628,1545994542.0,1.1077500581741333,1546003574.0,1.232875108718872,,,,,,,,,-0.2232763876962206,0.23424274454055774
adc,1546012615.0,0.9567500352859496,1546021676.0,-0.0580000020563602,1546030720.0,1.3258750438690186,1546040165.0,1.327125072479248,,,,,,,,,0.30995718285373586,-0.4366067638473939
adc,1546049396.0,1.1667500734329224,1546058444.0,-0.1215000078082084,1546067483.0,1.423625111579895,1546076516.0,1.3921250104904177,,,,,,,,,0.5349685185228155,-0.5073278149367715
adc,1546085567.0,0.6238750219345093,1546094608.0,0.4165000319480896,1546103644.0,1.4996250867843628,1546112678.0,1.4373750686645508,,,,,,,,,0.015849444214812936,0.026004240460350464
adc,1546121981.0,-0.0377500019967556,1546131026.0,0.9738750457763672,1546140139.0,1.5661250352859497,1546149175.0,1.442500114440918,,,,,,,,,-0.6146575899455816,0.5816500584413333
adc,1546158386.0,-0.2212500125169754,1546167435.0,0.9296250343322754,1546176498.0,1.620500087738037,1546185535.0,1.5011250972747805,,,,,,,,,-0.7611590526163979,0.5387913204494935
adc,1546194598.0,0.3138750195503235,1546203637.0,0.3995000123977661,1546212672.0,1.6452500820159912,1546221701.0,1.5080000162124634,,,,,,,,,-0.1846299867188455,0.013135439125869897
adc,1546230745.0,1.0487500429153442,1546240204.0,-0.1643750071525573,1546249248.0,1.7632501125335691,1546258281.0,1.5247501134872437,,,,,,,,,0.5946553242661705,-0.5434516863663943
adc,1546267465.0,1.0171250104904177,1546276568.0,0.032124999910593,1546285606.0,1.8025001287460327,1546294635.0,1.5851250886917114,,,,,,,,,0.6091542802821024,-0.3372859422699441
adc,1546303849.0,0.3222500085830688,1546312888.0,0.5020000338554382,1546321925.0,1.8061250448226929,1546330955.0,1.598750114440918,,,,,,,,,-0.03906667186945517,0.14406162025639035
adc,1546340235.0,-0.3778750300407409,1546349284.0,0.8357500433921814,1546358319.0,1.777375102043152,1546367355.0,1.5913751125335691,,,,,,,,,-0.6930945746126028,0.49044675436315305
adc,1546376593.0,-0.2582499980926513,1546385635.0,0.5856250524520874,1546394666.0,1.64537513256073,1546403693.0,1.485875129699707,,,,,,,,,-0.5289380256414883,0.2534579790529252
adc,1546412874.0,0.7546250224113464,1546421924.0,-0.1398750096559524,1546430956.0,1.371250033378601,1546440389.0,1.3851250410079956,,,,,,,,,0.5259492550880004,-0.45903083042508847
adc,1546449638.0,1.133750081062317,1546458686.0,-0.3297500014305115,1546467720.0,0.9625000357627868,1546476748.0,1.131625056266785,,,,,,,,,0.9436425544290128,-0.636563604602407
adc,1546486065.0,0.0248750019818544,1546495109.0,0.0945000052452087,1546504145.0,0.4580000340938568,1546513178.0,0.8347500562667847,,,,,,,,,-0.13102494904705514,-0.20106981343681288
adc,1546522483.0,-0.2452500164508819,1546531609.0,0.7831250429153442,1546540718.0,0.1380000114440918,1546549757.0,0.5643750429153442,,,,,,,,,-0.3722154145184529,0.49739684869751677
adc,1546558933.0,-0.3891250193119049,1546567976.0,0.8895000219345093,1546577034.0,0.0683750063180923,1546586069.0,0.5098749995231628,,,,,,,,,-0.49331846539800345,0.612021922333956
adc,1546595370.0,0.3098750114440918,1546604414.0,0.2235000133514404,1546613445.0,0.0303750019520521,1546622481.0,0.4353750348091125,,,,,,,,,0.22146063358886764,-0.04741945847383078
adc,1546631517.0,0.4481250345706939,1546640591.0,-0.320125013589859,1546649636.0,0.0461250022053718,1546658664.0,0.3831250071525574,,,,,,,,,0.36777231481737427,-0.5862147662976684
adc,1546667866.0,0.4515000283718109,1546676925.0,-0.0592500045895576,1546685957.0,0.0115000009536743,1546694990.0,0.3547500073909759,,,,,,,,,0.3709249773415297,-0.3222367113979109
adc,1546704037.0,-0.0738750025629997,1546713081.0,0.6006250381469727,1546722119.0,0.0065000001341104,1546731147.0,0.2223750054836273,,,,,,,,,-0.16330670038264983,0.33903715062045786
adc,1546740418.0,-0.343500018119812,1546749471.0,0.90562504529953,1546758507.0,0.0007500000065192,1546767536.0,0.1292500048875808,,,,,,,,,-0.45049313211898717,0.6437567780170762
adc,1546776764.0,0.0271250009536743,1546785809.0,0.3445000052452087,1546794843.0,-0.0043750000186264,1546803878.0,0.1516250073909759,,,,,,,,,-0.10586283961106077,0.08068717140357795
adc,1546812899.0,0.4110000133514404,1546821948.0,-0.2705000042915344,1546830987.0,-0.0047500003129243,1546840440.0,0.2057500034570694,,,,,,,,,0.24424636734379473,-0.5379183942521459
adc,1546849587.0,0.4331250190734863,1546858637.0,-0.1536250114440918,1546867673.0,0.002250000135973,1546876702.0,0.2753750085830688,,,,,,,,,0.2259124892825336,-0.42630797490931127
adc,1546885722.0,0.1030000075697898,1546894766.0,0.4875000119209289,1546903799.0,0.0066250003874301,1546912834.0,0.3623750209808349,,,,,,,,,-0.14987582687780346,0.20791217632769027
adc,1546921883.0,-0.2382500171661377,1546930928.0,0.8728750348091125,1546940404.0,0.0037500001490116,1546949452.0,0.3840000033378601,,,,,,,,,-0.5401329091907676,0.5847963554475745
adc,1546958640.0,-0.1402500122785568,1546967691.0,0.5915000438690186,1546976753.0,-0.003000000026077,1546985787.0,0.4177500307559967,,,,,,,,,-0.492326870605807,0.2934524043912778
adc,1546994825.0,0.3476250171661377,1547003876.0,-0.0868750065565109,1547012911.0,-0.0062500000931322,1547021947.0,0.4968750178813934,,,,,,,,,-0.05349551352428536,-0.39618917332513376
adc,1547031016.0,0.7606250643730164,1547040435.0,-0.3062500059604645,1547049479.0,0.0001250000059371,1547058516.0,0.5642500519752502,,,,,,,,,0.31397670234749114,-0.6278549685619959
adc,1547067715.0,1.162000060081482,1547076780.0,0.1646250039339065,1547085812.0,0.0406250022351741,1547094842.0,0.6521250605583191,,,,,,,,,0.6755607199333237,-0.16991498977471808
adc,1547104145.0,1.037500023841858,1547113195.0,0.7363750338554382,1547122225.0,0.1972500085830688,1547131252.0,0.7230000495910645,,,,,,,,,0.5189145815190286,0.3887408902593499
adc,1547140414.0,0.0158750005066394,1547149464.0,0.8892500400543213,1547158498.0,0.518250048160553,1547167530.0,0.8262500166893005,,,,,,,,,-0.5257540580758864,0.5289313862114559
adc,1547176751.0,0.4068750143051147,1547185800.0,0.3340000212192535,1547194835.0,0.7982500195503235,1547203867.0,0.9687500596046448,,,,,,,,,-0.1477765656730712,-0.03797791294735173
adc,1547212883.0,0.9337500333786012,1547221934.0,-0.2117500156164169,1547230971.0,0.9507500529289246,1547240415.0,1.1006250381469729,,,,,,,,,0.37644160312030045,-0.5937438076106896
adc,1547249641.0,0.983625054359436,1547258687.0,-0.1385000050067901,1547267725.0,1.0595000982284546,1547276763.0,1.1601250171661377,,,,,,,,,0.4338098618436535,-0.5282928435824389
adc,1547285960.0,0.429375022649765,1547295011.0,0.6057500243186951,1547304045.0,1.1898750066757202,1547313075.0,1.292625069618225,,,,,,,,,-0.10351793896699202,0.21085252627571832
adc,1547322140.0,-0.2261250168085098,1547331191.0,1.2022500038146973,1547340499.0,1.3265000581741333,1547349543.0,1.386125087738037,,,,,,,,,-0.7338082604793587,0.8052707083524908
adc,1547358744.0,0.0283750016242265,1547367796.0,0.7931250333786011,1547376850.0,1.4010000228881836,1547385886.0,1.3743751049041748,,,,,,,,,-0.4472719232408938,0.39721966063251846
adc,1547395177.0,0.3991250097751617,1547404227.0,0.3888750076293945,1547413263.0,1.5005000829696655,1547422297.0,1.482250094413757,,,,,,,,,-0.03933928981930257,-0.0028889096478402765
adc,1547431353.0,1.1721251010894775,1547440425.0,-0.2827500104904175,1547449466.0,1.5825001001358032,1547458502.0,1.448875069618225,,,,,,,,,0.7741768803799995,-0.6676085881891148
adc,1547467698.0,0.7638750076293945,1547476766.0,0.0173750016838312,1547485804.0,1.5983750820159912,1547494836.0,1.442500114440918,,,,,,,,,0.4079037176752559,-0.35829869134355197
adc,1547504141.0,-0.0032500000670552,1547513181.0,0.9001250267028809,1547522210.0,1.53962504863739,1547531241.0,1.3982501029968262,,,,,,,,,-0.3176491498362282,0.5353033286703621
adc,1547540423.0,-0.2007500082254409,1547549472.0,0.7632500529289246,1547558510.0,1.436000108718872,1547567542.0,1.3830000162124634,,,,,,,,,-0.47577249068594873,0.41026543917686964
adc,1547576767.0,0.1602500081062317,1547585815.0,0.2601250112056732,1547594853.0,1.1273750066757202,1547603887.0,1.140375018119812,,,,,,,,,-0.07923818177134984,-0.0807309224709038
adc,1547613182.0,0.5058750510215759,1547622226.0,-0.2997500002384186,1547631264.0,0.5556250214576721,1547640450.0,0.8958750367164612,,,,,,,,,0.29663849396499997,-0.6288358973380909
adc,1547649805.0,0.4617500305175781,1547658854.0,-0.2398750185966491,1547667890.0,0.2295000106096267,1547676920.0,0.7361250519752502,,,,,,,,,0.2762996744415523,-0.5581107270047166
adc,1547685993.0,0.1347500085830688,1547695044.0,0.5210000276565552,1547704085.0,0.1340000033378601,1547713121.0,0.5822499990463257,,,,,,,,,-0.03426687555323467,0.21225070703640614
adc,1547722196.0,-0.3208750188350677,1547731237.0,1.0185000896453855,1547740575.0,0.1076250076293945,1547749619.0,0.5640000104904175,,,,,,,,,-0.48137651855016955,0.717552237139496
adc,1547758829.0,-0.1875000149011612,1547767869.0,0.6258750557899475,1547776919.0,0.0630000010132789,1547785953.0,0.4213750064373016,,,,,,,,,-0.34763325623776237,0.3308328061774954
adc,1547794997.0,0.4748750329017639,1547804041.0,-0.1297500133514404,1547813073.0,-0.0042500002309679,1547822106.0,0.3491250276565552,,,,,,,,,0.3070697990816748,-0.4209028547206506
adc,1547831149.0,0.8215000629425049,1547840397.0,-0.2937500178813934,1547849433.0,0.0016250000335276,1547858465.0,0.2930000126361847,,,,,,,,,0.6384098830141203,-0.5830764975131681
adc,1547867647.0,0.4135000109672546,1547876712.0,0.2821250259876251,1547885746.0,0.0050000003539025,1547894778.0,0.2792500257492065,,,,,,,,,0.2082344001620488,-0.0074247654400727
adc,1547903820.0,-0.2061250060796737,1547912864.0,0.9520000219345092,1547921895.0,0.0045000002719461,1547930930.0,0.3047500252723694,,,,,,,,,-0.43946614595803996,0.6602384466359721
adc,1547939945.0,-0.2366250157356262,1547948981.0,0.7438750267028809,1547958010.0,-0.0026250001974403,1547967044.0,0.3585000038146972,,,,,,,,,-0.5027096975409171,0.4480106969988585
adc,1547976276.0,0.3945000171661377,1547985318.0,0.0301250014454126,1547994348.0,-0.0041249999776482,1548003383.0,0.3675000071525574,,,,,,,,,0.09244752712249041,-0.2716048815234099
adc,1548012431.0,0.7305000424385071,1548021484.0,-0.3178750276565552,1548030513.0,0.0005000000237487,1548039894.0,0.3328750133514404,,,,,,,,,0.3908689051441342,-0.6270700475578814
adc,1548049114.0,0.5710000395774841,1548058158.0,0.0678750053048133,1548067191.0,0.0043750000186264,1548076226.0,0.3497500121593475,,,,,,,,,0.1939043345948034,-0.25017497707585695
adc,1548085519.0,-0.0503750033676624,1548094564.0,0.8222500681877136,1548103598.0,0.0063750003464519,1548112632.0,0.4378750324249267,,,,,,,,,-0.4630577895216333,0.49422215113861057
adc,1548121690.0,-0.1801250129938125,1548130737.0,0.8825000524520874,1548139928.0,-0.0001250000059371,1548148973.0,0.4656250178813934,,,,,,,,,-0.6248003490667648,0.5436991843080825
adc,1548158175.0,0.4030000269412994,1548167224.0,0.3305000066757202,1548176276.0,-0.0035000001080334,1548185310.0,0.5037500262260437,,,,,,,,,-0.06849781938756308,-0.019481200629354267
adc,1548194481.0,1.0973750352859497,1548203525.0,-0.2600000202655792,1548212564.0,0.082125000655651,1548221595.0,0.5786250233650208,,,,,,,,,0.6055564833316007,-0.6211249079392359
adc,1548230656.0,1.3181250095367432,1548239931.0,-0.1236250028014183,1548248977.0,0.2596250176429748,1548258012.0,0.6888750195503235,,,,,,,,,0.8134771466887891,-0.4953625617763967
adc,1548267220.0,0.6723750233650208,1548276284.0,0.4850000143051147,1548285319.0,0.5242500305175781,1548294349.0,0.8290000557899475,,,,,,,,,0.16296025945001863,0.10370981642719063
adc,1548303428.0,-0.0925000011920929,1548312466.0,1.011375069618225,1548321502.0,0.8216250538825989,1548330533.0,1.0296250581741333,,,,,,,,,-0.5985041192330007,0.622125409480307
adc,1548340056.0,0.171750009059906,1548349106.0,0.7171250581741333,1548358145.0,0.9420000314712524,1548367178.0,1.1631250381469729,,,,,,,,,-0.32299909597707077,0.3220036578334225
adc,1548376386.0,0.5086250305175781,1548385430.0,0.1593750119209289,1548394468.0,1.0338751077651978,1548403502.0,1.242500066757202,,,,,,,,,0.03223876251830973,-0.2391194410868695
adc,1548412688.0,1.1707500219345093,1548421741.0,-0.2597500085830688,1548430771.0,1.1390000581741333,1548439925.0,1.2705000638961792,,,,,,,,,0.7187637548776684,-0.6588294636206568
adc,1548449008.0,0.4561250209808349,1548458054.0,0.343500018119812,1548467093.0,1.2572500705718994,1548476128.0,1.3577500581741333,,,,,,,,,0.03325458216222116,-0.05323706616540419
adc,1548485351.0,-0.0283750016242265,1548494398.0,0.937125027179718,1548503430.0,1.3791251182556152,1548512464.0,1.2960000038146973,,,,,,,,,-0.41889416628954734,0.5456264065045671
adc,1548521771.0,-0.3207500278949737,1548530816.0,1.0023750066757202,1548539907.0,1.4383751153945925,1548548958.0,1.3463751077651978,,,,,,,,,-0.6772292857513466,0.6187972630752485
adc,1548558180.0,0.0058750002644956,1548567219.0,0.3683750033378601,1548576272.0,1.4445000886917114,1548585305.0,1.374000072479248,,,,,,,,,-0.31640670624667744,-0.004992587727988551
adc,1548594601.0,0.8632500171661377,1548603644.0,-0.277875006198883,1548612676.0,1.470500111579895,1548621705.0,1.3730000257492063,,,,,,,,,0.5738696444343716,-0.6392926692700478
adc,1548630755.0,0.9605000615119934,1548639949.0,-0.1430000066757202,1548648993.0,1.408500075340271,1548658025.0,1.3078750371932983,,,,,,,,,0.7013866445493484,-0.4913931206930595
adc,1548667227.0,0.2972500026226043,1548676285.0,0.4111250340938568,1548685314.0,0.9792500734329224,1548694344.0,1.1186250448226929,,,,,,,,,0.0645716461736689,0.07609795667362107
adc,1548703404.0,-0.3495000302791595,1548712449.0,1.0651251077651978,1548721484.0,0.5068750381469727,1548730514.0,0.9795000553131104,,,,,,,,,-0.5606082494883783,0.7430483894514542
adc,1548739956.0,-0.1613750010728836,1548748996.0,0.5447500348091125,1548758037.0,0.2712500095367431,1548767069.0,0.7797500491142273,,,,,,,,,-0.3566178336943032,0.2344640208411387
adc,1548776298.0,0.2760000228881836,1548785339.0,-0.1081250086426734,1548794367.0,0.1180000081658363,1548803400.0,0.6038750410079956,,,,,,,,,0.09030139986991301,-0.4084763528245235
adc,1548812714.0,0.8095000386238098,1548821763.0,-0.3286250233650207,1548830797.0,0.0847500041127204,1548839970.0,0.4431250095367431,,,,,,,,,0.6266567326165713,-0.6215118580637358
adc,1548849201.0,0.3542500138282776,1548858246.0,0.2146250158548355,1548867286.0,0.0100000007078051,1548876318.0,0.3406250178813934,,,,,,,,,0.16747249704766132,-0.07376753055975108
adc,1548885350.0,-0.1455000042915344,1548894397.0,0.9422500729560852,1548903431.0,0.0087500000372529,1548912463.0,0.316875010728836,,,,,,,,,-0.3428209609204778,0.6550186934329931
adc,1548921536.0,-0.2911249995231628,1548930584.0,0.765500009059906,1548939907.0,-0.0026250001974403,1548948947.0,0.320125013589859,,,,,,,,,-0.5051271496925138,0.4758840884658353
adc,1548958023.0,0.3156250119209289,1548967065.0,0.1080000028014183,1548976110.0,-0.0043750000186264,1548985149.0,0.3416250050067901,,,,,,,,,0.07956862476862267,-0.18759996137054974
adc,1548994198.0,0.6191250085830688,1549003247.0,-0.3471250236034393,1549012282.0,-0.0006250000442378,1549021314.0,0.3428750038146972,,,,,,,,,0.3566861325256447,-0.6521942953494271
adc,1549030598.0,0.5853750109672546,1549039914.0,0.0378750003874301,1549048956.0,0.0042500002309679,1549057989.0,0.3030000030994415,,,,,,,,,0.29351841799026046,-0.27985784695807625
adc,1549067225.0,0.0668750032782554,1549076284.0,0.7366250157356262,1549085325.0,0.0068750004284083,1549094360.0,0.3266250193119049,,,,,,,,,-0.2559422071363708,0.4035032367067878
adc,1549103549.0,-0.2988750040531158,1549112600.0,0.9193750619888306,1549121629.0,0.0012500000884756,1549130669.0,0.3988750278949737,,,,,,,,,-0.6525676173712429,0.5687741574955099
adc,1549140033.0,0.1398750096559524,1549149072.0,0.4656250178813934,1549158104.0,-0.0035000001080334,1549167136.0,0.4457500278949737,,,,,,,,,-0.2429224825853652,0.09623321347573671
adc,1549176378.0,0.7798750400543213,1549185422.0,-0.1967500150203704,1549194455.0,-0.005125000141561,1549203488.0,0.405875027179718,,,,,,,,,0.37139078003444065,-0.5853523551654819
adc,1549212566.0,1.0315001010894775,1549221614.0,-0.2081250101327896,1549230647.0,0.0025000001769512,1549239909.0,0.3940000236034393,,,,,,,,,0.6022501860991988,-0.6153870331115865
adc,1549249202.0,0.5732500553131104,1549258250.0,0.3695000112056732,1549267281.0,0.0157500002533197,1549276314.0,0.4571250081062317,,,,,,,,,0.12940809232784015,-0.05486848554938287
adc,1549285593.0,0.3348750174045563,1549294633.0,1.0472500324249268,1549303667.0,0.1292500048875808,1549312700.0,0.5525000095367432,,,,,,,,,-0.11647198332342007,0.6083001303779025
adc,1549322032.0,-0.1275000125169754,1549331078.0,0.928125023841858,1549340406.0,0.3375000059604645,1549349447.0,0.6586250066757202,,,,,,,,,-0.5787506706363802,0.4779856895978771
adc,1549358640.0,0.608625054359436,1549367679.0,0.4837500154972076,1549376725.0,0.4958750307559967,1549385760.0,0.7825000286102295,,,,,,,,,0.1651583903847094,0.026501510697284902
adc,1549394790.0,0.9638750553131104,1549403842.0,-0.1573750078678131,1549412874.0,0.7612500190734863,1549421904.0,0.9757500290870668,,,,,,,,,0.5355368878888294,-0.6172015828780193
adc,1549430957.0,0.7358750104904175,1549440396.0,0.0938750058412551,1549449439.0,0.8650000691413879,1549458476.0,0.9898750185966492,,,,,,,,,0.32926137376983816,-0.36382233261395414
adc,1549467642.0,0.1042500063776969,1549476705.0,0.9288750290870668,1549485742.0,1.0040000677108765,1549494776.0,1.1443750858306885,,,,,,,,,-0.2751475520604404,0.4778994695892146
adc,1549504069.0,-0.2845000028610229,1549513114.0,1.1726250648498535,1549522148.0,1.0950000286102295,1549531183.0,1.127750039100647,,,,,,,,,-0.6325786741578991,0.7325609938214541
adc,1549540614.0,-0.0495000034570694,1549549654.0,0.7621250152587891,1549558688.0,1.230875015258789,1549567716.0,1.2195000648498535,,,,,,,,,-0.3637448013001756,0.33649617358250805
adc,1549577031.0,0.7980000376701355,1549586081.0,-0.238750010728836,1549595112.0,1.3478751182556152,1549604141.0,1.2312500476837158,,,,,,,,,0.5184035567725352,-0.6472982331512523
adc,1549613207.0,0.6112500429153442,1549622246.0,-0.382750004529953,1549631287.0,1.381250023841858,1549640447.0,1.2173750400543213,,,,,,,,,0.3653831401765828,-0.7725899894332356
adc,1549649684.0,0.5553750395774841,1549658727.0,0.2212500125169754,1549667763.0,1.2756251096725464,1549676796.0,1.2388750314712524,,,,,,,,,0.3406282549659169,-0.14933010701312766
adc,1549685983.0,-0.195125013589859,1549695027.0,0.9735000729560852,1549704062.0,1.024125099182129,1549713095.0,1.0973750352859497,,,,,,,,,-0.3829336756512748,0.6216698254766947
adc,1549722166.0,-0.2902500033378601,1549731215.0,0.8060000538825989,1549740502.0,0.5886250138282776,1549749548.0,1.0205000638961792,,,,,,,,,-0.45667905561667516,0.4714175906966709
adc,1549758773.0,-0.0983750075101852,1549767818.0,0.1660000085830688,1549776895.0,0.2663750052452087,1549785930.0,0.7642500400543213,,,,,,,,,-0.2500899009561513,-0.15371923319905734
adc,1549794950.0,0.7130000591278076,1549803992.0,-0.3998750150203705,1549813026.0,0.1118750050663948,1549822061.0,0.5902500152587891,,,,,,,,,0.5685558801132053,-0.7078570253257264
adc,1549831113.0,0.3936250209808349,1549840607.0,0.0483750030398368,1549849657.0,0.053250003606081,1549858695.0,0.4002500176429748,,,,,,,,,0.2485981937839866,-0.2515714689733597
adc,1549867905.0,-0.0323750004172325,1549876998.0,0.7552500367164612,1549886030.0,0.0190000012516975,1549895063.0,0.3150000274181366,,,,,,,,,-0.18586019461557615,0.4592424188313038
adc,1549904107.0,-0.3600000143051147,1549913146.0,1.0001250505447388,1549922179.0,-0.0010000000474974,1549931213.0,0.3061250150203705,,,,,,,,,-0.5294511381720268,0.7037497191817901
adc,1549940277.0,0.1756250113248825,1549949326.0,0.4023750126361847,1549958363.0,-0.0041249999776482,1549967393.0,0.3040000200271606,,,,,,,,,-0.01655407921290497,0.10129995641790923
adc,1549976610.0,0.6262500286102295,1549985654.0,-0.2997500002384186,1549994686.0,-0.0038750001695007,1550003723.0,0.2842500209808349,,,,,,,,,0.40567264479872983,-0.6096959136349491
adc,1550013017.0,0.6602500081062317,1550022068.0,-0.1892500072717666,1550031104.0,0.0032500000670552,1550040423.0,0.234250009059906,,,,,,,,,0.4069929073281458,-0.5118848622265838
adc,1550049663.0,0.1938750147819519,1550058708.0,0.4322500228881836,1550067741.0,0.0062500000931322,1550076775.0,0.2975000143051147,,,,,,,,,-0.09471961108145954,0.09365614092504099
adc,1550085979.0,-0.2637500166893005,1550095030.0,1.0157500505447388,1550104064.0,0.0033750000875443,1550113097.0,0.3398750126361847,,,,,,,,,-0.5885531709578736,0.6586609684411812
adc,1550122411.0,-0.056375004351139,1550131461.0,0.6161250472068787,1550140955.0,-0.002250000135973,1550149996.0,0.3901250064373016,,,,,,,,,-0.41638859179519455,0.2389010204994605
adc,1550159189.0,0.4310000240802765,1550168233.0,0.1026250049471855,1550177288.0,-0.0052500003948807,1550186321.0,0.402750015258789,,,,,,,,,0.03863105746572637,-0.29534860532391816
adc,1550195348.0,0.9152500629425048,1550204390.0,-0.3218750059604645,1550213422.0,-0.0003750000032596,1550222449.0,0.4003750085830688,,,,,,,,,0.49511651518506344,-0.7400999279987772
adc,1550231519.0,0.780500054359436,1550240984.0,0.2388750165700912,1550250019.0,0.0043750000186264,1550259053.0,0.2903750240802765,,,,,,,,,0.3386914307992612,-0.19795236397428664
adc,1550268238.0,0.3216250240802765,1550277301.0,0.8972500562667847,1550286336.0,0.0063750003464519,1550295365.0,0.3231250047683716,,,,,,,,,-0.13461449804845638,0.4445933236471997
adc,1550304552.0,0.3932500183582306,1550313595.0,1.0888750553131104,1550322627.0,0.0483750030398368,1550331657.0,0.4658750295639038,,,,,,,,,-0.06944794453919909,0.6241832128607382
adc,1550341124.0,0.262250006198883,1550350172.0,0.5547500252723694,1550359214.0,0.2137500047683715,1550368244.0,0.6080000400543213,,,,,,,,,-0.19868023028071752,0.08265583407683341
adc,1550377452.0,0.8772500157356262,1550386501.0,-0.0833750069141388,1550395535.0,0.4741250276565552,1550404567.0,0.7575000524520874,,,,,,,,,0.4260814856541152,-0.5576516685531372
adc,1550413644.0,0.9151250720024108,1550422688.0,-0.0123750008642673,1550431724.0,0.7757500410079956,1550440963.0,0.8682500123977661,,,,,,,,,0.48101914810028035,-0.48332851427093604
adc,1550450204.0,0.4002500176429748,1550459250.0,0.6252500414848328,1550468281.0,0.8927500247955322,1550477312.0,0.971250057220459,,,,,,,,,-0.010586600368296228,0.16307897536269778
adc,1550486492.0,-0.2582499980926513,1550495544.0,1.2936251163482666,1550504577.0,1.0158751010894775,1550513609.0,1.0509999990463257,,,,,,,,,-0.6410162423013925,0.8453050175952865
adc,1550522740.0,-0.1203750073909759,1550531791.0,0.815250039100647,1550541134.0,1.0646250247955322,1550550176.0,1.115875005722046,,,,,,,,,-0.47187881831711503,0.3851242901199478
adc,1550559393.0,0.2148750126361847,1550568447.0,0.3696250319480896,1550577590.0,1.2007501125335691,1550586626.0,1.1823750734329224,,,,,,,,,-0.10387702919356462,-0.03898178715271833
adc,1550595805.0,0.9508750438690186,1550604857.0,-0.387125015258789,1550613888.0,1.2558751106262207,1550622916.0,1.1402500867843628,,,,,,,,,0.664664488632893,-0.7721262974055533
adc,1550632203.0,0.609375,1550641452.0,0.1456250101327896,1550650485.0,1.3200000524520874,1550659517.0,1.205125093460083,,,,,,,,,0.35387814205043977,-0.21504141776320862
adc,1550668702.0,-0.0213750004768371,1550677770.0,0.4512500166893005,1550686798.0,1.308250069618225,1550695831.0,1.2186250686645508,,,,,,,,,-0.24945617295425093,0.11427907231612394
adc,1550705123.0,-0.3196250200271606,1550714169.0,0.8866250514984131,1550723199.0,0.9848750233650208,1550732239.0,1.0637500286102295,,,,,,,,,-0.5248549373485605,0.5714296241862001
adc,1550741356.0,-0.0628750026226043,1550750399.0,0.2373750060796737,1550759432.0,0.4890000224113464,1550768462.0,0.8720000386238098,,,,,,,,,-0.2508332152663032,-0.059075063582897325
adc,1550777697.0,0.6508750319480896,1550786746.0,-0.3163750171661377,1550795778.0,0.1967500150203704,1550804810.0,0.7285000085830688,,,,,,,,,0.4738788284486693,-0.5979871359576929
adc,1550813940.0,0.550000011920929,1550822975.0,-0.2510000169277191,1550832030.0,0.1126250028610229,1550841464.0,0.5938750505447388,,,,,,,,,0.3772282920951265,-0.5222856067482372
adc,1550850700.0,0.2521250247955322,1550859741.0,0.3963750302791595,1550868786.0,0.0885000005364418,1550877820.0,0.4660000205039978,,,,,,,,,0.07671924201411473,0.13058748910133072
adc,1550887142.0,-0.3006250262260437,1550896189.0,1.0382500886917114,1550905219.0,0.0561250038444995,1550914250.0,0.394750028848648,,,,,,,,,-0.48534010695182866,0.7730880711795401
adc,1550923297.0,-0.0961250066757202,1550932347.0,0.6831250190734863,1550941478.0,0.0048750001005828,1550950524.0,0.3441250026226043,,,,,,,,,-0.29634449709246863,0.4139108266744257
adc,1550959739.0,0.3521250188350677,1550968790.0,-0.0305000022053718,1550977840.0,-0.0015000000130385,1550986871.0,0.3251250088214874,,,,,,,,,0.1309668921429623,-0.30805091397209067
adc,1550995991.0,0.7912500500679016,1551005039.0,-0.3492500185966491,1551014075.0,0.0007500000065192,1551023104.0,0.2788750231266022,,,,,,,,,0.5447320414300463,-0.6388665719235658
adc,1551032142.0,0.4281250238418579,1551041455.0,0.2270000129938125,1551050495.0,0.0047500003129243,1551059532.0,0.2980000078678131,,,,,,,,,0.15304992723022778,-0.07772237531657925
adc,1551068735.0,-0.1671250015497207,1551077796.0,0.8910000324249268,1551086828.0,0.0057500004768371,1551095856.0,0.3151250183582306,,,,,,,,,-0.472569034101115,0.5689259062151679
adc,1551105054.0,-0.2501250207424164,1551114101.0,0.8133750557899475,1551123136.0,-0.0015000000130385,1551132173.0,0.3642500042915344,,,,,,,,,-0.5862598147920715,0.47257438428608134
adc,1551141299.0,0.4283750057220459,1551150342.0,0.2293750047683715,1551159380.0,-0.0043750000186264,1551168411.0,0.328000009059906,,,,,,,,,0.06275618477884426,-0.13060690743886189
adc,1551177618.0,0.8472500443458557,1551186662.0,-0.3270000219345093,1551195694.0,-0.0027500002179294,1551204724.0,0.3518750071525574,,,,,,,,,0.4548428518111106,-0.7056729454957325
adc,1551214041.0,0.6771250367164612,1551223088.0,0.0207500010728836,1551232135.0,0.0036250001285225,1551241494.0,0.3086250126361847,,,,,,,,,0.26198804750445814,-0.3751778069933722
adc,1551250707.0,0.5720000267028809,1551259755.0,0.5896250009536743,1551268792.0,0.0066250003874301,1551277827.0,0.293375015258789,,,,,,,,,0.13934532335475486,0.178793649815425
adc,1551287040.0,0.0597500018775463,1551296079.0,1.099250078201294,1551305121.0,0.0012500000884756,1551314151.0,0.4080000221729278,,,,,,,,,-0.3843344131415863,0.6767062829400347
adc,1551323179.0,0.2668749988079071,1551332227.0,0.6011250019073486,1551341544.0,0.0938750058412551,1551350591.0,0.5201250314712524,,,,,,,,,-0.18199898129115705,0.17076989379290938
adc,1551359797.0,0.6811250448226929,1551368840.0,-0.0125000001862645,1551377898.0,0.2927500009536743,1551386935.0,0.7328750491142273,,,,,,,,,0.23430602330646527,-0.4462387609410815
adc,1551396076.0,0.952750027179718,1551405127.0,-0.150500014424324,1551414159.0,0.5291250348091125,1551423193.0,0.8128750324249268,,,,,,,,,0.5146831921599151,-0.582896798216679
adc,1551432218.0,0.5105000138282776,1551441523.0,0.5066249966621399,1551450571.0,0.8170000314712524,1551459603.0,0.9610000252723694,,,,,,,,,0.08739904580831617,0.08033106056036737
adc,1551468815.0,-0.1408750116825103,1551477882.0,0.9916250705718994,1551486918.0,1.022000074386597,1551495945.0,0.9691250324249268,,,,,,,,,-0.5435822196452094,0.57594425282766
adc,1551505278.0,-0.2738750278949737,1551514321.0,1.2390000820159912,1551523355.0,1.125,1551532388.0,1.1532500982284546,,,,,,,,,-0.6518009159521317,0.8378991311839836
adc,1551541474.0,0.3631250262260437,1551550526.0,0.262125015258789,1551559565.0,1.214875102043152,1551568596.0,1.130250096321106,,,,,,,,,0.01312498574765747,-0.1212467411195744
adc,1551577835.0,0.8848750591278076,1551586882.0,-0.2648750245571136,1551595919.0,1.249500036239624,1551604951.0,1.1677500009536743,,,,,,,,,0.5645476421851635,-0.6284073862234827
adc,1551614240.0,0.9502500295639038,1551623282.0,-0.1162500083446502,1551632319.0,1.3235000371932983,1551641547.0,1.124500036239624,,,,,,,,,0.6598343048779951,-0.45901258496171854
adc,1551650669.0,0.1897500157356262,1551659718.0,0.5722500085830688,1551668747.0,1.330625057220459,1551677780.0,1.1528750658035278,,,,,,,,,-0.07208182699216475,0.24996175031724077
adc,1551686812.0,-0.223125010728836,1551695855.0,0.7163750529289246,1551704891.0,1.2386250495910645,1551713923.0,1.1521250009536743,,,,,,,,,-0.4592606975023491,0.4130851464827183
adc,1551722988.0,-0.0843750014901161,1551732130.0,0.3775000274181366,1551741444.0,0.8132500648498535,1551750485.0,0.9486250281333924,,,,,,,,,-0.29917318924970504,0.09067554654677609
adc,1551759699.0,0.3252500295639038,1551768739.0,-0.2475000172853469,1551777779.0,0.3206250071525574,1551786810.0,0.8078750371932983,,,,,,,,,0.1261375622597348,-0.5212636430582169
adc,1551795990.0,0.6078750491142273,1551805038.0,-0.320125013589859,1551814075.0,0.0836250036954879,1551823105.0,0.640375018119812,,,,,,,,,0.41776513726079917,-0.584875595433713
adc,1551832384.0,0.2556250095367431,1551841485.0,0.2823750078678131,1551850523.0,0.0671250000596046,1551859558.0,0.4801250100135803,,,,,,,,,0.06713631528316058,0.022195002960297416
adc,1551868617.0,-0.2401250153779983,1551877680.0,1.0483750104904177,1551886710.0,0.0338750034570694,1551895736.0,0.3588750064373016,,,,,,,,,-0.43468297683420687,0.7881723436925029
adc,1551904752.0,-0.2867500185966491,1551913796.0,0.7358750104904175,1551922833.0,0.0080000003799796,1551931866.0,0.3257500231266022,,,,,,,,,-0.49495103440920973,0.47112588245049636
adc,1551941389.0,0.4722500145435333,1551950435.0,0.0556250028312206,1551959472.0,-0.0046250000596046,1551968506.0,0.2886250019073486,,,,,,,,,0.24338701940259694,-0.21793475417567953
adc,1551977738.0,0.7926250100135803,1551986786.0,-0.366875022649765,1551995823.0,-0.0007500000065192,1552004859.0,0.2837500274181366,,,,,,,,,0.5370577073742474,-0.6530853490620003
adc,1552014151.0,0.4322500228881836,1552023221.0,0.072000004351139,1552032257.0,0.0042500002309679,1552041538.0,0.2707500159740448,,,,,,,,,0.1452905342845796,-0.23013158676767595
adc,1552050790.0,-0.0128750009462237,1552059843.0,0.7260000109672546,1552068874.0,0.007250000257045,1552077904.0,0.3137500286102295,,,,,,,,,-0.33424792556525945,0.4053714242558237
adc,1552087072.0,-0.2943750023841858,1552096122.0,0.999125063419342,1552105153.0,0.0001250000059371,1552114185.0,0.3362500071525574,,,,,,,,,-0.6512872247648932,0.658220817810999
adc,1552123488.0,0.2125000059604644,1552132644.0,0.3732500076293945,1552142032.0,-0.0042500002309679,1552151082.0,0.3645000159740448,,,,,,,,,-0.17905528215608346,0.011164340879114332
adc,1552160292.0,0.6885000467300415,1552169335.0,-0.1898750066757202,1552178385.0,-0.0057500004768371,1552187415.0,0.3572500050067901,,,,,,,,,0.2652243222015259,-0.5731239287087909
adc,1552196710.0,0.8950000405311584,1552205755.0,-0.2295000106096267,1552214790.0,0.0020000000949949,1552223822.0,0.3350000083446502,,,,,,,,,0.44481955623392,-0.6329433300121496
adc,1552233178.0,0.8500000238418579,1552242488.0,0.406000018119812,1552251536.0,0.0053750001825392,1552260575.0,0.3601250052452087,,,,,,,,,0.3793521640224343,-0.015722597118745185
adc,1552269763.0,0.2423750162124633,1552278816.0,1.073875069618225,1552287851.0,0.006000000052154,1552296881.0,0.4237500131130218,,,,,,,,,-0.24107107942904013,0.6366849082188726
adc,1552306172.0,0.4603750109672546,1552315217.0,0.914375066757202,1552324252.0,0.0167500004172325,1552333285.0,0.5146250128746033,,,,,,,,,-0.027441755389758626,0.4653188325710096
adc,1552342613.0,0.4435000121593475,1552351657.0,0.3682500123977661,1552360690.0,0.1903750151395797,1552369719.0,0.6846250295639038,,,,,,,,,-0.04001602156894207,-0.08844677832020192
adc,1552378949.0,0.8050000667572021,1552387997.0,-0.1990000158548355,1552397036.0,0.4720000326633453,1552406065.0,0.8096250295639038,,,,,,,,,0.3341854838048328,-0.6587020961220295
adc,1552415177.0,0.8322500586509705,1552424215.0,0.1000000014901161,1552433249.0,0.718625009059906,1552442519.0,0.927500069141388,,,,,,,,,0.3817895590423051,-0.35791064337417733
adc,1552451769.0,0.101000003516674,1552460813.0,0.7802500128746033,1552469845.0,0.9531250596046448,1552478880.0,0.9425000548362732,,,,,,,,,-0.3226109479602119,0.3288192273584425
adc,1552488029.0,-0.3266250193119049,1552497067.0,1.2783750295639038,1552506099.0,1.033500075340271,1552515133.0,1.0823750495910645,,,,,,,,,-0.7183668997766168,0.8377246342444442
adc,1552524429.0,0.0021250001154839,1552533477.0,0.7385000586509705,1552542709.0,1.1670000553131104,1552551751.0,1.0767500400543213,,,,,,,,,-0.3544244399240616,0.312270640883542
adc,1552560951.0,0.5675000548362732,1552569993.0,0.0417500026524066,1552579063.0,1.1957499980926514,1552588096.0,1.0948750972747805,,,,,,,,,0.24764258307649384,-0.3673162855207317
adc,1552597175.0,1.1356250047683716,1552606217.0,-0.3651250302791595,1552615249.0,1.2857500314712524,1552624279.0,1.1447499990463257,,,,,,,,,0.852086827200466,-0.755361294244332
adc,1552633312.0,0.390500009059906,1552642550.0,0.2676250040531158,1552651588.0,1.2705000638961792,1552660621.0,1.1640000343322754,,,,,,,,,0.14105787993349692,-0.1032858764615221
adc,1552669820.0,-0.1756250113248825,1552678883.0,0.877500057220459,1552687916.0,1.23312509059906,1552696954.0,1.096250057220459,,,,,,,,,-0.39495294649001267,0.5252264293454335
adc,1552706240.0,-0.2415000051259994,1552715281.0,0.8022500276565552,1552724315.0,0.7902500629425049,1552733358.0,0.8750000596046448,,,,,,,,,-0.4362860914891856,0.46680724179969063
adc,1552742673.0,0.1043750047683715,1552751725.0,0.070250004529953,1552760755.0,0.277625024318695,1552769782.0,0.7666250467300415,,,,,,,,,-0.07278566800006603,-0.2511541742447023
adc,1552778973.0,0.7102500200271606,1552788017.0,-0.3946250081062317,1552797052.0,0.0750000029802322,1552806088.0,0.6268750429153442,,,,,,,,,0.54277254692307,-0.7055786009094508
adc,1552815141.0,0.4497500360012054,1552824189.0,0.0025000001769512,1552833238.0,0.0415000021457672,1552842558.0,0.4848750233650207,,,,,,,,,0.28336603000053434,-0.302152277624585
adc,1552851796.0,0.0107500003650784,1552860842.0,0.7135000228881836,1552869881.0,0.0122500006109476,1552878913.0,0.3745000064373016,,,,,,,,,-0.16335199974568718,0.41069800407109847
adc,1552888173.0,-0.348125010728836,1552897217.0,1.0115000009536743,1552906255.0,-0.0002500000118743,1552915289.0,0.3138750195503235,,,,,,,,,-0.5385173676892089,0.7060577657010365
adc,1552924331.0,-0.0502500012516975,1552933379.0,0.4447500109672546,1552942602.0,-0.0037500001490116,1552951644.0,0.2686250209808349,,,,,,,,,-0.2647872704953349,0.13238674076258597
adc,1552960858.0,0.6991250514984131,1552969903.0,-0.2591250240802765,1552978957.0,-0.0046250000596046,1552987993.0,0.2790000140666961,,,,,,,,,0.45377756764808413,-0.5822514096899298
adc,1552997281.0,0.6503750085830688,1553006330.0,-0.2201250046491623,1553015360.0,0.0027500002179294,1553024392.0,0.2898750007152557,,,,,,,,,0.3691750116040233,-0.557211142271905
adc,1553033468.0,0.1922500133514404,1553042578.0,0.4631250202655792,1553051618.0,0.0055000004358589,1553060655.0,0.3292500078678131,,,,,,,,,-0.12785532541033964,0.10970611618221288
adc,1553069855.0,-0.2550000250339508,1553078912.0,1.03962504863739,1553087949.0,0.0032500000670552,1553096986.0,0.3563750088214874,,,,,,,,,-0.614800677442524,0.6684618123135346
adc,1553106286.0,-0.0748750045895576,1553115330.0,0.7443750500679016,1553124365.0,-0.0035000001080334,1553133415.0,0.288875013589859,,,,,,,,,-0.4727420420034032,0.3551033068003312
adc,1553142783.0,0.5921249985694885,1553151827.0,0.0078750001266598,1553160860.0,-0.0063750003464519,1553169894.0,0.3387500047683716,,,,,,,,,0.16025331807335103,-0.3987929763743163
adc,1553179027.0,0.8267500400543213,1553188071.0,-0.296500027179718,1553197104.0,0.0,1553206139.0,0.3153750002384186,,,,,,,,,0.36721912112431127,-0.7188027885278971
adc,1553215431.0,1.1455000638961792,1553224479.0,0.2003750056028366,1553233525.0,0.0043750000186264,1553242715.0,0.3163750171661377,,,,,,,,,0.6666195949665388,-0.23483583331501484
adc,1553251847.0,0.413875013589859,1553260890.0,0.9551250338554382,1553269926.0,0.0062500000931322,1553278963.0,0.3921250104904175,,,,,,,,,-0.07455623891791918,0.5105533701672647
adc,1553288134.0,0.1123750060796737,1553297184.0,1.1923750638961792,1553306220.0,0.0962500050663948,1553315250.0,0.5051250457763672,,,,,,,,,-0.3749151775523302,0.7426024609778202
adc,1553324538.0,0.3416250050067901,1553333592.0,0.518750011920929,1553342572.0,0.2766250073909759,1553351611.0,0.6521250605583191,,,,,,,,,-0.13360903107920225,0.06828627613651922
adc,1553360827.0,1.03962504863739,1553369878.0,-0.1843750029802322,1553378928.0,0.4940000176429748,1553387960.0,0.8108750581741333,,,,,,,,,0.5868911111361768,-0.6309657348349245
adc,1553397241.0,0.8716250658035278,1553406289.0,0.0707500055432319,1553415322.0,0.7817500233650208,1553424360.0,0.9142500162124634,,,,,,,,,0.4506927667026179,-0.36764909414366775
adc,1553433430.0,0.1108750030398368,1553442547.0,0.7147500514984131,1553451597.0,0.9805000424385072,1553460634.0,1.0410000085830688,,,,,,,,,-0.27069964330158863,0.28833767952207634
adc,1553469859.0,-0.3076250255107879,1553478918.0,1.2132500410079956,1553487954.0,1.2143750190734863,1553496991.0,1.0755000114440918,,,,,,,,,-0.6445267203122462,0.8018604396501517
adc,1553506172.0,-0.140500009059906,1553515212.0,0.7537500262260437,1553524245.0,1.272125005722046,1553533268.0,1.1326251029968262,,,,,,,,,-0.43001339105002495,0.359486358187166
adc,1553542400.0,0.5608749985694885,1553551442.0,-0.1862500160932541,1553560476.0,1.3512500524520874,1553569507.0,1.1652500629425049,,,,,,,,,0.3186545905251955,-0.5623097863090912
adc,1553578706.0,0.7951250672340393,1553587748.0,-0.3755000233650207,1553596780.0,1.3113750219345093,1553605811.0,1.1496250629425049,,,,,,,,,0.5972305113143777,-0.7332994441629577
adc,1553614859.0,0.6043750047683716,1553623905.0,0.0618750043213367,1553632944.0,1.283500075340271,1553642049.0,1.2005000114440918,,,,,,,,,0.445055521823879,-0.2785302483753783
adc,1553651292.0,-0.166250005364418,1553660335.0,0.8525000214576721,1553669371.0,1.0196250677108765,1553678402.0,1.0735000371932983,,,,,,,,,-0.29528794620447857,0.5278743209232994
adc,1553687449.0,-0.3650000095367431,1553696490.0,0.705875039100647,1553705524.0,0.4736250340938568,1553714555.0,0.8996250629425049,,,,,,,,,-0.4741952803453694,0.3948834722661788
adc,1553723586.0,0.0696250051259994,1553732659.0,0.0096250008791685,1553741792.0,0.1777500063180923,1553750835.0,0.7036250233650208,,,,,,,,,-0.03176395200360693,-0.2901799198280222
adc,1553760033.0,0.335750013589859,1553769081.0,-0.387250006198883,1553778133.0,0.0246250014752149,1553787159.0,0.4386250078678131,,,,,,,,,0.22920883844293383,-0.6784044593385097
adc,1553796242.0,0.026375001296401,1553805288.0,0.0920000076293945,1553814318.0,0.0046250000596046,1553823351.0,0.2643750011920929,,,,,,,,,-0.09843579599354593,-0.19295231760405834
adc,1553832399.0,-0.1622500121593475,1553841760.0,0.952750027179718,1553850799.0,0.0061250003054738,1553859835.0,0.0718750059604644,,,,,,,,,-0.3178061601572949,0.6717612427124071
adc,1553869056.0,-0.2121250033378601,1553878113.0,0.9647500514984132,1553887143.0,-0.0012500000884756,1553896174.0,0.1125000044703483,,,,,,,,,-0.40948014859697457,0.6857535107483282
adc,1553905231.0,0.0638750046491622,1553914281.0,0.3552500307559967,1553923323.0,-0.0048750001005828,1553932361.0,0.2005000114440918,,,,,,,,,-0.18421106606660725,0.07653948946892425
adc,1553941610.0,0.434000015258789,1553950661.0,-0.3313750028610229,1553959703.0,-0.003000000026077,1553968736.0,0.320000022649765,,,,,,,,,0.12893315880874512,-0.6112839460600363
adc,1553977797.0,0.7701250314712524,1553986842.0,-0.1502500027418136,1553995883.0,0.0547500029206275,1554004912.0,0.3503750264644623,,,,,,,,,0.40488305533944596,-0.43268021053635397
adc,1554013985.0,0.9230000376701356,1554023036.0,0.4707500338554382,1554032123.0,0.0631249994039535,1554041494.0,0.5125000476837158,,,,,,,,,0.4976031101525175,0.18457824583692806
adc,1554050723.0,0.2095000147819519,1554059767.0,0.9475000500679016,1554068798.0,0.0498750023543834,1554077833.0,0.4883750379085541,,,,,,,,,-0.2728761209250731,0.6564212553600712
adc,1554086883.0,-0.0338750034570694,1554095928.0,0.5531250238418579,1554104963.0,0.0360000021755695,1554113995.0,0.4677500128746032,,,,,,,,,-0.5671584442638589,0.2559989955640703
adc,1554123189.0,0.8243750333786011,1554132237.0,-0.1616250127553939,1554141549.0,0.0180000010877847,1554150594.0,0.4638750255107879,,,,,,,,,0.24872297845080765,-0.4659170933148645
adc,1554159794.0,1.3091250658035278,1554168845.0,-0.2822500169277191,1554177932.0,0.0346250012516975,1554186967.0,0.473000019788742,,,,,,,,,0.7015486358520633,-0.5947764822841453
adc,1554196236.0,0.8798750638961792,1554205277.0,0.2323750108480453,1554214316.0,0.108250007033348,1554223350.0,0.6182500123977661,,,,,,,,,0.25207622220361703,-0.08934219182941658
adc,1554232688.0,0.784125030040741,1554242019.0,0.8676250576972961,1554251073.0,0.4210000336170196,1554260110.0,0.768500030040741,,,,,,,,,0.14838188517075127,0.535956454846121
adc,1554269303.0,0.0767500028014183,1554278367.0,0.8788750171661377,1554287402.0,0.6813750267028809,1554296436.0,1.0263750553131104,,,,,,,,,-0.5547434558686679,0.5367814101747859
adc,1554305638.0,0.3696250319480896,1554314688.0,0.2115000039339065,1554323724.0,0.9606250524520874,1554332770.0,1.1858750581741333,,,,,,,,,-0.24610117816454996,-0.14111763698173813
adc,1554342103.0,0.7640000581741333,1554351152.0,-0.3110000193119049,1554360188.0,1.143125057220459,1554369224.0,1.339500069618225,,,,,,,,,0.17438705208752397,-0.6737897556003958
adc,1554378473.0,0.6442500352859497,1554387521.0,-0.3061250150203705,1554396558.0,1.2693750858306885,1554405593.0,1.3580000400543213,,,,,,,,,0.08953658717738824,-0.6782275452455349
adc,1554414650.0,0.0468750037252903,1554423697.0,0.5393750071525574,1554432748.0,1.3910000324249268,1554442011.0,1.417375087738037,,,,,,,,,-0.46599725833806427,0.15934722620051806
adc,1554451234.0,0.1275000125169754,1554460278.0,1.2238750457763672,1554469309.0,1.4752501249313354,1554478339.0,1.3798750638961792,,,,,,,,,-0.33862910338612334,0.8378047532641545
adc,1554487674.0,0.3305000066757202,1554496713.0,0.9623750448226928,1554505751.0,1.4736250638961792,1554514781.0,1.349500060081482,,,,,,,,,-0.08614470549155806,0.5725431172748018
adc,1554523834.0,0.7795000076293945,1554532883.0,0.0841250047087669,1554542036.0,1.4320000410079956,1554551086.0,1.3017500638961792,,,,,,,,,0.41285886502694186,-0.3069437713251264
adc,1554560281.0,1.2761250734329224,1554569325.0,-0.2861250042915344,1554578380.0,1.3665000200271606,1554587412.0,1.1926250457763672,,,,,,,,,0.9577782328063906,-0.6758519963935488
adc,1554596694.0,0.6515000462532043,1554605746.0,0.1891250163316726,1554614780.0,1.0951250791549685,1554623811.0,1.0130000114440918,,,,,,,,,0.3775692447813157,-0.19682879713522355
adc,1554632851.0,-0.202000007033348,1554641985.0,1.0842500925064087,1554651034.0,0.7312500476837158,1554660069.0,0.8008750677108765,,,,,,,,,-0.437413523179111,0.7041610769181904
adc,1554669266.0,-0.4290000200271606,1554678331.0,0.9337500333786012,1554687365.0,0.4812500178813934,1554696394.0,0.6833750605583191,,,,,,,,,-0.6335549153768676,0.5611084382169392
adc,1554705690.0,-0.4346250295639038,1554714733.0,0.1636250019073486,1554723763.0,0.1976250112056732,1554732806.0,0.5438750386238098,,,,,,,,,-0.6173603458906493,-0.20062630552602195
adc,1554742127.0,0.612000048160553,1554751172.0,-0.3517500162124634,1554760204.0,0.101000003516674,1554769238.0,0.4783750176429748,,,,,,,,,0.4411461993328458,-0.7073843421494064
adc,1554778455.0,0.5350000262260437,1554787498.0,-0.0561250038444995,1554796531.0,0.0877500027418136,1554805568.0,0.4197500348091125,,,,,,,,,0.36573742351700333,-0.4036440170872931
adc,1554814607.0,0.0837500020861625,1554823650.0,0.6271250247955322,1554832692.0,0.0933750048279762,1554841990.0,0.3915000259876251,,,,,,,,,-0.09399356867309629,0.2865411822854655
adc,1554851072.0,-0.3190000057220459,1554860119.0,1.0490000247955322,1554869152.0,0.0742500051856041,1554878188.0,0.3787500262260437,,,,,,,,,-0.5145247213632838,0.7135928751155117
adc,1554887469.0,0.098750002682209,1554896514.0,0.4776250123977661,1554905546.0,0.0802500024437904,1554914580.0,0.3962500095367431,,,,,,,,,-0.12258007064686272,0.14519534618364602
adc,1554923641.0,0.5892500281333923,1554932693.0,-0.184125006198883,1554942008.0,0.0043750000186264,1554951051.0,0.3552500307559967,,,,,,,,,0.33579008244336184,-0.5160500769476608
adc,1554960268.0,0.8338750600814819,1554969319.0,-0.2721250057220459,1554978370.0,0.0063750003464519,1554987397.0,0.3423750102519989,,,,,,,,,0.5439793105459549,-0.6061016748753161
adc,1554996539.0,0.2712500095367431,1555005585.0,0.3813750147819519,1555014616.0,0.005125000141561,1555023647.0,0.3078750073909759,,,,,,,,,-0.057170233379191526,0.04290989057534861
adc,1555032692.0,-0.2473750114440918,1555041987.0,1.012125015258789,1555051027.0,0.0048750001005828,1555060064.0,0.3226250112056732,,,,,,,,,-0.6141181935398669,0.6670511699009005
adc,1555069258.0,-0.0866250023245811,1555078311.0,0.7016250491142273,1555087345.0,-0.002250000135973,1555096380.0,0.3765000104904175,,,,,,,,,-0.4892520362259121,0.3483123930414945
adc,1555105569.0,0.6217500567436218,1555114618.0,0.0742500051856041,1555123651.0,-0.0047500003129243,1555132690.0,0.4402500092983246,,,,,,,,,0.18773815177430703,-0.2883035438910359
adc,1555142052.0,1.1698750257492063,1555151097.0,-0.3430000245571136,1555160129.0,0.0063750003464519,1555169165.0,0.4765000343322754,,,,,,,,,0.7107382551801349,-0.7150724680184544
adc,1555178370.0,0.9585000276565552,1555187409.0,0.0607500039041042,1555196443.0,0.053625002503395,1555205473.0,0.6498750448226929,,,,,,,,,0.48185395607681036,-0.3203469109405662
adc,1555214575.0,0.7360000610351562,1555223622.0,0.9047500491142272,1555232665.0,0.4062500298023224,1555242055.0,0.7755000591278076,,,,,,,,,0.25033491807053676,0.5158866825157997
adc,1555251283.0,-0.2981250286102295,1555260325.0,1.124000072479248,1555269358.0,0.702750027179718,1555278391.0,1.0767500400543213,,,,,,,,,-0.783957146624985,0.7293177341994137
adc,1555287429.0,0.3538750112056732,1555296479.0,0.5735000371932983,1555305516.0,0.9453750252723694,1555314549.0,1.190000057220459,,,,,,,,,-0.12341143968507948,0.17549815966511417
adc,1555323846.0,0.5236250162124634,1555332903.0,-0.2380000054836273,1555342005.0,1.0408750772476196,1555351046.0,1.28962504863739,,,,,,,,,0.0629990026567964,-0.6364558348597379
adc,1555360264.0,0.4947500228881836,1555369313.0,-0.0681250020861625,1555378361.0,1.2206250429153442,1555387394.0,1.3537501096725464,,,,,,,,,0.057901935464087756,-0.46401547247018377
adc,1555396591.0,0.4990000128746032,1555405631.0,0.3847500085830688,1555414668.0,1.3515000343322754,1555423701.0,1.3665000200271606,,,,,,,,,0.09171515443017797,-0.005622525263094452
adc,1555432727.0,-0.093125008046627,1555441778.0,1.2128750085830688,1555450819.0,1.390125036239624,1555459849.0,1.296375036239624,,,,,,,,,-0.4666626112551952,0.8306903657943266
adc,1555469053.0,0.2331250160932541,1555478137.0,0.8105000257492065,1555487175.0,1.3843750953674316,1555496211.0,1.1618750095367432,,,,,,,,,-0.10428512606865575,0.4386911965822671
adc,1555505542.0,0.7722500562667847,1555514585.0,0.0996250063180923,1555523619.0,1.3137500286102295,1555532665.0,1.1326251029968262,,,,,,,,,0.471409760707835,-0.26026827253146084
adc,1555542068.0,0.8375000357627869,1555551109.0,-0.3883750140666961,1555560146.0,1.248125076293945,1555569182.0,0.8821250200271606,,,,,,,,,0.5716746772547068,-0.7355749700749479
adc,1555578393.0,0.4415000081062317,1555587446.0,0.0310000013560056,1555596480.0,1.1756250858306885,1555605512.0,0.6293750405311584,,,,,,,,,0.20716481496109895,-0.30353997399665744
adc,1555614802.0,-0.2073750048875808,1555623856.0,0.7120000123977661,1555632902.0,1.0471251010894775,1555641981.0,0.3256250023841858,,,,,,,,,-0.4155839447735012,0.3892900075432287
adc,1555651223.0,-0.426250010728836,1555660271.0,0.8448750376701355,1555669307.0,0.6581250429153442,1555678344.0,0.2475000172853469,,,,,,,,,-0.6152901674578467,0.532435117014721
adc,1555687657.0,-0.0013750001089647,1555696703.0,0.3506250083446502,1555705735.0,0.0668750032782554,1555714766.0,0.2537500262260437,,,,,,,,,-0.17944007915307802,0.0462719113328513
adc,1555723795.0,0.395000010728836,1555732853.0,-0.3030000030994415,1555742008.0,0.0310000013560056,1555751052.0,0.2801250219345093,,,,,,,,,0.21892830263152613,-0.601935495209807
adc,1555760275.0,0.6995000243186951,1555769324.0,-0.1445000022649765,1555778372.0,0.0451250039041042,1555787406.0,0.2893750071525574,,,,,,,,,0.5161589148704486,-0.44101219777583894
adc,1555796701.0,0.1990000158548355,1555805742.0,0.4798750281333923,1555814782.0,0.0442500002682209,1555823816.0,0.2842500209808349,,,,,,,,,-0.0006223001016879559,0.18264008106891128
adc,1555832860.0,-0.301250010728836,1555841993.0,1.029375076293945,1555851040.0,0.0123750008642673,1555860075.0,0.2970000207424164,,,,,,,,,-0.5253867782984383,0.7282914946894741
adc,1555869297.0,-0.0431250035762786,1555878363.0,0.6035000085830688,1555887396.0,-0.0016250000335276,1555896431.0,0.3130000233650207,,,,,,,,,-0.2987349064195938,0.295622028478003
adc,1555905479.0,0.4951250255107879,1555914516.0,-0.119375005364418,1555923550.0,-0.005125000141561,1555932657.0,0.3116250038146972,,,,,,,,,0.20279369784941353,-0.4366674014515729
adc,1555941817.0,0.8097500205039978,1555950863.0,-0.2563750147819519,1555959898.0,0.0010000000474974,1555968936.0,0.230875015258789,,,,,,,,,0.47750552985882666,-0.5852421331002169
adc,1555978132.0,0.4008750319480896,1555987181.0,0.2945000231266022,1555996216.0,0.0056250002235174,1556005255.0,0.262250006198883,,,,,,,,,0.027813293036649644,-0.0475202991832025
adc,1556014326.0,-0.1828750073909759,1556023382.0,0.946125030517578,1556032420.0,0.0052500003948807,1556041521.0,0.2951250076293945,,,,,,,,,-0.5952717249377222,0.5900581240588807
adc,1556050757.0,-0.0248750019818544,1556059804.0,0.7918750643730164,1556068838.0,-0.0021250001154839,1556077868.0,0.3321250081062317,,,,,,,,,-0.47278208078511685,0.421627850295137
adc,1556087049.0,0.6597500443458557,1556096096.0,0.0938750058412551,1556105130.0,-0.0041249999776482,1556114160.0,0.4013750255107879,,,,,,,,,0.18230713823237604,-0.28988736104717056
adc,1556123480.0,1.4072500467300415,1556132646.0,-0.3428750038146972,1556142025.0,0.0212500002235174,1556151065.0,0.6233750581741333,,,,,,,,,0.9080560928516141,-0.7386873175812982
adc,1556160136.0,0.7703750133514404,1556169190.0,0.0560000017285347,1556178246.0,0.27012500166893,1556187278.0,0.7821250557899475,,,,,,,,,0.2585533018251055,-0.34963780738334516
adc,1556196575.0,0.301125019788742,1556205618.0,0.8345000147819519,1556214653.0,0.609250009059906,1556223685.0,1.008125066757202,,,,,,,,,-0.21343292048410278,0.4219294421809364
adc,1556232741.0,0.3663750290870666,1556242065.0,1.2161250114440918,1556251109.0,0.9356250166893004,1556260144.0,1.1653751134872437,,,,,,,,,-0.14088109943499322,0.8000342059657006
adc,1556269358.0,0.1085000038146972,1556278444.0,0.6482500433921814,1556287478.0,1.1222500801086426,1556296509.0,1.2717500925064087,,,,,,,,,-0.38189365042828144,0.23236830514413978
adc,1556305567.0,0.6303750276565552,1556314606.0,-0.0282500013709068,1556323638.0,1.2760000228881836,1556332685.0,1.3003751039505005,,,,,,,,,0.16534339288378466,-0.4401168134088458
adc,1556342179.0,1.060625076293945,1556351225.0,-0.2305000126361847,1556360267.0,1.3806250095367432,1556369301.0,1.2293750047683716,,,,,,,,,0.6278839486840668,-0.6347213450664781
adc,1556378533.0,0.3341250121593475,1556387579.0,0.3690000176429748,1556396615.0,1.395625114440918,1556405649.0,1.287625074386597,,,,,,,,,-0.06137591571490364,-0.024361115123958527
adc,1556414678.0,0.2681250274181366,1556423717.0,1.0251250267028809,1556432764.0,1.386750102043152,1556442133.0,1.180625081062317,,,,,,,,,-0.08744512877670876,0.6452092976630475
adc,1556451355.0,-0.2405000180006027,1556460389.0,1.058750033378601,1556469425.0,1.3776251077651978,1556478461.0,1.1107500791549685,,,,,,,,,-0.5558419161795645,0.6940606922675617
adc,1556487760.0,0.2735000252723694,1556496810.0,0.1601250022649765,1556505846.0,1.334375023841858,1556514883.0,1.0250000953674316,,,,,,,,,-0.003689702163489017,-0.18848206872480178
adc,1556524160.0,0.6332500576972961,1556533217.0,-0.3705000281333923,1556542684.0,0.8666250705718994,1556551732.0,0.8801250457763672,,,,,,,,,0.3899289101664184,-0.7031447203440604
adc,1556560934.0,0.398375004529953,1556569980.0,-0.2473750114440918,1556579063.0,0.3486250042915344,1556588093.0,0.7378750443458557,,,,,,,,,0.182726441846213,-0.5651245722782294
adc,1556597129.0,-0.050875000655651,1556606171.0,0.402875006198883,1556615211.0,0.1006250083446502,1556624243.0,0.5950000286102295,,,,,,,,,-0.24655825620539798,0.09810692713604485
adc,1556633290.0,-0.3573750257492065,1556642640.0,1.0126250982284546,1556651683.0,0.0755000039935112,1556660713.0,0.565125048160553,,,,,,,,,-0.5418312037609837,0.7182319041053222
adc,1556669913.0,-0.1628750115633011,1556679043.0,0.518375039100647,1556688083.0,0.0405000001192092,1556697117.0,0.4648750126361847,,,,,,,,,-0.3453460727001925,0.23124012330956537
adc,1556706342.0,0.5423750281333923,1556715388.0,-0.0907500013709068,1556724423.0,0.0328750014305114,1556733465.0,0.4400000274181366,,,,,,,,,0.3526799304229289,-0.37405763723811347
adc,1556742822.0,0.8211250305175781,1556751864.0,-0.3353750109672546,1556760900.0,0.0042500002309679,1556769933.0,0.4010000228881836,,,,,,,,,0.6155385890170696,-0.6184026471269961
adc,1556779149.0,0.5086250305175781,1556788191.0,0.2569999992847442,1556797226.0,0.0115000009536743,1556806258.0,0.3285000026226043,,,,,,,,,0.27947589053704597,-0.02921988591269359
adc,1556815546.0,-0.1670000106096267,1556824588.0,0.8873750567436218,1556833700.0,0.0053750001825392,1556842967.0,0.2946250140666961,,,,,,,,,-0.426002375570277,0.5947389375676547
adc,1556852226.0,-0.2763750255107879,1556861270.0,0.8771250247955322,1556870304.0,-0.0008750000270083,1556879331.0,0.2756250202655792,,,,,,,,,-0.5698306546857408,0.5752429801573158
adc,1556888377.0,0.2505000233650207,1556897427.0,0.2037500143051147,1556906464.0,-0.0050000003539025,1556915497.0,0.2555000185966491,,,,,,,,,-0.08009026409896615,-0.10969563232540708
adc,1556924780.0,0.909125030040741,1556933999.0,-0.324500024318695,1556943060.0,-0.0032500000670552,1556952103.0,0.2831250131130218,,,,,,,,,0.5407736712251656,-0.651219206823618
adc,1556961325.0,0.811750054359436,1556970368.0,-0.0383750014007091,1556979414.0,0.0041249999776482,1556988449.0,0.3126250207424164,,,,,,,,,0.40710066184639565,-0.3793902951105507
adc,1556997742.0,0.2791250050067901,1557006790.0,0.5917500257492065,1557015825.0,0.0062500000931322,1557024862.0,0.3396250307559967,,,,,,,,,-0.15834043388724595,0.23616508637895
adc,1557034240.0,-0.1070000082254409,1557043534.0,1.027375102043152,1557052580.0,0.0032500000670552,1557061613.0,0.4166250228881836,,,,,,,,,-0.5719509742049963,0.6577310067889339
adc,1557070815.0,0.1347500085830688,1557079881.0,0.5195000171661377,1557088919.0,-0.0001250000059371,1557097951.0,0.6085000038146973,,,,,,,,,-0.35076956215985344,0.1370911034563768
adc,1557107266.0,0.8201250433921814,1557116309.0,-0.0503750033676624,1557125345.0,0.2395000159740448,1557134894.0,0.8336250185966492,,,,,,,,,0.32219334069540956,-0.4435088766235738
adc,1557144335.0,1.2181251049041748,1557153381.0,-0.2513750195503235,1557162418.0,0.6480000019073486,1557171457.0,1.083375096321106,,,,,,,,,0.7167538196010217,-0.6525248539662261
adc,1557180654.0,0.8128750324249268,1557189695.0,0.213000014424324,1557198729.0,0.9668750166893004,1557207761.0,1.2553750276565552,,,,,,,,,0.31736874462792075,-0.19290489529499388
adc,1557217174.0,0.0767500028014183,1557226213.0,0.8963750600814819,1557235758.0,1.1437500715255735,1557244825.0,1.3595000505447388,,,,,,,,,-0.403772231627186,0.4893630660132799
adc,1557254034.0,-0.1971250027418136,1557263074.0,1.0058749914169312,1557272108.0,1.2892500162124634,1557281169.0,1.3746250867843628,,,,,,,,,-0.6542482721347402,0.6015755716604481
adc,1557290452.0,-0.0297500006854534,1557299496.0,0.8015000224113464,1557308535.0,1.3726251125335691,1557317563.0,1.3857500553131104,,,,,,,,,-0.456255229136737,0.40364840618267683
adc,1557326902.0,0.7920000553131104,1557336240.0,0.101500004529953,1557345284.0,1.430375099182129,1557354318.0,1.3771250247955322,,,,,,,,,0.4016905847618073,-0.2865242085325508
adc,1557363534.0,1.3942500352859497,1557372579.0,-0.2837500274181366,1557381629.0,1.4465000629425049,1557390661.0,1.3610000610351562,,,,,,,,,1.04368983666956,-0.6591759653349936
adc,1557399714.0,0.6925000548362732,1557408755.0,0.280875027179718,1557417789.0,1.4035000801086426,1557426819.0,1.3072500228881836,,,,,,,,,0.3829227197261009,-0.0799968584034133
adc,1557435913.0,0.2066250145435333,1557444978.0,0.8675000667572021,1557454017.0,1.3625000715255735,1557463045.0,1.258250117301941,,,,,,,,,-0.0632280463571609,0.522180318766357
adc,1557472251.0,-0.3195000290870666,1557481319.0,0.8390000462532043,1557490357.0,0.9390000700950624,1557499395.0,1.1577500104904177,,,,,,,,,-0.5533890862052503,0.5092015019569118
adc,1557508661.0,-0.1241250038146972,1557517713.0,0.0580000020563602,1557526742.0,0.4726250171661377,1557536243.0,0.9468750357627868,,,,,,,,,-0.3281331216358759,-0.25733367562840975
adc,1557545479.0,-0.0365000031888484,1557554529.0,-0.3705000281333923,1557563563.0,0.1048750057816505,1557572594.0,0.6936250329017639,,,,,,,,,-0.21866650519525782,-0.6733711011179522
adc,1557581915.0,0.4317500293254852,1557590962.0,-0.220875009894371,1557599996.0,0.0510000027716159,1557609029.0,0.5562500357627869,,,,,,,,,0.26195531122197563,-0.5140830606015591
adc,1557618042.0,0.0855000019073486,1557627088.0,0.5616250038146973,1557636801.0,0.0100000007078051,1557645838.0,0.3906250298023224,,,,,,,,,-0.08218625168781553,0.27468280117495214
adc,1557655034.0,-0.3157500028610229,1557664076.0,1.077875018119812,1557673108.0,0.0018750000745058,1557682155.0,0.3518750071525574,,,,,,,,,-0.4916933463409533,0.7934300517550967
adc,1557691202.0,-0.0780000016093254,1557700240.0,0.5525000095367432,1557709274.0,-0.0023750001564621,1557718312.0,0.3491250276565552,,,,,,,,,-0.2719814424494269,0.2666438310847771
adc,1557727353.0,0.5122500061988831,1557736794.0,-0.1373750120401382,1557745841.0,-0.0046250000596046,1557754874.0,0.3522500097751617,,,,,,,,,0.2916609821605704,-0.4284642147181675
adc,1557764058.0,0.9116250276565552,1557773107.0,-0.3420000076293945,1557782158.0,0.0010000000474974,1557791194.0,0.3536250293254852,,,,,,,,,0.657591530910193,-0.6418394639384959
adc,1557800391.0,0.5203750133514404,1557809441.0,0.2572500109672546,1557818477.0,0.0045000002719461,1557827504.0,0.3417500257492065,,,,,,,,,0.22817745953789767,-0.05434793032453944
adc,1557836803.0,-0.1498750001192093,1557845850.0,0.91225004196167,1557854885.0,0.006000000052154,1557863922.0,0.3281250298023224,,,,,,,,,-0.4826034155803782,0.586574285680505
adc,1557873135.0,-0.1708750128746032,1557882199.0,0.7957500219345093,1557891240.0,-0.0015000000130385,1557900271.0,0.3448750078678131,,,,,,,,,-0.544062733532032,0.45450869736590244
adc,1557909442.0,0.4077500104904175,1557918486.0,0.217625007033348,1557927519.0,-0.0041249999776482,1557936789.0,0.3395000100135803,,,,,,,,,-0.003448104239859473,-0.1397402097799904
adc,1557946013.0,0.8860000371932983,1557955061.0,-0.3205000162124634,1557964101.0,-0.0033750000875443,1557973134.0,0.3780000209808349,,,,,,,,,0.4414144994701377,-0.6935665506513606
adc,1557982160.0,1.0212500095367432,1557991200.0,0.0403750017285347,1558000236.0,0.0036250001285225,1558009264.0,0.5115000009536743,,,,,,,,,0.549738668877783,-0.34698569331176193
adc,1558018335.0,0.5455000400543213,1558027387.0,0.6013750433921814,1558036811.0,0.0107500003650784,1558045860.0,0.6423750519752502,,,,,,,,,0.05491828497720408,0.2020615681091445
adc,1558055073.0,-0.0685000047087669,1558064125.0,1.0825001001358032,1558073161.0,0.3501250147819519,1558082218.0,0.9177500605583192,,,,,,,,,-0.5694219285669437,0.6743966872459957
adc,1558091409.0,0.4988750219345093,1558100460.0,0.7507500648498535,1558109493.0,0.6521250605583191,1558118526.0,1.0953750610351562,,,,,,,,,-0.0033338329214606527,0.33766389423753596
adc,1558127580.0,0.7978750467300415,1558136807.0,-0.0503750033676624,1558145846.0,0.8870000243186951,1558154882.0,1.2468750476837158,,,,,,,,,0.3032091373262381,-0.46422398045221297
adc,1558164062.0,0.7872500419616699,1558173104.0,-0.1890000104904174,1558182150.0,1.0010000467300415,1558191182.0,1.350000023841858,,,,,,,,,0.30822550275049687,-0.5992464376973283
adc,1558200457.0,0.6330000162124634,1558209504.0,0.3250000178813934,1558218536.0,1.1847500801086426,1558227567.0,1.388500094413757,,,,,,,,,0.17654228062780158,-0.07741688308474645
adc,1558236753.0,-0.1420000046491623,1558245804.0,1.2101250886917114,1558254841.0,1.308250069618225,1558263874.0,1.39900004863739,,,,,,,,,-0.5704897874237409,0.819342433137957
adc,1558273060.0,-0.168375015258789,1558282124.0,0.9842500686645508,1558291154.0,1.3727500438690186,1558300187.0,1.3975000381469729,,,,,,,,,-0.5652661054251346,0.6082173961494158
adc,1558309493.0,0.1575000137090683,1558318537.0,0.2687500119209289,1558327571.0,1.3908751010894775,1558336886.0,1.339875102043152,,,,,,,,,-0.20607104513117547,-0.09033199939825104
adc,1558346139.0,1.011125087738037,1558355189.0,-0.3336250185966491,1558364226.0,1.343250036239624,1558373260.0,1.2880001068115234,,,,,,,,,0.680645178230655,-0.6746287723835717
adc,1558382324.0,1.0991250276565552,1558391375.0,-0.1733750104904174,1558400408.0,1.2782500982284546,1558409439.0,1.2127500772476196,,,,,,,,,0.7996036918258889,-0.49631520115517197
adc,1558418478.0,0.1568750143051147,1558427521.0,0.4628750085830688,1558436776.0,0.9406250715255736,1558445823.0,1.05287504196167,,,,,,,,,-0.1155938006960554,0.1568654848665022
adc,1558455022.0,-0.402750015258789,1558464064.0,0.8732500672340393,1558473102.0,0.4705000221729278,1558482147.0,0.8998750448226929,,,,,,,,,-0.6536281686714656,0.58202577900876
adc,1558491212.0,-0.1826250106096267,1558500260.0,0.3641250133514404,1558509297.0,0.234250009059906,1558518334.0,0.768625020980835,,,,,,,,,-0.4186232094231678,0.08469588069814143
adc,1558527400.0,0.4611250162124634,1558536830.0,-0.2395000159740448,1558545872.0,0.0958750024437904,1558554906.0,0.5825000405311584,,,,,,,,,0.23243337104748596,-0.5107576394027097
adc,1558564115.0,0.6068750023841858,1558573156.0,-0.285500019788742,1558582199.0,0.0623750016093254,1558591230.0,0.4613750278949737,,,,,,,,,0.3774958015820852,-0.5526067708198402
adc,1558600281.0,0.3292500078678131,1558609313.0,0.3843750059604645,1558618345.0,0.0473750010132789,1558627383.0,0.418375015258789,,,,,,,,,0.09123655754381602,0.11724425176941022
adc,1558636801.0,-0.2631250023841858,1558645851.0,0.9611250162124634,1558654889.0,0.0191250015050172,1558663927.0,0.3933750092983246,,,,,,,,,-0.5172068309724618,0.6898698919187194
adc,1558673116.0,-0.2091250121593475,1558682180.0,0.7507500648498535,1558691215.0,0.0066250003874301,1558700246.0,0.3710000216960907,,,,,,,,,-0.4857619581567759,0.4715448480128367
adc,1558709549.0,0.5590000152587891,1558718598.0,0.0241250004619359,1558727637.0,0.0126250004395842,1558736825.0,0.3960000276565552,,,,,,,,,0.2546458183605546,-0.2664133488667637
adc,1558746042.0,0.977375030517578,1558755087.0,-0.3370000123977661,1558764124.0,0.0068750004284083,1558773160.0,0.3603750169277191,,,,,,,,,0.6417602275208668,-0.6416706765747693
adc,1558782206.0,0.7172500491142273,1558791247.0,0.0935000032186508,1558800282.0,0.0037500001490116,1558809313.0,0.3538750112056732,,,,,,,,,0.34864368790196143,-0.2273988768918352
adc,1558818355.0,0.0353750027716159,1558827402.0,0.8078750371932983,1558836553.0,0.0058750002644956,1558845591.0,0.3687500059604645,,,,,,,,,-0.36605389720223225,0.4694515229775075
adc,1558854798.0,-0.3238750100135803,1558863838.0,0.9626250267028807,1558872878.0,-0.0001250000059371,1558881930.0,0.4225000143051147,,,,,,,,,-0.756072937601975,0.6062467629112253
adc,1558891220.0,0.1912500113248825,1558900262.0,0.2781250178813934,1558909296.0,-0.0031250000465661,1558918327.0,0.4642500281333923,,,,,,,,,-0.2678939817209199,-0.09573874711470759
adc,1558927378.0,1.1047500371932983,1558936751.0,-0.2762500047683716,1558945792.0,-0.0032500000670552,1558954828.0,0.531125009059906,,,,,,,,,0.6240381663121126,-0.666231598859794
adc,1558964042.0,1.1290000677108765,1558973088.0,-0.1512500047683715,1558982143.0,0.0358750000596046,1558991179.0,0.6571250557899475,,,,,,,,,0.633343148295277,-0.5551190573540692
adc,1559000217.0,0.6831250190734863,1559009259.0,0.6132500171661377,1559018298.0,0.3917500078678131,1559027331.0,0.9543750286102296,,,,,,,,,0.17999798905645956,0.19850955538218756
adc,1559036808.0,-0.0416250005364418,1559045856.0,1.1636250019073486,1559054894.0,0.6638750433921814,1559063930.0,1.1019999980926514,,,,,,,,,-0.5443409961228007,0.7416865838492639
adc,1559073127.0,0.1513750106096267,1559082191.0,0.7561250329017639,1559091227.0,0.7545000314712524,1559100263.0,1.2667500972747805,,,,,,,,,-0.3431064746010697,0.33113574103246585
adc,1559109548.0,0.5366250276565552,1559118587.0,0.2251250147819519,1559127627.0,0.9231250286102296,1559136885.0,1.3820000886917114,,,,,,,,,0.0576938268829206,-0.19852515928054593
adc,1559146086.0,1.1186250448226929,1559155133.0,-0.2917500138282776,1559164174.0,1.0508750677108765,1559173208.0,1.4691250324249268,,,,,,,,,0.6616399773556243,-0.7096867451910314
adc,1559182506.0,0.6796250343322754,1559191558.0,0.3317500054836273,1559200591.0,1.25,1559209629.0,1.5787501335144043,,,,,,,,,0.2497069071219689,-0.07638033180348516
adc,1559218651.0,-0.108250007033348,1559227696.0,0.827875018119812,1559236733.0,1.3530000448226929,1559245778.0,1.502750039100647,,,,,,,,,-0.5075351040334102,0.43310603241600076
adc,1559254971.0,-0.3213750123977661,1559264022.0,1.1060000658035278,1559273058.0,1.3446251153945925,1559282105.0,1.430750012397766,,,,,,,,,-0.688204544748107,0.7273756021092772
adc,1559291284.0,0.3223750293254852,1559300326.0,0.4376250207424164,1559309363.0,1.3161250352859497,1559318400.0,1.4445000886917114,,,,,,,,,-0.012010928860638703,0.07696247647907273
adc,1559327416.0,1.101875066757202,1559336751.0,-0.3302500247955322,1559345787.0,1.2153750658035278,1559354816.0,1.3272500038146973,,,,,,,,,0.7980906773109131,-0.6722324977961288
adc,1559364009.0,0.7568750381469727,1559373055.0,-0.2013750076293945,1559382107.0,0.8397500514984131,1559391141.0,1.1481250524520874,,,,,,,,,0.48011468023989584,-0.5251145980978182
adc,1559400329.0,0.0895000025629997,1559409372.0,0.3287500143051147,1559418404.0,0.434125006198883,1559427443.0,0.9580000638961792,,,,,,,,,-0.16536653204976243,0.021686328384631526
adc,1559436768.0,-0.3675000071525574,1559445810.0,0.9238750338554382,1559454844.0,0.1985000073909759,1559463872.0,0.8837500214576721,,,,,,,,,-0.6068829971785998,0.6308883836274911
adc,1559472962.0,-0.296625018119812,1559482024.0,0.6043750047683716,1559491055.0,0.0671250000596046,1559500089.0,0.7275000214576721,,,,,,,,,-0.5278570004157933,0.3219896713178163
adc,1559509396.0,0.434000015258789,1559518442.0,-0.1303750127553939,1559527476.0,0.0465000011026859,1559536517.0,0.6206250190734863,,,,,,,,,0.203089322960691,-0.40631240661859713
adc,1559545792.0,0.8542500138282776,1559554838.0,-0.316625028848648,1559563867.0,0.0406250022351741,1559572902.0,0.502875030040741,,,,,,,,,0.6157964331186322,-0.5907120756102114
adc,1559582183.0,0.4515000283718109,1559591227.0,0.1923750042915344,1559600263.0,0.0170000009238719,1559609297.0,0.4203750193119049,,,,,,,,,0.19807313931295498,-0.08464753315891
adc,1559618611.0,-0.1658750027418136,1559627654.0,0.8955000638961792,1559636821.0,0.0146250007674098,1559645864.0,0.3370000123977661,,,,,,,,,-0.44082537346864054,0.6108303283597788
adc,1559655050.0,-0.3108750283718109,1559664094.0,0.7761250138282776,1559673124.0,0.0121250003576278,1559682172.0,0.3733750283718109,,,,,,,,,-0.6126168561378909,0.4794229533071578
adc,1559691213.0,0.2833750247955322,1559700252.0,0.1553750038146972,1559709298.0,-0.0041249999776482,1559718331.0,0.3682500123977661,,,,,,,,,-0.0488101484040053,-0.15718580761736328
adc,1559727388.0,0.9321250319480896,1559736782.0,-0.3216250240802765,1559745820.0,-0.003000000026077,1559754854.0,0.324500024318695,,,,,,,,,0.5677009308012853,-0.6531047344242953
adc,1559764035.0,0.8687500357627869,1559773081.0,-0.0152500011026859,1559782134.0,0.0033750000875443,1559791170.0,0.343625009059906,,,,,,,,,0.4722723841928626,-0.36776386551692514
adc,1559800240.0,0.1631250083446502,1559809287.0,0.7523750066757202,1559818325.0,0.0062500000931322,1559827355.0,0.309000015258789,,,,,,,,,-0.26324168388973346,0.377796126592083
adc,1559836790.0,-0.327750027179718,1559845837.0,1.0078750848770142,1559854868.0,0.0020000000949949,1559863902.0,0.363625019788742,,,,,,,,,-0.7799893314023971,0.6113713093656055
adc,1559873113.0,0.3316250145435333,1559882177.0,0.5558750033378601,1559891211.0,-0.003000000026077,1559900239.0,0.4771250188350677,,,,,,,,,-0.1408633206254331,0.13878112239871934
adc,1559909442.0,1.0505000352859497,1559918491.0,-0.118875004351139,1559927526.0,0.0015000000130385,1559936809.0,0.6370000243186951,,,,,,,,,0.5646418580422932,-0.5540706869386535
adc,1559946140.0,1.2595000267028809,1559955177.0,-0.2022500038146972,1559964213.0,0.3631250262260437,1559973250.0,0.9496250748634338,,,,,,,,,0.7679657085639092,-0.6520091502491354
adc,1559982433.0,0.9356250166893004,1559991474.0,0.5092500448226929,1560000507.0,0.7356250286102295,1560009541.0,1.171875,,,,,,,,,0.44642250689547175,0.049350598891113984
adc,1560018577.0,-0.1362500041723251,1560027632.0,1.0541250705718994,1560036953.0,0.9475000500679016,1560045996.0,1.350375056266785,,,,,,,,,-0.6153143160434754,0.5891645770311207
adc,1560055196.0,-0.2824999988079071,1560064241.0,1.0810000896453855,1560073275.0,1.026750087738037,1560082329.0,1.390375018119812,,,,,,,,,-0.7443062425560567,0.6164248267892818
adc,1560091617.0,0.4307500123977661,1560100669.0,0.3612500131130218,1560109695.0,1.1143749952316284,1560118725.0,1.4566251039505005,,,,,,,,,-0.007783627441313945,-0.09746003220644128
adc,1560127780.0,0.7505000233650208,1560137287.0,0.0096250008791685,1560146331.0,1.1826250553131104,1560155365.0,1.4421250820159912,,,,,,,,,0.33981373468012477,-0.4380551793356181
adc,1560164584.0,0.811625063419342,1560173644.0,0.0257500018924474,1560182683.0,1.2608751058578491,1560191713.0,1.4416251182556152,,,,,,,,,0.43167771610458433,-0.40638370597146495
adc,1560200747.0,0.5133750438690186,1560209795.0,0.6368750333786011,1560218828.0,1.2821251153945925,1560227862.0,1.311000108718872,,,,,,,,,0.16522789331062396,0.2238664247422376
adc,1560237360.0,-0.2547500133514404,1560246403.0,1.2000000476837158,1560255438.0,1.308375120162964,1560264471.0,1.352625012397766,,,,,,,,,-0.5719093489571383,0.8085288378509272
adc,1560273690.0,0.1095000058412551,1560282734.0,0.5795000195503235,1560291772.0,1.2782500982284546,1560300803.0,1.3093750476837158,,,,,,,,,-0.17929068453149277,0.21066099571648975
adc,1560309993.0,0.5290000438690186,1560319036.0,-0.1733750104904174,1560328070.0,0.9157500267028807,1560337391.0,1.161250114440918,,,,,,,,,0.26432767285845316,-0.5198637905312421
adc,1560346637.0,0.4877500236034393,1560355687.0,-0.4352500140666961,1560364720.0,0.4521250128746032,1560373752.0,0.8727500438690186,,,,,,,,,0.24158812729186013,-0.761005257253509
adc,1560382954.0,0.2711250185966491,1560392005.0,0.1021250039339065,1560401037.0,0.0915000066161155,1560410070.0,0.73375004529953,,,,,,,,,0.03686269974945659,-0.20570955290717813
adc,1560419132.0,-0.1848750114440918,1560428177.0,0.8523750305175781,1560437400.0,0.037125002592802,1560446448.0,0.578000009059906,,,,,,,,,-0.4144373270324221,0.5586671754489753
adc,1560455640.0,-0.3517500162124634,1560464690.0,0.7946250438690186,1560473742.0,0.0363750010728836,1560482781.0,0.5003750324249268,,,,,,,,,-0.5839518356010948,0.5105321001524683
adc,1560491869.0,0.2707500159740448,1560500918.0,0.1696250140666961,1560509952.0,0.0188750009983778,1560518986.0,0.4795000255107879,,,,,,,,,0.02888074007036484,-0.10979569503802
adc,1560528287.0,0.8295000195503235,1560537515.0,-0.3460000157356262,1560546562.0,0.0168750006705522,1560555594.0,0.4195000231266022,,,,,,,,,0.5716665252267936,-0.6258284115633252
adc,1560564794.0,0.815375030040741,1560573861.0,-0.0241250004619359,1560582899.0,0.0185000002384185,1560591933.0,0.4040000140666961,,,,,,,,,0.5363701032502903,-0.3092909653820112
adc,1560601234.0,0.1457500010728836,1560610286.0,0.6075000166893005,1560619327.0,0.021000001579523,1560628368.0,0.421625018119812,,,,,,,,,-0.15826414794499488,0.3124830671780148
adc,1560637858.0,-0.2841250002384186,1560646910.0,0.9917500615119934,1560655947.0,0.0155000006780028,1560664978.0,0.402875006198883,,,,,,,,,-0.6154209294909929,0.6830159894542184
adc,1560674190.0,-0.0200000014156103,1560683244.0,0.5825000405311584,1560692282.0,-0.0035000001080334,1560701318.0,0.3928750157356262,,,,,,,,,-0.37917491598423997,0.2570163393193893
adc,1560710524.0,0.7322500348091125,1560719562.0,-0.1167500019073486,1560728594.0,-0.0050000003539025,1560737864.0,0.3596250116825104,,,,,,,,,0.34629447843571104,-0.46104017398729913
adc,1560747094.0,1.0015000104904177,1560756130.0,-0.2616250216960907,1560765169.0,0.0002500000118743,1560774199.0,0.293250024318695,,,,,,,,,0.5914823971314732,-0.6257010356188566
adc,1560783382.0,0.4542500078678131,1560792428.0,0.2493750154972076,1560801463.0,0.0046250000596046,1560810491.0,0.3421250283718109,,,,,,,,,0.024338500774748223,-0.1343277617793119
adc,1560819552.0,0.124375008046627,1560828599.0,0.9423750638961792,1560837895.0,0.0056250002235174,1560846932.0,0.457375019788742,,,,,,,,,-0.3200683276265965,0.540354657022839
adc,1560856120.0,0.0577500015497207,1560865175.0,0.8542500138282776,1560874231.0,0.0135000003501772,1560883263.0,0.5663750171661377,,,,,,,,,-0.3949922202362843,0.43632243537252247
adc,1560892488.0,0.3970000147819519,1560901528.0,0.285625010728836,1560910559.0,0.3680000305175781,1560919592.0,0.8720000386238098,,,,,,,,,-0.057308848880801885,-0.14481215386995994
adc,1560928620.0,1.1213750839233398,1560937893.0,-0.1475000083446502,1560946934.0,0.6766250133514404,1560955964.0,1.102250099182129,,,,,,,,,0.6723287401303273,-0.58623849589832
adc,1560965188.0,1.015125036239624,1560974256.0,-0.0173750016838312,1560983290.0,0.8891250491142273,1560992324.0,1.3012501001358032,,,,,,,,,0.5778543726561663,-0.45962745884533845
adc,1561001399.0,0.1232500076293945,1561010447.0,0.8203750252723694,1561019478.0,1.0427500009536743,1561028506.0,1.3996250629425049,,,,,,,,,-0.2964448752304652,0.3796950429461661
adc,1561037835.0,-0.3333750069141388,1561046874.0,1.220750093460083,1561055912.0,1.2020000219345093,1561064942.0,1.4527500867843628,,,,,,,,,-0.730758716108966,0.7867086043983433
adc,1561074162.0,0.0080000003799796,1561083208.0,0.9105000495910645,1561092241.0,1.2417500019073486,1561101272.0,1.464750051498413,,,,,,,,,-0.3636840711225065,0.48780208921692053
adc,1561110451.0,0.6933750510215759,1561119495.0,0.037625003606081,1561128533.0,1.287500023841858,1561137599.0,1.3912500143051147,,,,,,,,,0.349231806994015,-0.369715621578233
adc,1561146834.0,1.158250093460083,1561155880.0,-0.2826250195503235,1561164909.0,1.3165000677108765,1561173945.0,1.3061250448226929,,,,,,,,,0.8418272379221198,-0.6715682684693631
adc,1561183010.0,0.5628750324249268,1561192058.0,0.4343750178813934,1561201092.0,1.2856251001358032,1561210126.0,1.2597500085830688,,,,,,,,,0.2726669151057206,0.06569134393102966
adc,1561219423.0,-0.0941250026226043,1561228470.0,0.7788750529289246,1561237805.0,1.187250018119812,1561246843.0,1.234125018119812,,,,,,,,,-0.3612321921490463,0.4310254826921689
adc,1561256036.0,-0.3593750298023224,1561265084.0,0.488750010728836,1561274135.0,0.8863750696182251,1561283170.0,1.12375009059906,,,,,,,,,-0.6079166147430924,0.16100775903879339
adc,1561292363.0,-0.1558750122785568,1561301411.0,0.0013750001089647,1561310445.0,0.6233750581741333,1561319480.0,0.8967500329017639,,,,,,,,,-0.3915147309868181,-0.308211876626148
adc,1561328673.0,0.70250004529953,1561337858.0,-0.3787500262260437,1561346896.0,0.3532500267028808,1561355924.0,0.7637500166893005,,,,,,,,,0.47334846991879365,-0.6732049997013594
adc,1561365120.0,0.5635000467300415,1561374184.0,0.034375000745058,1561383222.0,0.0698750019073486,1561392259.0,0.5971250534057617,,,,,,,,,0.3341020798265644,-0.24883155288708864
adc,1561401312.0,-0.039375003427267,1561410348.0,0.7507500648498535,1561419385.0,0.0375000014901161,1561428416.0,0.5226250290870667,,,,,,,,,-0.2756330436509513,0.47429209101795344
adc,1561437830.0,-0.3665000200271606,1561446876.0,1.0217500925064087,1561455916.0,0.0203750003129243,1561464953.0,0.4425000250339508,,,,,,,,,-0.6156923011495167,0.7471757522012222
adc,1561474172.0,0.0588750019669532,1561483216.0,0.4230000078678131,1561492247.0,0.0081250006332993,1561501278.0,0.4011250138282776,,,,,,,,,-0.20842279446831685,0.14532394755844333
adc,1561510457.0,0.8002500534057617,1561519512.0,-0.242000013589859,1561528548.0,0.0162500012665987,1561537966.0,0.3583750128746032,,,,,,,,,0.5108574189164227,-0.5276466442435427
adc,1561547182.0,0.9955000281333924,1561556230.0,-0.2567500174045563,1561565267.0,0.0160000007599592,1561574301.0,0.3547500073909759,,,,,,,,,0.6813789323289885,-0.554885860029494
adc,1561583426.0,0.5056250095367432,1561592474.0,0.3853750228881836,1561601506.0,0.015375000424683,1561610539.0,0.3431250154972076,,,,,,,,,0.1655598032117,0.07081247019067563
adc,1561619598.0,-0.1971250027418136,1561628643.0,1.0076251029968262,1561637847.0,0.0038750001695007,1561646893.0,0.3035000264644623,,,,,,,,,-0.5629715904141599,0.6735005413701782
adc,1561656095.0,-0.1283750087022781,1561665136.0,0.6990000605583191,1561674178.0,-0.0018750000745058,1561683214.0,0.3397500216960907,,,,,,,,,-0.5185856891205463,0.3431819176455629
adc,1561692411.0,0.4993750154972076,1561701456.0,0.0910000056028366,1561710492.0,-0.0048750001005828,1561719524.0,0.3291250169277191,,,,,,,,,0.08727985627153001,-0.28746386977819266
adc,1561728563.0,0.9317500591278076,1561737849.0,-0.3362500071525574,1561746893.0,-0.0008750000270083,1561755925.0,0.3818750083446502,,,,,,,,,0.5010626242624681,-0.7369864004213929
adc,1561765153.0,0.8906250596046448,1561774220.0,0.1330000013113021,1561783256.0,0.0061250003054738,1561792291.0,0.4497500360012054,,,,,,,,,0.4451542179770348,-0.2882022556919973
adc,1561801327.0,0.2712500095367431,1561810371.0,0.8802500367164612,1561819404.0,0.0285000018775463,1561828433.0,0.5703750252723694,,,,,,,,,-0.1850027887127894,0.4418762478990094
adc,1561837820.0,-0.2276250123977661,1561846869.0,0.977250039577484,1561855897.0,0.332375019788742,1561864930.0,0.8561250567436218,,,,,,,,,-0.6907935435199803,0.5264682558671782
adc,1561874151.0,0.5362500548362732,1561883207.0,0.6055000424385071,1561892232.0,0.6430000066757202,1561901267.0,1.1132500171661377,,,,,,,,,0.06958971297831226,0.14843943339978963
adc,1561910336.0,1.0348750352859497,1561919381.0,-0.2315000146627426,1561928409.0,0.784125030040741,1561937828.0,1.279750108718872,,,,,,,,,0.5674375088492551,-0.6875345082818043
adc,1561947059.0,0.8265000581741333,1561956107.0,-0.1077500060200691,1561965143.0,0.9583750367164612,1561974175.0,1.3752501010894775,,,,,,,,,0.36007902529102104,-0.5545473866707071
adc,1561983221.0,0.3822500109672546,1561992265.0,0.6492500305175781,1562001298.0,1.1008750200271606,1562010332.0,1.4161250591278076,,,,,,,,,-0.08242339821719061,0.22046549728089426
adc,1562019368.0,-0.2092500030994415,1562028411.0,1.2441250085830688,1562037821.0,1.202125072479248,1562046858.0,1.418000102043152,,,,,,,,,-0.6725656070108554,0.8422913283545124
adc,1562056094.0,-0.1031250059604644,1562065136.0,0.9675000309944152,1562074192.0,1.2468750476837158,1562083221.0,1.4265000820159912,,,,,,,,,-0.5665635369906746,0.6012736519383695
adc,1562092355.0,0.7917500138282776,1562101401.0,0.0967500060796737,1562110438.0,1.3275001049041748,1562119475.0,1.3466250896453855,,,,,,,,,0.3257280857458128,-0.22594520933733142
adc,1562128862.0,1.233625054359436,1562138358.0,-0.3405000269412994,1562147401.0,1.355500102043152,1562156436.0,1.2822500467300415,,,,,,,,,0.7617556319476513,-0.6128876208509915
adc,1562165649.0,1.0420000553131104,1562174711.0,-0.1177500039339065,1562183745.0,1.3317500352859497,1562192779.0,1.283750057220459,,,,,,,,,0.5604409005721591,-0.334539979272008
adc,1562201848.0,0.1127500087022781,1562210893.0,0.5323750376701355,1562219923.0,0.9886250495910645,1562228959.0,1.1702500581741333,,,,,,,,,-0.38265342815814873,0.37474811037768657
adc,1562238362.0,-0.4132500290870666,1562247405.0,0.6675000190734863,1562256439.0,0.5382500290870667,1562265475.0,0.9881250262260436,,,,,,,,,-0.9266657006582867,0.5707502077703321
adc,1562311263.0,0.1956250071525573,1562320297.0,-0.2437500059604644,1562329331.0,0.1265000104904174,1562338391.0,0.6653750538825989,,,,,,,,,-0.3396691632123221,-0.27977348463488555
adc,1562411257.0,0.492000013589859,1562420293.0,-0.2681250274181366,1562429326.0,0.0247500017285347,1562438819.0,0.3251250088214874,,,,,,,,,-0.06843892888396658,-0.24534005211095122
adc,1562511253.0,0.8366250395774841,1562520284.0,-0.2636250257492065,1562529325.0,0.0050000003539025,1562538548.0,0.3567500114440918,,,,,,,,,0.2486136041815104,-0.1855156836142015
adc,1562611251.0,0.7942500114440918,1562620289.0,-0.2345000058412552,1562629319.0,0.0081250006332993,1562638335.0,0.3000000119209289,,,,,,,,,0.1772177882553309,-0.10583077743903227
adc,1562711255.0,0.945625066757202,1562720296.0,-0.2271250039339065,1562729326.0,-0.0043750000186264,1562738396.0,0.4788750112056732,,,,,,,,,0.29912720857775493,-0.05359826412820953
adc,1562811250.0,1.0542500019073486,1562820284.0,-0.1232500076293945,1562829318.0,0.7015000581741333,1562838800.0,1.0573750734329224,,,,,,,,,0.3787574279482187,0.08885990877161686
adc,1562911262.0,0.8690000176429749,1562920305.0,-0.2158750146627426,1562929340.0,1.2318750619888306,1562938815.0,1.4326250553131104,,,,,,,,,0.16572628233499115,0.028329457855441838
adc,1563011259.0,0.4272500276565552,1563020289.0,-0.1478750109672546,1563029326.0,1.414500117301941,1563038822.0,1.4288750886917114,,,,,,,,,-0.3020687803544266,0.12204517015102703
adc,1563111259.0,1.130500078201294,1563120289.0,-0.312375009059906,1563129322.0,1.3845000267028809,1563138558.0,1.327375054359436,,,,,,,,,0.3771674839016717,-0.022734889559973187
adc,1563211251.0,0.0856250077486038,1563220280.0,-0.3235000073909759,1563229315.0,0.257750004529953,1563238805.0,0.9266250729560852,,,,,,,,,-0.6895980987867699,-0.01953961529763476
adc,1563311256.0,0.6316250562667847,1563320290.0,-0.3225000202655792,1563329325.0,0.0320000015199184,1563338768.0,0.5215000510215759,,,,,,,,,-0.16343496198989926,-0.008873963369328025
adc,1563411259.0,0.8267500400543213,1563420296.0,-0.3271250128746032,1563429334.0,0.009375000372529,1563438822.0,0.3697500228881836,,,,,,,,,0.013720077765331185,-0.007657870296121798
adc,1563511265.0,0.8975000381469727,1563520300.0,-0.3106250166893005,1563529333.0,-0.0016250000335276,1563538532.0,0.366875022649765,,,,,,,,,0.06810170941512386,0.011712669028058745
adc,1563611262.0,0.9806250333786012,1563620304.0,-0.3241250216960907,1563629344.0,-0.0021250001154839,1563638326.0,0.3617500066757202,,,,,,,,,0.13614540243853887,-0.001064389525496666
adc,1563711259.0,1.1820000410079956,1563720296.0,-0.2216250151395797,1563729330.0,0.0661250054836273,1563738813.0,0.527999997138977,,,,,,,,,0.3233883358452929,0.10075667636962617
adc,1563811256.0,1.2638750076293943,1563820297.0,-0.2003750056028366,1563829331.0,1.0475000143051147,1563838313.0,1.1013751029968262,,,,,,,,,0.39174855955308396,0.12056024358376899
adc,1563911256.0,0.3127500116825104,1563920286.0,-0.2871250212192535,1563929319.0,1.4083750247955322,1563938313.0,1.4260001182556152,,,,,,,,,-0.572562505015517,0.03209974766597758
adc,1564011270.0,1.0840001106262207,1564020303.0,-0.3755000233650207,1564029340.0,1.529375076293945,1564038827.0,1.4781250953674316,,,,,,,,,0.18562811798958184,-0.05788162064633545
adc,1564111268.0,0.4537500143051147,1564120302.0,-0.3786250054836273,1564129337.0,0.9195000529289246,1564138549.0,1.2656251192092896,,,,,,,,,-0.4576300514447674,-0.062267075205817465
adc,1564211257.0,0.7503750324249268,1564220290.0,-0.3780000209808349,1564229329.0,0.0350000001490116,1564238817.0,0.6046250462532043,,,,,,,,,-0.1738852282233851,-0.06242335783801509
adc,1564311271.0,0.8642500638961792,1564320314.0,-0.3625000119209289,1564329354.0,0.0382500030100345,1564338832.0,0.3802500069141388,,,,,,,,,-0.0725355321390653,-0.04717919681666459
adc,1564411252.0,0.9802500605583192,1564420287.0,-0.3547500073909759,1564429326.0,0.0052500003948807,1564438802.0,0.4227500259876251,,,,,,,,,0.03164057246603452,-0.039180496244519636
adc,1564511260.0,1.0942500829696655,1564520301.0,-0.3142500221729278,1564529335.0,-0.0001250000059371,1564538537.0,0.3910000324249267,,,,,,,,,0.13492810929590382,0.0020005303731873147
adc,1564611260.0,1.1243751049041748,1564620299.0,-0.3381250202655792,1564629334.0,-0.0008750000270083,1564638340.0,0.5036250352859497,,,,,,,,,0.1558552717048183,-0.020873644883648637
adc,1564711245.0,1.2052500247955322,1564720278.0,-0.1675000041723251,1564729315.0,0.6566250324249268,1564738385.0,1.121250033378601,,,,,,,,,0.2293743882242624,0.1509266453790035
adc,1564811263.0,1.0651251077651978,1564820303.0,-0.236500009894371,1564829339.0,1.1515001058578491,1564838803.0,1.3702501058578491,,,,,,,,,0.08393371348780454,0.08310519648195064
adc,1564911258.0,1.3010001182556152,1564920292.0,-0.3207500278949737,1564929331.0,1.412000060081482,1564938316.0,1.399500012397766,,,,,,,,,0.3165733821093168,-0.0001510061746347463
adc,1565011259.0,0.9202500581741332,1565020294.0,-0.3995000123977661,1565029331.0,1.192500114440918,1565038388.0,1.2313750982284546,,,,,,,,,-0.06544803153270412,-0.07828444214953181
adc,1565111264.0,0.4353750348091125,1565120301.0,-0.4008750319480896,1565129336.0,0.0775000005960464,1565138578.0,0.8880000710487366,,,,,,,,,-0.5498777431645636,-0.07960251997251525
adc,1565211256.0,0.8541250228881836,1565220294.0,-0.3652500212192535,1565229328.0,0.0168750006705522,1565238306.0,0.5121250152587891,,,,,,,,,-0.12930335713162255,-0.04463829607106824
adc,1565311264.0,0.968000054359436,1565320300.0,-0.3345000147819519,1565329336.0,0.0083750002086162,1565338819.0,0.363625019788742,,,,,,,,,-0.012610272530563238,-0.015390625782459054
adc,1565411252.0,1.053250074386597,1565420281.0,-0.2997500002384186,1565429314.0,0.0002500000118743,1565438336.0,0.3537500202655792,,,,,,,,,0.07605243072747457,0.016930226537738728
adc,1565511259.0,0.9286250472068788,1565520297.0,-0.3002500236034393,1565529332.0,0.0002500000118743,1565538546.0,0.3321250081062317,,,,,,,,,-0.04495458053516117,0.013026150110025638
adc,1565611264.0,1.433375120162964,1565620299.0,-0.2340000122785568,1565629333.0,0.0795000046491622,1565638407.0,0.8256250619888306,,,,,,,,,0.46325564614154136,0.07488151078618867
adc,1565711257.0,0.9673750400543212,1565720293.0,-0.2237500101327896,1565729329.0,0.8388750553131104,1565738552.0,1.352250099182129,,,,,,,,,0.0002372571008328328,0.0797573952730913
adc,1565811268.0,1.0942500829696655,1565820308.0,-0.2695000171661377,1565829340.0,1.2573750019073486,1565838558.0,1.4487500190734863,,,,,,,,,0.12935990955143212,0.02768810508251151
adc,1565911259.0,0.8107500672340393,1565920289.0,-0.3408750295639038,1565929321.0,1.3516250848770142,1565938648.0,1.3773750066757202,,,,,,,,,-0.15278785217551127,-0.050894545423719434
adc,1566011255.0,0.7316250205039978,1566020299.0,-0.4000000059604645,1566029336.0,0.3212500214576721,1566038799.0,1.1600000858306885,,,,,,,,,-0.23149164888040885,-0.11803468833079855
adc,1566111265.0,0.7943750619888306,1566120305.0,-0.3140000104904175,1566129339.0,0.0150000005960464,1566138386.0,0.5927500128746033,,,,,,,,,-0.16913798492350843,-0.040751403188262654
adc,1566211274.0,0.7453750371932983,1566220310.0,-0.2862500250339508,1566229345.0,0.0043750000186264,1566238548.0,0.3100000023841858,,,,,,,,,-0.21908482357285058,-0.02229066870817105
adc,1566311248.0,0.9265000224113464,1566320286.0,-0.2411250174045562,1566329319.0,0.0016250000335276,1566338771.0,0.3598750233650207,,,,,,,,,-0.0390571487195617,0.013117510928524125
adc,1566411263.0,0.952125072479248,1566420300.0,-0.2336250096559524,1566429344.0,0.0020000000949949,1566438824.0,0.3138750195503235,,,,,,,,,-0.01419477410937249,0.010622666272390922
adc,1566511260.0,1.1030000448226929,1566520295.0,-0.1550000011920929,1566529330.0,0.0025000001769512,1566538433.0,0.5563750267028809,,,,,,,,,0.13675527356153983,0.07911590157961393
adc,1566611251.0,1.3543750047683716,1566620285.0,-0.0632500052452087,1566629321.0,0.7522500157356262,1566638437.0,1.115625023841858,,,,,,,,,0.3894901912769123,0.16071883073336835
adc,1566711259.0,1.1223750114440918,1566720300.0,-0.2043750137090683,1566729336.0,1.1816250085830688,1566738821.0,1.3782501220703125,,,,,,,,,0.16046113155590647,0.009527975793688387
adc,1566811275.0,1.1291249990463257,1566820316.0,-0.1893750131130218,1566829357.0,1.3593751192092896,1566838342.0,1.4142500162124634,,,,,,,,,0.17195597320017114,0.014616182491732396
adc,1566911257.0,1.1661250591278076,1566920293.0,-0.3596250116825104,1566929324.0,1.1115000247955322,1566938331.0,1.3808751106262207,,,,,,,,,0.21546338594651515,-0.16533502985363757
adc,1567011248.0,0.2738750278949737,1567020280.0,-0.3295000195503235,1567029315.0,0.1676250100135803,1567038332.0,0.8250000476837158,,,,,,,,,-0.6686837810826183,-0.14465105491793603
adc,1567111261.0,0.7781250476837158,1567120303.0,-0.195250004529953,1567129337.0,0.0168750006705522,1567138579.0,0.382500022649765,,,,,,,,,-0.15501845951453594,-0.019532936829441835
adc,1567211254.0,0.9011250138282776,1567220292.0,-0.1592500060796737,1567229325.0,0.0177500005811452,1567238546.0,0.3150000274181366,,,,,,,,,-0.021643632579104122,0.007691587427328242
adc,1567311250.0,0.9035000205039978,1567320287.0,-0.1615000069141388,1567329321.0,0.0056250002235174,1567338812.0,0.387000024318695,,,,,,,,,-0.00831595855890195,-0.00294063096403651
adc,1567411265.0,1.0201250314712524,1567420296.0,-0.0715000033378601,1567429330.0,0.0033750000875443,1567438575.0,0.4246250092983246,,,,,,,,,0.11945909496847346,0.07908277179947451
adc,1567511255.0,1.1747500896453855,1567520292.0,0.0630000010132789,1567529324.0,0.366875022649765,1567538308.0,0.8067500591278076,,,,,,,,,0.28507392941385756,0.20598558547021112
adc,1567611254.0,1.0721250772476196,1567620291.0,-0.0503750033676624,1567629327.0,1.037875056266785,1567638329.0,1.2766250371932983,,,,,,,,,0.19296224146212845,0.0853193015992844
adc,1567711245.0,0.5530000329017639,1567720283.0,-0.166250005364418,1567729317.0,1.3042501211166382,1567738527.0,1.357250094413757,,,,,,,,,-0.3163797089285824,-0.037661424369729135
adc,1567811261.0,0.9465000629425048,1567820299.0,-0.2636250257492065,1567829336.0,1.2907500267028809,1567838541.0,1.4161250591278076,,,,,,,,,0.08600574591968857,-0.1421138245982725
adc,1567911255.0,0.6326250433921814,1567920299.0,-0.2298750132322311,1567929328.0,0.3897500038146972,1567938309.0,1.0670000314712524,,,,,,,,,-0.21994015148909668,-0.11559078766374004
adc,1568011253.0,0.7447500228881836,1568020293.0,-0.1575000137090683,1568029327.0,0.0422500036656856,1568038383.0,0.5276250243186951,,,,,,,,,-0.1007784443474868,-0.050774497067295456
adc,1568111255.0,0.7896250486373901,1568120291.0,-0.1260000020265579,1568129322.0,0.02012500166893,1568138396.0,0.3003750145435333,,,,,,,,,-0.04957405566983375,-0.027339493427850733
adc,1568211259.0,0.7592500448226929,1568220297.0,-0.0603750012814998,1568229330.0,0.0077500003390014,1568238403.0,0.356000006198883,,,,,,,,,-0.07404039189931858,0.02955194449864207
adc,1568311263.0,0.905750036239624,1568320301.0,-0.0377500019967556,1568329342.0,0.0032500000670552,1568338807.0,0.3313750028610229,,,,,,,,,0.07829997514084348,0.04262384794662295
adc,1568411251.0,0.8937500715255737,1568420284.0,0.0267500020563602,1568429321.0,0.0038750001695007,1568438356.0,0.5881250500679016,,,,,,,,,0.072443776631546,0.09660859595294809
adc,1568511260.0,1.0625,1568520291.0,0.0659999996423721,1568529322.0,0.8331250548362732,1568538313.0,1.1380000114440918,,,,,,,,,0.24798358866902054,0.12424693790639835
adc,1568611256.0,0.9165000319480896,1568620292.0,0.1051250025629997,1568629330.0,1.196375012397766,1568638353.0,1.4166250228881836,,,,,,,,,0.10969285973167643,0.15054511665342055
adc,1568711261.0,0.8793750405311584,1568720299.0,-0.1130000054836273,1568729329.0,1.3925000429153442,1568738523.0,1.386750102043152,,,,,,,,,0.0813748989021518,-0.08170938518892587
adc,1568811263.0,0.7945000529289246,1568820302.0,-0.1236250028014183,1568829341.0,0.9826250672340392,1568838798.0,1.06125009059906,,,,,,,,,0.0064813638807894175,-0.10780023186155993
adc,1568911252.0,0.3700000047683716,1568920287.0,-0.2356250137090683,1568929320.0,0.0655000060796737,1568938813.0,0.6860000491142273,,,,,,,,,-0.4068791910070821,-0.23655869894826015
adc,1569011253.0,0.6816250085830688,1569020293.0,-0.0183749999850988,1569029328.0,0.0346250012516975,1569038819.0,0.4047500193119049,,,,,,,,,-0.08304858433671813,-0.03722154610748568
adc,1569111250.0,0.7692500352859497,1569120279.0,0.0782500058412551,1569129310.0,0.015625,1569138551.0,0.3291250169277191,,,,,,,,,0.01769827367200237,0.04057266239442367
adc,1569211273.0,0.6345000267028809,1569220321.0,0.0191250015050172,1569229358.0,0.0038750001695007,1569238350.0,0.3503750264644623,,,,,,,,,-0.10320960198807536,-0.03797857921925553
adc,1569311256.0,0.8766250610351562,1569320292.0,0.1253750026226043,1569329324.0,0.0040000001899898,1569338799.0,0.4837500154972076,,,,,,,,,0.1532416060828126,0.04863160815188149
adc,1569411262.0,1.118125081062317,1569420307.0,0.035250000655651,1569429339.0,0.4951250255107879,1569438810.0,1.0787500143051147,,,,,,,,,0.4092793109930329,-0.060941788797133106
adc,1569511260.0,0.7532500624656677,1569520292.0,0.2830000221729278,1569529328.0,1.2191250324249268,1569538821.0,1.4442501068115234,,,,,,,,,0.05885397122412467,0.1679398498853601
adc,1569611258.0,0.3896250128746032,1569620295.0,0.4977500140666961,1569629332.0,1.4160000085830688,1569638318.0,1.459750056266785,,,,,,,,,-0.29071606965226715,0.3647372334310975
adc,1569711251.0,0.924625039100647,1569720290.0,-0.1692500114440918,1569729324.0,1.4035000801086426,1569738815.0,1.4502500295639038,,,,,,,,,0.2576613737458465,-0.3190446584408721
adc,1569811256.0,0.3575000166893005,1569820289.0,0.0843750014901161,1569829317.0,0.4467500150203705,1569838803.0,1.0108751058578491,,,,,,,,,-0.29698623123662904,-0.08087338359613067
adc,1569911271.0,0.457250028848648,1569920307.0,0.1397500038146972,1569929341.0,0.0410000011324882,1569938829.0,0.5116250514984131,,,,,,,,,-0.18578662527512405,-0.03957074008646275
adc,1570011260.0,0.6480000019073486,1570020294.0,0.1712500154972076,1570029325.0,0.0240000002086162,1570038309.0,0.4331250190734863,,,,,,,,,0.015374638499890736,-0.02081222757528733
adc,1570111261.0,0.5649999976158142,1570120300.0,0.2496250122785568,1570129337.0,0.0042500002309679,1570138396.0,0.3331250250339508,,,,,,,,,-0.058139977555112764,0.046002423639966136
adc,1570211254.0,0.5486250519752502,1570220293.0,0.2422500103712082,1570229326.0,0.0045000002719461,1570238440.0,0.3171250224113464,,,,,,,,,-0.06573340158456685,0.02800804935283992
adc,1570311257.0,0.8650000691413879,1570320287.0,0.4900000095367431,1570329316.0,0.1931250095367431,1570338360.0,0.7832500338554382,,,,,,,,,0.2590220065542319,0.2657640065208345
adc,1570411257.0,0.5013750195503235,1570420288.0,0.3303750157356262,1570429324.0,0.9257500171661376,1570438816.0,1.2663750648498535,,,,,,,,,-0.09627845113999015,0.096403139202667
adc,1570511255.0,0.7468750476837158,1570520296.0,0.1702500134706497,1570529325.0,1.3612500429153442,1570538389.0,1.4168751239776611,,,,,,,,,0.15783891113851226,-0.07358449313184245
adc,1570611252.0,0.9330000281333924,1570620290.0,0.1258750110864639,1570629325.0,1.373125076293945,1570638304.0,1.3546251058578491,,,,,,,,,0.3531921787721019,-0.1283108089502041
adc,1570711258.0,0.3050000071525574,1570720298.0,-0.0186250004917383,1570729327.0,0.4751250147819519,1570738373.0,1.0023750066757202,,,,,,,,,-0.2647038814443691,-0.2839489917643993
adc,1570811262.0,0.3577500283718109,1570820307.0,0.1700000017881393,1570829342.0,0.0318750031292438,1570838815.0,0.5120000243186951,,,,,,,,,-0.2007751927458621,-0.10745199474039731
adc,1570911259.0,0.4311250150203705,1570920299.0,0.2938750088214874,1570929329.0,0.0193750001490116,1570938806.0,0.3056250214576721,,,,,,,,,-0.11501828807197627,0.00321168245898229
adc,1571011246.0,0.5105000138282776,1571020286.0,0.348000019788742,1571029323.0,0.0070000002160668,1571038805.0,0.3615000247955322,,,,,,,,,-0.022003114732696602,0.04305220625270384
adc,1571111254.0,0.4615000188350677,1571120292.0,0.4353750348091125,1571129323.0,0.0046250000596046,1571138538.0,0.2977500259876251,,,,,,,,,-0.056128424904814886,0.11516056228792634
adc,1571211248.0,0.5991250276565552,1571220284.0,0.3195000290870666,1571229320.0,0.0050000003539025,1571238380.0,0.5217500329017639,,,,,,,,,0.09749653882295271,-0.016823662872604686
adc,1571311246.0,1.0099999904632568,1571320278.0,0.6171250343322754,1571329313.0,0.6993750333786011,1571338381.0,1.093000054359436,,,,,,,,,0.5252989170122874,0.26400555273161797
adc,1571411260.0,0.343625009059906,1571420301.0,0.6387500166893005,1571429337.0,1.152250051498413,1571438567.0,1.3256250619888306,,,,,,,,,-0.1234996690121139,0.2682964318176377
adc,1571511265.0,0.7053750157356262,1571520303.0,0.2800000011920929,1571529337.0,1.3962500095367432,1571538380.0,1.308000087738037,,,,,,,,,0.2561410828980105,-0.1081965014728766
adc,1571611255.0,0.3075000047683716,1571620289.0,0.0322500020265579,1571629322.0,0.7783750295639038,1571638515.0,1.3421250581741333,,,,,,,,,-0.1238782079895038,-0.37398543046731625
adc,1571711257.0,0.0355000011622905,1571720301.0,0.3035000264644623,1571729332.0,0.0047500003129243,1571738500.0,0.5170000195503235,,,,,,,,,-0.3783701777011148,-0.12096451817044668
adc,1571811252.0,0.1478750109672546,1571820286.0,0.4638750255107879,1571829318.0,0.0065000001341104,1571838400.0,0.2202500104904174,,,,,,,,,-0.24906161642816235,0.02109901365057179
adc,1571911249.0,0.1750000119209289,1571920287.0,0.5147500038146973,1571929321.0,0.0138750011101365,1571938306.0,0.246625006198883,,,,,,,,,-0.20568521036622017,0.05369147141017469
adc,1572011263.0,0.3705000281333923,1572020297.0,0.4265000224113464,1572029332.0,0.0132500007748603,1572038803.0,0.3695000112056732,,,,,,,,,0.005403548409470799,-0.05270492694963034
adc,1572111257.0,0.862500011920929,1572120298.0,0.5613750219345093,1572129334.0,0.0061250003054738,1572138562.0,0.4128750264644623,,,,,,,,,0.5124579227428302,0.06424945600226778
adc,1572211259.0,0.3446250259876251,1572220298.0,0.7512500286102295,1572229335.0,0.5270000100135803,1572238814.0,1.0049999952316284,,,,,,,,,0.009302936717711527,0.23648881667577556
adc,1572311260.0,0.2305000126361847,1572320295.0,0.6838750243186951,1572329330.0,1.003250002861023,1572338804.0,1.383625030517578,,,,,,,,,-0.09020888145962944,0.1517850258460614
adc,1572411252.0,0.3755000233650207,1572420286.0,0.6490000486373901,1572429321.0,1.3615000247955322,1572438806.0,1.417875051498413,,,,,,,,,0.06951258585825751,0.09987652655760777
adc,1572511264.0,0.4452500343322754,1572520312.0,0.2595000267028808,1572529351.0,1.2700001001358032,1572538579.0,1.284500002861023,,,,,,,,,0.15426449974228298,-0.3063920610819982
adc,1572611268.0,0.1576250046491623,1572620310.0,0.3352500200271606,1572629343.0,0.3695000112056732,1572638320.0,0.8003750443458557,,,,,,,,,-0.11796818195762401,-0.24717350846364614
adc,1572711259.0,0.1263750046491623,1572720293.0,0.580875039100647,1572729324.0,0.1738750040531158,1572738634.0,0.5146250128746033,,,,,,,,,-0.13339735569757552,-0.01784882895152462
adc,1572811258.0,0.1578750014305114,1572820299.0,0.5948750376701355,1572829336.0,0.0780000016093254,1572838321.0,0.3538750112056732,,,,,,,,,-0.08568528192943542,-0.019892736632328628
adc,1572911265.0,0.2338750064373016,1572920296.0,0.6575000286102295,1572929336.0,0.0520000010728836,1572938402.0,0.4805000126361847,,,,,,,,,0.0068053970219567675,0.026997637371939318
adc,1573011266.0,0.1102500036358833,1573020302.0,0.6811250448226929,1573029338.0,0.0146250007674098,1573038369.0,0.4146250188350677,,,,,,,,,-0.1002373056604823,0.03526259825038252
adc,1573111257.0,0.5206249952316284,1573120296.0,0.8300000429153442,1573129328.0,0.1833750158548355,1573138560.0,0.8547500371932983,,,,,,,,,0.32655378690288317,0.16920959891285126
adc,1573211255.0,0.4407500326633453,1573220295.0,0.7913750410079956,1573229327.0,1.049625039100647,1573238791.0,1.3690000772476196,,,,,,,,,0.2626096533120318,0.11612068140551127
adc,1573311255.0,-0.0193750001490116,1573320292.0,0.8991250395774841,1573329329.0,1.3600000143051147,1573338777.0,1.5260000228881836,,,,,,,,,-0.18242998623190862,0.20986872231276515
adc,1573411245.0,0.2336250096559524,1573420277.0,0.6312500238418579,1573429310.0,1.3473750352859497,1573438404.0,1.3811250925064087,,,,,,,,,0.08444130087669227,-0.0715788313646184
adc,1573511254.0,-0.0358750000596046,1573520290.0,0.3736250102519989,1573529333.0,0.4210000336170196,1573538336.0,0.8376250267028809,,,,,,,,,-0.17273671011684644,-0.3423950567246653
adc,1573611263.0,0.0043750000186264,1573620299.0,0.7137500047683716,1573629333.0,0.0445000007748603,1573638533.0,0.4222500324249267,,,,,,,,,-0.12197151979440307,-0.015123552502972634
adc,1573711257.0,0.0236250013113021,1573720294.0,0.6326250433921814,1573729327.0,0.0135000003501772,1573738822.0,0.3006250262260437,,,,,,,,,-0.09415586174447066,-0.10878635200181579
adc,1573811252.0,0.0240000002086162,1573820287.0,0.6972500085830688,1573829322.0,0.0203750003129243,1573838318.0,0.4187500178813934,,,,,,,,,-0.08716994264306907,-0.056376589362980775
adc,1573911259.0,0.0602500028908252,1573920294.0,0.8703750371932983,1573929327.0,0.0130000002682209,1573938316.0,0.4311250150203705,,,,,,,,,-0.046127029326597735,0.10488792398390145
adc,1574011253.0,0.2641250193119049,1574020292.0,0.8387500643730164,1574029329.0,0.019250001758337,1574038305.0,0.5706250071525574,,,,,,,,,0.16098829989321126,0.06180169982023468
adc,1574111267.0,0.4308750331401825,1574120308.0,1.0187500715255735,1574129341.0,0.8768750429153442,1574138542.0,1.2105000019073486,,,,,,,,,0.3297939136299849,0.2307818957755326
adc,1574211258.0,0.0181250013411045,1574220288.0,1.015125036239624,1574229322.0,1.230875015258789,1574238547.0,1.45187509059906,,,,,,,,,-0.08164726725916638,0.21660778640090525
adc,1574311261.0,0.0693750008940696,1574320293.0,0.7733750343322754,1574329328.0,1.4172500371932983,1574338569.0,1.3980001211166382,,,,,,,,,-0.029359940898012096,-0.03520555981699769
adc,1574411257.0,-0.0085000004619359,1574420294.0,0.5752500295639038,1574429331.0,0.9970000386238098,1574438556.0,1.115625023841858,,,,,,,,,-0.10598796758223517,-0.2428999870082798
adc,1574511257.0,-0.1701250076293945,1574520297.0,0.4510000348091125,1574529332.0,0.0840000063180923,1574538402.0,0.6582500338554382,,,,,,,,,-0.26570136194259486,-0.37621334978508414
adc,1574611256.0,-0.0680000036954879,1574620296.0,0.8176250457763672,1574629328.0,0.0133750010281801,1574638558.0,0.2876250147819519,,,,,,,,,-0.1606083502985371,-0.018124688447226117
adc,1574711253.0,-0.0721250027418136,1574720290.0,0.8845000267028809,1574729322.0,0.0056250002235174,1574738337.0,0.2516250014305115,,,,,,,,,-0.16042452477283764,0.04076206796305071
adc,1574811262.0,0.5297500491142273,1574820296.0,0.7091250419616699,1574829328.0,0.0751250013709068,1574838333.0,0.4657500088214874,,,,,,,,,0.4472291737011391,-0.1420559142409165
adc,1574911262.0,0.4711250364780426,1574920294.0,0.9622500538825988,1574929328.0,1.27400004863739,1574938557.0,1.3412500619888306,,,,,,,,,0.39578358098840793,0.10411013997512675
adc,1575011254.0,0.3388750255107879,1575020291.0,1.2421250343322754,1575029324.0,1.871625065803528,1575038435.0,1.6917500495910645,,,,,,,,,0.2718229450551395,0.37735698871381196
adc,1575111250.0,-0.1458750069141388,1575120284.0,1.3720000982284546,1575129319.0,2.259875059127808,1575138569.0,1.998125076293945,,,,,,,,,-0.20403338816319738,0.5006692034767891
adc,1575211249.0,0.0423750020563602,1575220289.0,0.7605000138282776,1575229328.0,2.018625020980835,1575238650.0,2.0058751106262207,,,,,,,,,-0.006964318588751517,-0.11770190365421429
adc,1575311260.0,-0.0648750066757202,1575320296.0,1.1763750314712524,1575329329.0,1.3352500200271606,1575338307.0,1.5673750638961792,,,,,,,,,-0.10625246778596084,0.2905467487166954
adc,1575411259.0,-0.2115000039339065,1575420300.0,0.0552500039339065,1575429336.0,0.0012500000884756,1575438820.0,0.1750000119209289,,,,,,,,,-0.24657440251581803,-0.8394217209825436
adc,1575511247.0,-0.249875009059906,1575520287.0,0.6522500514984131,1575529319.0,0.003000000026077,1575538554.0,0.1106250062584877,,,,,,,,,-0.28104156222218735,-0.25288872946078617
adc,1575611248.0,-0.2508750259876251,1575620284.0,1.0402500629425049,1575629316.0,0.0033750000875443,1575638521.0,0.2215000092983245,,,,,,,,,-0.28112863058103493,0.12273135899704529
adc,1575711265.0,1.074625015258789,1575720303.0,0.8138750195503235,1575729341.0,1.283000111579895,1575738831.0,1.058500051498413,,,,,,,,,1.0418792699329718,-0.11806829019151947
adc,1575811259.0,-0.0186250004917383,1575820301.0,1.183625102043152,1575829335.0,1.9665000438690183,1575838642.0,1.6498750448226929,,,,,,,,,-0.05745368170202267,0.2352516315305668
adc,1575911261.0,-0.2193750143051147,1575920298.0,1.127500057220459,1575929332.0,2.27762508392334,1575938816.0,1.978625059127808,,,,,,,,,-0.26781598660007144,0.16089237397982276
adc,1576011253.0,0.056375004351139,1576020301.0,1.0206249952316284,1576029342.0,2.017250061035156,1576038797.0,1.8778750896453855,,,,,,,,,-0.004885362936417899,0.03432147249158106
adc,1576111258.0,-0.1582500040531158,1576120291.0,1.0497500896453855,1576129328.0,1.366000056266785,1576138557.0,1.183500051498413,,,,,,,,,-0.23495233701005258,0.04274674128585929
adc,1576211258.0,-0.2198750078678131,1576220297.0,1.0670000314712524,1576229329.0,0.003000000026077,1576238564.0,0.234250009059906,,,,,,,,,-0.3138137975258178,0.03884064420255752
adc,1576311254.0,-0.2985000014305115,1576320285.0,0.8665000200271606,1576329319.0,-0.0003750000032596,1576338809.0,0.1695000082254409,,,,,,,,,-0.41044414527126766,-0.18265783210319175
adc,1576411257.0,0.612625002861023,1576420294.0,0.7801250219345093,1576429329.0,0.3740000128746032,1576438309.0,0.7311250567436218,,,,,,,,,0.48305537056271397,-0.2892201444158028
adc,1576511263.0,0.9387500286102296,1576520304.0,1.0033750534057615,1576529340.0,1.580875039100647,1576538359.0,1.45912504196167,,,,,,,,,0.7931117139492453,-0.08468537252692186
adc,1576611256.0,-0.1931250095367431,1576620296.0,1.2546250820159912,1576629332.0,2.0501251220703125,1576638338.0,1.9408750534057615,,,,,,,,,-0.35217066756385507,0.14994888862642142
adc,1576711250.0,0.1681250035762787,1576720289.0,1.34975004196167,1576729325.0,1.9988751411437988,1576738820.0,1.9363751411437988,,,,,,,,,-0.0007244348009597945,0.23110503994159004
adc,1576811252.0,0.3092500269412994,1576820282.0,1.3257501125335691,1576829316.0,1.0860000848770142,1576838795.0,1.319000005722046,,,,,,,,,0.13491105044447524,0.19620613254377112
adc,1576911260.0,-0.3660000264644623,1576920297.0,1.152375102043152,1576929325.0,-0.0018750000745058,1576938812.0,0.2723750174045563,,,,,,,,,-0.5410826262989084,0.015266982742038054
adc,1577011256.0,-0.4056250154972076,1577020295.0,1.0817500352859497,1577029325.0,-0.0027500002179294,1577038800.0,0.1681250035762787,,,,,,,,,-0.5765823890797227,-0.059495340401483465
adc,1577111253.0,1.0077500343322754,1577120289.0,0.9317500591278076,1577129326.0,0.703000009059906,1577138560.0,0.8333750367164612,,,,,,,,,0.8455858787248705,-0.21028222381870293
adc,1577211270.0,0.7576250433921814,1577220301.0,1.2760000228881836,1577229335.0,1.348750114440918,1577238828.0,1.3292500972747805,,,,,,,,,0.6083999202846998,0.13630628116713805
adc,1577311257.0,0.5583750009536743,1577320290.0,1.2600001096725464,1577329326.0,2.079750061035156,1577338809.0,1.978125095367432,,,,,,,,,0.42542052770904093,0.1254273647510935
adc,1577411258.0,-0.1267500072717666,1577420295.0,0.9826250672340392,1577429331.0,1.737125039100647,1577438788.0,1.732875108718872,,,,,,,,,-0.24114306296770072,-0.1444702077847249
adc,1577511256.0,-0.4335000216960907,1577520300.0,0.9468750357627868,1577529333.0,0.6693750023841858,1577538310.0,0.8205000162124634,,,,,,,,,-0.5282078960520054,-0.1708594880532663
adc,1577611253.0,-0.4101250171661377,1577620293.0,1.0513750314712524,1577629331.0,0.0847500041127204,1577638327.0,0.3925000131130218,,,,,,,,,-0.4851972173437545,-0.055603187957852754
adc,1577711263.0,-0.3585000038146972,1577720303.0,1.059000015258789,1577729338.0,0.0253750011324882,1577738379.0,0.5512500405311584,,,,,,,,,-0.41505103290387996,-0.0363022354967681
adc,1577811257.0,0.5820000171661377,1577820293.0,1.2920000553131104,1577829325.0,0.6325000524520874,1577838793.0,0.9573750495910645,,,,,,,,,0.5419862479404031,0.2088484829910973
adc,1577911255.0,0.0736250057816505,1577920299.0,1.3441250324249268,1577929327.0,1.8335000276565552,1577938392.0,1.8467501401901243,,,,,,,,,0.04754111354592239,0.2731988832346647
adc,1578011260.0,0.6357500553131104,1578020300.0,1.136625051498413,1578029341.0,1.915125131607056,1578038833.0,1.861625075340271,,,,,,,,,0.6206280208326044,0.07765720812731965
adc,1578111253.0,-0.4156250059604645,1578120290.0,0.6151250004768372,1578129318.0,0.9188750386238098,1578138530.0,1.0576250553131104,,,,,,,,,-0.4228574843221586,-0.43242059939431843
adc,1578211256.0,-0.3962500095367431,1578220297.0,1.015375018119812,1578229335.0,0.2485000044107437,1578238319.0,0.4675000309944153,,,,,,,,,-0.398535284051332,-0.02146551907488231
adc,1578311243.0,-0.4112500250339508,1578320282.0,0.8536250591278076,1578329315.0,-0.0032500000670552,1578338785.0,0.3845000267028808,,,,,,,,,-0.41120296723505867,-0.17331129619087696
adc,1578411252.0,-0.1962500065565109,1578420286.0,1.0325000286102295,1578429320.0,0.1822500079870224,1578438801.0,0.7432500123977661,,,,,,,,,-0.19601415108168005,0.014679545693676951
adc,1578511254.0,1.2033751010894775,1578520288.0,1.3617500066757202,1578529322.0,1.468000054359436,1578538325.0,1.542625069618225,,,,,,,,,1.2022026631761107,0.352352634873643
adc,1578611266.0,0.5447500348091125,1578620298.0,1.1847500801086426,1578629333.0,1.9560000896453855,1578638345.0,1.8291250467300413,,,,,,,,,0.5411211660778487,0.18323969022823555
adc,1578711262.0,-0.4242500066757202,1578720301.0,0.6046250462532043,1578729338.0,1.0001250505447388,1578738800.0,1.1271250247955322,,,,,,,,,-0.43089153454616713,-0.38934140875150314
adc,1578811254.0,-0.4256250262260437,1578820289.0,0.9446250200271606,1578829324.0,0.2432500123977661,1578838779.0,0.5402500033378601,,,,,,,,,-0.43543524392528643,-0.041934165909166994
adc,1578911270.0,-0.437250018119812,1578920307.0,0.8862500190734863,1578929343.0,-0.005125000141561,1578938808.0,0.2765000164508819,,,,,,,,,-0.45008747344101147,-0.09283975246700787
adc,1579011275.0,-0.2482500076293945,1579020317.0,1.0602500438690186,1579029351.0,0.021000001579523,1579038831.0,0.6053750514984131,,,,,,,,,-0.2637771296545237,0.08886385206783266
adc,1579111251.0,1.349000096321106,1579120291.0,1.4291250705718994,1579129331.0,1.3250000476837158,1579138500.0,1.4298750162124634,,,,,,,,,1.3312191009884515,0.46580562483983134
adc,1579211255.0,0.1346250027418136,1579220295.0,1.0648750066757202,1579229332.0,1.975125074386597,1579238759.0,1.768375039100647,,,,,,,,,0.11503097056689693,0.1100623919706435
adc,1579311262.0,-0.4102500081062317,1579320298.0,0.5272500514984131,1579329331.0,1.055000066757202,1579338314.0,1.0665000677108765,,,,,,,,,-0.43129215724747716,-0.41858863764714227
adc,1579411260.0,-0.4126250147819519,1579420300.0,0.9443750381469728,1579429333.0,0.3050000071525574,1579438322.0,0.5450000166893005,,,,,,,,,-0.43488399094877095,0.007967843814155162
adc,1579511263.0,-0.437375009059906,1579520299.0,0.749625027179718,1579529329.0,-0.0042500002309679,1579538546.0,0.3582500219345093,,,,,,,,,-0.46078251994518027,-0.17691978766222302
adc,1579611270.0,-0.2425000071525573,1579620312.0,0.8820000290870667,1579629351.0,-0.002250000135973,1579638565.0,0.5950000286102295,,,,,,,,,-0.2671581886595906,-0.03427714344976507
adc,1579711254.0,1.3846250772476196,1579720293.0,1.3566250801086426,1579729329.0,1.537875056266785,1579738807.0,1.5522500276565552,,,,,,,,,1.3584451405608031,0.4510086611451776
adc,1579811254.0,0.4051250219345093,1579820291.0,0.8978750705718994,1579829329.0,1.9116251468658447,1579838815.0,1.696000099182129,,,,,,,,,0.37698542544782787,0.0033199657048274267
adc,1579911248.0,-0.4493750333786011,1579920284.0,0.4536250233650207,1579929319.0,0.8865000605583191,1579938307.0,0.8512500524520874,,,,,,,,,-0.4800723584658346,-0.42943959749771043
adc,1580011257.0,-0.4360000193119049,1580020297.0,0.7986250519752502,1580029327.0,0.3171250224113464,1580038304.0,0.5111250281333923,,,,,,,,,-0.46999013336018297,-0.07247262881683915
adc,1580111253.0,-0.3310000300407409,1580120289.0,0.8970000147819519,1580129329.0,-0.0037500001490116,1580138672.0,0.2956250011920929,,,,,,,,,-0.3691072713076371,0.03840353470053402
adc,1580211254.0,-0.1700000017881393,1580220292.0,0.7593750357627869,1580229326.0,0.1273750066757202,1580238409.0,0.7733750343322754,,,,,,,,,-0.21307027952987448,-0.08613263163606633
adc,1580311247.0,1.270625114440918,1580320285.0,1.4088751077651978,1580329323.0,1.75600004196167,1580338540.0,1.7217501401901243,,,,,,,,,1.2217974637612496,0.5770735956034816
adc,1580411255.0,-0.0082499999552965,1580420294.0,0.7926250100135803,1580429330.0,1.9218751192092896,1580438315.0,1.8098751306533811,,,,,,,,,-0.06351373719369957,-0.024863824817957042
adc,1580511249.0,-0.4552500247955322,1580520286.0,0.7077500224113464,1580529317.0,0.9116250276565552,1580538607.0,0.9073750376701356,,,,,,,,,-0.5174652680261458,-0.09487890564696669
adc,1580611266.0,-0.3231250047683716,1580620295.0,0.6113750338554382,1580629329.0,0.1140000075101852,1580638347.0,0.4888750314712524,,,,,,,,,-0.3926144143904694,-0.17595051832050884
adc,1580711255.0,-0.2430000156164169,1580720290.0,0.7668750286102295,1580729320.0,-0.0023750001564621,1580738510.0,0.4658750295639038,,,,,,,,,-0.31988538098245894,-0.004838510590243809
adc,1580811253.0,0.5067500472068787,1580820289.0,0.4656250178813934,1580829321.0,0.1538750082254409,1580838400.0,0.7752500176429749,,,,,,,,,0.422527848223437,-0.29031674214028
adc,1580911263.0,1.2510000467300415,1580920298.0,1.2337501049041748,1580929330.0,1.949125051498413,1580938329.0,1.7848750352859497,,,,,,,,,1.1596288750405315,0.49359268009230917
adc,1581011260.0,-0.093125008046627,1581020301.0,0.6775000095367432,1581029333.0,1.6983751058578491,1581038816.0,1.5002501010894775,,,,,,,,,-0.19140625274553102,-0.04699337283879659
adc,1581111261.0,-0.4585000276565552,1581120295.0,0.6698750257492065,1581129331.0,0.3863750100135803,1581138535.0,0.6130000352859497,,,,,,,,,-0.5634863773075656,-0.03918229074077299
adc,1581211253.0,-0.4532500207424164,1581220293.0,0.491875022649765,1581229326.0,-0.0091250007972121,1581238303.0,0.3576250076293945,,,,,,,,,-0.5648420590948028,-0.20204662544983298
adc,1581311253.0,-0.01450000051409,1581320296.0,0.565500020980835,1581329331.0,0.0191250015050172,1581338824.0,0.5266250371932983,,,,,,,,,-0.1327501798619283,-0.11361495373167908
adc,1581411250.0,1.0525000095367432,1581420282.0,0.9425000548362732,1581429312.0,1.0202500820159912,1581438539.0,1.1723750829696655,,,,,,,,,0.9273673080215116,0.2778828171708169
adc,1581511268.0,0.6552500128746033,1581520293.0,0.8761250376701355,1581529335.0,2.028249979019165,1581538571.0,1.8257501125335691,,,,,,,,,0.5228422213894756,0.22576530053068197
adc,1581611253.0,-0.1553750038146972,1581620290.0,0.3703750073909759,1581629325.0,1.459375023841858,1581638530.0,1.2176250219345093,,,,,,,,,-0.29558894750740417,-0.2658541139687048
adc,1581711255.0,-0.4445000290870666,1581720295.0,0.4698750078678131,1581729331.0,0.4021250307559967,1581738548.0,0.6582500338554382,,,,,,,,,-0.593128472506586,-0.15219935235125392
adc,1581811259.0,-0.4466250240802765,1581820296.0,0.4517500102519989,1581829331.0,-0.0047500003129243,1581838388.0,0.3350000083446502,,,,,,,,,-0.6042613918611666,-0.15596767159564376
adc,1581911264.0,-0.0028750002384185,1581920298.0,0.5331250429153442,1581929335.0,-0.0032500000670552,1581938563.0,0.5013750195503235,,,,,,,,,-0.16998869806534506,-0.05984650435939713
adc,1582011252.0,1.4476250410079956,1582020293.0,1.2861250638961792,1582029327.0,1.284000039100647,1582038571.0,1.4585000276565552,,,,,,,,,1.2707900302426385,0.7084634854493075
adc,1582111264.0,0.2486250102519989,1582120302.0,0.4667500257492065,1582129338.0,1.8011250495910645,1582138401.0,1.745500087738037,,,,,,,,,0.06212044224436153,-0.09490136472811012
adc,1582211258.0,-0.4548750221729278,1582220299.0,0.148250013589859,1582229329.0,0.6637500524520874,1582238641.0,0.7013750076293945,,,,,,,,,-0.6506751051077521,-0.3966135546900417
adc,1582311250.0,-0.1888750046491623,1582320286.0,0.4735000133514404,1582329323.0,0.1267500072717666,1582338360.0,0.4308750331401825,,,,,,,,,-0.3932940200507372,-0.053793670303859176
adc,1582411253.0,-0.108750008046627,1582420286.0,0.4253750145435333,1582429321.0,-0.0038750001695007,1582438542.0,0.3892500102519989,,,,,,,,,-0.3208743409909744,-0.08364347128012789
adc,1582511263.0,0.846250057220459,1582520298.0,0.4313750267028808,1582529337.0,0.0873750075697898,1582538560.0,0.8696250319480896,,,,,,,,,0.6274605000630351,-0.058825367065335164
adc,1582611258.0,1.5018750429153442,1582620290.0,1.3642500638961792,1582629325.0,1.5915000438690186,1582638534.0,1.5825001001358032,,,,,,,,,1.2774381192169382,0.8931630421982211
adc,1582711260.0,0.0751250013709068,1582720299.0,0.2913750112056732,1582729332.0,1.5076251029968262,1582738786.0,1.3252500295639038,,,,,,,,,-0.15412979422265094,-0.16062541680204728
adc,1582811257.0,-0.4485000073909759,1582820292.0,0.1956250071525573,1582829326.0,0.2328750044107437,1582838811.0,0.4333750307559967,,,,,,,,,-0.682081931690289,-0.23768580134998413
adc,1582911261.0,-0.4098750054836273,1582920302.0,0.2738750278949737,1582929338.0,-0.0082499999552965,1582938810.0,0.1986250132322311,,,,,,,,,-0.6477339674477787,-0.14151972762607956
adc,1583011265.0,0.1132500022649765,1583020300.0,0.3212500214576721,1583029340.0,-0.0033750000875443,1583038820.0,0.4756250083446502,,,,,,,,,-0.12931184790511333,-0.07733526341692834
adc,1583111263.0,1.1600000858306885,1583120302.0,0.3555000126361847,1583129333.0,0.6721250414848328,1583138537.0,1.0408750772476196,,,,,,,,,0.9118649615075415,-0.02762415858711134
adc,1583211267.0,0.8020000457763672,1583220309.0,0.7177500128746033,1583229343.0,1.8558751344680784,1583238324.0,1.7376251220703125,,,,,,,,,0.5470655360761113,0.3486248928260449
adc,1583311259.0,-0.2943750023841858,1583320291.0,-0.0132500007748603,1583329324.0,1.1386250257492063,1583338352.0,0.9418750405311584,,,,,,,,,-0.5575532717144794,-0.36980209423673227
adc,1583411247.0,-0.1797500103712082,1583420280.0,0.2817500233650207,1583429308.0,0.2437500059604644,1583438370.0,0.5113750100135803,,,,,,,,,-0.4526562487011855,-0.06346433947640881
adc,1583511246.0,-0.3110000193119049,1583520280.0,0.1780000030994415,1583529314.0,-0.0042500002309679,1583538340.0,0.2435000091791153,,,,,,,,,-0.5949533829186617,-0.15677917450202594
adc,1583611253.0,0.2160000056028366,1583620289.0,0.2293750047683715,1583629320.0,0.0142500009387731,1583638374.0,0.6108750104904175,,,,,,,,,-0.07995018647466262,-0.09542711927951715
adc,1583711251.0,1.3291250467300415,1583720290.0,0.9813750386238098,1583729325.0,1.294750094413757,1583738793.0,1.370500087738037,,,,,,,,,1.0207670230528714,0.6666026690766632
adc,1583811259.0,0.54625004529953,1583820291.0,0.2665000259876251,1583829322.0,1.802625060081482,1583838626.0,1.5936250686645508,,,,,,,,,0.225715808336291,-0.03766601552039639
adc,1583911264.0,-0.4541250169277191,1583920299.0,0.0301250014454126,1583929333.0,0.398375004529953,1583938820.0,0.5542500019073486,,,,,,,,,-0.7859388843392827,-0.2623742977773012
adc,1584011256.0,0.0450000017881393,1584020297.0,0.1000000014901161,1584029329.0,0.0552500039339065,1584038731.0,0.3367500305175781,,,,,,,,,-0.2965937690921113,-0.17937521106017107
adc,1584111257.0,0.2613750100135803,1584120288.0,0.1613750010728836,1584129329.0,-0.0048750001005828,1584138810.0,0.3237500190734863,,,,,,,,,-0.08803689235544435,-0.10314808630916751
adc,1584211257.0,1.0140000581741333,1584220301.0,0.139500007033348,1584229335.0,0.0101250000298023,1584238740.0,0.5487500429153442,,,,,,,,,0.6589834427976263,-0.10833068690113887
adc,1584311266.0,1.464625120162964,1584320307.0,1.2661250829696655,1584329345.0,1.7998751401901243,1584338739.0,1.7040001153945925,,,,,,,,,1.1062092408574888,1.036758027655059
adc,1584411261.0,0.4045000076293945,1584420303.0,0.0317500010132789,1584429336.0,1.5080000162124634,1584438737.0,1.333875060081482,,,,,,,,,0.04460874416062455,-0.17763916117761042
adc,1584511270.0,-0.332250028848648,1584520306.0,-0.0035000001080334,1584529342.0,0.3172500133514404,1584538838.0,0.4112500250339508,,,,,,,,,-0.6922161873183619,-0.19182545626956543
adc,1584611257.0,-0.4691250324249267,1584620295.0,0.0663750022649765,1584629327.0,0.0218750014901161,1584638768.0,0.2480000108480453,,,,,,,,,-0.8284578498878991,-0.10035950909821156
adc,1584711257.0,0.1663750112056732,1584720291.0,0.0440000034868717,1584729324.0,0.0095000006258487,1584738814.0,0.4616250097751617,,,,,,,,,-0.19238314364253695,-0.10124559463965359
adc,1584811262.0,1.398875117301941,1584820293.0,0.1508750021457672,1584829329.0,0.8965000510215759,1584838317.0,1.127000093460083,,,,,,,,,1.0398832538309057,0.026382267589287772
adc,1584911258.0,0.5391250252723694,1584920291.0,0.124375008046627,1584929320.0,1.8511251211166384,1584938746.0,1.586375117301941,,,,,,,,,0.1784342019161628,0.01932181568855941
adc,1585011267.0,-0.2101250141859054,1585020307.0,-0.0592500045895576,1585029348.0,0.6896250247955322,1585038736.0,0.6622500419616699,,,,,,,,,-0.5744867229458913,-0.1466479094552052
adc,1585111248.0,0.1030000075697898,1585120287.0,-0.049125000834465,1585129321.0,0.3005000054836273,1585138373.0,0.5087500214576721,,,,,,,,,-0.26732018625379306,-0.12098302201958898
adc,1585211251.0,0.0397500023245811,1585220289.0,-0.0262500010430812,1585229323.0,-0.0052500003948807,1585238807.0,0.3426250219345093,,,,,,,,,-0.33891962666742986,-0.08485960763419845
adc,1585311253.0,0.3405000269412994,1585320288.0,-0.1118750050663948,1585329318.0,-0.0052500003948807,1585338327.0,0.6550000309944153,,,,,,,,,-0.04880485134928911,-0.15955106715196563
adc,1585411249.0,1.502250075340271,1585420289.0,0.8910000324249268,1585429322.0,1.5196250677108765,1585438712.0,1.445750117301941,,,,,,,,,1.1003079848649375,0.8520556157346061
adc,1585511263.0,0.5262500047683716,1585520300.0,-0.0911250039935112,1585529336.0,1.689250111579895,1585538779.0,1.3801250457763672,,,,,,,,,0.1100837134861517,-0.12331329820878772
adc,1585611259.0,-0.3760000169277191,1585620293.0,-0.1676250100135803,1585629327.0,0.4352500140666961,1585638719.0,0.6100000143051147,,,,,,,,,-0.807484336301322,-0.19471484263417235
adc,1585711259.0,0.1173750087618827,1585720301.0,-0.1495000123977661,1585729333.0,0.0891250073909759,1585738724.0,0.3620000183582306,,,,,,,,,-0.329999884669538,-0.17275683287123325
adc,1585811255.0,0.3556250035762787,1585820289.0,-0.1335000097751617,1585829320.0,0.0228750016540288,1585838787.0,0.4743750095367431,,,,,,,,,-0.1077103418970772,-0.15373734416755158
adc,1585911248.0,1.220750093460083,1585920288.0,-0.1017500013113021,1585929326.0,0.3837500214576721,1585938763.0,0.952375054359436,,,,,,,,,0.7418236596734897,-0.11928718374681793
adc,1586011252.0,1.1644999980926514,1586020288.0,0.7333750128746033,1586029329.0,1.966750144958496,1586038733.0,1.7293751239776611,,,,,,,,,0.6706897019488072,0.718731767860261
adc,1586111249.0,0.4992500245571136,1586120295.0,-0.2416250109672546,1586129332.0,1.545125126838684,1586138786.0,1.3228750228881836,,,,,,,,,-0.008520006987654427,-0.2526760753341002
adc,1586211256.0,0.1912500113248825,1586220290.0,-0.1277500092983245,1586229325.0,0.3603750169277191,1586238757.0,0.5886250138282776,,,,,,,,,-0.3294517853108057,-0.13404238166255902
adc,1586311260.0,-0.3230000138282776,1586320297.0,-0.1922500133514404,1586329331.0,-0.0040000001899898,1586338723.0,0.2095000147819519,,,,,,,,,-0.8555819012537597,-0.19220978279733653
adc,1586411257.0,0.4413750171661377,1586420290.0,-0.2402500063180923,1586429323.0,0.0052500003948807,1586438720.0,0.4671250283718109,,,,,,,,,-0.10204806884155249,-0.23197903898227457
adc,1586511257.0,1.5756250619888306,1586520294.0,0.7603750228881836,1586529325.0,1.277000069618225,1586538771.0,1.296375036239624,,,,,,,,,1.0223879194440746,0.7789947959565157
adc,1586611260.0,0.6690000295639038,1586620296.0,-0.0587500035762786,1586629330.0,1.964625120162964,1586638813.0,1.630000114440918,,,,,,,,,0.10698724768738965,-0.0275659845809903
adc,1586711264.0,-0.4303750097751617,1586720305.0,-0.309125006198883,1586729340.0,0.8217500448226929,1586738742.0,0.737125039100647,,,,,,,,,-1.0000846561686827,-0.2631977548626513
adc,1586811264.0,0.4723750352859497,1586820310.0,-0.2780000269412994,1586829350.0,0.1011250019073486,1586838721.0,0.4043750166893005,,,,,,,,,-0.10389146831635637,-0.21532243290564484
adc,1586911257.0,0.4455000162124634,1586920294.0,-0.2181250154972076,1586929328.0,-0.0048750001005828,1586938775.0,0.2657500207424164,,,,,,,,,-0.13612497005555446,-0.1369908966410704
adc,1587011257.0,0.8026250600814819,1587020295.0,-0.3007500171661377,1587029332.0,-0.0036250001285225,1587038708.0,0.4907500147819519,,,,,,,,,0.21685584364430444,-0.19987260146571745
adc,1587111251.0,1.589750051498413,1587120288.0,0.9551250338554382,1587129328.0,1.6216250658035278,1587138799.0,1.524250030517578,,,,,,,,,1.000976325988418,1.0765086319129984
adc,1587211248.0,0.6973750591278076,1587220282.0,-0.2645000219345093,1587229315.0,1.7657500505447388,1587238353.0,1.4237500429153442,,,,,,,,,0.10653122058967862,-0.1224537399468314
adc,1587311258.0,0.1220000088214874,1587320304.0,-0.3156250119209289,1587329338.0,0.3487500250339508,1587338746.0,0.5580000281333923,,,,,,,,,-0.4703325163643922,-0.15341201260715234
adc,1587411252.0,-0.0170000009238719,1587420290.0,-0.3485000133514404,1587429330.0,0.0006250000442378,1587438788.0,0.2945000231266022,,,,,,,,,-0.6107270082399301,-0.16726213828547462
adc,1587511261.0,0.6080000400543213,1587520299.0,-0.2950000166893005,1587529332.0,-0.0027500002179294,1587538319.0,0.3815000057220459,,,,,,,,,0.012389977833761612,-0.09645588179422608
adc,1587611272.0,1.5071250200271606,1587620313.0,-0.2585000097751617,1587629349.0,0.5438750386238098,1587638808.0,0.9667500257492064,,,,,,,,,0.9085193705239647,-0.04481554939078869
adc,1587711256.0,1.2801250219345093,1587720302.0,-0.2140000164508819,1587729341.0,1.983625054359436,1587738788.0,1.6740000247955322,,,,,,,,,0.6768107301227556,0.012387483382791331
adc,1587811256.0,-0.2270000129938125,1587820291.0,-0.3922500312328338,1587829328.0,1.2848750352859497,1587838715.0,1.0133750438690186,,,,,,,,,-0.8372387445681576,-0.15566721014902501
adc,1587911254.0,0.4243750274181366,1587920294.0,-0.3352500200271606,1587929329.0,0.3640000224113464,1587938737.0,0.565250039100647,,,,,,,,,-0.19532866123905587,-0.09084912523334096
adc,1588011265.0,-0.1260000020265579,1588020301.0,-0.3422500193119049,1588029333.0,0.0048750001005828,1588038720.0,0.3497500121593475,,,,,,,,,-0.7577836017216707,-0.0921018807873599
adc,1588111255.0,0.4828750193119049,1588120294.0,-0.3831250071525574,1588129329.0,-0.0017500000540167,1588138362.0,0.468375027179718,,,,,,,,,-0.163383461835941,-0.12886471082425227
adc,1588211254.0,1.6968750953674316,1588220286.0,0.4856250286102295,1588229323.0,1.3203750848770142,1588238749.0,1.4320000410079956,,,,,,,,,1.0342621322556491,0.7428661331191497
adc,1588311272.0,0.4712500274181366,1588320312.0,-0.3750000298023224,1588329348.0,1.695500135421753,1588338745.0,1.4911251068115234,,,,,,,,,-0.208830278555245,-0.1154035620354133
adc,1588411254.0,0.1338750123977661,1588420291.0,-0.3802500069141388,1588429322.0,0.534500002861023,1588438410.0,0.6567500233650208,,,,,,,,,-0.5638467248396142,-0.1184750414522287
adc,1588511248.0,0.6340000033378601,1588520287.0,-0.3882500231266022,1588529321.0,0.1370000094175338,1588538795.0,0.3567500114440918,,,,,,,,,-0.08052821240223923,-0.12412800913450557
adc,1588611258.0,0.565125048160553,1588620291.0,-0.3470000028610229,1588629323.0,-0.0010000000474974,1588638804.0,0.3316250145435333,,,,,,,,,-0.16440873064196437,-0.08015049522348539
adc,1588711261.0,1.4423750638961792,1588720300.0,-0.3563750088214874,1588729339.0,0.0913750007748603,1588738735.0,0.7253750562667847,,,,,,,,,0.7004457930815392,-0.08635554479137364
adc,1588811250.0,1.670125126838684,1588820278.0,0.3805000185966491,1588829314.0,1.7686251401901243,1588838300.0,1.6327500343322754,,,,,,,,,0.9189647266792411,0.6540409976545332
adc,1588911259.0,0.8058750629425049,1588920301.0,-0.3517500162124634,1588929337.0,1.4986250400543213,1588938758.0,1.2595000267028809,,,,,,,,,0.048884087987192126,-0.07456760302901991
adc,1589011266.0,0.2343750149011612,1589020304.0,-0.3642500042915344,1589029334.0,0.2937500178813934,1589038528.0,0.5552500486373901,,,,,,,,,-0.5251430018095748,-0.08364868387487637
adc,1589111255.0,-0.0640000030398368,1589120295.0,-0.4011250138282776,1589129323.0,0.0006250000442378,1589138425.0,0.2931250035762787,,,,,,,,,-0.823140022701585,-0.11773375663414772
adc,1589211256.0,0.6127500534057617,1589220289.0,-0.3508750200271606,1589229324.0,0.0001250000059371,1589238798.0,0.308875024318695,,,,,,,,,-0.14374384788096348,-0.06573584226643857
adc,1589311261.0,1.60812509059906,1589320302.0,-0.2815000116825104,1589329335.0,0.3998750150203705,1589338810.0,0.8105000257492065,,,,,,,,,0.855745225275907,0.003983548923112312
adc,1589411260.0,1.409000039100647,1589420289.0,-0.3340000212192535,1589429322.0,1.761125087738037,1589438818.0,1.58412504196167,,,,,,,,,0.6613148527987127,-0.04983644079812363
adc,1589511265.0,0.0396250002086162,1589520306.0,-0.4313750267028808,1589529343.0,0.9575000405311584,1589538400.0,0.8221250176429749,,,,,,,,,-0.7036826090423062,-0.1503228603572675
adc,1589611249.0,0.4832500219345093,1589620285.0,-0.3850000202655792,1589629321.0,0.4140000343322754,1589638426.0,0.549875020980835,,,,,,,,,-0.25682741071661386,-0.1088313496712863
adc,1589711255.0,0.2735000252723694,1589720289.0,-0.3376250267028808,1589729323.0,0.0125000001862645,1589738521.0,0.3050000071525574,,,,,,,,,-0.4651844455235507,-0.06795537688033235
adc,1589811269.0,0.5946250557899475,1589820303.0,-0.3450000286102295,1589829336.0,0.0042500002309679,1589838803.0,0.5873750448226929,,,,,,,,,-0.14499692700975958,-0.0831804753490783
adc,1589911253.0,1.6753751039505005,1589920289.0,0.3957500159740448,1589929324.0,1.4570000171661377,1589938811.0,1.3975000381469729,,,,,,,,,0.932218676536313,0.6486970760527349
adc,1590011251.0,0.8938750624656677,1590020288.0,-0.335625022649765,1590029321.0,1.78725004196167,1590038800.0,1.476875066757202,,,,,,,,,0.14455303505044925,-0.09222887213508893
adc,1590111246.0,0.3951250314712524,1590120279.0,-0.3693750202655792,1590129316.0,0.6915000081062317,1590138409.0,0.800000011920929,,,,,,,,,-0.3628065590025341,-0.1358935149414487
adc,1590211256.0,0.3641250133514404,1590220294.0,-0.3426250219345093,1590229328.0,0.2877500057220459,1590238337.0,0.5226250290870667,,,,,,,,,-0.4044708483138857,-0.11917055540325644
adc,1590311262.0,0.6968750357627869,1590320301.0,-0.2912500202655792,1590329335.0,0.0251250006258487,1590338416.0,0.5330000519752502,,,,,,,,,-0.08387514391526651,-0.07776925388467071
adc,1590411253.0,0.8832500576972961,1590420292.0,-0.2638750076293945,1590429329.0,0.0170000009238719,1590438804.0,0.8060000538825989,,,,,,,,,0.08955886412711966,-0.06024653266087114
adc,1590511255.0,1.63937509059906,1590520292.0,0.4915000200271606,1590529327.0,1.823750138282776,1590538335.0,1.623250126838684,,,,,,,,,0.8327516332185498,0.6853657018379331
adc,1590611259.0,0.9031250476837158,1590620296.0,-0.3572500050067901,1590629330.0,1.6147500276565552,1590638558.0,1.4735000133514404,,,,,,,,,0.08441523658509309,-0.17318002067741994
adc,1590711265.0,0.5747500061988831,1590720301.0,-0.2375000119209289,1590729332.0,0.5857500433921814,1590738797.0,0.8131250143051147,,,,,,,,,-0.25436803450300155,-0.06344785874991767
adc,1590811260.0,-0.2798750102519989,1590820296.0,-0.3632500171661377,1590829333.0,0.0148750003427267,1590838790.0,0.3101250231266022,,,,,,,,,-1.116937341374923,-0.1996572376695817
adc,1590911263.0,0.5533750057220459,1590920299.0,-0.2173750102519989,1590929329.0,0.003000000026077,1590938807.0,0.3627500236034393,,,,,,,,,-0.28847128246679093,-0.06488939422325102
adc,1591011256.0,1.5157500505447388,1591020290.0,-0.1575000137090683,1591029323.0,0.465250015258789,1591038801.0,0.7901250123977661,,,,,,,,,0.6728345128206176,-0.016921245948296318
adc,1591111263.0,1.7252501249313354,1591120305.0,0.0361250005662441,1591129341.0,1.8478751182556152,1591138570.0,1.595250129699707,,,,,,,,,0.8853318760033471,0.16393142015911594
adc,1591211260.0,0.9500000476837158,1591220295.0,-0.2502500116825104,1591229330.0,1.314500093460083,1591238818.0,1.0920000076293943,,,,,,,,,0.11724138196999295,-0.1360426312857646
adc,1591311255.0,0.9777500629425048,1591320291.0,-0.1702500134706497,1591329319.0,0.363625019788742,1591338308.0,0.5897500514984131,,,,,,,,,0.15612581162841652,-0.07032045176630285
adc,1591411256.0,-0.2631250023841858,1591420295.0,-0.2360000163316726,1591429327.0,0.0035000001080334,1591438511.0,0.1911250054836273,,,,,,,,,-1.070101222345439,-0.15077934535471865
adc,1591511262.0,0.4667500257492065,1591520305.0,-0.0930000022053718,1591529339.0,0.0043750000186264,1591538572.0,0.3638750314712524,,,,,,,,,-0.3227584554982046,-0.022593922522111842
adc,1591611246.0,1.67787504196167,1591620281.0,0.4892500340938568,1591629313.0,0.9132500290870668,1591638499.0,1.0301250219345093,,,,,,,,,0.9077859325860579,0.5451065458983826
adc,1591711263.0,1.152250051498413,1591720304.0,-0.111000008881092,1591729339.0,1.7567501068115234,1591738314.0,1.5777500867843628,,,,,,,,,0.4025541163510378,-0.06904947400932934
adc,1591811256.0,0.1590000092983245,1591820287.0,-0.3493750095367431,1591829323.0,0.8570000529289246,1591838314.0,0.9085000157356262,,,,,,,,,-0.570349697173748,-0.32033747267403767
adc,1591911251.0,0.5870000123977661,1591920285.0,-0.0958750024437904,1591929317.0,0.1040000021457672,1591938802.0,0.4760000109672546,,,,,,,,,-0.12304483653314312,-0.07847048422689834
adc,1592011248.0,0.3286250233650207,1592020290.0,-0.101000003516674,1592029325.0,0.0033750000875443,1592038523.0,0.3388750255107879,,,,,,,,,-0.36405682618576657,-0.09375330134975644
adc,1592111257.0,0.4461250305175781,1592120295.0,-0.0273750014603137,1592129330.0,0.0046250000596046,1592138568.0,0.3551250100135803,,,,,,,,,-0.2318844187262432,-0.028733553000689055
adc,1592211255.0,1.8193750381469729,1592220294.0,0.8963750600814819,1592229325.0,1.393625020980835,1592238324.0,1.4161250591278076,,,,,,,,,1.1527926295326534,0.8879032163843976
adc,1592311251.0,1.0600000619888306,1592320292.0,-0.2377500087022781,1592329323.0,1.640125036239624,1592338818.0,1.4328750371932983,,,,,,,,,0.40126660260003855,-0.25204951216509874
adc,1592411257.0,-0.2460000067949295,1592420292.0,-0.1861250102519989,1592429319.0,0.4148750305175781,1592438790.0,0.6676250100135803,,,,,,,,,-0.900553975867705,-0.20530789531289043
adc,1592511259.0,0.092625007033348,1592520300.0,-0.0993750020861625,1592529335.0,0.0455000028014183,1592538524.0,0.3550000190734863,,,,,,,,,-0.5612571385968319,-0.12294325724564685
adc,1592611257.0,0.3833750188350677,1592620288.0,0.0611250028014183,1592629324.0,0.0460000038146972,1592638393.0,0.3986250162124634,,,,,,,,,-0.27293134223214777,0.03316213910659301
adc,1592711258.0,0.8352500200271606,1592720296.0,0.0515000037848949,1592729329.0,0.0040000001899898,1592738312.0,0.491875022649765,,,,,,,,,0.17405614484237453,0.018614360740364065
adc,1592811261.0,1.792625069618225,1592820303.0,0.347875028848648,1592829339.0,1.6077500581741333,1592838818.0,1.586625099182129,,,,,,,,,1.124878329843562,0.30905575476107894
adc,1592911262.0,0.7611250281333923,1592920299.0,-0.2976250052452087,1592929335.0,1.5522500276565552,1592938774.0,1.4967501163482666,,,,,,,,,0.08605115630712357,-0.3437925489127331
adc,1593011260.0,0.0558750033378601,1593020297.0,0.0095000006258487,1593029332.0,0.3568750023841858,1593038817.0,0.5853750109672546,,,,,,,,,-0.6263878472942672,-0.045721097182916885
adc,1593111252.0,0.3107500076293945,1593120292.0,-0.2120000123977661,1593129333.0,0.0071250004693865,1593138403.0,0.2585000097751617,,,,,,,,,-0.37769119873737755,-0.27813558531099486
adc,1593211246.0,0.2423750162124633,1593220283.0,0.1755000054836273,1593229321.0,0.0040000001899898,1593238328.0,0.3066250085830688,,,,,,,,,-0.4504526561362574,0.09657396258803763
adc,1593311255.0,1.5195000171661377,1593320292.0,0.2715000212192535,1593329329.0,0.0796250030398368,1593338806.0,0.7710000276565552,,,,,,,,,0.8247220412849401,0.1780210993345042
adc,1593411259.0,1.7107501029968262,1593420300.0,0.3287500143051147,1593429336.0,1.7125000953674316,1593438803.0,1.561750054359436,,,,,,,,,1.0169262417784584,0.21917203992065404
adc,1593511248.0,0.5428750514984131,1593520277.0,-0.0753750056028366,1593529308.0,1.243250012397766,1593538337.0,1.0785000324249268,,,,,,,,,-0.14682102503221506,-0.20231297978441662
adc,1593611257.0,0.0032500000670552,1593620296.0,0.0506250038743019,1593629334.0,0.2781250178813934,1593638517.0,0.4488750100135803,,,,,,,,,-0.6790728508467937,-0.09461488465673215
adc,1593711258.0,-0.1986250132322311,1593720295.0,0.0980000048875808,1593729328.0,0.0035000001080334,1593738307.0,0.1632500141859054,,,,,,,,,-0.8704318774769705,-0.06616419720247788
adc,1593811258.0,0.3813750147819519,1593820297.0,0.2541249990463257,1593829331.0,0.0050000003539025,1593838326.0,0.257500022649765,,,,,,,,,-0.2770207334331908,0.07070396160496514
adc,1593911249.0,1.5150001049041748,1593920287.0,0.5542500019073486,1593929317.0,0.7346250414848328,1593938366.0,0.9545000195503236,,,,,,,,,0.8725385799993143,0.35147475028548847
adc,1594011250.0,1.596750020980835,1594020298.0,0.2748750150203705,1594029332.0,1.6846250295639038,1594038316.0,1.4517500400543213,,,,,,,,,0.9722582185000324,0.052811980740708114
adc,1594111266.0,0.2398750185966491,1594120303.0,-0.0227500014007091,1594129339.0,0.9182500243186952,1594138550.0,0.8166250586509705,,,,,,,,,-0.36520648018468493,-0.26394658794273523
adc,1594211254.0,0.2046250104904174,1594220291.0,0.1940000057220459,1594229327.0,0.1550000011920929,1594238526.0,0.4478750228881836,,,,,,,,,-0.38028622966097086,-0.06615637633204029
adc,1594311245.0,0.0852500051259994,1594320284.0,0.343500018119812,1594329320.0,0.0056250002235174,1594338397.0,0.2406250089406967,,,,,,,,,-0.4794587491958324,0.06452573985790894
adc,1594411264.0,0.2266250103712082,1594420303.0,0.2258750051259994,1594429339.0,0.006000000052154,1594438806.0,0.3720000088214874,,,,,,,,,-0.3185765353785038,-0.0718372845544762
adc,1594511267.0,1.7432501316070557,1594520305.0,0.8112500309944153,1594529338.0,1.2847501039505005,1594538552.0,1.3468750715255735,,,,,,,,,1.216178429720573,0.4948094886612945
adc,1594611246.0,0.6793750524520874,1594620281.0,0.1498750001192093,1594629316.0,1.7978750467300415,1594638627.0,1.6098750829696655,,,,,,,,,0.16845842111532383,-0.18534118076340775
adc,1594711268.0,-0.0671250000596046,1594720309.0,-0.2520000040531158,1594729343.0,0.5915000438690186,1594738326.0,0.596875011920929,,,,,,,,,-0.5643374115169437,-0.6060653541707381
adc,1594811255.0,0.3290000259876251,1594820284.0,0.3315000236034393,1594829320.0,0.1478750109672546,1594838370.0,0.4502500295639038,,,,,,,,,-0.15727755358063886,-0.04147257118662037
adc,1594911267.0,-0.0050000003539025,1594920309.0,0.3605000078678131,1594929343.0,0.0057500004768371,1594938327.0,0.2021250128746032,,,,,,,,,-0.48324285194167893,-0.03138272111976373
adc,1595011253.0,0.1280000060796737,1595020290.0,0.6415000557899475,1595029325.0,0.0067500001750886,1595038375.0,0.4157500267028808,,,,,,,,,-0.34503704043036165,0.23078379379278793
adc,1595111257.0,1.7348750829696655,1595120297.0,1.1861250400543213,1595129332.0,1.5323750972747805,1595138548.0,1.5056251287460327,,,,,,,,,1.264479720408743,0.7567328078551496
adc,1595211258.0,0.7133750319480896,1595220296.0,0.2873750030994415,1595229331.0,1.5202500820159912,1595238824.0,1.3655000925064087,,,,,,,,,0.2434887880671257,-0.16047232158124752
adc,1595311259.0,0.0996250063180923,1595320295.0,0.1257500052452087,1595329328.0,0.5328750014305115,1595338513.0,0.6668750047683716,,,,,,,,,-0.3713211681354421,-0.34029195132320045
adc,1595411259.0,-0.2452500164508819,1595420302.0,0.2416250109672546,1595429337.0,0.0068750004284083,1595438819.0,0.28575000166893,,,,,,,,,-0.7181642768115861,-0.24232679199227275
adc,1595511256.0,0.114375002682209,1595520301.0,0.57750004529953,1595529330.0,0.0066250003874301,1595538324.0,0.2690000236034393,,,,,,,,,-0.36069266538757316,0.07594891535628631
adc,1595611261.0,0.8170000314712524,1595620301.0,0.6230000257492065,1595629333.0,0.0090000005438923,1595638317.0,0.6055000424385071,,,,,,,,,0.3403354956277533,0.10420352384925491
adc,1595711271.0,1.6183750629425049,1595720311.0,0.8413750529289246,1595729342.0,1.6516250371932983,1595738810.0,1.4938750267028809,,,,,,,,,1.141378900861982,0.3057592546671701
adc,1595811249.0,0.4738750159740448,1595820289.0,0.2873750030994415,1595829320.0,1.4386250972747805,1595838360.0,1.3196250200271606,,,,,,,,,-0.0015651402841494466,-0.2645279786615463
adc,1595911263.0,-0.2073750048875808,1595920302.0,0.3975000083446502,1595929333.0,0.3517500162124634,1595938812.0,0.59375,,,,,,,,,-0.6788772106812332,-0.17001793220328607
adc,1596011255.0,-0.0138750011101365,1596020301.0,0.3956250250339508,1596029333.0,0.0283750016242265,1596038348.0,0.3778750300407409,,,,,,,,,-0.4787161130052189,-0.1866675165223795
adc,1596111264.0,0.0311250016093254,1596120305.0,0.6732500195503235,1596129336.0,0.0075000002980232,1596138569.0,0.2690000236034393,,,,,,,,,-0.42415747311893526,0.07720488595591571
adc,1596211267.0,1.421375036239624,1596220304.0,0.9207500219345092,1596229342.0,0.5541250109672546,1596238327.0,0.9188750386238098,,,,,,,,,0.9785457565157627,0.31214643805702913
adc,1596311259.0,1.052125096321106,1596320296.0,0.8042500615119934,1596329336.0,1.7672500610351562,1596338346.0,1.562250018119812,,,,,,,,,0.6244553203558982,0.1844172578367793
adc,1596411256.0,0.2805000245571136,1596420295.0,0.2922500073909759,1596429324.0,1.3133751153945925,1596438547.0,1.2915000915527344,,,,,,,,,-0.12967333376318174,-0.33741031936865556
adc,1596511246.0,0.0600000023841857,1596520287.0,0.5727500319480896,1596529325.0,0.1273750066757202,1596538398.0,0.5688750147819519,,,,,,,,,-0.33086453694958334,-0.06534496423027898
adc,1596611260.0,-0.0898750051856041,1596620291.0,0.6631250381469727,1596629323.0,0.0067500001750886,1596638574.0,0.1785000115633011,,,,,,,,,-0.4602498812337086,0.01788766540497655
adc,1596711261.0,-0.0237500015646219,1596720299.0,0.8740000128746033,1596729335.0,0.0066250003874301,1596738377.0,0.2937500178813934,,,,,,,,,-0.3731338350251511,0.22271763245077902
adc,1596811270.0,1.159250020980835,1596820304.0,0.971000075340271,1596829337.0,0.6762500405311584,1596838514.0,0.8718750476837158,,,,,,,,,0.830687591752892,0.314486307569496
adc,1596911259.0,0.6146250367164612,1596920291.0,0.4051250219345093,1596929324.0,1.4286251068115234,1596938415.0,1.368125081062317,,,,,,,,,0.30609781889812293,-0.25616381654832293
adc,1597011249.0,-0.084875002503395,1597020282.0,0.3452500104904175,1597029315.0,0.8985000252723694,1597038343.0,0.936750054359436,,,,,,,,,-0.374679233624249,-0.32076349066365206
adc,1597111264.0,-0.0767500028014183,1597120292.0,0.6807500123977661,1597129329.0,0.0611250028014183,1597138552.0,0.3630000054836273,,,,,,,,,-0.3495507200884789,0.009638688293387931
adc,1597211259.0,-0.0515000037848949,1597220299.0,0.7417500615119934,1597229330.0,0.0061250003054738,1597238828.0,0.1201250031590461,,,,,,,,,-0.3092870631913192,0.06475780382568662
adc,1597311262.0,-0.0856250077486038,1597320296.0,0.912625014781952,1597329337.0,0.0063750003464519,1597338579.0,0.1553750038146972,,,,,,,,,-0.33051985972325093,0.22860030665781758
adc,1597411251.0,1.492625117301941,1597420287.0,1.1365000009536743,1597429320.0,1.1847500801086426,1597438395.0,1.2536250352859497,,,,,,,,,1.2584914167051353,0.44398924968816783
adc,1597511256.0,0.3681250214576721,1597520290.0,0.418500006198883,1597529324.0,1.638875126838684,1597538401.0,1.465000033378601,,,,,,,,,0.14270419537845278,-0.2841627462833013
adc,1597611270.0,-0.1956250071525573,1597620308.0,-0.069750003516674,1597629341.0,0.9956250190734864,1597638426.0,1.0938750505447388,,,,,,,,,-0.4142369653319768,-0.7843326486412587
adc,1597711260.0,-0.1135000064969062,1597720298.0,0.7143750190734863,1597729335.0,0.0401250012218952,1597738800.0,0.359250009059906,,,,,,,,,-0.32702524310653425,-0.013875103195976624
adc,1597811261.0,-0.1168750077486038,1597820290.0,0.968500018119812,1597829323.0,0.006000000052154,1597838450.0,0.2216250151395797,,,,,,,,,-0.326834093417945,0.22497263260773126
adc,1597911258.0,-0.0332500003278255,1597920297.0,0.999750018119812,1597929333.0,0.0061250003054738,1597938823.0,0.3907500207424164,,,,,,,,,-0.24096102181556214,0.23956740941768034
adc,1598011258.0,1.4582500457763672,1598020292.0,1.2935000658035278,1598029324.0,1.3061250448226929,1598038809.0,1.377500057220459,,,,,,,,,1.2516487405779264,0.5155745583069953
adc,1598111264.0,0.2775000035762787,1598120307.0,0.499750018119812,1598129340.0,1.6082500219345093,1598138589.0,1.4532500505447388,,,,,,,,,0.07100319568814234,-0.29669370281610524
adc,1598211254.0,-0.2842500209808349,1598220288.0,0.2892500162124634,1598229323.0,0.7152500152587891,1598238818.0,0.8976250290870667,,,,,,,,,-0.49157527905344506,-0.5261816090092607
adc,1598311266.0,-0.1207500025629997,1598320302.0,0.8881250619888306,1598329339.0,0.0171250011771917,1598338803.0,0.3815000057220459,,,,,,,,,-0.3298237153654734,0.05351484845480817
adc,1598411250.0,-0.1687500029802322,1598420292.0,1.107250094413757,1598429324.0,0.0052500003948807,1598438309.0,0.2708750069141388,,,,,,,,,-0.38052397115333375,0.2535090396517007
adc,1598511254.0,0.5195000171661377,1598520292.0,1.1187500953674316,1598529327.0,0.005125000141561,1598538337.0,0.5803750157356262,,,,,,,,,0.3040177192593244,0.24611439435405952
adc,1598611254.0,1.6903750896453855,1598620293.0,1.330125093460083,1598629326.0,1.5131250619888306,1598638529.0,1.4453750848770142,,,,,,,,,1.470118310989945,0.43896758101445027
adc,1598711254.0,-0.2422500103712082,1598720292.0,0.4401250183582306,1598729328.0,1.5785000324249268,1598738321.0,1.3857500553131104,,,,,,,,,-0.46837818099168194,-0.4690868501962776
adc,1598811262.0,-0.3652500212192535,1598820290.0,0.5708750486373901,1598829323.0,0.4465000331401825,1598838297.0,0.7005000114440918,,,,,,,,,-0.5983097638090703,-0.35585040371672005
adc,1598911256.0,-0.2156250029802322,1598920295.0,0.7825000286102295,1598929332.0,0.0071250004693865,1598938806.0,0.3440000116825104,,,,,,,,,-0.45652561728642105,-0.16112192255236657
adc,1599011253.0,-0.2168750166893005,1599020288.0,1.1682500839233398,1599029323.0,0.0043750000186264,1599038385.0,0.3070000112056732,,,,,,,,,-0.4662228714266269,0.20844600184287873
adc,1599111266.0,0.7228750586509705,1599120303.0,1.0045000314712524,1599129339.0,0.0042500002309679,1599138538.0,0.6085000038146973,,,,,,,,,0.4649415579911431,0.02935215919691172
adc,1599211256.0,1.4568750858306885,1599220290.0,1.426875114440918,1599229327.0,1.6206250190734863,1599238395.0,1.5192500352859497,,,,,,,,,1.19083301151468,0.4373670670282637
adc,1599311256.0,-0.3128750026226043,1599320297.0,0.7326250076293945,1599329333.0,1.5635000467300415,1599338807.0,1.5465000867843628,,,,,,,,,-0.585826418277096,-0.2701038837671525
adc,1599411260.0,-0.387125015258789,1599420290.0,0.7462500333786011,1599429328.0,0.1347500085830688,1599438800.0,0.5276250243186951,,,,,,,,,-0.6650104689970846,-0.26840558479181453
adc,1599511258.0,-0.2852500081062317,1599520287.0,1.1633750200271606,1599529323.0,0.0138750011101365,1599538433.0,0.359000027179718,,,,,,,,,-0.5653234741865978,0.13822996281700783
adc,1599611254.0,0.4971250295639038,1599620291.0,0.9005000591278076,1599629323.0,0.6167500019073486,1599638372.0,0.846500039100647,,,,,,,,,0.21830808742508878,-0.13357706520869006
adc,1599711268.0,1.412625074386597,1599720306.0,1.215000033378601,1599729339.0,0.6321250200271606,1599738814.0,1.0731250047683716,,,,,,,,,1.1390627381869796,0.17363223197215868
adc,1599811259.0,0.9250000715255736,1599820291.0,1.3286250829696655,1599829321.0,1.6318750381469729,1599838385.0,1.5548750162124634,,,,,,,,,0.6610326491342915,0.2816435438605006
adc,1599911261.0,-0.1667500138282776,1599920302.0,1.0381250381469729,1599929340.0,1.1532500982284546,1599938818.0,1.0440000295639038,,,,,,,,,-0.41669279480727506,-0.012814194675210527
adc,1600011257.0,-0.3071250021457672,1600020302.0,0.7633750438690186,1600029339.0,0.1446250081062317,1600038811.0,0.3922500312328338,,,,,,,,,-0.5387821599107665,-0.2899440279569262
adc,1600111264.0,-0.4466250240802765,1600120293.0,0.8616250157356262,1600129327.0,0.0027500002179294,1600138546.0,0.2883750200271606,,,,,,,,,-0.6561368288260437,-0.1926259834151295
adc,1600211258.0,-0.3016250133514404,1600220299.0,1.0386250019073486,1600229336.0,0.0017500000540167,1600238533.0,0.2681250274181366,,,,,,,,,-0.4857259946643341,-0.01528343334839892
adc,1600311261.0,1.471500039100647,1600320302.0,1.411250114440918,1600329332.0,0.7241250276565552,1600338376.0,0.9846250414848328,,,,,,,,,1.3153260843779406,0.35874966308116907
adc,1600411253.0,0.8636250495910645,1600420298.0,1.296375036239624,1600429327.0,1.7291250228881836,1600438809.0,1.6068750619888306,,,,,,,,,0.7370242692675257,0.24611106529589954
adc,1600511255.0,-0.3346250057220459,1600520290.0,0.8550000190734863,1600529325.0,1.0353749990463257,1600538417.0,0.9882500171661376,,,,,,,,,-0.4309571816618135,-0.19245254473199122
adc,1600611252.0,-0.3766250312328338,1600620290.0,0.8396250605583191,1600629330.0,0.0460000038146972,1600638824.0,0.4626250267028808,,,,,,,,,-0.44296917949143777,-0.20469431920092437
adc,1600711261.0,-0.4477500319480896,1600720305.0,0.8845000267028809,1600729342.0,-0.003000000026077,1600738823.0,0.1881250143051147,,,,,,,,,-0.48532015410761065,-0.15659592027762015
adc,1600811263.0,-0.3660000264644623,1600820300.0,1.169750094413757,1600829337.0,0.0007500000065192,1600838822.0,0.3376250267028808,,,,,,,,,-0.376835102957972,0.13177838626304123
adc,1600911260.0,1.0480000972747805,1600920298.0,1.3762500286102295,1600929333.0,0.9582500457763672,1600938823.0,1.0893750190734863,,,,,,,,,1.0611933574813217,0.3411716578922411
adc,1601011264.0,0.0830000042915344,1601020299.0,1.071375012397766,1601029335.0,1.6866251230239868,1601038374.0,1.4731251001358032,,,,,,,,,0.1170307847736223,0.03889505673453762
adc,1601111256.0,-0.3990000188350677,1601120294.0,0.4412500262260437,1601129324.0,0.5938750505447388,1601138517.0,0.8357500433921814,,,,,,,,,-0.3476146249252728,-0.5889178078255526
adc,1601211264.0,-0.3856250047683716,1601220304.0,1.0075000524520874,1601229345.0,0.0547500029206275,1601238814.0,0.3975000083446502,,,,,,,,,-0.3204714598696175,-0.02056159449564629
adc,1601311260.0,-0.4067500233650207,1601320295.0,1.0855000019073486,1601329329.0,-0.0003750000032596,1601338824.0,0.1038750037550926,,,,,,,,,-0.3313444105627401,0.05948107751679796
adc,1601411267.0,0.005125000141561,1601420303.0,1.199250102043152,1601429339.0,0.0033750000875443,1601438537.0,0.3963750302791595,,,,,,,,,0.08748202829529567,0.175395480249074
adc,1601511256.0,0.7975000143051147,1601520289.0,1.4296250343322754,1601529324.0,1.2310000658035278,1601538558.0,1.3092501163482666,,,,,,,,,0.8838250610437279,0.4082579872902994
adc,1601611263.0,-0.0972500070929527,1601620297.0,1.0407500267028809,1601629332.0,1.6813750267028809,1601638603.0,1.4320000410079956,,,,,,,,,-0.00957173927197863,0.022386795867598758
adc,1601711259.0,-0.437250018119812,1601720295.0,0.3677500188350677,1601729329.0,0.5372500419616699,1601738799.0,0.7701250314712524,,,,,,,,,-0.3504604846651585,-0.6469282118754867
adc,1601811256.0,-0.4102500081062317,1601820295.0,1.008125066757202,1601829329.0,0.0461250022053718,1601838335.0,0.4132500290870666,,,,,,,,,-0.3262511410671305,-0.0020629713514304926
adc,1601911254.0,-0.3613750040531158,1601920291.0,1.124750018119812,1601929322.0,-0.0007500000065192,1601938374.0,0.2085000127553939,,,,,,,,,-0.281789361327689,0.11993018615206305
adc,1602011271.0,-0.2118750065565109,1602020326.0,1.0837500095367432,1602029359.0,-0.0003750000032596,1602038342.0,0.3990000188350677,,,,,,,,,-0.13812892687415818,0.08518767077427622
adc,1602111256.0,1.667375087738037,1602120285.0,1.452125072479248,1602129320.0,1.448625087738037,1602138578.0,1.370750069618225,,,,,,,,,1.7339518460314163,0.4606508458261817
adc,1602211255.0,-0.3648750185966491,1602220296.0,1.0026249885559082,1602229333.0,1.6007500886917114,1602238401.0,1.343000054359436,,,,,,,,,-0.3068026390143632,0.018940049108554985
adc,1602311258.0,-0.4511250257492065,1602320299.0,0.5181249976158142,1602329334.0,0.4393750131130218,1602338541.0,0.6338750123977661,,,,,,,,,-0.402977403193689,-0.45725884441460973
adc,1602411259.0,-0.4395000338554382,1602420296.0,0.7542500495910645,1602429334.0,-0.0122500006109476,1602438419.0,0.2215000092983245,,,,,,,,,-0.402815657052183,-0.21254890449439576
adc,1602511252.0,-0.351250022649765,1602520293.0,1.105500102043152,1602529330.0,-0.0013750001089647,1602538345.0,0.2861250042915344,,,,,,,,,-0.32765717902289654,0.14732878186603926
adc,1602611262.0,0.0397500023245811,1602620300.0,0.9548750519752502,1602629337.0,-0.0008750000270083,1602638544.0,0.5509999990463257,,,,,,,,,0.04861908419396027,0.005143971306480352
adc,1602711252.0,1.0068750381469729,1602720287.0,1.4215000867843628,1602729320.0,1.5123751163482666,1602738391.0,1.4527500867843628,,,,,,,,,0.9995117731144204,0.4798232049766172
adc,1602811257.0,-0.2210000157356262,1602820298.0,1.0108751058578491,1602829335.0,1.4531251192092896,1602838824.0,1.2650001049041748,,,,,,,,,-0.24582943118639028,0.07671915490181092
adc,1602911258.0,-0.4460000097751617,1602920304.0,0.5383750200271606,1602929335.0,0.2583750188350677,1602938803.0,0.5792500376701355,,,,,,,,,-0.4890951515899747,-0.38886717311748986
adc,1603011256.0,-0.4548750221729278,1603020289.0,0.5991250276565552,1603029324.0,-0.0113750007003545,1603038809.0,0.2437500059604644,,,,,,,,,-0.5164484955644015,-0.32178908187515054
adc,1603111256.0,-0.3293750286102295,1603120287.0,0.9802500605583192,1603129316.0,-0.0026250001974403,1603138563.0,0.1777500063180923,,,,,,,,,-0.40892624000903,0.0652108918791231
adc,1603211255.0,0.9292500615119934,1603220295.0,0.812375009059906,1603229325.0,0.0056250002235174,1603238510.0,0.5446250438690186,,,,,,,,,0.8330113013108065,-0.09699679232099367
adc,1603311258.0,1.2440000772476196,1603320295.0,1.4872500896453855,1603329330.0,1.5303751230239868,1603338821.0,1.46150004863739,,,,,,,,,1.1331627870896286,0.5836825397069353
adc,1603411258.0,-0.3350000083446502,1603420294.0,0.7706250548362732,1603429328.0,1.3315000534057615,1603438532.0,1.249000072479248,,,,,,,,,-0.45760762015077194,-0.12658491777335243
adc,1603511263.0,-0.4167500138282776,1603520300.0,0.6967500448226929,1603529334.0,0.324625015258789,1603538312.0,0.5847500562667847,,,,,,,,,-0.5476755090780465,-0.19309441261570784
adc,1603611252.0,-0.4768750369548797,1603620286.0,0.5910000205039978,1603629320.0,-0.0163750015199184,1603638424.0,0.0378750003874301,,,,,,,,,-0.6121944843078615,-0.2900152692303111
adc,1603711252.0,-0.170750007033348,1603720285.0,0.7970000505447388,1603729318.0,-0.0023750001564621,1603738425.0,0.3293750286102295,,,,,,,,,-0.30624847852593395,-0.07330577104962183
adc,1603811277.0,1.3173750638961792,1603820311.0,1.0626250505447388,1603829342.0,0.053625002503395,1603838608.0,0.6340000033378601,,,,,,,,,1.185997388646318,0.2052430984520857
adc,1603911249.0,0.7705000638961792,1603920287.0,1.1638751029968262,1603929325.0,1.4533751010894775,1603938798.0,1.333875060081482,,,,,,,,,0.647401075617114,0.321839824054337
adc,1604011259.0,0.0580000020563602,1604020305.0,0.9566250443458556,1604029340.0,1.0341250896453855,1604038515.0,0.9546250700950624,,,,,,,,,-0.05303427021250873,0.13240741077436657
adc,1604111258.0,-0.4511250257492065,1604120296.0,0.8092500567436218,1604129332.0,0.1300000101327896,1604138409.0,0.3446250259876251,,,,,,,,,-0.5468849349439013,0.005192363622625151
adc,1604211257.0,-0.468625009059906,1604220295.0,0.5907500386238098,1604229329.0,-0.0112500004470348,1604238566.0,0.2910000085830688,,,,,,,,,-0.5466302820098863,-0.19110430724926072
adc,1604311254.0,-0.4308750331401825,1604320287.0,0.8036250472068787,1604329322.0,-0.0038750001695007,1604338424.0,0.3175000250339508,,,,,,,,,-0.48946599162907006,0.0455771422989674
adc,1604411264.0,0.5066249966621399,1604420304.0,0.7481250166893005,1604429339.0,-0.0021250001154839,1604438418.0,0.148375004529953,,,,,,,,,0.4682499500703319,0.014949788044650903
adc,1604511257.0,0.3292500078678131,1604520293.0,0.6876250505447388,1604529324.0,0.0525000020861625,1604538561.0,0.5570000410079956,,,,,,,,,0.31103411585245216,-0.02019138782008952
adc,1604611267.0,0.7710000276565552,1604620300.0,0.7222500443458557,1604629336.0,0.565250039100647,1604638523.0,0.7467500567436218,,,,,,,,,0.7720536605526798,0.03970979888901146
adc,1604711258.0,-0.3308750092983246,1604720293.0,0.4227500259876251,1604729327.0,0.4383750259876251,1604738812.0,0.6345000267028809,,,,,,,,,-0.3122224273900747,-0.23510385810573922
adc,1604811264.0,-0.3542500138282776,1604820300.0,0.6407500505447388,1604829330.0,0.0651250034570694,1604838514.0,0.3588750064373016,,,,,,,,,-0.32036275200515674,0.006587032491479405
adc,1604911252.0,-0.4381250143051147,1604920288.0,0.5360000133514404,1604929320.0,0.413625031709671,1604938533.0,0.6426250338554382,,,,,,,,,-0.3919323772251464,-0.07574603672525855
adc,1605011250.0,-0.3386250138282776,1605020289.0,0.6285000443458557,1605029324.0,0.0095000006258487,1605038312.0,0.3337500095367431,,,,,,,,,-0.2834570814407175,0.03775482482039299
adc,1605111257.0,0.3381250202655792,1605120295.0,0.5686250329017639,1605129329.0,-0.0015000000130385,1605138532.0,0.3157500028610229,,,,,,,,,0.3987191113253946,-0.002548935621215078
adc,1605211264.0,-0.015625,1605220294.0,0.5671250224113464,1605229325.0,0.101500004529953,1605238819.0,0.5815000534057617,,,,,,,,,0.046803330194255505,0.014187662464726896
adc,1605311250.0,0.0997500047087669,1605320290.0,0.6155000329017639,1605329319.0,0.3028750121593475,1605338367.0,0.6396250128746033,,,,,,,,,0.16053039586412987,0.07963932477483733
adc,1605411263.0,-0.0290000010281801,1605420302.0,0.5562500357627869,1605429335.0,0.6448750495910645,1605438823.0,0.9853750467300416,,,,,,,,,0.026880056561762858,0.03652887305624797
adc,1605511258.0,-0.0983750075101852,1605520292.0,0.5575000047683716,1605529330.0,0.5590000152587891,1605538532.0,0.9878750443458556,,,,,,,,,-0.050330481984088266,0.053222476342027696
adc,1605611268.0,-0.135000005364418,1605620311.0,0.4633750319480896,1605629348.0,0.1207500025629997,1605638347.0,0.6283750534057617,,,,,,,,,-0.09735003171023379,-0.025919870474022694
adc,1605711260.0,0.021000001579523,1605720297.0,0.4513750076293945,1605729334.0,0.2352500110864639,1605738316.0,0.5902500152587891,,,,,,,,,0.046107759179393325,-0.023187478449589276
adc,1605811255.0,-0.0176250003278255,1605820303.0,0.4542500078678131,1605829333.0,0.3552500307559967,1605838807.0,0.6220000386238098,,,,,,,,,-0.00678113758958741,-0.005654635668855872
adc,1605911253.0,-0.0018750000745058,1605920290.0,0.4517500102519989,1605929321.0,0.4095000326633453,1605938807.0,0.6977500319480896,,,,,,,,,-0.006594574537429208,0.006563652503179493
adc,1606011259.0,0.033500000834465,1606020295.0,0.4313750267028808,1606029335.0,0.3193750083446502,1606038805.0,0.6983750462532043,,,,,,,,,0.012319073074877736,0.0010605321572796159
adc,1606111264.0,0.0400000028312206,1606120300.0,0.4102500081062317,1606129333.0,0.3142500221729278,1606138540.0,0.734125018119812,,,,,,,,,0.00182649878152134,-0.004986034656904653
adc,1606211263.0,0.0671250000596046,1606220296.0,0.3896250128746032,1606229333.0,0.3158750236034393,1606238336.0,0.7407500147819519,,,,,,,,,0.011747872444163834,-0.010309194692332393
adc,1606311243.0,0.0838750004768371,1606320280.0,0.3836250305175781,1606329317.0,0.3048750162124634,1606338793.0,0.7101250290870667,,,,,,,,,0.011348630736980364,-0.0007980547281763199
adc,1606411257.0,0.0946250036358833,1606420292.0,0.3683750033378601,1606429328.0,0.3085000216960907,1606438798.0,0.7066250443458557,,,,,,,,,0.005209896855074099,-0.0003665536363042163
adc,1606511271.0,0.1045000031590461,1606520306.0,0.3570000231266022,1606529340.0,0.1591250002384185,1606538345.0,0.5845000147819519,,,,,,,,,-0.0013973830083915898,0.004053123675183408
adc,1606611260.0,0.1162500083446502,1606620303.0,0.3377500176429748,1606629335.0,0.1071250066161155,1606638320.0,0.6371250152587891,,,,,,,,,-0.0056349281077147035,0.000641578227479676
adc,1606711254.0,0.1226250082254409,1606720293.0,0.3183750212192535,1606729332.0,0.0701250061392784,1606738828.0,0.6465000510215759,,,,,,,,,-0.014716972326443983,-0.002926438133752108
adc,1606811257.0,0.1548750102519989,1606820295.0,0.3056250214576721,1606829327.0,0.0659999996423721,1606838383.0,0.6697500348091125,,,,,,,,,0.0025968174310724342,2.3491573526942568e-05
adc,1606911266.0,0.156125009059906,1606920304.0,0.2918750047683716,1606929339.0,0.0867500007152557,1606938788.0,0.7597500085830688,,,,,,,,,-0.010615611687330197,0.0017955407135664698
adc,1607011245.0,0.1658750027418136,1607020275.0,0.265250027179718,1607029306.0,0.1281250119209289,1607038305.0,0.8243750333786011,,,,,,,,,-0.014930195029463637,-0.009547077216553214
adc,1607111251.0,0.28125,1607120289.0,0.2607500255107879,1607129322.0,0.5543750524520874,1607138540.0,0.9875000715255736,,,,,,,,,0.08668180016676587,0.0009458868908235624
adc,1607211253.0,0.1366250067949295,1607220297.0,0.2317500114440918,1607229330.0,0.7208750247955322,1607238803.0,0.9632500410079956,,,,,,,,,-0.07151277529827042,-0.013386076928131955
adc,1607311258.0,0.2138750106096267,1607320285.0,0.2423750162124633,1607329317.0,0.5845000147819519,1607338804.0,0.914750039577484,,,,,,,,,-0.007750713518989944,0.011561499979835963
adc,1607411264.0,0.2517500221729278,1607420302.0,0.2226250171661377,1607429339.0,0.6505000591278076,1607438797.0,0.9851250648498536,,,,,,,,,0.016610308648340674,0.005782667952467482
adc,1607511257.0,0.2551250159740448,1607520298.0,0.2042500078678131,1607529327.0,0.6478750109672546,1607538395.0,1.0276250839233398,,,,,,,,,0.006348363232788885,0.0010349352571078865
adc,1607611248.0,0.2458750158548355,1607620285.0,0.1865000128746032,1607629319.0,0.6813750267028809,1607638306.0,0.9828750491142272,,,,,,,,,-0.016742352261060814,-0.0034124768774097176
adc,1607711261.0,0.2773750126361847,1607720294.0,0.1760000139474868,1607729329.0,0.7468750476837158,1607738816.0,0.9470000267028807,,,,,,,,,0.0006521431835671172,-0.0009057899762441135
adc,1607811252.0,0.2867500185966491,1607820294.0,0.163875013589859,1607829332.0,0.7777500152587891,1607838794.0,0.9446250200271606,,,,,,,,,-0.004382162245741386,-0.0002838790064702977
adc,1607911256.0,0.3095000088214874,1607920294.0,0.1496250033378601,1607929328.0,0.8210000395774841,1607938311.0,0.9377500414848328,,,,,,,,,0.003638295789421009,-0.0020057117486834883
adc,1608011258.0,0.3227500021457672,1608020295.0,0.140625,1608029331.0,0.8235000371932983,1608038803.0,0.909250020980835,,,,,,,,,0.0018439520439676009,0.0013472076078236827
adc,1608111261.0,0.348125010728836,1608120296.0,0.1323750019073486,1608129328.0,0.8940000534057617,1608138561.0,0.9288750290870668,,,,,,,,,0.011885115027745193,0.00531834436981035
adc,1608211251.0,0.3420000076293945,1608220285.0,0.1081250086426734,1608229317.0,0.9065000414848328,1608238314.0,0.9788750410079956,,,,,,,,,-0.009820856679707375,-0.006801131636657698
adc,1608311255.0,0.3765000104904175,1608320296.0,0.1120000034570694,1608329335.0,0.9251250624656676,1608338823.0,0.977375030517578,,,,,,,,,0.00890715939857812,0.00915065864088254
adc,1608411266.0,0.3765000104904175,1608420303.0,0.0886250063776969,1608429338.0,0.908875048160553,1608438830.0,0.9793750643730164,,,,,,,,,-0.006989821467860247,-0.002170198381636842
adc,1608511259.0,0.4013750255107879,1608520293.0,0.0748750045895576,1608529329.0,0.8881250619888306,1608538335.0,0.976875066757202,,,,,,,,,0.0019349630229511762,-0.0038645388377961556
adc,1608611253.0,0.4145000278949737,1608620288.0,0.0732500031590461,1608629324.0,0.912000060081482,1608638314.0,0.955750048160553,,,,,,,,,-0.0008706837278983424,0.006584386775276085
adc,1608711257.0,0.4218750298023224,1608720299.0,0.055000003427267,1608729334.0,0.8990000486373901,1608738317.0,0.9567500352859496,,,,,,,,,-0.009337949069416967,0.0004358468068783705
adc,1608811269.0,0.4421250224113464,1608820303.0,0.0440000034868717,1608829341.0,0.8878750205039978,1608838813.0,0.9257500171661376,,,,,,,,,-0.004782691724312333,0.0015670269226338556
adc,1608911245.0,0.4492500126361847,1608920285.0,0.0235000010579824,1608929315.0,0.9450000524520874,1608938331.0,0.921000063419342,,,,,,,,,-0.01316146808061255,-0.006776216472637044
adc,1609011253.0,0.4768750369548797,1609020289.0,0.0151250008493661,1609029323.0,0.9705000519752502,1609038809.0,0.930125057697296,,,,,,,,,-0.0008278116086469613,-0.0029783835800066493
adc,1609111255.0,0.5042500495910645,1609120291.0,0.0110000008717179,1609129322.0,0.993000030517578,1609138599.0,0.9296250343322754,,,,,,,,,0.011461584430094261,0.005071668064167874
adc,1609211243.0,0.518375039100647,1609220280.0,-0.0082499999552965,1609229312.0,0.977375030517578,1609238513.0,0.9256250262260436,,,,,,,,,0.010666864248534502,-0.002018350172170371
adc,1609311259.0,0.5223750472068787,1609320297.0,-0.0233750008046627,1609329331.0,0.9965000748634338,1609338819.0,0.921125054359436,,,,,,,,,-0.00016321222159354758,-0.005018407593534725
adc,1609411251.0,0.5425000190734863,1609420291.0,-0.0252500008791685,1609429322.0,1.0097500085830688,1609438515.0,0.9113750457763672,,,,,,,,,0.005108157109784449,0.005174410900597108
adc,1609511252.0,0.5690000057220459,1609520287.0,-0.0441250018775463,1609529323.0,0.9763750433921814,1609538503.0,0.9347500205039978,,,,,,,,,0.016584171028194816,-0.0017136896904012223
adc,1609611265.0,0.5763750076293945,1609620305.0,-0.0503750033676624,1609629339.0,0.9893750548362732,1609638575.0,0.9231250286102296,,,,,,,,,0.008591479445439965,0.003917087571232006
adc,1609711259.0,0.5873750448226929,1609720296.0,-0.0701250061392784,1609729333.0,0.9998750686645508,1609738553.0,0.921500027179718,,,,,,,,,0.0036916969495682543,-0.004084621267779476
adc,1609811265.0,0.6222500205039978,1609820300.0,-0.0761250033974647,1609829338.0,1.0068750381469729,1609838797.0,0.9191250205039978,,,,,,,,,0.021946762616532223,0.001503926954943452
adc,1609911252.0,0.6183750033378601,1609920285.0,-0.0895000025629997,1609929321.0,0.99937504529953,1609938807.0,0.9166250228881836,,,,,,,,,0.0005631759226475035,-0.00047014018239290234
adc,1610011267.0,0.6427500247955322,1610020307.0,-0.0978750064969062,1610029344.0,1.0112500190734863,1610038779.0,0.9530000686645508,,,,,,,,,0.006413155641359066,0.0023400615346958527
adc,1610111253.0,0.6553750038146973,1610120291.0,-0.1136250048875808,1610129331.0,1.0138750076293943,1610138573.0,0.955500066280365,,,,,,,,,-0.0005681743404675533,-0.0024683978468346174
adc,1610211261.0,0.6686250567436218,1610220295.0,-0.119375005364418,1610229326.0,1.0125000476837158,1610238331.0,0.9698750376701356,,,,,,,,,-0.007986241681345731,0.002452207030558807
adc,1610311258.0,0.690125048160553,1610320294.0,-0.1338750123977661,1610329327.0,1.021125078201294,1610338310.0,0.9832500219345092,,,,,,,,,-0.008094508680597334,-0.0016741369821921418
adc,1610411258.0,0.6918750405311584,1610420284.0,-0.1415000110864639,1610429320.0,0.9921250343322754,1610438803.0,0.9808750748634338,,,,,,,,,-0.028656705055825994,0.0007534963337675807
adc,1610511259.0,0.6666250228881836,1610520302.0,-0.1568750143051147,1610529334.0,0.7820000648498535,1610538312.0,0.8595000505447388,,,,,,,,,-0.07656772738139325,-0.004911352308824656
adc,1610611254.0,0.7265000343322754,1610620292.0,-0.1650000065565109,1610629327.0,0.3017500042915344,1610638543.0,0.6705000400543213,,,,,,,,,-0.03923397250400713,-0.0036867012180066506
adc,1610711256.0,0.8497500419616699,1610720298.0,-0.1842500120401382,1610729332.0,0.4121250212192535,1610738528.0,0.8496250510215759,,,,,,,,,0.0621602707639176,-0.013961359317838266
adc,1610811265.0,0.8833750486373901,1610820296.0,-0.1247500032186508,1610829325.0,0.6526250243186951,1610838324.0,1.06850004196167,,,,,,,,,0.07525121693352056,0.05413116283495785
adc,1610911257.0,0.7747500538825989,1610920287.0,-0.184000015258789,1610929321.0,0.3653750121593475,1610938532.0,0.9181250333786012,,,,,,,,,-0.051914947064656006,0.003088881147014118
adc,1611011265.0,0.7488750219345093,1611020298.0,-0.2051250040531158,1611029325.0,0.1792500019073486,1611038790.0,0.7142500281333923,,,,,,,,,-0.09367419021030515,-0.010206689310779383
adc,1611111260.0,0.7830000519752502,1611120286.0,-0.2091250121593475,1611129317.0,0.3518750071525574,1611138405.0,0.7813750505447388,,,,,,,,,-0.07216630256188944,-0.00673854746326168
adc,1611211252.0,1.0049999952316284,1611220291.0,-0.2376250177621841,1611229326.0,0.2055000066757202,1611238800.0,0.5220000147819519,,,,,,,,,0.1409898247091353,-0.02810222889544976
adc,1611311253.0,0.7920000553131104,1611320293.0,-0.2205000072717666,1611329324.0,0.1061250045895576,1611338509.0,0.4517500102519989,,,,,,,,,-0.0767287079176366,-0.004130358269922679
adc,1611411252.0,0.8770000338554382,1611420283.0,-0.242000013589859,1611429323.0,0.0405000001192092,1611438309.0,0.3925000131130218,,,,,,,,,0.007828143183169252,-0.01901938859240138
adc,1611511259.0,0.8666250705718994,1611520297.0,-0.2428750097751617,1611529328.0,-0.0042500002309679,1611538543.0,0.3856250047683716,,,,,,,,,0.0011948009595772694,-0.013458899939034832
adc,1611611262.0,0.8737500309944153,1611620299.0,-0.2541249990463257,1611629333.0,-0.0042500002309679,1611638405.0,0.4665000140666961,,,,,,,,,0.015888133102391996,-0.018388659865199816
adc,1611711272.0,0.9238750338554382,1611720312.0,-0.2275000065565109,1611729345.0,-0.0032500000670552,1611738554.0,0.5955000519752502,,,,,,,,,0.0767745616318168,0.01449265694579863
adc,1611811254.0,0.9706250429153442,1611820294.0,-0.2270000129938125,1611829327.0,0.2076250165700912,1611838782.0,0.8348750472068787,,,,,,,,,0.1365839216550092,0.02121849794586693
adc,1611911252.0,0.9317500591278076,1611920292.0,-0.2000000029802322,1611929328.0,0.6821250319480896,1611938419.0,1.1481250524520874,,,,,,,,,0.11195072187281804,0.05442198361451289
adc,1612011261.0,0.91462504863739,1612020301.0,-0.2095000147819519,1612029340.0,0.889875054359436,1612038833.0,1.214500069618225,,,,,,,,,0.10898424304473907,0.05108217325985948
adc,1612111266.0,1.017625093460083,1612120303.0,-0.2596250176429748,1612129341.0,1.0692501068115234,1612138417.0,1.2395000457763672,,,,,,,,,0.22474198121709105,0.007025833314930681
adc,1612211259.0,0.8187500238418579,1612220296.0,-0.2717500030994415,1612229328.0,1.117500066757202,1612238324.0,1.0812500715255735,,,,,,,,,0.03597511280670919,0.0008098175465399877
adc,1612311253.0,0.7081250548362732,1612320294.0,-0.3073750138282776,1612329325.0,0.6571250557899475,1612338817.0,0.8175000548362732,,,,,,,,,-0.06823856501493268,-0.029141663766516515
adc,1612411248.0,0.3868750035762787,1612420287.0,-0.301000028848648,1612429329.0,0.0886250063776969,1612438641.0,0.4671250283718109,,,,,,,,,-0.38749331284782546,-0.017397155095876707
adc,1612511257.0,0.3763750195503235,1612520296.0,-0.3263750076293945,1612529327.0,-0.0031250000465661,1612538811.0,0.1830000132322311,,,,,,,,,-0.4007035927526286,-0.03775384341280583
adc,1612611255.0,0.5526250004768372,1612620287.0,-0.347875028848648,1612629320.0,-0.0026250001974403,1612638316.0,0.0698750019073486,,,,,,,,,-0.23167547798232457,-0.05460222661816828
adc,1612711251.0,0.5955000519752502,1612720287.0,-0.3113750219345093,1612729319.0,-0.002250000135973,1612738308.0,0.1477500051259994,,,,,,,,,-0.19986444249749336,-0.013796439828381864
adc,1612811254.0,0.6030000448226929,1612820292.0,-0.3140000104904175,1612829324.0,0.0326250009238719,1612838345.0,0.3156250119209289,,,,,,,,,-0.20620133424941414,-0.01240736619200445
adc,1612911255.0,0.8953750133514404,1612920287.0,-0.3115000128746032,1612929323.0,0.0012500000884756,1612938813.0,0.3757500052452087,,,,,,,,,0.07089823144533886,-0.006107445690440798
adc,1613011256.0,1.3935000896453855,1613020294.0,-0.3176250159740448,1613029322.0,0.2743750214576721,1613038313.0,0.5670000314712524,,,,,,,,,0.5537346695528751,-0.00856095125707621
adc,1613111257.0,1.1171250343322754,1613120293.0,-0.2523750066757202,1613129328.0,0.7345000505447388,1613138645.0,0.9471250176429749,,,,,,,,,0.26338873999171947,0.06030803594620992
adc,1613211246.0,1.0605000257492063,1613220287.0,-0.2585000097751617,1613229320.0,1.3922500610351562,1613238307.0,1.2450000047683716,,,,,,,,,0.1951818223166556,0.05779839378678405
adc,1613311256.0,0.9822500348091124,1613320293.0,-0.2881250083446502,1613329329.0,1.6975001096725464,1613338355.0,1.5233750343322754,,,,,,,,,0.10843063145573345,0.031794033904119764
adc,1613411257.0,0.9703750610351562,1613420297.0,-0.2703750133514404,1613429334.0,1.954750061035156,1613438815.0,1.5797500610351562,,,,,,,,,0.09138963419768545,0.053132762812616356
adc,1613511252.0,1.0287500619888306,1613520285.0,-0.3320000171661377,1613529315.0,2.002125024795532,1613538322.0,1.689500093460083,,,,,,,,,0.14775934564394116,-0.005016505538059143
adc,1613611262.0,1.0758750438690186,1613620302.0,-0.3700000047683716,1613629338.0,1.996875047683716,1613638526.0,1.7412500381469729,,,,,,,,,0.195505514788411,-0.039768922153155785
adc,1613711261.0,0.961750030517578,1613720298.0,-0.366750031709671,1613729332.0,1.4037500619888306,1613738811.0,1.3602501153945925,,,,,,,,,0.08385099816436152,-0.03363355869404821
adc,1613811260.0,0.5208750367164612,1613820300.0,-0.3660000264644623,1613829335.0,0.0545000024139881,1613838808.0,0.3072500228881836,,,,,,,,,-0.35357873158579317,-0.03049595875621203
adc,1613911263.0,0.2941250205039978,1613920291.0,-0.3575000166893005,1613929323.0,-0.0003750000032596,1613938526.0,0.0471250005066394,,,,,,,,,-0.5767311037210361,-0.020227548015697688
adc,1614011257.0,0.5700000524520874,1614020298.0,-0.4130000174045563,1614029335.0,0.0020000000949949,1614038320.0,0.0763750001788139,,,,,,,,,-0.2977501857226361,-0.07467383940146614
adc,1614111252.0,0.6041250228881836,1614120291.0,-0.3018750250339508,1614129326.0,0.0043750000186264,1614138516.0,0.077000007033348,,,,,,,,,-0.261398712525021,0.036726707043351
adc,1614211259.0,0.6151250004768372,1614220294.0,-0.3020000159740448,1614229332.0,-0.0003750000032596,1614238536.0,0.2192500084638595,,,,,,,,,-0.2491665248945927,0.03606830247200757
adc,1614311260.0,0.9795000553131104,1614320303.0,-0.3197500109672546,1614329335.0,0.0197500009089708,1614338331.0,0.4621250331401825,,,,,,,,,0.11555897481799227,0.016974203074282174
adc,1614411243.0,1.4700000286102295,1614420284.0,-0.3176250159740448,1614429324.0,0.4992500245571136,1614438530.0,0.7891250252723694,,,,,,,,,0.6057762682373389,0.016966144665586484
adc,1614511249.0,1.3162500858306885,1614520291.0,-0.3198750019073486,1614529327.0,1.3068751096725464,1614538520.0,1.1845000982284546,,,,,,,,,0.45138404976682805,0.011833757650433971
adc,1614611250.0,0.6235000491142273,1614620284.0,-0.3083750009536743,1614629317.0,1.7178751230239868,1614638404.0,1.6166250705718994,,,,,,,,,-0.24217106394172763,0.01975527332137847
adc,1614711250.0,0.908625066280365,1614720286.0,-0.3406250178813934,1614729322.0,1.9962501525878904,1614738812.0,1.690000057220459,,,,,,,,,0.042038462662619736,-0.016704698855809108
adc,1614811254.0,1.352000117301941,1614820293.0,-0.3000000119209289,1614829325.0,2.039750099182129,1614838806.0,1.7288750410079956,,,,,,,,,0.4842755922260782,0.019154092350153938
adc,1614911260.0,1.3261250257492063,1614920298.0,-0.3388750255107879,1614929333.0,1.9841251373291016,1614938801.0,1.767125129699707,,,,,,,,,0.4567945679897178,-0.02495771990285436
adc,1615011259.0,1.177375078201294,1615020298.0,-0.3078750073909759,1615029331.0,1.3601250648498535,1615038768.0,1.3380000591278076,,,,,,,,,0.3056681025725536,0.0004302370250643152
adc,1615111261.0,-0.288875013589859,1615120300.0,-0.4245000183582306,1615129336.0,0.0100000007078051,1615138332.0,0.1875000149011612,,,,,,,,,-1.1639801774506298,-0.1220800719394664
adc,1615211266.0,0.5842500329017639,1615220301.0,-0.30137500166893,1615229331.0,0.0015000000130385,1615238369.0,0.0032500000670552,,,,,,,,,-0.2953585211056845,-0.005011123049660934
adc,1615311248.0,0.597000002861023,1615320283.0,-0.2797500193119049,1615329314.0,0.005125000141561,1615338299.0,0.0728750005364418,,,,,,,,,-0.28804114896371785,0.010479939804688324
adc,1615411261.0,0.5288750529289246,1615420301.0,-0.2438750118017196,1615429334.0,0.0083750002086162,1615438813.0,0.2045000046491623,,,,,,,,,-0.36205338236841444,0.04021383099605958
adc,1615511253.0,0.5472500324249268,1615520284.0,-0.2082500159740448,1615529322.0,0.0116250002756714,1615538325.0,0.3510000109672546,,,,,,,,,-0.3492765296466136,0.06972603768364063
adc,1615611253.0,1.3773750066757202,1615620286.0,-0.2276250123977661,1615629327.0,0.0691250041127204,1615638525.0,0.593500018119812,,,,,,,,,0.4764583592141809,0.044257432600719
adc,1615711251.0,1.459375023841858,1615720290.0,-0.2663750052452087,1615729330.0,0.7156250476837158,1615738398.0,0.9517500400543212,,,,,,,,,0.5562306815617102,-0.0006238202401383022
adc,1615811256.0,1.0789999961853027,1615820299.0,-0.1725000143051147,1615829330.0,1.4295001029968262,1615838826.0,1.3880000114440918,,,,,,,,,0.17662595587562133,0.08698309416989364
adc,1615911261.0,0.9607500433921814,1615920298.0,-0.304375022649765,1615929330.0,1.7533750534057615,1615938819.0,1.673875093460083,,,,,,,,,0.06272527125373697,-0.05142462016534259
adc,1616011267.0,1.1420000791549685,1616020306.0,-0.2175000160932541,1616029335.0,1.9130001068115237,1616038815.0,1.7257500886917114,,,,,,,,,0.25213839064008625,0.028516730735880215
adc,1616111261.0,1.3280000686645508,1616120299.0,-0.2962500154972076,1616129334.0,1.9131250381469729,1616138676.0,1.7668750286102295,,,,,,,,,0.4499709722229692,-0.05768948838664854
adc,1616211262.0,0.8917500376701355,1616220297.0,-0.3257500231266022,1616229336.0,1.0045000314712524,1616238315.0,1.093500018119812,,,,,,,,,0.028726762216831625,-0.09525323362718065
adc,1616311253.0,0.5696250200271606,1616320293.0,-0.2993750274181366,1616329324.0,0.0730000063776969,1616338802.0,0.3702500164508819,,,,,,,,,-0.2759891175316475,-0.0775815692621972
adc,1616411250.0,0.228625014424324,1616420283.0,-0.2675000131130218,1616429320.0,0.0023750001564621,1616438362.0,0.1383749991655349,,,,,,,,,-0.598109575421196,-0.05502177691290598
adc,1616511259.0,0.5476250052452087,1616520294.0,-0.1810000091791153,1616529325.0,0.0038750001695007,1616538811.0,0.1858750134706497,,,,,,,,,-0.25973834975329013,0.02163460888282559
adc,1616611255.0,0.4345000088214874,1616620289.0,-0.1335000097751617,1616629323.0,0.0106250001117587,1616638338.0,0.3456250131130218,,,,,,,,,-0.35392705274638103,0.05888815465961191
adc,1616711262.0,0.5292500257492065,1616720301.0,-0.0966250076889991,1616729340.0,0.0238750018179416,1616738829.0,0.418500006198883,,,,,,,,,-0.2414889238881085,0.08526173427503171
adc,1616811258.0,1.4351251125335691,1616820301.0,-0.1552500128746032,1616829337.0,0.0790000036358833,1616838338.0,0.6028750538825989,,,,,,,,,0.6801477313764837,0.016029814552752757
adc,1616911253.0,1.3002500534057615,1616920295.0,-0.1022500023245811,1616929328.0,0.830750048160553,1616938331.0,1.0390000343322754,,,,,,,,,0.5585570338837333,0.058451736682775444
adc,1617011264.0,0.7425000071525574,1617020301.0,-0.1297500133514404,1617029335.0,1.3585001230239868,1617038811.0,1.45912504196167,,,,,,,,,0.01117517869706286,0.02051205641539556
adc,1617111262.0,0.7597500085830688,1617120294.0,-0.0338750034570694,1617129328.0,1.6166250705718994,1617138551.0,1.537875056266785,,,,,,,,,0.03554410219504639,0.10616939880545988
adc,1617211258.0,0.6946250200271606,1617220288.0,-0.213125005364418,1617229321.0,1.696125030517578,1617238812.0,1.477250099182129,,,,,,,,,-0.025924789183514707,-0.08301283979759166
adc,1617311260.0,0.5438750386238098,1617320295.0,-0.246500015258789,1617329332.0,0.9335000514984132,1617338823.0,1.1747500896453855,,,,,,,,,-0.17654536148487637,-0.1259815424325741
adc,1617411260.0,0.4435000121593475,1617420290.0,-0.2423750162124633,1617429322.0,0.0933750048279762,1617438299.0,0.5302500128746033,,,,,,,,,-0.2801969938519879,-0.1310597525881834
adc,1617511256.0,0.7198750376701355,1617520292.0,-0.1421250104904174,1617529315.0,0.0063750003464519,1617538522.0,0.2395000159740448,,,,,,,,,-0.010174387259568679,-0.039568145761998394
adc,1617611257.0,0.5206249952316284,1617620303.0,-0.0871250033378601,1617629338.0,0.0103750005364418,1617638828.0,0.3540000021457672,,,,,,,,,-0.21831009444544655,0.007169857086329334
adc,1617711259.0,0.5696250200271606,1617720301.0,-0.0181250013411045,1617729332.0,0.02012500166893,1617738820.0,0.4783750176429748,,,,,,,,,-0.18000024215503152,0.06843952079321984
adc,1617811255.0,0.7275000214576721,1617820292.0,0.0025000001769512,1617829327.0,0.0238750018179416,1617838809.0,0.4587500095367431,,,,,,,,,-0.0337602316478966,0.08186649161844212
adc,1617911255.0,1.1041250228881836,1617920291.0,-0.0353750027716159,1617929321.0,0.0238750018179416,1617938365.0,0.5772500038146973,,,,,,,,,0.3311983557456042,0.03727442807942365
adc,1618011250.0,0.9950000643730164,1618020284.0,0.0566250011324882,1618029320.0,0.721250057220459,1618038299.0,1.027750015258789,,,,,,,,,0.21125640478609076,0.12292434484222663
adc,1618111253.0,0.8040000200271606,1618120285.0,-0.0388750024139881,1618129321.0,1.1010000705718994,1618138668.0,1.357875108718872,,,,,,,,,0.011058161825528406,0.021264538605120897
adc,1618211266.0,1.1903750896453855,1618220307.0,-0.0360000021755695,1618229340.0,1.3533750772476196,1618238520.0,1.4537500143051147,,,,,,,,,0.3904553971609019,0.01794251521870123
adc,1618311258.0,1.1030000448226929,1618320298.0,-0.0847500041127204,1618329337.0,1.336375117301941,1618338536.0,1.1811250448226929,,,,,,,,,0.29873274295715324,-0.03729802454615169
adc,1618411250.0,0.5247500538825989,1618420283.0,-0.1830000132322311,1618429319.0,0.4801250100135803,1618438801.0,0.7976250648498535,,,,,,,,,-0.28100615891614883,-0.14258941409407577
adc,1618511253.0,0.4317500293254852,1618520293.0,-0.1472500115633011,1618529326.0,0.052750002592802,1618538539.0,0.4972500205039978,,,,,,,,,-0.3725518028177523,-0.11466254779761495
adc,1618611274.0,0.6615000367164612,1618620307.0,-0.0671250000596046,1618629337.0,0.0077500003390014,1618638572.0,0.2606250047683716,,,,,,,,,-0.13841339431315547,-0.043325659469730396
adc,1618711258.0,0.5580000281333923,1618720289.0,-0.0245000012218952,1618729319.0,0.0081250006332993,1618738313.0,0.3008750081062317,,,,,,,,,-0.2346494439218577,-0.010578050569739511
adc,1618811247.0,0.5871250033378601,1618820280.0,0.0618750043213367,1618829317.0,0.0037500001490116,1618838411.0,0.3585000038146972,,,,,,,,,-0.19546778410251128,0.06476587636500421
adc,1618911260.0,0.6728750467300415,1618920297.0,0.09825000166893,1618929331.0,0.0040000001899898,1618938424.0,0.3937500119209289,,,,,,,,,-0.09697670644165401,0.08894512423546147
adc,1619011265.0,1.2881250381469729,1619020306.0,0.1265000104904174,1619029340.0,0.0668750032782554,1619038544.0,0.5580000281333923,,,,,,,,,0.53354127729955,0.1038685947618009
adc,1619111260.0,0.8237500190734863,1619120294.0,0.1738750040531158,1619129329.0,0.7401250600814819,1619138552.0,1.0507500171661377,,,,,,,,,0.08672101436088027,0.13685952120144282
adc,1619211268.0,0.6935000419616699,1619220308.0,0.0395000018179416,1619229340.0,1.120750069618225,1619238562.0,1.3907500505447388,,,,,,,,,-0.024038263770171667,-0.012843510710202025
adc,1619311256.0,1.3587501049041748,1619320302.0,0.0313750021159648,1619329336.0,1.3458750247955322,1619338815.0,1.3101251125335691,,,,,,,,,0.6621701474624841,-0.0370793220427178
adc,1619411267.0,1.043000102043152,1619420306.0,0.0010000000474974,1619429346.0,1.2558751106262207,1619438328.0,1.2381250858306885,,,,,,,,,0.36828333230857546,-0.08412923803627434
adc,1619511249.0,0.0152500011026859,1619520285.0,-0.2556250095367431,1619529325.0,0.1801250129938125,1619538821.0,0.6476250290870667,,,,,,,,,-0.6373036864830908,-0.3577112456577783
adc,1619611258.0,0.2668749988079071,1619620297.0,0.0657500028610229,1619629329.0,0.0043750000186264,1619638326.0,0.1442500054836273,,,,,,,,,-0.36379203303554364,-0.05323534691997356
adc,1619711249.0,0.2393750101327896,1619720295.0,0.2001250088214874,1619729326.0,0.0052500003948807,1619738324.0,0.1921250075101852,,,,,,,,,-0.37016062983116993,0.06467501601918985
adc,1619811259.0,0.236500009894371,1619820298.0,0.2201250046491623,1619829333.0,0.0663750022649765,1619838313.0,0.2827500104904175,,,,,,,,,-0.3529967442955145,0.06902111880435025
adc,1619911254.0,0.2401250153779983,1619920289.0,0.2270000129938125,1619929324.0,0.0053750001825392,1619938814.0,0.3080000281333923,,,,,,,,,-0.3306173647255064,0.0613824475629604
adc,1620011255.0,0.9326250553131104,1620020292.0,0.2402500063180923,1620029333.0,0.0512500032782554,1620038787.0,0.5077500343322754,,,,,,,,,0.37926738656104647,0.06149520678092797
adc,1620111258.0,1.1605000495910645,1620120299.0,0.3848750293254852,1620129337.0,0.2111250162124633,1620138558.0,0.7846250534057617,,,,,,,,,0.6231126876010473,0.1944663226423189
adc,1620211263.0,1.1558750867843628,1620220301.0,0.4316250085830688,1620229337.0,0.9166250228881836,1620238793.0,1.2195000648498535,,,,,,,,,0.6329700591474244,0.23100565303516635
adc,1620311255.0,0.3051250278949737,1620320294.0,0.2785000205039978,1620329334.0,1.1452500820159912,1620338826.0,1.3168751001358032,,,,,,,,,-0.20493238475915343,0.06893178672662902
adc,1620411250.0,1.0547500848770142,1620420284.0,0.0772500038146972,1620429321.0,1.2781250476837158,1620438814.0,1.2060000896453855,,,,,,,,,0.5556854687015101,-0.14030001179791277
adc,1620511260.0,0.390250027179718,1620520301.0,0.005125000141561,1620529337.0,0.7913750410079956,1620538327.0,0.8291250467300415,,,,,,,,,-0.09992237386441222,-0.21980300334887198
adc,1620611254.0,-0.1118750050663948,1620620292.0,0.0146250007674098,1620629324.0,0.0070000002160668,1620638320.0,0.3380000293254852,,,,,,,,,-0.5954441357865814,-0.21745954880375126
adc,1620711260.0,0.1582500040531158,1620720295.0,-0.0038750001695007,1620729331.0,0.0048750001005828,1620738792.0,0.1827500015497207,,,,,,,,,-0.32104146255268445,-0.24325416601259447
adc,1620811252.0,0.1342500001192093,1620820291.0,0.2746250033378601,1620829330.0,0.0057500004768371,1620838324.0,0.2628750205039978,,,,,,,,,-0.3428975359397061,0.02750125780428267
adc,1620911257.0,0.129375010728836,1620920291.0,0.3858750164508819,1620929327.0,0.0066250003874301,1620938385.0,0.3248750269412994,,,,,,,,,-0.34730741391705444,0.1302975452512653
adc,1621011262.0,0.1971250027418136,1621020302.0,0.488750010728836,1621029333.0,0.0058750002644956,1621038801.0,0.3130000233650207,,,,,,,,,-0.2800743985874873,0.2237936596888324
adc,1621111250.0,1.0250000953674316,1621120288.0,0.4196250140666961,1621129319.0,0.0355000011622905,1621138546.0,0.5137500166893005,,,,,,,,,0.5471651624821744,0.14417797974173657
adc,1621211257.0,1.049875020980835,1621220284.0,0.5800000429153442,1621229323.0,0.7633750438690186,1621238781.0,1.0643750429153442,,,,,,,,,0.572204151052107,0.2927863306202571
adc,1621311256.0,0.4483750164508819,1621320295.0,0.2496250122785568,1621329330.0,1.0906250476837158,1621338799.0,1.3847500085830688,,,,,,,,,-0.02748256479816369,-0.05076564682711884
adc,1621411255.0,0.7311250567436218,1621420293.0,0.1107500046491622,1621429329.0,1.2981250286102295,1621438815.0,1.3300000429153442,,,,,,,,,0.25940416781869435,-0.2043096875194232
adc,1621511259.0,0.6863750219345093,1621520295.0,0.2092500030994415,1621529331.0,1.2783750295639038,1621538556.0,1.1777501106262207,,,,,,,,,0.22154152619470824,-0.12196895713186737
adc,1621611258.0,0.2101250141859054,1621620299.0,0.1313749998807907,1621629336.0,0.387000024318695,1621638326.0,0.7350000143051147,,,,,,,,,-0.2449186812747689,-0.21737919074932038
adc,1621711260.0,0.2065000087022781,1621720303.0,0.2711250185966491,1621729336.0,0.0573750026524066,1621738769.0,0.3730000257492065,,,,,,,,,-0.23596523592716415,-0.09629888936555418
adc,1621811269.0,0.3228750228881836,1621820298.0,0.3276250064373016,1621829335.0,0.01450000051409,1621838316.0,0.2392500042915344,,,,,,,,,-0.10456452988553097,-0.05924127978322197
adc,1621911254.0,0.3446250259876251,1621920288.0,0.457500010728836,1621929319.0,0.0117500005289912,1621938773.0,0.3255000114440918,,,,,,,,,-0.0658586998991532,0.05087089294494283
adc,1622011258.0,0.2995000183582306,1622020298.0,0.530500054359436,1622029340.0,0.0105000007897615,1622038826.0,0.3208750188350677,,,,,,,,,-0.09273547188988168,0.10428188905552496
adc,1622111253.0,0.4463750123977661,1622120291.0,0.4888750314712524,1622129325.0,0.0058750002644956,1622138569.0,0.3845000267028808,,,,,,,,,0.07297447087278108,0.043720389962168066
adc,1622211255.0,0.9187500476837158,1622220298.0,0.5941250324249268,1622229331.0,0.2693750262260437,1622238324.0,0.6768750548362732,,,,,,,,,0.5640476920412922,0.1310943773122165
adc,1622311253.0,0.2996250092983246,1622320285.0,0.6038750410079956,1622329322.0,0.8667500615119934,1622338303.0,1.2133750915527344,,,,,,,,,-0.03720633030709897,0.1243228713790818
adc,1622411264.0,0.1101250052452087,1622420307.0,0.8673750162124634,1622429347.0,1.0815000534057615,1622438810.0,1.3446251153945925,,,,,,,,,-0.21026594155512132,0.3728132870185914
adc,1622511262.0,0.2095000147819519,1622520298.0,0.437250018119812,1622529334.0,1.2627500295639038,1622538811.0,1.2883750200271606,,,,,,,,,-0.09634302034540163,-0.07078742999652254
adc,1622611260.0,0.1756250113248825,1622620298.0,0.1510000079870224,1622629330.0,0.7717500329017639,1622638521.0,1.062250018119812,,,,,,,,,-0.11783542152537063,-0.3690704169855851
adc,1622711258.0,0.0612500011920928,1622720300.0,0.3276250064373016,1622729336.0,0.0382500030100345,1622738804.0,0.6897500157356262,,,,,,,,,-0.22204730948771972,-0.203203857577851
adc,1622811254.0,0.2140000164508819,1622820289.0,0.4812500178813934,1622829326.0,0.0061250003054738,1622838798.0,0.3572500050067901,,,,,,,,,-0.06118594624616784,-0.05927099819347091
adc,1622911259.0,0.2939999997615814,1622920291.0,0.5232500433921814,1622929327.0,0.0076250005513429,1622938310.0,0.3543750047683716,,,,,,,,,0.02523650476152957,-0.02611785860033948
adc,1623011256.0,0.1696250140666961,1623020297.0,0.5526250004768372,1623029334.0,0.0063750003464519,1623038362.0,0.3597500026226043,,,,,,,,,-0.09390089120181257,-0.004966093666943783
adc,1623111258.0,0.2162500172853469,1623120291.0,0.6775000095367432,1623129330.0,0.0063750003464519,1623138394.0,0.3647500276565552,,,,,,,,,-0.042651587234752125,0.11208599575688319
adc,1623211265.0,0.5718750357627869,1623220297.0,0.6265000104904175,1623229331.0,0.0065000001341104,1623238827.0,0.502750039100647,,,,,,,,,0.3175426201484531,0.05342963264119255
adc,1623311251.0,0.6305000185966492,1623320290.0,0.811625063419342,1623329321.0,0.6546250581741333,1623338443.0,0.9262500405311584,,,,,,,,,0.381152183867783,0.23081350247864102
adc,1623411260.0,0.281125009059906,1623420298.0,0.7221250534057617,1623429330.0,0.9757500290870668,1623438330.0,1.340000033378601,,,,,,,,,0.037506518517431836,0.1332196408811142
adc,1623511252.0,0.4507500231266022,1623520288.0,0.6770000457763672,1623529324.0,1.2387501001358032,1623538323.0,1.274125099182129,,,,,,,,,0.21377154477979607,0.07937794895041982
adc,1623611254.0,0.080375000834465,1623620291.0,0.4056250154972076,1623629323.0,1.2787500619888306,1623638537.0,1.1757500171661377,,,,,,,,,-0.14903870657483048,-0.20158232966805348
adc,1623711252.0,-0.0478750020265579,1623720285.0,0.4345000088214874,1623729318.0,0.3737500309944153,1623738308.0,0.765125036239624,,,,,,,,,-0.2688972828992655,-0.18334894016217035
adc,1623811266.0,0.0710000023245811,1623820306.0,0.395000010728836,1623829337.0,0.0446250028908252,1623838799.0,0.3648750185966491,,,,,,,,,-0.14095977667982723,-0.23464623751207406
adc,1623911267.0,0.1101250052452087,1623920310.0,0.5987500548362732,1623929344.0,0.0107500003650784,1623938842.0,0.1992500126361847,,,,,,,,,-0.09225968463028116,-0.043842617710610016
adc,1624011249.0,0.1378750056028366,1624020281.0,0.6530000567436218,1624029319.0,0.0127500006929039,1624038356.0,0.2531250119209289,,,,,,,,,-0.05454172566230259,-0.0035775014018344375
adc,1624111264.0,0.1172500029206276,1624120302.0,0.7773750424385071,1624129335.0,0.0061250003054738,1624138589.0,0.3051250278949737,,,,,,,,,-0.06486511847659276,0.10596788140240819
adc,1624211265.0,0.1396250128746032,1624220299.0,0.8048750162124634,1624229335.0,0.0066250003874301,1624238518.0,0.2850000262260437,,,,,,,,,-0.0318525944137773,0.11803621897900282
adc,1624311254.0,0.3330000042915344,1624320292.0,0.8838750123977661,1624329323.0,0.1977500021457672,1624338534.0,0.6440000534057617,,,,,,,,,0.17254396846204686,0.1812564002286106
adc,1624411258.0,0.3686250150203705,1624420298.0,0.8283750414848328,1624429330.0,0.7688750624656677,1624438390.0,1.0497500896453855,,,,,,,,,0.21964404172856658,0.1098615864270424
adc,1624511254.0,0.1200000047683715,1624520282.0,0.7163750529289246,1624529317.0,1.0383750200271606,1624538795.0,1.2538750171661377,,,,,,,,,-0.016986648253415865,-0.0179552570202324
adc,1624611255.0,0.2292500138282776,1624620295.0,0.7191250324249268,1624629328.0,1.2315000295639038,1624638544.0,1.1276251077651978,,,,,,,,,0.10482112567770147,-0.030796500782541994
adc,1624711254.0,0.0882500037550926,1624720288.0,0.5210000276565552,1624729323.0,1.0150001049041748,1624738332.0,1.0021250247955322,,,,,,,,,-0.023042301392829284,-0.24417905991611955
adc,1624811260.0,-0.0487500019371509,1624820303.0,0.7381250262260437,1624829343.0,0.0338750034570694,1624838320.0,0.5616250038146973,,,,,,,,,-0.14633781233720797,-0.04189921089684832
adc,1624911249.0,0.0255000013858079,1624920285.0,0.7718750238418579,1624929320.0,0.0161250010132789,1624938537.0,0.2952500283718109,,,,,,,,,-0.05784474427755744,-0.022524523198182475
adc,1625011252.0,0.0003750000032596,1625020285.0,0.8036250472068787,1625029323.0,0.0237500015646219,1625038308.0,0.2560000121593475,,,,,,,,,-0.06822862710220551,-0.004642537552320594
adc,1625111261.0,-0.0582500025629997,1625120294.0,0.8240000605583191,1625129329.0,0.0110000008717179,1625138651.0,0.2911249995231628,,,,,,,,,-0.11166450525122096,0.0023831836766426834
adc,1625211256.0,-0.0275000017136335,1625220290.0,0.874625027179718,1625229330.0,0.0063750003464519,1625238814.0,0.2821250259876251,,,,,,,,,-0.06534332294568058,0.04015275308207148
adc,1625311252.0,0.2230000048875808,1625320287.0,0.8941250443458557,1625329324.0,0.0058750002644956,1625338342.0,0.3738750219345093,,,,,,,,,0.20101479112159612,0.04722012763772622
adc,1625411255.0,0.2026250064373016,1625420295.0,0.974375069141388,1625429328.0,0.6083750128746033,1625438319.0,0.914750039577484,,,,,,,,,0.19664475490132305,0.11533861640612401
adc,1625511260.0,-0.0590000040829181,1625520294.0,1.0802500247955322,1625529329.0,0.927750051021576,1625538321.0,1.2422500848770142,,,,,,,,,-0.04902526993202792,0.20921725015981643
adc,1625611261.0,-0.1072500050067901,1625620295.0,1.1421250104904177,1625629329.0,1.2545000314712524,1625638339.0,1.3193750381469729,,,,,,,,,-0.08162585139736955,0.2590405915875678
adc,1625711264.0,0.2882499992847442,1625720303.0,0.534000039100647,1625729339.0,1.3125001192092896,1625738552.0,1.326625108718872,,,,,,,,,0.3289144751839761,-0.36137427203703754
adc,1625811269.0,-0.142875000834465,1625820303.0,0.6493750214576721,1625829330.0,0.8981250524520874,1625838546.0,1.1538751125335691,,,,,,,,,-0.08810771165389675,-0.25866351679443844
adc,1625911256.0,-0.2682500183582306,1625920290.0,0.7695000171661377,1625929327.0,0.0412500016391277,1625938812.0,0.429250031709671,,,,,,,,,-0.20063893180849082,-0.1516303129320053
adc,1626011265.0,-0.1446250081062317,1626020302.0,0.9048750400543212,1626029338.0,0.0085000004619359,1626038828.0,0.3093750178813934,,,,,,,,,-0.06570907334334902,-0.029723255090869788
adc,1626111265.0,-0.1988750100135803,1626120302.0,0.9671250581741332,1626129336.0,0.009375000372529,1626138404.0,0.2228750139474868,,,,,,,,,-0.11040121151728416,0.018839241798153827
adc,1626211258.0,-0.1850000023841858,1626220294.0,1.0158751010894775,1626229326.0,0.0058750002644956,1626238522.0,0.2838750183582306,,,,,,,,,-0.088831937037953,0.05392352720193756
adc,1626311259.0,-0.129375010728836,1626320298.0,1.1090000867843628,1626329330.0,0.0056250002235174,1626338436.0,0.2815000116825104,,,,,,,,,-0.027395946263471707,0.13369497855411844
adc,1626411265.0,0.1897500157356262,1626420303.0,1.0207500457763672,1626429335.0,0.0117500005289912,1626438813.0,0.6056250333786011,,,,,,,,,0.2957267849885349,0.03270173804989428
adc,1626511263.0,-0.1237500086426734,1626520299.0,1.1202501058578491,1626529333.0,0.6730000376701355,1626538798.0,1.0187500715255735,,,,,,,,,-0.015444378374634887,0.12033638062293155
adc,1626611255.0,-0.0630000010132789,1626620296.0,1.0038750171661377,1626629335.0,1.060625076293945,1626638572.0,1.2911250591278076,,,,,,,,,0.04616815702389168,-0.006817759247400218
adc,1626711265.0,0.0317500010132789,1626720300.0,1.193750023841858,1626729336.0,1.3072500228881836,1626738830.0,1.3195000886917114,,,,,,,,,0.1405628056288896,0.173499930633465
adc,1626811257.0,-0.0677500069141388,1626820296.0,0.9510000348091124,1626829332.0,1.2153750658035278,1626838797.0,1.1732500791549685,,,,,,,,,0.03977855693258703,-0.07752375130888722
adc,1626911262.0,-0.2881250083446502,1626920303.0,0.7693750262260437,1626929337.0,0.0986250042915344,1626938804.0,0.7667500376701355,,,,,,,,,-0.18248000966125646,-0.26613960076857157
adc,1627011265.0,-0.2362500131130218,1627020301.0,1.058250069618225,1627029333.0,0.0118750007823109,1627038820.0,0.3666250109672546,,,,,,,,,-0.13271681204281027,0.016980424765960594
adc,1627111258.0,-0.2495000064373016,1627120293.0,1.0290000438690186,1627129325.0,0.0291250012814998,1627138646.0,0.2826250195503235,,,,,,,,,-0.1478986660427034,-0.01686627935611848
adc,1627211253.0,-0.1953750103712082,1627220295.0,0.9935000538825988,1627229329.0,0.0406250022351741,1627238325.0,0.374625027179718,,,,,,,,,-0.09509599529803855,-0.05590181320450947
adc,1627311244.0,-0.1991250067949295,1627320284.0,1.0483750104904177,1627329315.0,0.0033750000875443,1627338804.0,0.3382500112056732,,,,,,,,,-0.09913700912919551,-0.003613742057455467
adc,1627411256.0,0.1992500126361847,1627420293.0,1.1365000009536743,1627429323.0,0.0037500001490116,1627438531.0,0.441875010728836,,,,,,,,,0.3003521537209348,0.08274529194396692
adc,1627511254.0,0.25450000166893,1627520292.0,1.2035000324249268,1627529326.0,0.1198750063776969,1627538362.0,0.7781250476837158,,,,,,,,,0.35840423215893236,0.14865665445635498
adc,1627611252.0,-0.2085000127553939,1627620287.0,1.1460000276565552,1627629316.0,0.7897500395774841,1627638567.0,1.1808750629425049,,,,,,,,,-0.09994983729916329,0.09058871202183794
adc,1627711249.0,-0.2458750158548355,1627720288.0,1.100375056266785,1627729323.0,1.14900004863739,1627738362.0,1.396125078201294,,,,,,,,,-0.13082557340505657,0.04475704190060717
adc,1627811275.0,0.1613750010728836,1627820312.0,1.1041250228881836,1627829345.0,1.3097500801086426,1627838796.0,1.366000056266785,,,,,,,,,0.2846405703786514,0.04851666407729408
adc,1627911262.0,-0.1971250027418136,1627920295.0,0.6626250147819519,1627929326.0,1.0527499914169312,1627938351.0,1.0938750505447388,,,,,,,,,-0.0641900305781174,-0.39286567415380313
adc,1628011268.0,-0.3788750171661377,1628020312.0,0.9336250424385072,1628029354.0,0.0077500003390014,1628038815.0,0.4535000324249267,,,,,,,,,-0.23517646303008186,-0.12169176033393295
adc,1628111256.0,-0.2866250276565552,1628120293.0,1.2006250619888306,1628129327.0,0.0016250000335276,1628138540.0,0.2057500034570694,,,,,,,,,-0.1314861572172308,0.14555412305279064
adc,1628211257.0,-0.2453750073909759,1628220296.0,1.1098750829696655,1628229329.0,0.0011250000679865,1628238811.0,0.2036250084638595,,,,,,,,,-0.07855970207455314,0.05520291895534054
adc,1628311262.0,-0.1288750022649765,1628320298.0,1.0338751077651978,1628329329.0,0.0012500000884756,1628338305.0,0.2303750067949295,,,,,,,,,0.049416536027156704,-0.020114971049616563
adc,1628411261.0,-0.1972500085830688,1628420300.0,0.940250039100647,1628429333.0,0.0382500030100345,1628438821.0,0.3775000274181366,,,,,,,,,-0.008096383574204481,-0.1126202343232533
adc,1628511267.0,0.1593750119209289,1628520304.0,0.9608750343322754,1628529339.0,0.0988750010728836,1628538328.0,0.5502500534057617,,,,,,,,,0.35839649977024296,-0.09028990500384239
adc,1628611265.0,-0.2280000150203704,1628620308.0,1.1740000247955322,1628629341.0,0.955750048160553,1628638326.0,1.1161251068115234,,,,,,,,,-0.020440822521623422,0.12523586290275585
adc,1628711254.0,-0.2707500159740448,1628720296.0,1.2135000228881836,1628729329.0,1.3561251163482666,1628738390.0,1.3937500715255735,,,,,,,,,-0.056261134137908245,0.16787719774686458
adc,1628811255.0,-0.1650000065565109,1628820295.0,1.3020000457763672,1628829329.0,1.4627500772476196,1628838314.0,1.349500060081482,,,,,,,,,0.054610013906920725,0.26022313474616643
adc,1628911257.0,-0.2522500157356262,1628920292.0,1.158000111579895,1628929326.0,1.3886250257492063,1628938396.0,1.2287501096725464,,,,,,,,,-0.029428557117918384,0.12065689953743312
adc,1629011262.0,-0.3750000298023224,1629020298.0,0.9273750185966492,1629029332.0,0.4021250307559967,1629038786.0,0.7433750629425049,,,,,,,,,-0.15085922595153095,-0.10512470881340355
adc,1629111251.0,-0.3555000126361847,1629120291.0,0.9495000243186952,1629129323.0,0.0086250007152557,1629138535.0,0.3661250174045563,,,,,,,,,-0.13178547723956976,-0.07794983151867452
adc,1629211264.0,-0.2861250042915344,1629220305.0,0.6426250338554382,1629229339.0,0.0218750014901161,1629238351.0,0.3446250259876251,,,,,,,,,-0.06431197988771564,-0.3797544422419212
adc,1629311255.0,-0.343500018119812,1629320296.0,0.9050000309944152,1629329330.0,0.0946250036358833,1629338818.0,0.4561250209808349,,,,,,,,,-0.12469301794159167,-0.11241912068340688
adc,1629411252.0,-0.3026250004768371,1629420284.0,0.9442500472068788,1629429317.0,0.0023750001564621,1629438354.0,0.4123750329017639,,,,,,,,,-0.08749912971811746,-0.06837223712766251
adc,1629511267.0,0.0578750036656856,1629520303.0,1.03725004196167,1629529335.0,0.0307500008493661,1629538317.0,0.4943750202655792,,,,,,,,,0.26907794112526184,0.029285536227260794
adc,1629611254.0,-0.1177500039339065,1629620296.0,1.1756250858306885,1629629325.0,0.4923750162124634,1629638538.0,0.8133750557899475,,,,,,,,,0.0896667796790882,0.1722627992932211
adc,1629711257.0,-0.1157500073313713,1629720292.0,1.1641250848770142,1629729330.0,1.112625002861023,1629738313.0,1.3565000295639038,,,,,,,,,0.08829060602486466,0.16542239428914618
adc,1629811271.0,0.2141250073909759,1629820309.0,1.1536250114440918,1629829344.0,1.3631250858306885,1629838327.0,1.4566251039505005,,,,,,,,,0.4153358564055989,0.1597514280822056
adc,1629911261.0,-0.1196250021457672,1629920298.0,1.142375111579895,1629929334.0,1.4515000581741333,1629938320.0,1.4662500619888306,,,,,,,,,0.07929755573381067,0.15359012279392778
adc,1630011258.0,-0.3928750157356262,1630020298.0,0.7976250648498535,1630029330.0,0.9730000495910645,1630038317.0,1.1616250276565552,,,,,,,,,-0.1958220305611849,-0.18575179073910783
adc,1630111263.0,-0.4206250309944153,1630120298.0,0.7933750152587891,1630129336.0,0.0593750029802322,1630138384.0,0.6513750553131104,,,,,,,,,-0.2252180747843247,-0.1842394331231933
adc,1630211250.0,-0.3873750269412994,1630220288.0,0.9552500247955322,1630229319.0,0.015375000424683,1630238550.0,0.3266250193119049,,,,,,,,,-0.19360353853814377,-0.016227493160469453
adc,1630311256.0,-0.3661250174045563,1630320291.0,0.8756250143051147,1630329325.0,0.0050000003539025,1630338319.0,0.3803750276565552,,,,,,,,,-0.17416046103924648,-0.08932618941637464
adc,1630411264.0,-0.3155000209808349,1630420302.0,0.8456250429153442,1630429334.0,0.0013750001089647,1630438306.0,0.4547500312328338,,,,,,,,,-0.12563410660789998,-0.11239976631231874
adc,1630511256.0,-0.1432500034570694,1630520291.0,0.9607500433921814,1630529324.0,0.0062500000931322,1630538807.0,0.3768750131130218,,,,,,,,,0.044174700985759846,0.010049399088639194
adc,1630611259.0,0.111000008881092,1630620295.0,0.9626250267028807,1630629328.0,0.0698750019073486,1630638342.0,0.549750030040741,,,,,,,,,0.2956463936948339,0.01961411070917999
adc,1630711251.0,-0.0436250008642673,1630720290.0,1.1301250457763672,1630729325.0,0.9325000643730164,1630738804.0,0.9655000567436218,,,,,,,,,0.1379426760880944,0.1950878838792341
adc,1630811251.0,-0.2632500231266022,1630820282.0,1.1163750886917114,1630829314.0,1.138750076293945,1630838810.0,1.2903751134872437,,,,,,,,,-0.08501922985426119,0.1894505587581466
adc,1630911264.0,0.1987500041723251,1630920305.0,1.111375093460083,1630929344.0,1.3598750829696655,1630938834.0,1.308250069618225,,,,,,,,,0.3734164927189748,0.1924919096758514
adc,1631011256.0,-0.2491250187158584,1631020296.0,0.9390000700950624,1631029327.0,1.1766250133514404,1631038377.0,1.0516250133514404,,,,,,,,,-0.07823429439999521,0.027828093005295956
adc,1631111257.0,-0.4206250309944153,1631120285.0,0.6227500438690186,1631129317.0,0.3631250262260437,1631138495.0,0.6065000295639038,,,,,,,,,-0.2537109101421565,-0.2813149121913303
adc,1631211254.0,-0.309000015258789,1631220301.0,0.7548750638961792,1631229330.0,-0.0015000000130385,1631238517.0,0.3176250159740448,,,,,,,,,-0.14624148916666124,-0.14293230387986
adc,1631311262.0,-0.2518750131130218,1631320302.0,0.8660000562667847,1631329338.0,0.0070000002160668,1631338543.0,0.3420000076293945,,,,,,,,,-0.09340267376070116,-0.026571809539915545
adc,1631411262.0,-0.1508750021457672,1631420304.0,0.780750036239624,1631429336.0,0.0238750018179416,1631438382.0,0.4218750298023224,,,,,,,,,0.0032620551109543566,-0.10767548481314218
adc,1631511252.0,-0.150500014424324,1631520290.0,0.7902500629425049,1631529327.0,-0.0003750000032596,1631538533.0,0.3930000066757202,,,,,,,,,-0.0006383494957231256,-0.09506443695509928
adc,1631611257.0,0.0071250004693865,1631620287.0,0.8965000510215759,1631629323.0,0.0107500003650784,1631638406.0,0.3891250193119049,,,,,,,,,0.1528916843567805,0.013431927173040467
adc,1631711255.0,0.0037500001490116,1631720288.0,0.9533750414848328,1631729330.0,0.6718750596046448,1631738391.0,0.8738750219345093,,,,,,,,,0.14571340018647366,0.07195568369399183
adc,1631811264.0,-0.2322500050067901,1631820296.0,1.0830000638961792,1631829331.0,1.0636250972747805,1631838809.0,1.2535001039505005,,,,,,,,,-0.09371514640052642,0.20296479750172253
adc,1631911257.0,0.1241250038146972,1631920290.0,1.1233750581741333,1631929326.0,1.265375018119812,1631938539.0,1.3785001039505005,,,,,,,,,0.2596487263720567,0.24482592553465682
adc,1632011257.0,-0.2223750054836273,1632020291.0,0.8987500667572021,1632029326.0,1.323875069618225,1632038811.0,1.367875099182129,,,,,,,,,-0.08944605525030175,0.022163422751279277
adc,1632111264.0,-0.3390000164508819,1632120305.0,0.6378750205039978,1632129339.0,0.4586250185966491,1632138528.0,0.9611250162124634,,,,,,,,,-0.20829034034480812,-0.2359072164834762
adc,1632211261.0,-0.2438750118017196,1632220301.0,0.7422500252723694,1632229334.0,0.0877500027418136,1632238341.0,0.4193750321865082,,,,,,,,,-0.11508324741554218,-0.12753709512426387
adc,1632311264.0,-0.2218750119209289,1632320299.0,0.8655000329017639,1632329333.0,0.0211250018328428,1632338815.0,0.3641250133514404,,,,,,,,,-0.09480365785606336,0.0012251732664332257
adc,1632411266.0,-0.1801250129938125,1632420303.0,0.7627500295639038,1632429339.0,0.0222500003874301,1632438317.0,0.4237500131130218,,,,,,,,,-0.05471372287602504,-0.09420121762200105
adc,1632511249.0,-0.1610000133514404,1632520287.0,0.7945000529289246,1632529318.0,-0.0016250000335276,1632538546.0,0.3956250250339508,,,,,,,,,-0.037369614129670166,-0.05307248799929794
adc,1632611258.0,0.2787500023841858,1632620298.0,0.7442500591278076,1632629332.0,0.0208750013262033,1632638638.0,0.3918750286102295,,,,,,,,,0.4002404441654453,-0.09172203921969897
adc,1632711255.0,0.1672500073909759,1632720290.0,0.9222500324249268,1632729323.0,0.4796250164508819,1632738596.0,0.7897500395774841,,,,,,,,,0.28593919043031457,0.10015832486248942
adc,1632811265.0,-0.0346250012516975,1632820304.0,1.0096250772476196,1632829336.0,1.0831249952316284,1632838323.0,1.225250005722046,,,,,,,,,0.08024350079654077,0.2036141409386793
adc,1632911247.0,-0.2007500082254409,1632920280.0,1.1071250438690186,1632929314.0,1.34250009059906,1632938513.0,1.4237500429153442,,,,,,,,,-0.09110743573740085,0.319159137801826
adc,1633011249.0,-0.2541249990463257,1633020283.0,0.7983750104904175,1633029319.0,1.4500000476837158,1633038539.0,1.3297500610351562,,,,,,,,,-0.15148123692898358,0.03002579670771785
adc,1633111270.0,-0.228750005364418,1633120310.0,0.5708750486373901,1633129343.0,1.1110000610351562,1633138590.0,1.0876250267028809,,,,,,,,,-0.13517359395667178,-0.17681129447250182
adc,1633211258.0,-0.4351250231266022,1633220303.0,0.7943750619888306,1633229341.0,0.0913750007748603,1633238801.0,0.6143750548362732,,,,,,,,,-0.3528602917011904,0.06778498797484238
adc,1633311251.0,-0.1348749995231628,1633320285.0,0.6051250100135803,1633329322.0,-0.0032500000670552,1633338530.0,0.2462500184774398,,,,,,,,,-0.06619287823814823,-0.10057533822099907
adc,1633411254.0,-0.0435000024735927,1633420297.0,0.5447500348091125,1633429331.0,-0.0023750001564621,1633438333.0,0.301250010728836,,,,,,,,,0.009454394415896794,-0.14087016280298112
adc,1633511246.0,0.0131250005215406,1633520282.0,0.5148749947547913,1633529318.0,-0.0020000000949949,1633538558.0,0.433875024318695,,,,,,,,,0.04846183929452602,-0.15198328811306974
adc,1633611258.0,0.1277500092983245,1633620296.0,0.5748750567436218,1633629329.0,0.0007500000065192,1633638538.0,0.4041250050067901,,,,,,,,,0.14392221395097649,-0.07491128917905565
adc,1633711260.0,0.2400000095367431,1633720291.0,0.6676250100135803,1633729327.0,0.1665000021457672,1633738401.0,0.6582500338554382,,,,,,,,,0.23584159566952856,0.0330088062366756
adc,1633811258.0,0.1820000112056732,1633820298.0,0.7887500524520874,1633829333.0,0.9567500352859496,1633838575.0,1.1456249952316284,,,,,,,,,0.15672097032104415,0.16735368445348583
adc,1633911256.0,0.1220000088214874,1633920293.0,0.640250027179718,1633929333.0,1.2348750829696655,1633938820.0,1.395625114440918,,,,,,,,,0.07515355839197817,0.030225786032561198
adc,1634011248.0,0.1502500027418136,1634020287.0,0.7723750472068787,1634029325.0,1.48312509059906,1634038393.0,1.357250094413757,,,,,,,,,0.08169263917368685,0.1721072807334854
adc,1634111257.0,-0.0058750002644956,1634120295.0,0.5433750152587891,1634129326.0,1.36537504196167,1634138565.0,1.147125005722046,,,,,,,,,-0.09601233745522095,-0.04841614683149427
adc,1634211255.0,-0.231000006198883,1634220292.0,0.3845000267028808,1634229324.0,0.1880000084638595,1634238512.0,0.7908750176429749,,,,,,,,,-0.34231961900603025,-0.19968224020297853
adc,1634311272.0,-0.132625013589859,1634320301.0,0.5322500467300415,1634329337.0,0.0611250028014183,1634338764.0,0.4403750300407409,,,,,,,,,-0.26445095055942214,-0.044732284478036864
adc,1634411267.0,0.0480000004172325,1634420304.0,0.4732500314712524,1634429335.0,0.0215000007301569,1634438828.0,0.3225000202655792,,,,,,,,,-0.10336121375842214,-0.09647083402169523
adc,1634511265.0,0.0403750017285347,1634520303.0,0.3932500183582306,1634529334.0,0.0228750016540288,1634538824.0,0.4023750126361847,,,,,,,,,-0.12925414012881825,-0.16870725622840993
adc,1634611245.0,0.2832500040531158,1634620277.0,0.4593750238418579,1634629312.0,-0.0035000001080334,1634638295.0,0.3110000193119049,,,,,,,,,0.09688214330183048,-0.09395270900042904
adc,1634711262.0,0.6597500443458557,1634720299.0,1.086625099182129,1634729329.0,0.9347500205039978,1634738314.0,1.0472500324249268,,,,,,,,,0.458354027057935,0.5430337858193672
adc,1634811257.0,0.6778750419616699,1634820289.0,0.7776250243186951,1634829326.0,1.6975001096725464,1634838817.0,1.580125093460083,,,,,,,,,0.46322131586195975,0.24495971384662887
adc,1634911256.0,0.28575000166893,1634920301.0,0.6725000143051147,1634929338.0,2.119500160217285,1634938816.0,1.8332500457763672,,,,,,,,,0.05952763193974353,0.15186177461418374
adc,1635011253.0,0.3385000228881836,1635020289.0,0.4703750312328338,1635029321.0,2.1258749961853027,1635038382.0,1.8826251029968264,,,,,,,,,0.10218681592084797,-0.037377429629883496
adc,1635111254.0,0.0537500008940696,1635120290.0,0.4512500166893005,1635129327.0,1.6008750200271606,1635138351.0,1.5761250257492063,,,,,,,,,-0.19147578451234817,-0.04310645239492358
adc,1635211254.0,-0.4565000236034393,1635220293.0,0.1242500022053718,1635229329.0,-0.0082499999552965,1635238310.0,0.3026250004768371,,,,,,,,,-0.7097886691714781,-0.35658596993157887
adc,1635311268.0,0.2536250054836273,1635320304.0,0.5445000529289246,1635329342.0,0.0015000000130385,1635338406.0,0.1746250092983245,,,,,,,,,-0.007176709736163134,0.07696129919002889
adc,1635411261.0,-0.1284999996423721,1635420296.0,0.359250009059906,1635429328.0,-0.0048750001005828,1635438313.0,0.0891250073909759,,,,,,,,,-0.39649910031837404,-0.09545923748391724
adc,1635511249.0,0.127125009894371,1635520283.0,0.1991250067949295,1635529319.0,0.3335000276565552,1635538326.0,0.3351250290870666,,,,,,,,,-0.14791782230774164,-0.2433206294658712
adc,1635611259.0,1.2052500247955322,1635620302.0,0.2178750038146972,1635629339.0,1.4371250867843628,1635638333.0,1.1137501001358032,,,,,,,,,0.9232042537932736,-0.2128123500992259
adc,1635711255.0,0.2623750269412994,1635720294.0,0.2601250112056732,1635729319.0,2.1992502212524414,1635738306.0,1.7373751401901243,,,,,,,,,-0.02673534852914783,-0.1591103912188005
adc,1635811263.0,0.5826250314712524,1635820300.0,0.5920000076293945,1635829334.0,2.290625095367432,1635838834.0,1.8946250677108765,,,,,,,,,0.2862607549485953,0.18419807908096103
adc,1635911256.0,0.8132500648498535,1635920294.0,0.5258750319480896,1635929328.0,2.047625064849853,1635938373.0,1.8168751001358032,,,,,,,,,0.5092737217209369,0.1297964243616058
adc,1636011266.0,-0.1865000128746032,1636020305.0,1.189250111579895,1636029346.0,0.8236250281333923,1636038809.0,0.8667500615119934,,,,,,,,,-0.49864678798737805,0.8054426360411674
adc,1636111262.0,-0.3957500159740448,1636120299.0,0.3916250169277191,1636129332.0,-0.005125000141561,1636138537.0,0.1903750151395797,,,,,,,,,-0.7168270753555744,0.02078900531722816
adc,1636211264.0,0.0490000024437904,1636220299.0,0.1971250027418136,1636229331.0,-0.0058750002644956,1636238564.0,0.0413750037550926,,,,,,,,,-0.2819348987635812,-0.16001793323697033
adc,1636311262.0,0.1513750106096267,1636320295.0,0.0898750051856041,1636329330.0,-0.0027500002179294,1636338571.0,0.3308750092983246,,,,,,,,,-0.19045562737409852,-0.25295650601142405
adc,1636411256.0,1.1546250581741333,1636420295.0,0.1691250056028366,1636429329.0,1.0618751049041748,1636438825.0,0.9450000524520874,,,,,,,,,0.800811800087173,-0.1589732967857363
adc,1636511273.0,0.7092500329017639,1636520310.0,0.0021250001154839,1636529342.0,1.8983750343322756,1636538836.0,1.6483750343322754,,,,,,,,,0.34236960424524854,-0.3110664712746589
adc,1636611254.0,0.7845000624656677,1636620293.0,0.5986250042915344,1636629329.0,2.1786251068115234,1636638339.0,1.9280000925064087,,,,,,,,,0.4035129848988961,0.30025360080839747
adc,1636711262.0,0.6530000567436218,1636720295.0,0.3865000307559967,1636729330.0,1.8040001392364504,1636738334.0,1.6945000886917114,,,,,,,,,0.2569620343915195,0.1026198187352245
adc,1636811254.0,-0.4623750150203705,1636820292.0,0.3371250033378601,1636829333.0,0.4486250281333923,1636838784.0,0.5301250219345093,,,,,,,,,-0.8742365182269345,0.06720500705118247
adc,1636911256.0,-0.1745000034570694,1636920297.0,0.3801250159740448,1636929331.0,-0.0121250003576278,1636938810.0,0.166125014424324,,,,,,,,,-0.6026754186851141,0.12348866045800393
adc,1637011253.0,0.026375001296401,1637020285.0,0.0667500048875808,1637029317.0,-0.005125000141561,1637038319.0,0.2273750156164169,,,,,,,,,-0.4181925541294539,-0.17735463288677303
adc,1637111256.0,0.2518750131130218,1637120290.0,0.0546250008046627,1637129320.0,0.0873750075697898,1637138585.0,0.5940000414848328,,,,,,,,,-0.2086338387775904,-0.17769490349900555
adc,1637211259.0,1.4318751096725464,1637220292.0,-0.0138750011101365,1637229323.0,1.1848750114440918,1637238340.0,1.2133750915527344,,,,,,,,,0.9564706813585772,-0.2350695720171102
adc,1637311257.0,1.0563750267028809,1637320298.0,0.1977500021457672,1637329331.0,1.9913750886917116,1637338820.0,1.7211251258850098,,,,,,,,,0.567705988815857,-0.012817788989702789
adc,1637411251.0,1.0357500314712524,1637420296.0,0.4062500298023224,1637429329.0,1.8642500638961792,1637438316.0,1.7123750448226929,,,,,,,,,0.5359483476350015,0.20602280227365344
adc,1637511264.0,0.1780000030994415,1637520300.0,0.6632500290870667,1637529334.0,0.9490000605583192,1637538826.0,1.0290000438690186,,,,,,,,,-0.33043636858617365,0.47331153181181135
adc,1637611256.0,-0.3585000038146972,1637620294.0,0.1382500082254409,1637629327.0,0.0041249999776482,1637638513.0,0.1720000058412552,,,,,,,,,-0.8728605992851665,-0.04122368326912876
adc,1637711253.0,-0.0171250011771917,1637720291.0,0.055000003427267,1637729324.0,-0.0056250002235174,1637738511.0,0.1850000023841858,,,,,,,,,-0.5346356378444493,-0.11363108905980868
adc,1637811267.0,0.5845000147819519,1637820299.0,-0.055000003427267,1637829334.0,0.1401250064373016,1637838809.0,0.5676250457763672,,,,,,,,,0.06653879841898042,-0.21224359087514544
adc,1637911261.0,1.3566250801086426,1637920297.0,-0.0345000028610229,1637929332.0,0.8830000162124634,1637938824.0,1.0542500019073486,,,,,,,,,0.840703865117472,-0.1796795809888043
adc,1638011253.0,0.9807500243186952,1638020289.0,0.0811250060796737,1638029332.0,1.867875099182129,1638038806.0,1.7400001287460327,,,,,,,,,0.46901729719250057,-0.051217935482471486
adc,1638111260.0,0.8128750324249268,1638120302.0,0.3858750164508819,1638129328.0,1.6496250629425049,1638138412.0,1.6171250343322754,,,,,,,,,0.30701503857433754,0.2671986653406258
adc,1638211252.0,0.1340000033378601,1638220285.0,0.3228750228881836,1638229322.0,0.7923750281333923,1638238418.0,0.7856250405311584,,,,,,,,,-0.36485664368952647,0.21870772703988348
adc,1638311254.0,-0.2352500110864639,1638320287.0,0.0691250041127204,1638329315.0,0.085875004529953,1638338303.0,0.351250022649765,,,,,,,,,-0.7265626271804044,-0.01972731054118601
adc,1638411253.0,-0.1682500094175338,1638420291.0,-0.0417500026524066,1638429326.0,-0.0048750001005828,1638438393.0,0.2816250026226043,,,,,,,,,-0.6520459902219203,-0.11456501349192057
adc,1638511263.0,0.3912500143051147,1638520303.0,-0.0737500041723251,1638529334.0,0.0116250002756714,1638538322.0,0.4515000283718109,,,,,,,,,-0.08555959367254495,-0.12992696521215819
adc,1638611261.0,1.24875009059906,1638620296.0,-0.034875001758337,1638629330.0,0.8002500534057617,1638638338.0,1.1262500286102295,,,,,,,,,0.7779762191799687,-0.07395956478145352
adc,1638711250.0,1.330125093460083,1638720283.0,0.1330000013113021,1638729316.0,1.777125120162964,1638738536.0,1.6217501163482666,,,,,,,,,0.8640945820011805,0.11130382920924481
adc,1638811259.0,0.975000023841858,1638820291.0,0.1058750078082084,1638829324.0,1.3830000162124634,1638838388.0,1.402375102043152,,,,,,,,,0.5121498334802478,0.10170280616649413
adc,1638911264.0,-0.4056250154972076,1638920299.0,-0.0442500002682209,1638929337.0,0.2180000096559524,1638938558.0,0.5055000185966492,,,,,,,,,-0.8670523146051529,-0.030918282539798628
adc,1639011256.0,-0.4302500188350677,1639020291.0,-0.0622500032186508,1639029324.0,0.0733750015497207,1639038778.0,0.2462500184774398,,,,,,,,,-0.8921100640767519,-0.031580349685275205
adc,1639111255.0,0.1281250119209289,1639120292.0,-0.1282500028610229,1639129326.0,-0.0057500004768371,1639138535.0,0.2340000122785568,,,,,,,,,-0.3360055736350224,-0.08054115318295939
adc,1639211258.0,0.4562500119209289,1639220298.0,-0.1915000081062317,1639229333.0,-0.0052500003948807,1639238639.0,0.480750024318695,,,,,,,,,-0.011855094778158215,-0.12716896990790458
adc,1639311255.0,1.2822500467300415,1639320288.0,-0.0668750032782554,1639329321.0,1.1197500228881836,1639338799.0,1.246125102043152,,,,,,,,,0.8086871876534621,0.013555689679772304
adc,1639411252.0,1.2068750858306885,1639420284.0,0.1972500085830688,1639429316.0,1.9067500829696653,1639438308.0,1.499250054359436,,,,,,,,,0.7266301659117551,0.2931607777928062
adc,1639511259.0,0.8657500147819519,1639520288.0,-0.0285000018775463,1639529314.0,1.180500030517578,1639538784.0,1.136875033378601,,,,,,,,,0.3778482262824584,0.082178577452346
adc,1639611242.0,-0.4052500128746032,1639620279.0,-0.2126250118017196,1639629314.0,0.1197500079870224,1639638377.0,0.4083750247955322,,,,,,,,,-0.9015719465117046,-0.08797967079792804
adc,1639711258.0,-0.4311250150203705,1639720291.0,-0.2367500066757202,1639729321.0,-0.0061250003054738,1639738300.0,0.2495000064373016,,,,,,,,,-0.936463177528731,-0.09901873500165595
adc,1639811250.0,0.4482500255107879,1639820291.0,-0.2058750092983245,1639829327.0,-0.0053750001825392,1639838814.0,0.3318750262260437,,,,,,,,,-0.06657321199382688,-0.05600021786357058
adc,1639911261.0,1.3463751077651978,1639920302.0,-0.1725000143051147,1639929338.0,0.1930000036954879,1639938818.0,0.7673750519752502,,,,,,,,,0.8216866038260371,-0.011458018696395171
adc,1640011254.0,1.2976250648498535,1640020305.0,-0.1893750131130218,1640029335.0,1.6476250886917114,1640038359.0,1.5380001068115234,,,,,,,,,0.7627369934096826,-0.01814234835881142
adc,1640111259.0,0.9643750190734864,1640120298.0,-0.1165000051259994,1640129328.0,1.6140000820159912,1640138338.0,1.5035001039505005,,,,,,,,,0.418957119977866,0.06398101398407374
adc,1640211269.0,-0.2532500028610229,1640220307.0,-0.1830000132322311,1640229337.0,0.6627500057220459,1640238536.0,0.7881250381469727,,,,,,,,,-0.8095475688144435,0.005851508300365791
adc,1640311261.0,0.0546250008046627,1640320303.0,-0.1843750029802322,1640329336.0,0.1213750094175338,1640338346.0,0.4445000290870666,,,,,,,,,-0.5129098244159827,0.012056203687431988
adc,1640411257.0,-0.0291250012814998,1640420297.0,-0.2881250083446502,1640429331.0,-0.0050000003539025,1640438410.0,0.3263750076293945,,,,,,,,,-0.6082134368421647,-0.08480488562755861
adc,1640511252.0,0.4921250343322754,1640520292.0,-0.2721250057220459,1640529324.0,-0.0047500003129243,1640538566.0,0.4408750236034393,,,,,,,,,-0.09872495188575603,-0.06250398859248102
adc,1640611256.0,1.2912501096725464,1640620284.0,-0.1092500016093254,1640629324.0,1.1187500953674316,1640638299.0,1.1947500705718994,,,,,,,,,0.6885939245559619,0.10617917130122959
adc,1640711255.0,1.327625036239624,1640720292.0,-0.0945000052452087,1640729329.0,1.861375093460083,1640738527.0,1.5971250534057615,,,,,,,,,0.713298789044051,0.1263237877510332
adc,1640811270.0,0.8141250610351562,1640820308.0,-0.1675000041723251,1640829344.0,1.2761250734329224,1640838549.0,1.3413751125335691,,,,,,,,,0.18841872147862382,0.058363059650405884
adc,1640911249.0,-0.1071250066161155,1640920278.0,-0.3033750057220459,1640929306.0,0.3126250207424164,1640938424.0,0.5550000071525574,,,,,,,,,-0.743827668658157,-0.07279019347365087
adc,1641011256.0,0.2036250084638595,1641020293.0,-0.3217500150203705,1641029326.0,-0.0036250001285225,1641038541.0,0.2758750021457672,,,,,,,,,-0.44367049084966487,-0.08673709698663738
adc,1641111254.0,0.5056250095367432,1641120290.0,-0.2707500159740448,1641129325.0,-0.0040000001899898,1641138549.0,0.316625028848648,,,,,,,,,-0.1519135595387236,-0.03158269780427368
adc,1641211245.0,1.3128750324249268,1641220285.0,-0.2452500164508819,1641229317.0,0.1338750123977661,1641238428.0,0.6338750123977661,,,,,,,,,0.6453240845586065,-0.00217580319660593
adc,1641311253.0,1.4848750829696655,1641320290.0,-0.2011250108480453,1641329326.0,1.4967501163482666,1641338790.0,1.479875087738037,,,,,,,,,0.8073733191132768,0.04564865622241235
adc,1641411263.0,1.1483750343322754,1641420292.0,-0.203000009059906,1641429326.0,1.574000120162964,1641438803.0,1.436750054359436,,,,,,,,,0.4607952367482256,0.047323373495427784
adc,1641511250.0,-0.0177500005811452,1641520287.0,-0.3372500240802765,1641529320.0,0.5630000233650208,1641538539.0,0.5672500133514404,,,,,,,,,-0.7156915101864831,-0.08345131124028995
adc,1641611253.0,0.0090000005438923,1641620289.0,-0.2813750207424164,1641629317.0,0.0816250070929527,1641638665.0,0.3292500078678131,,,,,,,,,-0.6996436881399106,-0.02408575055046831
adc,1641711256.0,-0.052250001579523,1641720292.0,-0.2900000214576721,1641729326.0,-0.0035000001080334,1641738332.0,0.3115000128746032,,,,,,,,,-0.7718319986980133,-0.029107799278838685
adc,1641811261.0,0.6263750195503235,1641820299.0,-0.3598750233650207,1641829332.0,-0.0015000000130385,1641838648.0,0.4660000205039978,,,,,,,,,-0.1040867153650113,-0.09517262159042748
adc,1641911269.0,1.4341250658035278,1641920310.0,-0.0880000069737434,1641929345.0,1.1246250867843628,1641938833.0,1.100000023841858,,,,,,,,,0.6933083267247347,0.1808002013121522
adc,1642011256.0,1.2193750143051147,1642020307.0,-0.1468750089406967,1642029341.0,1.6940001249313354,1642038815.0,1.390125036239624,,,,,,,,,0.46930239870768026,0.12636460246263595
adc,1642111255.0,0.9852500557899476,1642120293.0,-0.3128750026226043,1642129329.0,1.1201250553131104,1642138316.0,1.0200001001358032,,,,,,,,,0.22761602506938172,-0.034835602878196995
adc,1642211262.0,0.9190000295639038,1642220302.0,-0.332375019788742,1642229333.0,0.3132500052452087,1642238397.0,0.53125,,,,,,,,,0.1560281105902704,-0.04919488158113028
adc,1642311263.0,-0.3533750176429748,1642320303.0,-0.3537500202655792,1642329329.0,-0.0066250003874301,1642338321.0,0.203000009059906,,,,,,,,,-1.1190700739419417,-0.06514286720040455
adc,1642411243.0,0.5136250257492065,1642420284.0,-0.3383750021457672,1642429315.0,-0.0021250001154839,1642438372.0,0.3320000171661377,,,,,,,,,-0.25197802840102157,-0.044137333941186706
adc,1642511255.0,1.5226250886917114,1642520289.0,-0.2551250159740448,1642529322.0,0.4742500185966491,1642538346.0,0.6705000400543213,,,,,,,,,0.7599007250933304,0.04484447335377341
adc,1642611245.0,1.5581250190734863,1642620282.0,-0.210750013589859,1642629312.0,1.6878750324249268,1642638307.0,1.5217500925064087,,,,,,,,,0.8007858600258162,0.09493951074542195
adc,1642711260.0,1.1136250495910645,1642720299.0,-0.3117500245571136,1642729337.0,1.4757500886917114,1642738414.0,1.3631250858306885,,,,,,,,,0.3636461777126153,-0.00046823169673096757
adc,1642811254.0,0.0066250003874301,1642820295.0,-0.3786250054836273,1642829329.0,0.5081250071525574,1642838420.0,0.6680000424385071,,,,,,,,,-0.7347679705029544,-0.06198985614574306
adc,1642911250.0,-0.0561250038444995,1642920288.0,-0.382500022649765,1642929324.0,0.0516250021755695,1642938799.0,0.2832500040531158,,,,,,,,,-0.788608991364744,-0.06084964975830738
adc,1643011263.0,0.5631250143051147,1643020305.0,-0.3525000214576721,1643029343.0,-0.0011250000679865,1643038829.0,0.3065000176429748,,,,,,,,,-0.16110051124116737,-0.026254660970260694
adc,1643111252.0,0.9553750157356262,1643120292.0,-0.3787500262260437,1643129323.0,-0.0010000000474974,1643138449.0,0.4540000259876251,,,,,,,,,0.23779265636003288,-0.04839299062101542
adc,1643211249.0,1.5725001096725464,1643220287.0,-0.1883750110864639,1643229320.0,1.2660000324249268,1643238348.0,1.3167500495910645,,,,,,,,,0.8590571869210896,0.14556461704376386
adc,1643311264.0,1.1971250772476196,1643320297.0,-0.273375004529953,1643329331.0,1.7033751010894775,1643338815.0,1.41462504863739,,,,,,,,,0.4845639552851943,0.06358551862414762
adc,1643411258.0,0.3701250255107879,1643420298.0,-0.4011250138282776,1643429330.0,0.6183750033378601,1643438814.0,0.8487500548362732,,,,,,,,,-0.3453737101741679,-0.06172922039917578
adc,1643511257.0,0.0612500011920928,1643520292.0,-0.3703750073909759,1643529329.0,0.1101250052452087,1643538315.0,0.4766250252723694,,,,,,,,,-0.661316576595566,-0.029147901823035827
adc,1643611256.0,-0.0910000056028366,1643620289.0,-0.3917500078678131,1643629320.0,-0.0007500000065192,1643638304.0,0.2571250200271606,,,,,,,,,-0.8247758351421857,-0.04930971683492391
adc,1643711266.0,0.5555000305175781,1643720302.0,-0.3593750298023224,1643729341.0,-0.0003750000032596,1643738319.0,0.2862500250339508,,,,,,,,,-0.19331849589308986,-0.01635029350436961
adc,1643811264.0,1.475125074386597,1643820301.0,-0.2962500154972076,1643829330.0,0.4945000112056732,1643838310.0,0.9036250710487366,,,,,,,,,0.7080347080105368,0.046722766269548424
adc,1643911265.0,1.5507500171661377,1643920298.0,-0.2583750188350677,1643929332.0,1.6820000410079956,1643938788.0,1.480125069618225,,,,,,,,,0.7629972900623644,0.08390426873736163
adc,1644011259.0,1.1301250457763672,1644020298.0,-0.3071250021457672,1644029334.0,1.4227501153945925,1644038318.0,1.3066250085830688,,,,,,,,,0.3203094894572648,0.033817436292456364
adc,1644111257.0,0.1733750104904174,1644120299.0,-0.410500019788742,1644129342.0,0.3087500035762787,1644138562.0,0.624625027179718,,,,,,,,,-0.6588446105571295,-0.07153316227738668
adc,1644211255.0,0.4236250221729278,1644220295.0,-0.3977500200271606,1644229328.0,0.0071250004693865,1644238333.0,0.2537500262260437,,,,,,,,,-0.43028169478954015,-0.06138094893874929
adc,1644311255.0,0.5197499990463257,1644320292.0,-0.301125019788742,1644329331.0,0.0003750000032596,1644338814.0,0.335625022649765,,,,,,,,,-0.3541301821809443,0.03205907471619327
adc,1644411260.0,1.2230000495910645,1644420301.0,-0.2826250195503235,1644429336.0,0.0005000000237487,1644438347.0,0.5190000534057617,,,,,,,,,0.33173636929120437,0.046846389074228376
adc,1644511262.0,1.4231250286102295,1644520296.0,-0.3071250021457672,1644529329.0,1.3077501058578491,1644538548.0,1.3543750047683716,,,,,,,,,0.5177645982052286,0.018194055448019986
adc,1644611272.0,1.290125012397766,1644620310.0,-0.3251250088214874,1644629341.0,1.5782500505447388,1644638325.0,1.30287504196167,,,,,,,,,0.3744203467695289,-0.00427979807792862
adc,1644711265.0,0.7820000648498535,1644720311.0,-0.4247500300407409,1644729351.0,0.5360000133514404,1644738846.0,0.7673750519752502,,,,,,,,,-0.14009203226173111,-0.10855352531957593
adc,1644811259.0,0.8033750653266907,1644820297.0,-0.3882500231266022,1644829330.0,0.1313749998807907,1644838310.0,0.371500015258789,,,,,,,,,-0.12120549007324838,-0.07670804176665867
adc,1644911265.0,0.502625048160553,1644920305.0,-0.363750010728836,1644929340.0,0.0007500000065192,1644938807.0,0.2658750116825104,,,,,,,,,-0.42083715772049857,-0.05668862496827694
adc,1645011260.0,0.5867500305175781,1645020304.0,-0.3225000202655792,1645029339.0,0.0038750001695007,1645038798.0,0.4390000104904175,,,,,,,,,-0.3324670582041216,-0.019572261862849265
adc,1645111251.0,1.622875094413757,1645120278.0,-0.0025000001769512,1645129315.0,0.9941250681877136,1645138318.0,1.071000099182129,,,,,,,,,0.7104160162123591,0.2967865425398013
adc,1645211252.0,1.1173750162124634,1645220284.0,-0.2215000092983245,1645229320.0,1.7816250324249268,1645238326.0,1.4758750200271606,,,,,,,,,0.213494780815148,0.07473570508903069
adc,1645311255.0,1.1128751039505005,1645320283.0,-0.3386250138282776,1645329322.0,1.17787504196167,1645338817.0,1.0262500047683716,,,,,,,,,0.218681618708741,-0.04481293351812082
adc,1645411249.0,0.5162500143051147,1645420287.0,-0.3662500083446502,1645429318.0,0.2837500274181366,1645438300.0,0.4880000352859497,,,,,,,,,-0.3678228416296824,-0.07426304858566028
adc,1645511255.0,-0.122125007212162,1645520288.0,-0.3925000131130218,1645529324.0,0.0013750001089647,1645538531.0,0.1672500073909759,,,,,,,,,-0.9962213705751259,-0.1018290937930808
adc,1645611253.0,0.6501250267028809,1645620298.0,-0.2895000278949737,1645629332.0,0.0112500004470348,1645638339.0,0.3115000128746032,,,,,,,,,-0.21457804370197686,0.00022442902417833116
adc,1645711265.0,1.552375078201294,1645720307.0,-0.1815000027418136,1645729340.0,0.4988750219345093,1645738323.0,0.8025000095367432,,,,,,,,,0.6962002094803152,0.10747112213686373
adc,1645811258.0,1.6062500476837158,1645820297.0,-0.2505000233650207,1645829331.0,1.792500138282776,1645838532.0,1.5165001153945925,,,,,,,,,0.7576069287399971,0.037711014288800325
adc,1645911257.0,1.545875072479248,1645920296.0,-0.2802500128746032,1645929333.0,1.6970000267028809,1645938404.0,1.58650004863739,,,,,,,,,0.7037669886543636,0.0069841991966067
adc,1646011260.0,-0.4208750128746032,1646020299.0,-0.4405000209808349,1646029338.0,0.277750015258789,1646038810.0,0.3353750109672546,,,,,,,,,-1.2573314696956959,-0.1546666390372744
adc,1646111260.0,0.1727500110864639,1646120294.0,-0.3938750326633453,1646129330.0,0.0011250000679865,1646138545.0,0.1500000059604644,,,,,,,,,-0.6587226659904366,-0.11006000783278884
adc,1646211262.0,0.5866250395774841,1646220300.0,-0.2303750067949295,1646229333.0,0.0127500006929039,1646238600.0,0.3418750166893005,,,,,,,,,-0.2402284765484984,0.050631788931588456
adc,1646311254.0,1.383625030517578,1646320290.0,-0.1170000061392784,1646329325.0,0.0598750039935112,1646338343.0,0.5952500104904175,,,,,,,,,0.5613863115164154,0.16026058007563165
adc,1646411255.0,1.8031251430511477,1646420292.0,-0.236500009894371,1646429324.0,1.805000066757202,1646438569.0,1.5557501316070557,,,,,,,,,0.9858655292836818,0.03595257572946779
adc,1646511266.0,1.0877500772476196,1646520303.0,-0.2377500087022781,1646529339.0,1.7183750867843628,1646538341.0,1.47712504863739,,,,,,,,,0.2761568569462216,0.028733179023088216
adc,1646611258.0,-0.3953750133514404,1646620295.0,-0.382625013589859,1646629329.0,0.6643750071525574,1646638337.0,0.7038750052452087,,,,,,,,,-1.2003803435890785,-0.12334601077472836
adc,1646711258.0,0.7111250162124634,1646720292.0,-0.3413750231266022,1646729332.0,0.037625003606081,1646738313.0,0.2237500101327896,,,,,,,,,-0.0862502793284349,-0.09057786209143064
adc,1646811247.0,0.4363750219345093,1646820285.0,-0.1566250026226043,1646829323.0,0.0032500000670552,1646838418.0,0.2647500038146972,,,,,,,,,-0.3523325249959171,0.08440539428488594
adc,1646911248.0,1.3626251220703125,1646920281.0,-0.1665000021457672,1646929313.0,0.0408750027418136,1646938292.0,0.6456250548362732,,,,,,,,,0.58348740366249,0.0635113844481949
adc,1647011257.0,1.7491251230239868,1647020293.0,-0.1046250015497207,1647029330.0,1.6637500524520874,1647038788.0,1.5067501068115234,,,,,,,,,0.9801921332606094,0.11319103132152243
adc,1647111260.0,1.164750099182129,1647120294.0,-0.2316250056028366,1647129323.0,1.7188750505447388,1647138521.0,1.4195001125335691,,,,,,,,,0.4062732731480182,-0.027058779757946905
adc,1647211254.0,-0.2553749978542328,1647220286.0,-0.3913750052452087,1647229325.0,0.6638750433921814,1647238392.0,0.7546250224113464,,,,,,,,,-1.0036037347991698,-0.20094311250632363
adc,1647311263.0,0.2175000160932541,1647320302.0,-0.2895000278949737,1647329337.0,0.0721250027418136,1647338815.0,0.2845000028610229,,,,,,,,,-0.521161781137799,-0.11386960059841951
adc,1647411252.0,0.3867500126361847,1647420286.0,-0.1146250069141388,1647429324.0,0.0041249999776482,1647438506.0,0.2333750128746032,,,,,,,,,-0.3434450467354252,0.04579568135424864
adc,1647511250.0,0.6097500324249268,1647520286.0,-0.150625005364418,1647529314.0,0.013625000603497,1647538338.0,0.4563750326633453,,,,,,,,,-0.11339213163387818,-0.005534935248840685
adc,1647611260.0,1.6886250972747805,1647620299.0,0.1891250163316726,1647629333.0,1.4326250553131104,1647638528.0,1.3543750047683716,,,,,,,,,0.970937483663838,0.31906117085033814
adc,1647711262.0,1.4720001220703125,1647720297.0,-0.1305000036954879,1647729329.0,1.6095000505447388,1647738544.0,1.3717501163482666,,,,,,,,,0.7581136205343914,-0.0152530118187372
adc,1647811263.0,-0.1141250059008598,1647820304.0,-0.2628750205039978,1647829335.0,0.5887500047683716,1647838563.0,0.6266250014305115,,,,,,,,,-0.8257992815526171,-0.161590857272103
adc,1647911258.0,0.2205000072717666,1647920293.0,-0.2073750048875808,1647929333.0,0.0035000001080334,1647938823.0,0.1901250034570694,,,,,,,,,-0.490376558015018,-0.11910464909744295
adc,1648011260.0,0.503000020980835,1648020298.0,-0.0653750002384185,1648029341.0,0.0040000001899898,1648038811.0,0.3003750145435333,,,,,,,,,-0.20822028582381052,0.011005317680019833
adc,1648111260.0,0.5671250224113464,1648120293.0,-0.1071250066161155,1648129325.0,0.0048750001005828,1648138413.0,0.5013750195503235,,,,,,,,,-0.14522946173049275,-0.04139177075116858
adc,1648211260.0,1.6828750371932983,1648220304.0,0.359125018119812,1648229341.0,1.355875015258789,1648238335.0,1.2863750457763672,,,,,,,,,0.9689903724954421,0.415511309899347
adc,1648311257.0,1.2135000228881836,1648320295.0,-0.0578750036656856,1648329331.0,1.607250094413757,1648338531.0,1.308750033378601,,,,,,,,,0.49808519901587434,-0.009543584187491516
adc,1648411251.0,0.0938750058412551,1648420290.0,-0.3111250102519989,1648429325.0,0.5558750033378601,1648438551.0,0.5910000205039978,,,,,,,,,-0.6227084861078316,-0.2696275088831032
adc,1648511253.0,0.5040000081062317,1648520290.0,-0.1822500079870224,1648529321.0,0.0625,1648538552.0,0.2972500026226043,,,,,,,,,-0.2130851522340586,-0.1464922459538028
adc,1648611253.0,0.4543750286102295,1648620290.0,-0.0446250028908252,1648629326.0,0.0045000002719461,1648638562.0,0.2851250171661377,,,,,,,,,-0.26230326101684803,-0.013685903937200122
adc,1648711255.0,0.3885000050067901,1648720295.0,0.0251250006258487,1648729331.0,0.0048750001005828,1648738325.0,0.488625019788742,,,,,,,,,-0.32668841752342365,0.05195470277697914
adc,1648811260.0,1.6911250352859497,1648820298.0,0.3570000231266022,1648829332.0,1.4530000686645508,1648838803.0,1.3617500066757202,,,,,,,,,0.9786120896519821,0.3801842068978975
adc,1648911264.0,1.224250078201294,1648920301.0,-0.1035000085830688,1648929341.0,1.6152501106262207,1648938830.0,1.3655000925064087,,,,,,,,,0.5156239326365955,-0.08377119364105956
adc,1649011259.0,-0.0396250002086162,1649020298.0,-0.2496250122785568,1649029332.0,0.4425000250339508,1649038807.0,0.5460000038146973,,,,,,,,,-0.7432027347608497,-0.2334548729430223
adc,1649111262.0,0.4035000205039978,1649120296.0,-0.0846250057220459,1649129327.0,0.0780000016093254,1649138549.0,0.2862500250339508,,,,,,,,,-0.29398070793049136,-0.07241723059062552
adc,1649211249.0,0.3963750302791595,1649220288.0,0.0626250058412551,1649229323.0,0.0041249999776482,1649238675.0,0.2750000059604645,,,,,,,,,-0.29411783070090325,0.07017434003077551
adc,1649311259.0,0.6920000314712524,1649320302.0,0.1021250039339065,1649329339.0,0.0041249999776482,1649338803.0,0.4505000114440918,,,,,,,,,0.00919939233384981,0.10404999571762027
adc,1649411262.0,1.7106250524520874,1649420300.0,0.1302500069141388,1649429333.0,1.5475000143051147,1649438807.0,1.402250051498413,,,,,,,,,1.0360139208023829,0.12535125548268458
adc,1649511261.0,0.940250039100647,1649520299.0,0.0993750020861625,1649529336.0,1.702625036239624,1649538545.0,1.4113750457763672,,,,,,,,,0.27410210927803047,0.0862701377325264
adc,1649611264.0,-0.2693750262260437,1649620302.0,-0.2852500081062317,1649629332.0,0.5213750004768372,1649638334.0,0.764875054359436,,,,,,,,,-0.9270187774779782,-0.30806057164537115
adc,1649711247.0,0.4167500138282776,1649720285.0,-0.0753750056028366,1649729318.0,0.0890000015497207,1649738410.0,0.3958750069141388,,,,,,,,,-0.23257730124256287,-0.10942805237753445
adc,1649811251.0,0.3030000030994415,1649820283.0,0.1497500091791153,1649829316.0,0.0041249999776482,1649838296.0,0.2485000044107437,,,,,,,,,-0.3384109467988047,0.10296983420422293
adc,1649911257.0,0.7052500247955322,1649920289.0,0.129375010728836,1649929328.0,0.0047500003129243,1649938799.0,0.4843750298023224,,,,,,,,,0.07116214492679751,0.06852545050318617
adc,1650011264.0,1.794750094413757,1650020292.0,0.1596250087022781,1650029333.0,1.601750135421753,1650038810.0,1.464750051498413,,,,,,,,,1.1672094593650562,0.08358818833301672
adc,1650111256.0,0.9001250267028809,1650120280.0,0.0350000001490116,1650129316.0,1.6851251125335691,1650138515.0,1.4252500534057615,,,,,,,,,0.2781737529741844,-0.05705139557084393
adc,1650211251.0,0.2447500079870224,1650220291.0,-0.1201250031590461,1650229320.0,0.4956250190734863,1650238351.0,0.565125048160553,,,,,,,,,-0.3727503171733515,-0.22868310313830947
adc,1650311254.0,-0.0151250008493661,1650320297.0,0.0485000014305114,1650329333.0,0.0232500005513429,1650338808.0,0.2411250174045562,,,,,,,,,-0.6294739335156505,-0.07670371361797601
adc,1650411247.0,0.19200000166893,1650420281.0,0.1653750091791153,1650429315.0,0.0046250000596046,1650438803.0,0.2457500100135803,,,,,,,,,-0.4206118811420445,0.02372685293228935
adc,1650511250.0,0.4091250300407409,1650520289.0,0.280875027179718,1650529328.0,0.0121250003576278,1650538340.0,0.4088750183582306,,,,,,,,,-0.20321173028817505,0.12327733750660864
adc,1650611257.0,1.7042500972747805,1650620294.0,0.6387500166893005,1650629325.0,1.427375078201294,1650638304.0,1.355250120162964,,,,,,,,,1.0907501741709893,0.46591565496029963
adc,1650711262.0,0.9760000705718994,1650720300.0,0.3083750009536743,1650729337.0,1.6953750848770142,1650738520.0,1.4063750505447388,,,,,,,,,0.3599823431940553,0.12114107986950112
adc,1650811249.0,0.0967500060796737,1650820287.0,-0.1018750071525573,1650829320.0,0.3355000019073486,1650838316.0,0.3976250290870666,,,,,,,,,-0.523012356271989,-0.3026415444665095
adc,1650911269.0,0.2745000123977661,1650920305.0,-0.0515000037848949,1650929339.0,0.0166250001639127,1650938798.0,0.195250004529953,,,,,,,,,-0.35007317972166274,-0.26498053450272163
adc,1651011259.0,0.3262500166893005,1651020292.0,0.2031250149011612,1651029325.0,0.0046250000596046,1651038386.0,0.3140000104904175,,,,,,,,,-0.3040135531062742,-0.02235072650064747
adc,1651111254.0,0.5490000247955322,1651120286.0,0.3301250040531158,1651129321.0,0.005125000141561,1651138305.0,0.5166250467300415,,,,,,,,,-0.08762938328735853,0.09324936681830523
adc,1651211258.0,1.7132500410079956,1651220291.0,0.418250024318695,1651229326.0,1.4760000705718994,1651238305.0,1.3916250467300415,,,,,,,,,1.0697870871915187,0.1704454542270674
adc,1651311250.0,0.9966250658035278,1651320284.0,0.2171250134706497,1651329315.0,1.492625117301941,1651338795.0,1.2820000648498535,,,,,,,,,0.34605811825053123,-0.04124695728293593
adc,1651411251.0,0.335625022649765,1651420287.0,0.1092500016093254,1651429318.0,0.4172500073909759,1651438304.0,0.5601250529289246,,,,,,,,,-0.32213497973171135,-0.15941275377896563
adc,1651511270.0,-0.2865000069141388,1651520312.0,0.1343750059604644,1651529348.0,0.002250000135973,1651538551.0,0.1631250083446502,,,,,,,,,-0.9513693325583876,-0.1443586669651176
adc,1651611256.0,0.171750009059906,1651620293.0,0.2788750231266022,1651629328.0,0.0057500004768371,1651638371.0,0.324625015258789,,,,,,,,,-0.49996780630078164,-0.009741413414650915
adc,1651711262.0,1.236625075340271,1651720297.0,0.4395000338554382,1651729329.0,0.0228750016540288,1651738324.0,0.4831250309944153,,,,,,,,,0.5585069530187184,0.14117228854268385
adc,1651811247.0,1.7255001068115234,1651820289.0,0.6345000267028809,1651829324.0,1.5628750324249268,1651838301.0,1.45187509059906,,,,,,,,,1.0416203382471947,0.3266164111302733
adc,1651911260.0,0.930125057697296,1651920295.0,0.2170000076293945,1651929326.0,1.36775004863739,1651938815.0,1.0563750267028809,,,,,,,,,0.24130233572124066,-0.10031311995978207
adc,1652011258.0,-0.0645000040531158,1652020296.0,0.1852500140666961,1652029338.0,0.3917500078678131,1652038810.0,0.5747500061988831,,,,,,,,,-0.757285079487116,-0.14141717006468452
adc,1652111256.0,-0.0333750024437904,1652120284.0,0.1123750060796737,1652129316.0,0.0031250000465661,1652138327.0,0.1496250033378601,,,,,,,,,-0.7289948017381491,-0.22364614158386575
adc,1652211258.0,0.327750027179718,1652220292.0,0.4546250104904175,1652229327.0,0.0058750002644956,1652238519.0,0.2475000172853469,,,,,,,,,-0.3694378574139197,0.10915154993232137
adc,1652311257.0,1.4996250867843628,1652320293.0,0.5485000014305115,1652329329.0,0.0086250007152557,1652338390.0,0.5507500171661377,,,,,,,,,0.8022661108757929,0.19335730837111503
adc,1652411252.0,1.7565001249313354,1652420290.0,0.5260000228881836,1652429324.0,1.6238750219345093,1652438793.0,1.4576250314712524,,,,,,,,,1.060478572990287,0.1608369094823606
adc,1652511254.0,0.6236250400543213,1652520289.0,0.2905000150203705,1652529329.0,1.1975001096725464,1652538558.0,1.1176249980926514,,,,,,,,,-0.06946746142951349,-0.0851768904447158
adc,1652611261.0,0.1318750083446502,1652620294.0,0.1830000132322311,1652629328.0,0.2606250047683716,1652638316.0,0.5857500433921814,,,,,,,,,-0.5566388734240527,-0.20382207208767658
adc,1652711263.0,-0.2593750059604645,1652720293.0,0.210750013589859,1652729324.0,0.0021250001154839,1652738315.0,0.1623750030994415,,,,,,,,,-0.9416107224364898,-0.18796821755560278
adc,1652811256.0,0.3511250019073486,1652820293.0,0.4770000278949737,1652829326.0,0.0495000034570694,1652838357.0,0.2483750134706497,,,,,,,,,-0.3230722167675467,0.06554584661600862
adc,1652911266.0,1.4795000553131104,1652920307.0,0.6423750519752502,1652929340.0,0.2323750108480453,1652938819.0,0.5408750176429749,,,,,,,,,0.8151787031670344,0.21729442980731453
adc,1653011264.0,1.6908750534057615,1653020299.0,0.5892500281333923,1653029331.0,1.7441251277923584,1653038311.0,1.5005000829696655,,,,,,,,,1.0383484865465376,0.14964309514766624
adc,1653111254.0,0.3986250162124634,1653120294.0,0.4350000321865082,1653129322.0,1.3870000839233398,1653138528.0,1.2531250715255735,,,,,,,,,-0.24012063006615958,-0.019998994350085966
adc,1653211259.0,0.0870000049471855,1653220297.0,0.379250019788742,1653229329.0,0.3843750059604645,1653238335.0,0.5877500176429749,,,,,,,,,-0.5359383191318567,-0.0919256181269823
adc,1653311254.0,-0.0297500006854534,1653320290.0,0.166125014424324,1653329323.0,0.0028750002384185,1653338302.0,0.1536250114440918,,,,,,,,,-0.6348441879526744,-0.3218788693696066
adc,1653411264.0,0.0887500047683715,1653420300.0,0.5840000510215759,1653429336.0,0.0070000002160668,1653438323.0,0.2293750047683715,,,,,,,,,-0.49648451071635663,0.07870214085322699
adc,1653511263.0,1.540000081062317,1653520303.0,0.7475000619888306,1653529339.0,0.4556250274181366,1653538567.0,0.705625057220459,,,,,,,,,0.9765765948290932,0.22467559848546714
adc,1653611253.0,1.464750051498413,1653620291.0,0.5473750233650208,1653629328.0,1.7463750839233398,1653638572.0,1.4603750705718994,,,,,,,,,0.9249610640727309,0.007058616962734431
adc,1653711262.0,0.4597500264644623,1653720307.0,0.3846250176429748,1653729344.0,1.1190000772476196,1653738836.0,0.9796250462532043,,,,,,,,,-0.05479148129789191,-0.17286724738405054
adc,1653811256.0,-0.2251250147819519,1653820295.0,0.5350000262260437,1653829327.0,0.2026250064373016,1653838393.0,0.4382500350475311,,,,,,,,,-0.7131033694820571,-0.03907919319490007
adc,1653911259.0,-0.3415000140666961,1653920293.0,0.476125031709671,1653929328.0,0.0048750001005828,1653938545.0,0.2040000110864639,,,,,,,,,-0.8019716646411605,-0.11371290876804416
adc,1654011256.0,0.0938750058412551,1654020297.0,0.7161250114440918,1654029330.0,0.0061250003054738,1654038323.0,0.3145000040531158,,,,,,,,,-0.3385762188733199,0.11153714634955066
adc,1654111248.0,1.6350001096725464,1654120286.0,0.9862500429153442,1654129319.0,0.831125020980835,1654138323.0,1.0317500829696655,,,,,,,,,1.2306053560900416,0.36802020703450433
adc,1654211265.0,1.1138750314712524,1654220304.0,0.6617500185966492,1654229338.0,1.839500069618225,1654238565.0,1.4908751249313354,,,,,,,,,0.7370490145793407,0.030988903627150538
adc,1654311246.0,-0.0275000017136335,1654320283.0,0.4447500109672546,1654329319.0,1.1820000410079956,1654338813.0,1.0443750619888306,,,,,,,,,-0.3778098180477597,-0.19752811253601837
adc,1654411256.0,-0.0656250044703483,1654420301.0,0.5887500047683716,1654429339.0,0.406000018119812,1654438817.0,0.5995000004768372,,,,,,,,,-0.3910567551967717,-0.06421564973069041
adc,1654511255.0,-0.4097500145435333,1654520292.0,0.480875015258789,1654529327.0,0.0047500003129243,1654538342.0,0.1466250121593475,,,,,,,,,-0.7125129451998475,-0.18220059887675327
adc,1654611274.0,-0.0727500021457672,1654620311.0,0.8280000686645508,1654629346.0,0.0065000001341104,1654638550.0,0.4241250157356262,,,,,,,,,-0.3555715914440866,0.1550997731068576
adc,1654711263.0,1.695625066757202,1654720297.0,1.143625020980835,1654729329.0,1.3478751182556152,1654738542.0,1.21875,,,,,,,,,1.429581067324511,0.4608812775044442
adc,1654811260.0,0.3857500255107879,1654820293.0,0.6813750267028809,1654829327.0,1.9436250925064087,1654838394.0,1.5308750867843628,,,,,,,,,0.13298315577585434,-0.011517245208981064
adc,1654911247.0,-0.1371250003576278,1654920291.0,-0.0928750038146972,1654929326.0,1.173875093460083,1654938344.0,0.9698750376701356,,,,,,,,,-0.3803385628152368,-0.7964600994960173
adc,1655011250.0,-0.0622500032186508,1655020283.0,0.7970000505447388,1655029317.0,0.3193750083446502,1655038537.0,0.4278750121593475,,,,,,,,,-0.2997269134932836,0.08201103331450493
adc,1655111251.0,-0.2281250059604644,1655120286.0,0.8407500386238098,1655129322.0,0.0065000001341104,1655138560.0,0.1897500157356262,,,,,,,,,-0.4636255626090611,0.11356658762202615
adc,1655211265.0,-0.0785000026226043,1655220300.0,0.8846250176429749,1655229333.0,0.0068750004284083,1655238575.0,0.3252500295639038,,,,,,,,,-0.31556789992620643,0.1444653756165348
adc,1655311259.0,1.6317501068115234,1655320298.0,1.03125,1655329330.0,1.4167500734329224,1655338317.0,1.3068751096725464,,,,,,,,,1.3899448640784842,0.27741806648960976
adc,1655411257.0,0.3585000038146972,1655420293.0,0.6845000386238098,1655429331.0,1.6973750591278076,1655438530.0,1.4252500534057615,,,,,,,,,0.10930340227225593,-0.08355478115593118
adc,1655511264.0,-0.2071250081062317,1655520303.0,0.4140000343322754,1655529333.0,0.7377500534057617,1655538343.0,0.914500057697296,,,,,,,,,-0.46572603709595956,-0.368640467555897
adc,1655611270.0,0.0031250000465661,1655620309.0,0.7606250643730164,1655629345.0,0.2017500102519989,1655638538.0,0.4210000336170196,,,,,,,,,-0.2661416551389064,-0.03675068015154023
adc,1655711263.0,-0.132750004529953,1655720302.0,0.9073750376701356,1655729339.0,0.0063750003464519,1655738562.0,0.2356250137090683,,,,,,,,,-0.4130953385810432,0.09533543235213895
adc,1655811255.0,-0.1173750087618827,1655820293.0,1.0231250524520874,1655829328.0,0.0073750005103647,1655838566.0,0.5139999985694885,,,,,,,,,-0.40829325667799626,0.19670252700983293
adc,1655911267.0,1.7631250619888306,1655920306.0,1.1183750629425049,1655929339.0,1.7066251039505005,1655938816.0,1.5455000400543213,,,,,,,,,1.463085659357017,0.2780312215140328
adc,1656011260.0,0.1162500083446502,1656020295.0,0.8063750267028809,1656029335.0,1.777250051498413,1656038326.0,1.5567500591278076,,,,,,,,,-0.19054420442404052,-0.04728791465295584
adc,1656111253.0,-0.2056250125169754,1656120286.0,0.593375027179718,1656129324.0,0.3893750309944153,1656138339.0,0.5920000076293945,,,,,,,,,-0.5159884285575365,-0.27290643822802174
adc,1656211259.0,-0.2057500034570694,1656220295.0,0.5300000309944153,1656229327.0,0.0317500010132789,1656238521.0,0.2666250169277191,,,,,,,,,-0.5158342161661695,-0.34813875344965106
adc,1656311255.0,-0.1275000125169754,1656320294.0,1.0320000648498535,1656329333.0,0.0061250003054738,1656338817.0,0.234250009059906,,,,,,,,,-0.4330069888074025,0.14279354292074203
adc,1656411256.0,1.377250075340271,1656420290.0,1.159500002861023,1656429325.0,0.248875007033348,1656438779.0,0.5731250047683716,,,,,,,,,1.0808027719932767,0.2600130458384626
adc,1656511253.0,1.4415000677108765,1656520287.0,1.1043750047683716,1656529316.0,1.7531250715255735,1656538307.0,1.5325000286102295,,,,,,,,,1.15847425063224,0.1953594676821348
adc,1656611261.0,-0.2036250084638595,1656620291.0,0.6910000443458557,1656629321.0,1.4763751029968262,1656638549.0,1.3407500982284546,,,,,,,,,-0.469305158782495,-0.22686372007091635
adc,1656711266.0,-0.1861250102519989,1656720305.0,0.7447500228881836,1656729338.0,0.296750009059906,1656738333.0,0.4980000257492065,,,,,,,,,-0.431261265901267,-0.18138884229469432
adc,1656811250.0,-0.3206250071525574,1656820286.0,0.9132500290870668,1656829323.0,0.0027500002179294,1656838381.0,0.2051250040531158,,,,,,,,,-0.5429657175077957,-0.02072975062303993
adc,1656911252.0,-0.1737500131130218,1656920291.0,1.099000096321106,1656929326.0,0.0228750016540288,1656938305.0,0.2477500140666961,,,,,,,,,-0.37212046849917424,0.15744902673292355
adc,1657011248.0,1.4371250867843628,1657020282.0,1.272000074386597,1657029310.0,0.5832500457763672,1657038325.0,0.8286250233650208,,,,,,,,,1.2627855656593279,0.3229648249354724
adc,1657111259.0,0.1226250082254409,1657120298.0,1.030500054359436,1657129338.0,1.7718751430511477,1657138556.0,1.579875111579895,,,,,,,,,-0.028688872666212978,0.07387813507015963
adc,1657211253.0,-0.3573750257492065,1657220292.0,0.4276250302791595,1657229326.0,1.0333750247955322,1657238537.0,0.9547500610351562,,,,,,,,,-0.48761136017123063,-0.5368673636954822
adc,1657311262.0,-0.19200000166893,1657320296.0,0.8683750629425049,1657329329.0,0.1413750052452087,1657338817.0,0.4405000209808349,,,,,,,,,-0.3038623466285811,-0.10442688071632326
adc,1657411265.0,-0.3253750205039978,1657420303.0,1.064750075340271,1657429336.0,0.003000000026077,1657438383.0,0.220875009894371,,,,,,,,,-0.42208825089330404,0.08308515227356641
adc,1657511261.0,-0.2813750207424164,1657520301.0,1.09375,1657529333.0,0.0031250000465661,1657538540.0,0.2681250274181366,,,,,,,,,-0.36643065038879397,0.10260281779308023
adc,1657611262.0,1.6447501182556152,1657620296.0,1.3997501134872437,1657629332.0,1.1132500171661377,1657638566.0,1.2226250171661377,,,,,,,,,1.567840111921329,0.3984845619145953
adc,1657711259.0,0.0945000052452087,1657720293.0,0.983500063419342,1657729331.0,1.7278751134872437,1657738316.0,1.408250093460083,,,,,,,,,0.022420068645531976,-0.028490179441912428
adc,1657811257.0,-0.3312500119209289,1657820297.0,0.4083750247955322,1657829330.0,0.6138750314712524,1657838530.0,0.6730000376701355,,,,,,,,,-0.4014374331737965,-0.614871326495135
adc,1657911262.0,-0.2101250141859054,1657920295.0,1.186500072479248,1657929330.0,0.0612500011920928,1657938313.0,0.2795000076293945,,,,,,,,,-0.28082866858510436,0.15158555426342002
adc,1658011248.0,-0.2985000014305115,1658020276.0,1.142875075340271,1658029310.0,0.002250000135973,1658038353.0,0.2662500143051147,,,,,,,,,-0.3714758610419152,0.09604117556811936
adc,1658111252.0,-0.019625000655651,1658120291.0,1.154125094413757,1658129323.0,0.0020000000949949,1658138325.0,0.4910000264644623,,,,,,,,,-0.09588339460539949,0.09531551337384196
adc,1658211255.0,1.315500020980835,1658220297.0,1.2783750295639038,1658229330.0,1.5783751010894775,1658238538.0,1.3258750438690186,,,,,,,,,1.2357458608028837,0.20775214394982766
adc,1658311258.0,-0.2996250092983246,1658320296.0,0.9922500252723694,1658329326.0,1.4467500448226929,1658338308.0,1.1759999990463257,,,,,,,,,-0.38228955241935114,-0.0897908901136851
adc,1658411254.0,-0.390500009059906,1658420292.0,1.0068750381469729,1658429324.0,0.3776250183582306,1658438805.0,0.6338750123977661,,,,,,,,,-0.47474148478985345,-0.08594815546417958
adc,1658511257.0,-0.3221250176429748,1658520296.0,0.7736250162124634,1658529330.0,0.0271250009536743,1658538305.0,0.3048750162124634,,,,,,,,,-0.40596309877167425,-0.3291017814169389
adc,1658611262.0,-0.3156250119209289,1658620305.0,1.1698750257492063,1658629347.0,0.0013750001089647,1658638343.0,0.184125006198883,,,,,,,,,-0.39658472032256076,0.05836128146081168
adc,1658711255.0,0.8567500114440918,1658720292.0,1.2656251192092896,1658729325.0,0.0495000034570694,1658738527.0,0.5855000019073486,,,,,,,,,0.7814335250990685,0.14666153673666785
adc,1658811252.0,1.2158750295639038,1658820290.0,1.2918750047683716,1658829323.0,1.724250078201294,1658838301.0,1.5391250848770142,,,,,,,,,1.1490051107924368,0.16698443842373767
adc,1658911260.0,-0.2212500125169754,1658920297.0,1.1266250610351562,1658929329.0,1.3848750591278076,1658938821.0,1.236875057220459,,,,,,,,,-0.2771075083111597,-0.002536127594737786
adc,1659011256.0,-0.4147500097751617,1659020293.0,1.074250102043152,1659029328.0,0.1730000078678131,1659038793.0,0.4100000262260437,,,,,,,,,-0.45753068669403807,-0.05745694732583112
adc,1659111254.0,-0.3633750081062317,1659120289.0,1.0017499923706057,1659129323.0,-0.0006250000442378,1659138413.0,0.1370000094175338,,,,,,,,,-0.39172915938522324,-0.13078025261109155
adc,1659211267.0,-0.2815000116825104,1659220304.0,1.2036250829696655,1659229336.0,0.0038750001695007,1659238505.0,0.320125013589859,,,,,,,,,-0.2949283097553408,0.07192371381091417
adc,1659311259.0,1.189500093460083,1659320294.0,1.336875081062317,1659329323.0,0.7205000519752502,1659338803.0,0.914375066757202,,,,,,,,,1.1905987191599428,0.2075235415296511
adc,1659411260.0,-0.2266250103712082,1659420299.0,1.1886250972747805,1659429332.0,1.773750066757202,1659438808.0,1.4607501029968262,,,,,,,,,-0.21225747614648122,0.06296556617429969
adc,1659511263.0,-0.3992500305175781,1659520295.0,0.8218750357627869,1659529332.0,0.8632500171661377,1659538547.0,0.8571250438690186,,,,,,,,,-0.3736097510587548,-0.29895989587813127
adc,1659611257.0,-0.4108750224113464,1659620287.0,1.0472500324249268,1659629319.0,0.2895000278949737,1659638370.0,0.5115000009536743,,,,,,,,,-0.3765035695798818,-0.06784949770173632
adc,1659711263.0,-0.3610000312328338,1659720297.0,1.0595000982284546,1659729330.0,0.0,1659738430.0,0.1520000100135803,,,,,,,,,-0.3207392312746498,-0.04917067537909112
adc,1659811257.0,-0.3005000054836273,1659820296.0,1.1142500638961792,1659829329.0,-0.0002500000118743,1659838820.0,0.3838750123977661,,,,,,,,,-0.25722420495223397,0.01249931216071963
adc,1659911257.0,1.4743751287460327,1659920294.0,1.4623750448226929,1659929325.0,1.3250000476837158,1659938805.0,1.2521250247955322,,,,,,,,,1.5180159686066617,0.3678537404355735
adc,1660011267.0,-0.3878750205039978,1660020305.0,1.1602500677108765,1660029347.0,1.7448750734329224,1660038365.0,1.4252500534057615,,,,,,,,,-0.3460752618959657,0.07310735982689481
adc,1660111261.0,-0.4351250231266022,1660120298.0,0.624250054359436,1660129334.0,0.5218750238418579,1660138343.0,0.6930000185966492,,,,,,,,,-0.3967611147485427,-0.45550265963992664
adc,1660211249.0,-0.4242500066757202,1660220279.0,1.0452500581741333,1660229313.0,0.0715000033378601,1660238546.0,0.3623750209808349,,,,,,,,,-0.3901961476148441,-0.027214982154491224
adc,1660311251.0,-0.3118750154972076,1660320295.0,1.1533750295639038,1660329330.0,-0.0002500000118743,1660338389.0,0.2435000091791153,,,,,,,,,-0.2822403476695492,0.08800582983922145
adc,1660411252.0,-0.0691250041127204,1660420285.0,1.0692501068115234,1660429317.0,-0.0001250000059371,1660438384.0,0.4906250238418579,,,,,,,,,-0.04328312880350532,0.010716541155340376
adc,1660511255.0,1.537625074386597,1660520303.0,1.3787500858306885,1660529339.0,1.627750039100647,1660538327.0,1.505750060081482,,,,,,,,,1.5609268931476703,0.3267394213750099
adc,1660611268.0,-0.3275000154972076,1660620302.0,1.0636250972747805,1660629331.0,1.4235000610351562,1660638635.0,1.2558751106262207,,,,,,,,,-0.3050407400979669,0.017784040103170612
adc,1660711265.0,-0.4361250102519989,1660720308.0,0.9036250710487366,1660729345.0,0.3673750162124634,1660738390.0,0.559249997138977,,,,,,,,,-0.4125967544925692,-0.1364275704540763
adc,1660811256.0,-0.4452500343322754,1660820291.0,0.6460000276565552,1660829327.0,-0.007250000257045,1660838500.0,0.1843750029802322,,,,,,,,,-0.4187758302769648,-0.38865554727687834
adc,1660911266.0,-0.3052500188350677,1660920305.0,1.087000012397766,1660929341.0,-0.0015000000130385,1660938357.0,0.2588750123977661,,,,,,,,,-0.2742255647842342,0.05736349042968633
adc,1661011261.0,1.3043750524520874,1661020294.0,1.2940000295639038,1661029329.0,0.5261250138282776,1661038538.0,0.8203750252723694,,,,,,,,,1.341074052080764,0.26904360901933877
adc,1661111257.0,-0.0367499999701976,1661120297.0,1.1792500019073486,1661129333.0,1.8285000324249268,1661138544.0,1.5641250610351562,,,,,,,,,0.00610784455021951,0.158697124136089
adc,1661211261.0,-0.4296250343322754,1661220296.0,0.8457500338554382,1661229330.0,1.107875108718872,1661238563.0,1.0638750791549685,,,,,,,,,-0.38085902401979066,-0.1705946806650913
adc,1661311268.0,-0.4246250092983246,1661320308.0,0.968250036239624,1661329345.0,0.2588750123977661,1661338819.0,0.5425000190734863,,,,,,,,,-0.3709507572831767,-0.0439856004701637
adc,1661411249.0,-0.4290000200271606,1661420295.0,0.8677500486373901,1661429329.0,-0.0031250000465661,1661438823.0,0.1652500033378601,,,,,,,,,-0.3720954351208753,-0.14036643840995458
adc,1661511250.0,-0.3068750202655792,1661520284.0,0.9640000462532043,1661529316.0,-0.0031250000465661,1661538512.0,0.3098750114440918,,,,,,,,,-0.2489505584649701,-0.03986775850064554
adc,1661611256.0,1.0855000019073486,1661620292.0,1.4610000848770142,1661629328.0,1.2476251125335691,1661638371.0,1.1825000047683716,,,,,,,,,1.1418976724732872,0.46163597151045715
adc,1661711268.0,-0.160625010728836,1661720301.0,0.8698750138282776,1661729332.0,1.6767500638961792,1661738318.0,1.4096250534057615,,,,,,,,,-0.1084149732038624,-0.1246042860411323
adc,1661811264.0,-0.4458750188350677,1661820301.0,0.8182500600814819,1661829334.0,0.6007500290870667,1661838327.0,0.7791250348091125,,,,,,,,,-0.400399892444728,-0.17084130431056976
adc,1661911262.0,-0.4287500083446502,1661920293.0,0.7855000495910645,1661929324.0,0.0193750001490116,1661938306.0,0.3398750126361847,,,,,,,,,-0.3922259017988633,-0.19758616266111445
adc,1662011253.0,-0.273125022649765,1662020287.0,1.0257500410079956,1662029325.0,-0.0027500002179294,1662038545.0,0.2824999988079071,,,,,,,,,-0.2472467581862318,0.04938765259760583
adc,1662111261.0,-0.1848750114440918,1662120302.0,0.9663750529289246,1662129334.0,-0.0033750000875443,1662138409.0,0.3396250307559967,,,,,,,,,-0.17067427335861385,-0.0024636266231259224
adc,1662211253.0,1.5131250619888306,1662220287.0,1.4480000734329224,1662229324.0,1.4262501001358032,1662238575.0,1.4260001182556152,,,,,,,,,1.515355117728895,0.4875363974343003
adc,1662311256.0,-0.1706250011920929,1662320289.0,0.8058750629425049,1662329323.0,1.1887500286102295,1662338377.0,1.0596250295639038,,,,,,,,,-0.17991778057549102,-0.14534829140494626
adc,1662411254.0,-0.4155000150203705,1662420293.0,0.8101250529289246,1662429323.0,0.1403750032186508,1662438408.0,0.5362500548362732,,,,,,,,,-0.43518846320810745,-0.13101756107255574
adc,1662511253.0,-0.4641250073909759,1662520294.0,0.7991250157356262,1662529331.0,-0.0090000005438923,1662538570.0,0.2397500127553939,,,,,,,,,-0.49251097384246056,-0.1311548681027541
adc,1662611253.0,-0.244375005364418,1662620291.0,0.9132500290870668,1662629325.0,0.0071250004693865,1662638425.0,0.3141250014305115,,,,,,,,,-0.2793288421886426,-0.005467635661111463
adc,1662711262.0,0.8448750376701355,1662720303.0,0.9642500281333924,1662729334.0,0.4633750319480896,1662738521.0,0.6832500100135803,,,,,,,,,0.8057527154375758,0.05769702349431571
adc,1662811250.0,0.7110000252723694,1662820288.0,1.0507500171661377,1662829326.0,1.7506251335144043,1662838565.0,1.4912500381469729,,,,,,,,,0.6702016231589856,0.15686001292372423
adc,1662911263.0,-0.3290000259876251,1662920305.0,0.7987500429153442,1662929342.0,1.1850000619888306,1662938540.0,1.1473751068115234,,,,,,,,,-0.36906777009411806,-0.08208384286077051
adc,1663011261.0,-0.4520000219345093,1663020294.0,0.8811250329017639,1663029320.0,0.5281250476837158,1663038677.0,0.6865000128746033,,,,,,,,,-0.4891782630990456,0.013639795956596045
adc,1663111248.0,-0.4398750066757202,1663120277.0,0.6666250228881836,1663129312.0,-0.0045000002719461,1663138629.0,0.2138750106096267,,,,,,,,,-0.472383001225505,-0.18730897256550205
adc,1663211262.0,-0.2378750145435333,1663220303.0,0.8022500276565552,1663229342.0,-0.0035000001080334,1663238544.0,0.4148750305175781,,,,,,,,,-0.26440312135769783,-0.038003998803455785
adc,1663311265.0,1.7533750534057615,1663320302.0,1.239875078201294,1663329332.0,0.8048750162124634,1663338801.0,1.084625005722046,,,,,,,,,1.7336061154117064,0.41337591338962165
adc,1663411264.0,-0.2931250035762787,1663420303.0,0.8597500324249268,1663429337.0,1.6572500467300415,1663438317.0,1.3250000476837158,,,,,,,,,-0.3059144014259002,0.0470497016622914
adc,1663511262.0,-0.4512500166893005,1663520303.0,0.426250010728836,1663529338.0,0.7282500267028809,1663538342.0,0.7877500653266907,,,,,,,,,-0.4573927589230606,-0.37261261568692283
adc,1663611252.0,-0.4162500202655792,1663620293.0,0.7296250462532043,1663629330.0,0.3577500283718109,1663638352.0,0.4483750164508819,,,,,,,,,-0.41658660659119007,-0.055337748283678954
adc,1663711259.0,-0.4352500140666961,1663720295.0,0.6768750548362732,1663729328.0,-0.0048750001005828,1663738323.0,0.1675000041723251,,,,,,,,,-0.431044856435735,-0.09407476081237531
adc,1663811256.0,-0.139500007033348,1663820299.0,0.8201250433921814,1663829333.0,-0.0035000001080334,1663838319.0,0.3327500224113464,,,,,,,,,-0.13233347579530932,0.06337348163839902
adc,1663911252.0,1.5946251153945925,1663920290.0,1.0720000267028809,1663929325.0,1.4322500228881836,1663938392.0,1.2847501039505005,,,,,,,,,1.60297007073064,0.3297127194972889
adc,1664011252.0,-0.1543750017881393,1664020289.0,0.8327500224113464,1664029317.0,1.4323750734329224,1664038802.0,1.20187509059906,,,,,,,,,-0.14673046287769198,0.10526790103841205
adc,1664111266.0,-0.4537500143051147,1664120299.0,0.4678750336170196,1664129333.0,0.4476250112056732,1664138826.0,0.6201250553131104,,,,,,,,,-0.448680403141889,-0.2444030595988325
adc,1664211259.0,-0.4632500112056732,1664220298.0,0.5708750486373901,1664229329.0,-0.0112500004470348,1664238340.0,0.2050000131130218,,,,,,,,,-0.4625250786319035,-0.12576482074259995
adc,1664311261.0,-0.296750009059906,1664320293.0,0.6326250433921814,1664329327.0,-0.0045000002719461,1664338386.0,0.1767500042915344,,,,,,,,,-0.3019325565158443,-0.04793076916230302
adc,1664411252.0,-0.0640000030398368,1664420294.0,0.7317500114440918,1664429327.0,-0.0031250000465661,1664438353.0,0.4991250336170196,,,,,,,,,-0.0763511855902686,0.06771224921208921
adc,1664511258.0,1.4431250095367432,1664520295.0,0.9318750500679016,1664529325.0,1.392625093460083,1664538307.0,1.3371250629425049,,,,,,,,,1.4227182205487838,0.2847543185958178
adc,1664611257.0,-0.2786250114440918,1664620294.0,0.6465000510215759,1664629329.0,1.3038750886917114,1664638544.0,1.239375114440918,,,,,,,,,-0.30755962638203105,0.016638947665222573
adc,1664711267.0,-0.4590000212192535,1664720303.0,0.4507500231266022,1664729335.0,0.6380000114440918,1664738553.0,0.7041250467300415,,,,,,,,,-0.4965114837314066,-0.16158108506584962
adc,1664811257.0,-0.4775000214576721,1664820290.0,0.4547500312328338,1664829328.0,0.0106250001117587,1664838331.0,0.3501250147819519,,,,,,,,,-0.5232333171927841,-0.13985943811444543
adc,1664911258.0,-0.1053750067949295,1664920299.0,0.5891250371932983,1664929332.0,-0.0032500000670552,1664938807.0,0.2358750104904174,,,,,,,,,-0.15861720739003612,0.01235396335281394
adc,1665011254.0,0.5522500276565552,1665020290.0,0.5508750081062317,1665029328.0,-0.0031250000465661,1665038372.0,0.2161250114440918,,,,,,,,,0.49249167691163165,-0.008004531551626948
adc,1665111256.0,0.7457500100135803,1665120294.0,0.596375048160553,1665129329.0,0.280875027179718,1665138526.0,0.6442500352859497,,,,,,,,,0.6806349959712722,0.05539019554519794
adc,1665211256.0,0.1806250065565109,1665220296.0,0.6197500228881836,1665229330.0,0.6441250443458557,1665238328.0,0.8300000429153442,,,,,,,,,0.11133963280595541,0.09662449022386205
adc,1665311253.0,-0.4010000228881836,1665320293.0,0.4296250343322754,1665329326.0,0.3785000145435333,1665338378.0,0.5520000457763672,,,,,,,,,-0.4733884637678099,-0.07570808010405577
adc,1665411251.0,0.1270000040531158,1665420291.0,0.515125036239624,1665429324.0,0.1761250048875808,1665438813.0,0.643750011920929,,,,,,,,,0.05233069345087705,0.027488278961640567
adc,1665511255.0,-0.0381250008940696,1665520297.0,0.4443750083446502,1665529330.0,0.0791250020265579,1665538326.0,0.4458750188350677,,,,,,,,,-0.11458474298562041,-0.025691871804371897
adc,1665611258.0,-0.0037500001490116,1665620296.0,0.4363750219345093,1665629339.0,0.0973750054836273,1665638330.0,0.597000002861023,,,,,,,,,-0.08188079673277217,-0.01628276207384617
adc,1665711254.0,0.038500003516674,1665720297.0,0.4481250345706939,1665729332.0,0.0172500014305114,1665738827.0,0.4126250147819519,,,,,,,,,-0.0415483550422584,0.012675392463251485
adc,1665811271.0,0.0805000066757202,1665820305.0,0.4267500340938568,1665829336.0,0.010250000283122,1665838820.0,0.5330000519752502,,,,,,,,,-0.002038233589750943,0.008259968861060363
adc,1665911255.0,0.0811250060796737,1665920292.0,0.4062500298023224,1665929325.0,0.0787500068545341,1665938803.0,0.6208750009536743,,,,,,,,,-0.0047384917541096125,0.004414948791043647
adc,1666011259.0,0.1377499997615814,1666020296.0,0.3945000171661377,1666029342.0,0.1178750023245811,1666038816.0,0.6427500247955322,,,,,,,,,0.04753643496896757,0.008950891465243737
adc,1666111256.0,0.1408750116825103,1666120292.0,0.3842500150203705,1666129322.0,0.5352500081062317,1666138330.0,0.7296250462532043,,,,,,,,,0.045172113579406065,0.014546355017302934
adc,1666211264.0,0.0792500004172325,1666220307.0,0.3466250300407409,1666229341.0,0.6860000491142273,1666238541.0,0.7191250324249268,,,,,,,,,-0.02312606871741372,-0.007749218078326771
adc,1666311266.0,0.1125000044703483,1666320294.0,0.3355000019073486,1666329330.0,0.6496250033378601,1666338316.0,0.6887500286102295,,,,,,,,,0.002283525852027752,-0.00413626483781867
adc,1666411255.0,0.1268750131130218,1666420290.0,0.3147500157356262,1666429324.0,0.565250039100647,1666438805.0,0.7130000591278076,,,,,,,,,0.007718325869949137,-0.010809709962927265
adc,1666511263.0,0.1288750022649765,1666520295.0,0.3150000274181366,1666529330.0,0.4595000147819519,1666538331.0,0.6841250061988831,,,,,,,,,-0.00021415760511483972,0.0027961489556230313
adc,1666611257.0,0.1556250005960464,1666620294.0,0.2930000126361847,1666629329.0,0.4980000257492065,1666638316.0,0.7726250290870667,,,,,,,,,0.01574831686733576,-0.006612296938863371
adc,1666711255.0,0.1648750007152557,1666720292.0,0.2870000004768371,1666729323.0,0.5950000286102295,1666738341.0,0.8063750267028809,,,,,,,,,0.013513086327372689,-0.0008090370259404549
adc,1666811261.0,0.147375002503395,1666820297.0,0.281125009059906,1666829329.0,0.6315000057220459,1666838804.0,0.7783750295639038,,,,,,,,,-0.016000672498713415,0.00432903803422517
adc,1666911253.0,0.1702500134706497,1666920294.0,0.2600000202655792,1666929329.0,0.6898750066757202,1666938807.0,0.7332500219345093,,,,,,,,,-0.005493886039520576,-0.006551867512518583
adc,1667011256.0,0.184125006198883,1667020298.0,0.2586250007152557,1667029332.0,0.7273750305175781,1667038783.0,0.7037500143051147,,,,,,,,,-0.004168386447749134,0.0015920099617755465
adc,1667111262.0,0.2016250044107437,1667120302.0,0.2470000088214874,1667129337.0,0.7152500152587891,1667138318.0,0.7195000052452087,,,,,,,,,0.0007682796676147759,-0.0011750231604769406
adc,1667211256.0,0.2165000140666961,1667220288.0,0.2392500042915344,1667229321.0,0.6951250433921814,1667238317.0,0.7640000581741333,,,,,,,,,0.0032234946223874596,-0.0006469434607571928
adc,1667311255.0,0.2220000177621841,1667320288.0,0.2277500182390213,1667329318.0,0.6181250214576721,1667338295.0,0.7566250562667847,,,,,,,,,-0.0034092002142172943,-0.004355887755754206
adc,1667411259.0,0.2412500083446502,1667420299.0,0.2145000100135803,1667429337.0,0.0955000072717666,1667438808.0,0.4561250209808349,,,,,,,,,0.004121751674355744,-0.010203606521037752
adc,1667511262.0,0.2495000064373016,1667520298.0,0.2127500027418136,1667529332.0,0.050000000745058,1667538420.0,0.4525000154972076,,,,,,,,,0.0011734713800471484,-0.0048436822094292285
adc,1667611252.0,0.2858750224113464,1667620293.0,0.2118750065565109,1667629329.0,0.1131250038743019,1667638324.0,0.6586250066757202,,,,,,,,,0.026956961011562988,0.001185338926777215
adc,1667711256.0,0.234250009059906,1667720296.0,0.2003750056028366,1667729330.0,0.0287500005215406,1667738553.0,0.6348750591278076,,,,,,,,,-0.03458872016276694,-0.003548286907411311
adc,1667811259.0,0.2782500088214874,1667820304.0,0.1911250054836273,1667829340.0,0.1000000014901161,1667838804.0,0.6785000562667847,,,,,,,,,0.00020369786015819302,-0.006127077569018342
adc,1667911256.0,0.2807500064373016,1667920292.0,0.2027500122785568,1667929328.0,0.3376250267028808,1667938326.0,0.7111250162124634,,,,,,,,,-0.005769889480870292,0.012084589601877981
adc,1668011260.0,0.3616250157356262,1668020290.0,0.2338750064373016,1668029319.0,0.5248750448226929,1668038358.0,0.8785000443458557,,,,,,,,,0.06736599181329397,0.049687041964461394
adc,1668111255.0,0.3400000035762787,1668120296.0,0.2053750157356262,1668129330.0,0.4986250102519989,1668138401.0,0.9811250567436218,,,,,,,,,0.03871731365911748,0.02749572175188392
adc,1668211265.0,0.1927500069141388,1668220307.0,0.166250005364418,1668229341.0,0.1987500041723251,1668238551.0,0.7861250638961792,,,,,,,,,-0.11487849680999968,-0.005579043537727441
adc,1668311258.0,0.2583750188350677,1668320294.0,0.1637500077486038,1668329324.0,0.1521250009536743,1668338787.0,0.6613750457763672,,,,,,,,,-0.0549777650302004,-0.0023973986494499645
adc,1668411260.0,0.2841250002384186,1668420295.0,0.1486250013113021,1668429328.0,0.2100000083446502,1668438559.0,0.7122500538825989,,,,,,,,,-0.03440783837602361,-0.012326806261055978
adc,1668511267.0,0.3165000081062317,1668520307.0,0.1448750048875808,1668529342.0,0.3192500174045563,1668538324.0,0.702375054359436,,,,,,,,,-0.00677232415527023,-0.01147659706781281
adc,1668611255.0,0.2611249983310699,1668620291.0,0.1198750063776969,1668629322.0,0.0346250012516975,1668638523.0,0.3762500286102295,,,,,,,,,-0.0665841558332774,-0.03255765476389838
adc,1668711256.0,0.4571250081062317,1668720301.0,0.1127500087022781,1668729332.0,-0.0018750000745058,1668738559.0,0.3041250109672546,,,,,,,,,0.12510182086775698,-0.036493891878292786
adc,1668811255.0,0.4796250164508819,1668820291.0,0.1283750087022781,1668829331.0,0.0215000007301569,1668838549.0,0.3681250214576721,,,,,,,,,0.14318534657470877,-0.018412143416637494
adc,1668911259.0,0.5585000514984131,1668920298.0,0.2432500123977661,1668929336.0,0.4563750326633453,1668938827.0,0.6995000243186951,,,,,,,,,0.21727687158272274,0.09823899027952772
adc,1669011272.0,0.3893750309944153,1669020305.0,0.1868750154972076,1669029337.0,0.8893750309944153,1669038823.0,1.0106250047683716,,,,,,,,,0.042716635045466966,0.04306655260156788
adc,1669111257.0,0.1073750033974647,1669120296.0,0.0808750018477439,1669129330.0,0.277875006198883,1669138531.0,0.6670000553131104,,,,,,,,,-0.2456421667954164,-0.062142277964378406
adc,1669211264.0,0.3032500147819519,1669220307.0,0.1362500041723251,1669229341.0,0.1141250059008598,1669238325.0,0.6375000476837158,,,,,,,,,-0.05726620395662823,-0.006173127345709817
adc,1669311256.0,0.3628750145435333,1669320287.0,0.1047500073909759,1669329320.0,0.3496250212192535,1669338382.0,0.6368750333786011,,,,,,,,,-0.00639855709563953,-0.03701550139205191
adc,1669411257.0,0.1808750033378601,1669420301.0,0.1191250085830688,1669429334.0,-0.0046250000596046,1669438600.0,0.2943750023841858,,,,,,,,,-0.1983977333491231,-0.021622838053581464
adc,1669511256.0,0.4550000131130218,1669520288.0,0.0832500010728836,1669529320.0,-0.0025000001769512,1669538352.0,0.4213750064373016,,,,,,,,,0.06465871439591847,-0.05580274605321751
adc,1669611273.0,0.5001250505447388,1669620314.0,0.1983750164508819,1669629345.0,-0.0042500002309679,1669638547.0,0.5106250047683716,,,,,,,,,0.09797798414941052,0.06201262984526189
adc,1669711254.0,0.3606250286102295,1669720292.0,0.1047500073909759,1669729319.0,0.2043750137090683,1669738389.0,0.8053750395774841,,,,,,,,,-0.053586500416590015,-0.027632992986739754
adc,1669811259.0,0.4355000257492065,1669820295.0,0.1411250084638595,1669829331.0,0.7596250176429749,1669838410.0,0.945750057697296,,,,,,,,,0.009561776076323645,0.014253720179290372
adc,1669911253.0,0.6006250381469727,1669920286.0,0.2490000128746032,1669929321.0,1.02162504196167,1669938523.0,0.8557500243186951,,,,,,,,,0.16397180256437915,0.12934002819017362
adc,1670011256.0,0.367000013589859,1670020288.0,0.0292500015348196,1670029323.0,0.5168750286102295,1670038317.0,0.8446250557899475,,,,,,,,,-0.07865491227003564,-0.08142985514918188
adc,1670111250.0,0.0575000010430812,1670120291.0,0.0666250064969062,1670129320.0,0.0840000063180923,1670138540.0,0.5730000138282776,,,,,,,,,-0.3947725289786697,-0.03335102034893464
adc,1670211263.0,0.288750022649765,1670220296.0,0.0585000030696392,1670229328.0,0.1111250072717666,1670238539.0,0.4506250321865082,,,,,,,,,-0.16718222058235804,-0.029217486301862498
adc,1670311255.0,0.4402500092983246,1670320293.0,0.0012500000884756,1670329325.0,0.0453750006854534,1670338620.0,0.4251250326633453,,,,,,,,,-0.015979870248794215,-0.07294936024069354
adc,1670411268.0,0.5875000357627869,1670420307.0,0.0883750021457672,1670429339.0,-0.0050000003539025,1670438814.0,0.3341250121593475,,,,,,,,,0.13449575602871702,0.02853786296824684
adc,1670511261.0,0.8393750190734863,1670520296.0,0.1652500033378601,1670529329.0,0.140500009059906,1670538439.0,0.6307500004768372,,,,,,,,,0.39297562900883143,0.12009892165782154
adc,1670611248.0,1.1623750925064087,1670620286.0,0.6688750386238098,1670629322.0,1.299125075340271,1670638482.0,1.4472501277923584,,,,,,,,,0.7254772326629899,0.638137488199982
adc,1670711263.0,0.3767500221729278,1670720299.0,-0.2281250059604644,1670729334.0,1.855375051498413,1670738411.0,1.7085000276565552,,,,,,,,,-0.04855939701099721,-0.24534950810764578
adc,1670811258.0,0.67125004529953,1670820305.0,-0.186375007033348,1670829339.0,1.8031251430511477,1670838779.0,1.561750054359436,,,,,,,,,0.2585450173978388,-0.1915867434604216
adc,1670911267.0,0.2877500057220459,1670920299.0,-0.1100000068545341,1670929336.0,1.221750020980835,1670938786.0,1.3030000925064087,,,,,,,,,-0.112551162062203,-0.1052028452174672
adc,1671011255.0,-0.1810000091791153,1671020295.0,-0.1881250143051147,1671029335.0,-0.002250000135973,1671038805.0,0.437375009059906,,,,,,,,,-0.5703129851764879,-0.17566644472596507
adc,1671111253.0,-0.0453750006854534,1671120290.0,-0.1801250129938125,1671129325.0,0.0447500012814998,1671138544.0,0.3650000095367431,,,,,,,,,-0.42617996618666404,-0.16249059653832432
adc,1671211263.0,-0.1390000134706497,1671220300.0,-0.1768750101327896,1671229332.0,-0.0023750001564621,1671238545.0,0.2673750221729278,,,,,,,,,-0.51457039929552,-0.15646553411601838
adc,1671311263.0,0.1416250020265579,1671320299.0,-0.0096250008791685,1671329335.0,-0.0015000000130385,1671338318.0,0.3002500236034393,,,,,,,,,-0.23243863163197487,0.011451614680718925
adc,1671411257.0,0.3181250095367431,1671420287.0,0.0150000005960464,1671429322.0,-0.0061250003054738,1671438374.0,0.3321250081062317,,,,,,,,,-0.058270872540085394,0.035093157961704036
adc,1671511254.0,1.202125072479248,1671520294.0,0.2585000097751617,1671529322.0,0.0171250011771917,1671538405.0,0.6170000433921814,,,,,,,,,0.819738653611,0.276517628106147
adc,1671611259.0,0.9477500319480896,1671620295.0,0.2470000088214874,1671629325.0,0.5751250386238098,1671638380.0,1.084750056266785,,,,,,,,,0.5561030256764269,0.26244005892771327
adc,1671711263.0,0.6765000224113464,1671720296.0,0.0206250008195638,1671729336.0,1.1246250867843628,1671738830.0,1.1690000295639038,,,,,,,,,0.2728301823871279,0.03354459662506448
adc,1671811257.0,0.4681250154972076,1671820290.0,-0.0734999999403953,1671829327.0,0.1936250030994415,1671838348.0,0.9485000371932985,,,,,,,,,0.0502302315351274,-0.06256078373810603
adc,1671911248.0,-0.324500024318695,1671920284.0,-0.037625003606081,1671929315.0,-0.0067500001750886,1671938302.0,0.2877500057220459,,,,,,,,,-0.7582463003612242,-0.027743847814676204
adc,1672011267.0,0.3551250100135803,1672020303.0,-0.0907500013709068,1672029334.0,-0.0057500004768371,1672038817.0,0.0872500017285347,,,,,,,,,-0.0955217919266565,-0.08072953152294757
adc,1672111260.0,0.304500013589859,1672120295.0,-0.0645000040531158,1672129329.0,0.0010000000474974,1672138347.0,0.3070000112056732,,,,,,,,,-0.16352341875807114,-0.052969701104919935
adc,1672211253.0,0.3173750042915344,1672220285.0,-0.1080000028014183,1672229320.0,0.0042500002309679,1672238400.0,0.2766250073909759,,,,,,,,,-0.16794787768650035,-0.0935078925364194
adc,1672311257.0,0.402625024318695,1672320293.0,-0.1197500079870224,1672329326.0,-0.0056250002235174,1672338307.0,0.3292500078678131,,,,,,,,,-0.09941672248643352,-0.10084437245141305
adc,1672411256.0,0.9068750143051147,1672420286.0,0.1058750078082084,1672429319.0,0.324625015258789,1672438304.0,0.6340000033378601,,,,,,,,,0.3891071437982002,0.13057112014697567
adc,1672511256.0,1.327875018119812,1672520296.0,0.0372500009834766,1672529331.0,0.8842500448226929,1672538337.0,0.8927500247955322,,,,,,,,,0.7956544694594891,0.06896912201528788
adc,1672611252.0,0.5722500085830688,1672620286.0,0.0490000024437904,1672629318.0,1.2761250734329224,1672638307.0,1.159250020980835,,,,,,,,,0.026975959680822392,0.08876595790266703
adc,1672711265.0,0.5168750286102295,1672720305.0,0.0025000001769512,1672729337.0,1.1985000371932983,1672738626.0,1.180375099182129,,,,,,,,,-0.04007783046680646,0.05107315713734481
adc,1672811261.0,0.0205000005662441,1672820296.0,-0.116625003516674,1672829332.0,0.2302500158548355,1672838818.0,0.9580000638961792,,,,,,,,,-0.5468979139213614,-0.05878640687987437
adc,1672911254.0,0.1195000037550926,1672920290.0,-0.0516250021755695,1672929321.0,0.0381250008940696,1672938525.0,0.5082499980926514,,,,,,,,,-0.4573154698587086,0.01561887253064605
adc,1673011261.0,0.8172500133514404,1673020300.0,-0.1666250079870224,1673029335.0,0.01450000051409,1673038325.0,0.3505000174045563,,,,,,,,,0.23182330887326558,-0.09014474550093463
adc,1673111245.0,0.410375028848648,1673120285.0,-0.1782500147819519,1673129321.0,-0.002250000135973,1673138425.0,0.3430000245571136,,,,,,,,,-0.18305780659354143,-0.09297600247433069
adc,1673211254.0,0.57750004529953,1673220297.0,-0.125,1673229333.0,-0.0053750001825392,1673238344.0,0.2822500169277191,,,,,,,,,-0.023500992985699104,-0.0315930468514675
adc,1673311258.0,1.0197499990463257,1673320290.0,-0.0556250028312206,1673329322.0,0.0070000002160668,1673338359.0,0.4926250278949737,,,,,,,,,0.4114836623129175,0.04510470461095038
adc,1673411257.0,1.112625002861023,1673420294.0,-0.0576250031590461,1673429327.0,0.7055000066757202,1673438810.0,0.9270000457763672,,,,,,,,,0.4972859689761369,0.04954207674911974
adc,1673511251.0,0.4237500131130218,1673520289.0,0.0040000001899898,1673529328.0,1.1916249990463257,1673538545.0,1.1953750848770142,,,,,,,,,-0.19855658491726447,0.11671725234018666
adc,1673611254.0,0.6568750143051147,1673620294.0,-0.1200000047683715,1673629326.0,1.4137500524520874,1673638399.0,1.24875009059906,,,,,,,,,0.02765140856970201,-0.002552679120507363
adc,1673711257.0,0.5360000133514404,1673720296.0,-0.2005000114440918,1673729327.0,1.0051250457763672,1673738415.0,1.1982500553131104,,,,,,,,,-0.10009166704185224,-0.07901298220008895
adc,1673811256.0,0.1063750013709068,1673820292.0,-0.1733750104904174,1673829328.0,0.0966250076889991,1673838824.0,0.6753750443458557,,,,,,,,,-0.5364643612735783,-0.04835442026973543
adc,1673911254.0,0.4946250319480896,1673920291.0,-0.184000015258789,1673929327.0,0.0010000000474974,1673938326.0,0.3650000095367431,,,,,,,,,-0.15469032109436007,-0.05572488438138729
adc,1674011249.0,0.5258750319480896,1674020288.0,-0.1872500032186508,1674029328.0,0.007250000257045,1674038316.0,0.3442500233650207,,,,,,,,,-0.12943100946212116,-0.05574637468410778
adc,1674111253.0,0.4817500114440918,1674120293.0,-0.199750006198883,1674129321.0,-0.005125000141561,1674138541.0,0.3150000274181366,,,,,,,,,-0.1788306006823172,-0.0647883113070886
adc,1674211260.0,1.0251250267028809,1674220297.0,-0.163000002503395,1674229329.0,-0.005125000141561,1674238549.0,0.3510000109672546,,,,,,,,,0.3601682774407046,-0.024120382342311196
adc,1674311246.0,1.252000093460083,1674320279.0,0.226375013589859,1674329312.0,0.4507500231266022,1674338785.0,0.8730000257492065,,,,,,,,,0.5836296001357224,0.3698085764919474
adc,1674411246.0,1.1330000162124634,1674420283.0,-0.1692500114440918,1674429321.0,1.0597500801086426,1674438812.0,1.299875020980835,,,,,,,,,0.46207132939732065,-0.020528370596480938
adc,1674511252.0,0.8417500257492065,1674520292.0,-0.0957500040531158,1674529325.0,1.419750094413757,1674538328.0,1.3827500343322754,,,,,,,,,0.1688254328191543,0.05900081564559408
adc,1674611245.0,0.5412500500679016,1674620283.0,-0.1968750059604644,1674629321.0,1.3047500848770142,1674638401.0,1.4317500591278076,,,,,,,,,-0.13355745187716533,-0.03543689325649722
adc,1674711253.0,0.077000007033348,1674720290.0,-0.2526250183582306,1674729326.0,0.1665000021457672,1674738556.0,0.990500032901764,,,,,,,,,-0.6001122621904272,-0.08399945242907375
adc,1674811266.0,0.5896250009536743,1674820303.0,-0.186375007033348,1674829337.0,0.0175000000745058,1674838798.0,0.6053750514984131,,,,,,,,,-0.09074316206444352,-0.010270052654847924
adc,1674911257.0,0.3576250076293945,1674920294.0,-0.2167500108480453,1674929328.0,0.0311250016093254,1674938775.0,0.460500031709671,,,,,,,,,-0.3273870646772688,-0.033103454737944696
adc,1675011262.0,0.5291250348091125,1675020301.0,-0.2528750002384186,1675029329.0,-0.0047500003129243,1675038808.0,0.3206250071525574,,,,,,,,,-0.16220232296343348,-0.06184824307867984
adc,1675111245.0,0.5488750338554382,1675120284.0,-0.2408750057220459,1675129317.0,-0.005125000141561,1675138539.0,0.2436250150203704,,,,,,,,,-0.15054444823136767,-0.04282431223313115
adc,1675211256.0,1.1726250648498535,1675220296.0,-0.1718750149011612,1675229327.0,0.0520000010728836,1675238625.0,0.675125002861023,,,,,,,,,0.46339734049319303,0.03269290208067256
adc,1675311260.0,1.0126250982284546,1675320299.0,-0.1613750010728836,1675329333.0,0.7708750367164612,1675338559.0,1.1876250505447388,,,,,,,,,0.2920627492296468,0.0491058453345534
adc,1675411255.0,0.8111250400543213,1675420289.0,-0.1436250060796737,1675429319.0,1.2415000200271606,1675438531.0,1.368250012397766,,,,,,,,,0.07797389639384333,0.07212223858871884
adc,1675511248.0,0.9272500276565552,1675520287.0,-0.2195000052452087,1675529322.0,1.3340001106262207,1675538413.0,1.39662504196167,,,,,,,,,0.1805699165818695,0.0008786394903246494
adc,1675611258.0,0.5005000233650208,1675620290.0,-0.2947500050067901,1675629320.0,0.6150000095367432,1675638296.0,1.3025000095367432,,,,,,,,,-0.26031966541242907,-0.07031382608313368
adc,1675711249.0,0.6857500076293945,1675720286.0,-0.2726249992847442,1675729318.0,0.028125001117587,1675738329.0,0.6301250457763672,,,,,,,,,-0.08948649780152404,-0.04460099706718804
adc,1675811260.0,0.7951250672340393,1675820296.0,-0.2657500207424164,1675829333.0,0.0182500015944242,1675838823.0,0.4832500219345093,,,,,,,,,0.005527966205472589,-0.0344706038871615
adc,1675911262.0,0.3935000300407409,1675920302.0,-0.2723750174045563,1675929333.0,0.0048750001005828,1675938801.0,0.374750018119812,,,,,,,,,-0.4100720477520091,-0.038016247043486454
adc,1676011254.0,0.8111250400543213,1676020289.0,-0.2791250050067901,1676029323.0,-0.0040000001899898,1676038804.0,0.3602500259876251,,,,,,,,,-0.005722072851864102,-0.04170567931461981
adc,1676111260.0,1.1090000867843628,1676120299.0,-0.1051250025629997,1676129335.0,-0.0038750001695007,1676138329.0,0.5561250448226929,,,,,,,,,0.27985748426404766,0.13547403396267832
adc,1676211261.0,1.0827500820159912,1676220299.0,-0.1001250073313713,1676229333.0,0.6763750314712524,1676238314.0,1.100000023841858,,,,,,,,,0.242511981016513,0.14387275540029287
adc,1676311258.0,0.9333750605583192,1676320299.0,-0.2593750059604645,1676329327.0,1.0985000133514404,1676338402.0,1.430750012397766,,,,,,,,,0.08338154329706408,-0.011710857613253342
adc,1676411255.0,0.8923750519752502,1676420297.0,-0.2352500110864639,1676429329.0,1.3161250352859497,1676438821.0,1.3561251163482666,,,,,,,,,0.034016206607766525,0.01634145262188392
adc,1676511250.0,0.9503750205039978,1676520285.0,-0.2896250188350677,1676529318.0,1.0235000848770142,1676538350.0,1.189500093460083,,,,,,,,,0.085006476277518,-0.03390175990592992
adc,1676611247.0,0.4638750255107879,1676620289.0,-0.3187500238418579,1676629325.0,0.0786250010132789,1676638321.0,0.6096250414848328,,,,,,,,,-0.4072479970454277,-0.05878316985684122
adc,1676711253.0,0.7507500648498535,1676720291.0,-0.3007500171661377,1676729324.0,0.0083750002086162,1676738321.0,0.3263750076293945,,,,,,,,,-0.12501462369229507,-0.03653915404900356
adc,1676811259.0,0.7910000085830688,1676820298.0,-0.3077500164508819,1676829332.0,-0.0033750000875443,1676838316.0,0.2485000044107437,,,,,,,,,-0.08845752197340927,-0.03940736907480045
adc,1676911261.0,0.8262500166893005,1676920297.0,-0.2852500081062317,1676929329.0,-0.0033750000875443,1676938372.0,0.3031250238418579,,,,,,,,,-0.0561265306179447,-0.012987490084581783
adc,1677011249.0,1.1405000686645508,1677020283.0,-0.2765000164508819,1677029317.0,-0.0038750001695007,1677038548.0,0.3953750133514404,,,,,,,,,0.2557924226939168,-0.0006069207263863785
adc,1677111253.0,1.121125102043152,1677120288.0,-0.2021250128746032,1677129323.0,0.4073750078678131,1677138559.0,1.0028750896453855,,,,,,,,,0.23447244769775094,0.07705887544537846
adc,1677211255.0,1.093500018119812,1677220287.0,-0.3095000088214874,1677229321.0,0.999250054359436,1677238567.0,1.346000075340271,,,,,,,,,0.20506913690829753,-0.02738761973005564
adc,1677311264.0,0.7476250529289246,1677320299.0,-0.1676250100135803,1677329331.0,1.295375108718872,1677338310.0,1.3998750448226929,,,,,,,,,-0.14264484012184936,0.11705846107330382
adc,1677411258.0,1.0795000791549685,1677420293.0,-0.3432500064373016,1677429328.0,1.162000060081482,1677438329.0,1.293125033378601,,,,,,,,,0.18711670244954112,-0.056321551619166924
adc,1677511274.0,0.4461250305175781,1677520313.0,-0.3397500216960907,1677529350.0,0.3882500231266022,1677538520.0,0.9508750438690186,,,,,,,,,-0.4488155869380193,-0.05084585838846607
adc,1677611263.0,0.7301250100135803,1677620297.0,-0.3342500030994415,1677629331.0,0.0260000005364418,1677638543.0,0.4873750209808349,,,,,,,,,-0.167912097764774,-0.04355894673396569
adc,1677711251.0,0.8391250371932983,1677720288.0,-0.3272500038146972,1677729329.0,0.0085000004619359,1677738561.0,0.2892500162124634,,,,,,,,,-0.06255194977143855,-0.03486116129066093
adc,1677811253.0,0.8178750276565552,1677820290.0,-0.3153750002384186,1677829326.0,0.0183749999850988,1677838571.0,0.4192500114440918,,,,,,,,,-0.08789983399743045,-0.021266689015862296
adc,1677911260.0,0.8691250681877136,1677920295.0,-0.3262500166893005,1677929331.0,-0.0027500002179294,1677938823.0,0.2806250154972076,,,,,,,,,-0.04105317511402319,-0.030290589526086646
adc,1678011251.0,1.2782500982284546,1678020291.0,-0.1370000094175338,1678029330.0,0.09825000166893,1678038385.0,0.8027500510215759,,,,,,,,,0.36354521615225166,0.16103737991226752
adc,1678111258.0,1.2473750114440918,1678120302.0,-0.254375010728836,1678129338.0,0.8536250591278076,1678138335.0,1.3226250410079956,,,,,,,,,0.32819076152559984,0.04603467250330875
adc,1678211260.0,0.8683750629425049,1678220295.0,-0.254250019788742,1678229330.0,1.2516250610351562,1678238530.0,1.367500066757202,,,,,,,,,-0.05511604215550031,0.04885747720704532
adc,1678311256.0,1.1362500190734863,1678320295.0,-0.3392500281333923,1678329332.0,1.1931250095367432,1678338821.0,1.2578750848770142,,,,,,,,,0.20868770154833471,-0.03312623601802216
adc,1678411259.0,0.4077500104904175,1678420299.0,-0.3681250214576721,1678429337.0,0.4110000133514404,1678438815.0,0.976875066757202,,,,,,,,,-0.5236449875680275,-0.05870691997909869
adc,1678511264.0,0.9865000247955322,1678520299.0,-0.3545000255107879,1678529333.0,0.0788750052452087,1678538328.0,0.6303750276565552,,,,,,,,,0.051468818246729914,-0.04157415329931925
adc,1678611253.0,1.0092500448226929,1678620288.0,-0.3580000102519989,1678629324.0,0.027250001206994,1678638808.0,0.4100000262260437,,,,,,,,,0.07071159553518148,-0.04143099004220063
adc,1678711257.0,0.6073750257492065,1678720288.0,-0.3473750054836273,1678729320.0,-0.0017500000540167,1678738347.0,0.3112500011920929,,,,,,,,,-0.33461941497037884,-0.02711030881569083
adc,1678811264.0,0.8520000576972961,1678820300.0,-0.3270000219345093,1678829331.0,-0.0012500000884756,1678838789.0,0.2796249985694885,,,,,,,,,-0.09348067556974857,-0.003069350574577148
adc,1678911250.0,1.2707500457763672,1678920284.0,-0.2292500138282776,1678929322.0,0.0355000011622905,1678938384.0,0.6083750128746033,,,,,,,,,0.32166489160945977,0.09823747458362406
adc,1679011255.0,1.1822500228881836,1679020295.0,-0.2955000102519989,1679029329.0,0.721875011920929,1679038811.0,1.1885000467300415,,,,,,,,,0.2293413279849644,0.03535896178647235
adc,1679111252.0,0.9181250333786012,1679120295.0,-0.2986250221729278,1679129326.0,1.25,1679138520.0,1.4118750095367432,,,,,,,,,-0.038944496772508885,0.03534817720579091
adc,1679211259.0,1.174125075340271,1679220299.0,-0.3705000281333923,1679229330.0,1.277250051498413,1679238549.0,1.2157500982284546,,,,,,,,,0.21242806576767836,-0.033734594811212555
adc,1679311252.0,0.8968750238418579,1679320292.0,-0.3777500092983246,1679329325.0,0.6736250519752502,1679338804.0,0.9686250686645508,,,,,,,,,-0.07003739975654455,-0.038566988366943875
adc,1679411260.0,0.8985000252723694,1679420297.0,-0.3890000283718109,1679429332.0,0.0938750058412551,1679438315.0,0.6015000343322754,,,,,,,,,-0.07429909475249491,-0.04780926644599567
adc,1679511249.0,0.8575000166893005,1679520281.0,-0.3852500319480896,1679529319.0,0.0095000006258487,1679538532.0,0.3315000236034393,,,,,,,,,-0.12186945540698971,-0.0424754593199353
adc,1679611256.0,0.6220000386238098,1679620291.0,-0.3366250097751617,1679629321.0,-0.0006250000442378,1679638295.0,0.2650000154972076,,,,,,,,,-0.36453873377549606,0.007316701715867999
adc,1679711257.0,0.8527500629425049,1679720300.0,-0.3535000085830688,1679729332.0,-0.0006250000442378,1679738521.0,0.343375027179718,,,,,,,,,-0.14136559947835337,-0.008782905580945978
adc,1679811258.0,1.137374997138977,1679820293.0,-0.2378750145435333,1679829327.0,0.0002500000118743,1679838409.0,0.6000000238418579,,,,,,,,,0.13556013404117334,0.10726177592674352
adc,1679911267.0,1.2170000076293943,1679920303.0,-0.3470000028610229,1679929336.0,0.6155000329017639,1679938797.0,1.0210000276565552,,,,,,,,,0.2077085515694857,-0.0017593808677488013
adc,1680011261.0,1.0452500581741333,1680020303.0,-0.2945000231266022,1680029340.0,1.0783751010894775,1680038792.0,1.3725000619888306,,,,,,,,,0.029060812335120437,0.050566431300797396
adc,1680111260.0,1.1720000505447388,1680120305.0,-0.3730000257492065,1680129337.0,1.2321250438690186,1680138335.0,1.2503750324249268,,,,,,,,,0.14980803759541414,-0.02835268166800367
adc,1680211262.0,1.1317501068115234,1680220299.0,-0.3783750236034393,1680229335.0,0.8008750677108765,1680238414.0,1.1486250162124634,,,,,,,,,0.10468290483495374,-0.034363255869178766
adc,1680311259.0,0.9100000262260436,1680320297.0,-0.3931250274181366,1680329328.0,0.1068750023841857,1680338310.0,0.7351250052452087,,,,,,,,,-0.12069547736612479,-0.04993944044576293
adc,1680411259.0,0.9192500710487366,1680420300.0,-0.367000013589859,1680429340.0,0.0130000002682209,1680438810.0,0.4048750102519989,,,,,,,,,-0.11383445205874879,-0.02480616020117082
adc,1680511249.0,0.9628750681877136,1680520280.0,-0.3382500112056732,1680529315.0,-0.0002500000118743,1680538324.0,0.3023750185966491,,,,,,,,,-0.07149333999126409,0.002810878983355747
adc,1680611255.0,1.111875057220459,1680620295.0,-0.3372500240802765,1680629325.0,0.0011250000679865,1680638335.0,0.3527500033378601,,,,,,,,,0.07707832438036219,0.0025581364346980197
adc,1680711255.0,1.099000096321106,1680720294.0,-0.2842500209808349,1680729322.0,-0.0001250000059371,1680738409.0,0.5166250467300415,,,,,,,,,0.0642851813279423,0.05420068468799007
adc,1680811252.0,1.192500114440918,1680820286.0,-0.273375004529953,1680829324.0,0.4273750185966491,1680838333.0,1.0418750047683716,,,,,,,,,0.15796379084348613,0.0636188251290914
adc,1680911256.0,1.1287500858306885,1680920289.0,-0.3256250023841858,1680929322.0,0.9545000195503236,1680938781.0,1.367625117301941,,,,,,,,,0.09404499150662159,0.0098068331245694
adc,1681011256.0,1.02162504196167,1681020292.0,-0.3328750133514404,1681029325.0,1.2783750295639038,1681038319.0,1.258500099182129,,,,,,,,,-0.014024733193374703,0.0008748641417618726
adc,1681111261.0,1.1035000085830688,1681120296.0,-0.4038750231266022,1681129328.0,1.1486250162124634,1681138546.0,1.2503750324249268,,,,,,,,,0.0657689755222209,-0.07194639156250665
adc,1681211256.0,0.6697500348091125,1681220288.0,-0.3807500302791595,1681229321.0,0.1475000083446502,1681238332.0,0.8212500214576721,,,,,,,,,-0.371440439845358,-0.050799899692580516
adc,1681311256.0,0.8170000314712524,1681320291.0,-0.3485000133514404,1681329324.0,0.021000001579523,1681338314.0,0.410625010728836,,,,,,,,,-0.2291104253935775,-0.020697516001334796
adc,1681411253.0,0.9360000491142272,1681420296.0,-0.324625015258789,1681429332.0,0.0007500000065192,1681438795.0,0.2925000190734863,,,,,,,,,-0.1163948288202119,0.0008567966790116247
adc,1681511251.0,0.98375004529953,1681520281.0,-0.304375022649765,1681529317.0,0.0006250000442378,1681538375.0,0.270000010728836,,,,,,,,,-0.07602720115752383,0.01861569082336722
adc,1681611260.0,1.2078750133514404,1681620293.0,-0.3056250214576721,1681629324.0,0.0007500000065192,1681638516.0,0.316625028848648,,,,,,,,,0.14001961557017298,0.014709830234438592
adc,1681711255.0,1.3850001096725464,1681720290.0,-0.1943750083446502,1681729322.0,0.2211250066757202,1681738409.0,0.8658750653266907,,,,,,,,,0.30885551093795716,0.12314428550669673
adc,1681811260.0,1.2891250848770142,1681820295.0,-0.2743750214576721,1681829329.0,0.8880000710487366,1681838824.0,1.357250094413757,,,,,,,,,0.20498945601349033,0.04017208238048155
adc,1681911260.0,1.1906250715255735,1681920299.0,-0.3508750200271606,1681929329.0,1.277375102043152,1681938305.0,1.4187500476837158,,,,,,,,,0.09928117484736876,-0.03945358515926693
adc,1682011258.0,1.2822500467300415,1682020299.0,-0.3723750114440918,1682029338.0,1.2912501096725464,1682038335.0,1.408250093460083,,,,,,,,,0.18491004510328324,-0.0642242540020078
adc,1682111256.0,0.8172500133514404,1682120299.0,-0.4033750295639038,1682129333.0,0.534500002861023,1682138557.0,1.3095000982284546,,,,,,,,,-0.28450965792804384,-0.09862007896834585
adc,1682211266.0,0.7795000076293945,1682220304.0,-0.3316250145435333,1682229340.0,0.0036250001285225,1682238544.0,0.5202500224113464,,,,,,,,,-0.324798758436278,-0.030356013193423785
adc,1682311255.0,1.086875081062317,1682320286.0,-0.2982500195503235,1682329318.0,0.0006250000442378,1682338323.0,0.2958750128746032,,,,,,,,,-0.017829001172374487,-0.0005083248175102029
adc,1682411264.0,0.9756250381469728,1682420304.0,-0.2818750143051147,1682429338.0,0.0052500003948807,1682438797.0,0.3553750216960907,,,,,,,,,-0.12714592686150608,0.012353639335659368
adc,1682511248.0,0.9700000286102296,1682520283.0,-0.2427500188350677,1682529315.0,0.0018750000745058,1682538318.0,0.3320000171661377,,,,,,,,,-0.12835426003628256,0.048031367912671256
adc,1682611250.0,1.3200000524520874,1682620277.0,-0.1700000017881393,1682629313.0,0.0217500012367963,1682638524.0,0.737375020980835,,,,,,,,,0.22860752873995757,0.11743560884264714
adc,1682711265.0,1.177375078201294,1682720305.0,-0.2205000072717666,1682729335.0,0.702750027179718,1682738347.0,1.2521250247955322,,,,,,,,,0.09543671862136416,0.06370246812950137
adc,1682811255.0,1.3250000476837158,1682820291.0,-0.3203750252723694,1682829327.0,1.1283750534057615,1682838394.0,1.4131250381469729,,,,,,,,,0.25481446400582747,-0.039309710296087166
adc,1682911254.0,1.196125030517578,1682920285.0,-0.3387500047683716,1682929317.0,1.2281250953674316,1682938358.0,1.2512500286102295,,,,,,,,,0.1396434429500727,-0.06076757192040263
adc,1683011262.0,1.1731250286102295,1683020297.0,-0.3768750131130218,1683029331.0,0.9353750348091124,1683038319.0,1.102500081062317,,,,,,,,,0.13180681427756183,-0.10198094516006029
adc,1683111254.0,0.7035000324249268,1683120286.0,-0.3027500212192535,1683129320.0,0.1108750030398368,1683138414.0,0.656000018119812,,,,,,,,,-0.3217997283456536,-0.03101973204756541
adc,1683211270.0,0.9882500171661376,1683220305.0,-0.2516250014305115,1683229331.0,0.0047500003129243,1683238511.0,0.4231250286102295,,,,,,,,,-0.020843676002132883,0.016791924886927392
adc,1683311251.0,0.9197500348091124,1683320281.0,-0.2417500168085098,1683329314.0,0.0063750003464519,1683338525.0,0.3447500169277191,,,,,,,,,-0.07362439587216042,0.023128454060555997
adc,1683411254.0,0.7783750295639038,1683420288.0,-0.1765000075101852,1683429324.0,0.0025000001769512,1683438807.0,0.3843750059604645,,,,,,,,,-0.20039656471843328,0.08453904198907394
adc,1683511252.0,0.6816250085830688,1683520289.0,-0.1385000050067901,1683529328.0,0.0043750000186264,1683538336.0,0.5393750071525574,,,,,,,,,-0.28420654271077883,0.11832391447145783
adc,1683611272.0,1.142625093460083,1683620308.0,-0.34825000166893,1683629338.0,0.8756250143051147,1683638324.0,0.889750063419342,,,,,,,,,0.18762874710593186,-0.09608616963017905
adc,1683711257.0,1.1817500591278076,1683720292.0,-0.1882500052452087,1683729327.0,1.2386250495910645,1683738308.0,1.1982500553131104,,,,,,,,,0.23515165383185596,0.05875313216836247
adc,1683811248.0,1.184249997138977,1683820286.0,-0.2928750216960907,1683829318.0,1.3348751068115234,1683838385.0,1.3016250133514404,,,,,,,,,0.2433859659108418,-0.05156462744616562
adc,1683911259.0,1.1971250772476196,1683920298.0,-0.3462500274181366,1683929329.0,1.2111250162124634,1683938314.0,1.133500099182129,,,,,,,,,0.25920896054575526,-0.11116149877354257
adc,1684011251.0,0.7581250071525574,1684020286.0,-0.2963750064373016,1684029321.0,0.3963750302791595,1684038324.0,0.8441250324249268,,,,,,,,,-0.17964381422330278,-0.0679940249547404
adc,1684111257.0,0.8280000686645508,1684120296.0,-0.2138750106096267,1684129328.0,0.050000000745058,1684138515.0,0.503250002861023,,,,,,,,,-0.11231351972574374,0.007395957140360787
adc,1684211267.0,0.5638750195503235,1684220308.0,-0.2031250149011612,1684229344.0,0.0031250000465661,1684238517.0,0.2843750119209289,,,,,,,,,-0.3814282932543538,0.010747769645149022
adc,1684311249.0,0.7750000357627869,1684320288.0,-0.1906250119209289,1684329323.0,0.011125000193715,1684338550.0,0.356000006198883,,,,,,,,,-0.17734561969509144,0.015691472009908704
adc,1684411249.0,0.8197500109672546,1684420290.0,-0.1411250084638595,1684429319.0,0.0033750000875443,1684438395.0,0.3318750262260437,,,,,,,,,-0.1411650928795914,0.057604233388261906
adc,1684511259.0,1.334375023841858,1684520287.0,-0.0557500012218952,1684529326.0,0.3807500302791595,1684538577.0,0.9308750629425048,,,,,,,,,0.36398806762618063,0.13546767775809365
adc,1684611256.0,1.121125102043152,1684620298.0,-0.1948750019073486,1684629331.0,0.8633750677108765,1684638397.0,1.3940000534057615,,,,,,,,,0.14103710218178728,-0.011019953343012714
adc,1684711253.0,1.0520000457763672,1684720294.0,-0.1277500092983245,1684729331.0,1.2062500715255735,1684738408.0,1.3038750886917114,,,,,,,,,0.06264764431470068,0.04892571023924407
adc,1684811247.0,1.2725000381469729,1684820288.0,-0.2501250207424164,1684829329.0,1.22475004196167,1684838343.0,1.192750096321106,,,,,,,,,0.2749298782277253,-0.08044794818672867
adc,1684911268.0,1.027375102043152,1684920308.0,-0.2956250011920929,1684929347.0,0.3181250095367431,1684938551.0,1.0285000801086426,,,,,,,,,0.023155778997320048,-0.13279846199057738
adc,1685011253.0,0.8876250386238098,1685020287.0,-0.1867500096559524,1685029319.0,0.0516250021755695,1685038543.0,0.4552500247955322,,,,,,,,,-0.12125459240774272,-0.030679932547025758
adc,1685111257.0,0.8413750529289246,1685120297.0,-0.1651250123977661,1685129331.0,0.0056250002235174,1685138561.0,0.3437500298023224,,,,,,,,,-0.16985671244284056,-0.015786384423529032
adc,1685211259.0,0.674875020980835,1685220299.0,-0.1006250083446502,1685229333.0,0.0040000001899898,1685238379.0,0.3458750247955322,,,,,,,,,-0.33617599937459325,0.04192598260734622
adc,1685311266.0,0.6622500419616699,1685320303.0,-0.0952500030398368,1685329336.0,0.0037500001490116,1685338821.0,0.3295000195503235,,,,,,,,,-0.3459551985383381,0.040364100020246915
adc,1685411246.0,1.2680000066757202,1685420284.0,-0.0256250016391277,1685429318.0,0.0482500009238719,1685438806.0,0.6461250185966492,,,,,,,,,0.2653368021089227,0.10279865666335966
adc,1685511266.0,1.4270000457763672,1685520304.0,0.0273750014603137,1685529341.0,0.7546250224113464,1685538519.0,1.1218750476837158,,,,,,,,,0.4324879460185051,0.14824348410379876
adc,1685611260.0,1.240750074386597,1685620300.0,-0.1426250040531158,1685629335.0,1.24275004863739,1685638322.0,1.3823751211166382,,,,,,,,,0.25677532957434746,-0.029784067948012874
adc,1685711253.0,0.9721250534057616,1685720289.0,-0.1823750138282776,1685729317.0,1.2751250267028809,1685738329.0,1.388750076293945,,,,,,,,,0.0007113950274595937,-0.07812191926491209
adc,1685811268.0,1.256625056266785,1685820307.0,-0.2358750104904174,1685829344.0,0.9861250519752502,1685838831.0,1.371000051498413,,,,,,,,,0.29931237089150015,-0.14081964895462476
adc,1685911262.0,0.426125019788742,1685920304.0,-0.2223750054836273,1685929337.0,0.0711250007152557,1685938802.0,0.6441250443458557,,,,,,,,,-0.5161107005285798,-0.13712309666355485
adc,1686011263.0,0.8480000495910645,1686020306.0,-0.1058750078082084,1686029338.0,0.0140000004321336,1686038816.0,0.3953750133514404,,,,,,,,,-0.07877118054412688,-0.03096766553313461
adc,1686111253.0,0.6041250228881836,1686120289.0,-0.0316250026226043,1686129321.0,0.0037500001490116,1686138347.0,0.3153750002384186,,,,,,,,,-0.30735161866781213,0.0325165266415757
adc,1686211253.0,0.5546250343322754,1686220293.0,0.0133750010281801,1686229330.0,0.0045000002719461,1686238629.0,0.3607500195503235,,,,,,,,,-0.34221126212502084,0.06648849850742097
adc,1686311254.0,1.1755000352859497,1686320291.0,0.0816250070929527,1686329327.0,0.0123750008642673,1686338309.0,0.5705000162124634,,,,,,,,,0.29225919489917973,0.12362392186805843
adc,1686411245.0,1.3221250772476196,1686420285.0,0.0808750018477439,1686429319.0,0.6501250267028809,1686438803.0,1.1098750829696655,,,,,,,,,0.4511381589141188,0.11184240650626809
adc,1686511257.0,0.8973750472068787,1686520291.0,-0.0180000010877847,1686529328.0,1.046125054359436,1686538319.0,1.5145000219345093,,,,,,,,,0.03708718064744315,0.002165304422271322
adc,1686611250.0,1.05525004863739,1686620291.0,0.0003750000032596,1686629326.0,1.2908750772476196,1686638407.0,1.3788750171661377,,,,,,,,,0.20396715689392797,0.010081871180874252
adc,1686711267.0,0.8601250648498535,1686720305.0,-0.1651250123977661,1686729337.0,1.1623750925064087,1686738329.0,1.3328750133514404,,,,,,,,,0.016089315355201167,-0.16545155930182218
adc,1686811258.0,0.5906250476837158,1686820294.0,-0.0580000020563602,1686829327.0,0.3822500109672546,1686838820.0,1.08650004863739,,,,,,,,,-0.24789674303623196,-0.06788266176604744
adc,1686911248.0,0.7435000538825989,1686920283.0,-0.0070000002160668,1686929321.0,0.0355000011622905,1686938814.0,0.609000027179718,,,,,,,,,-0.0911099206137402,-0.025934114874107607
adc,1687011256.0,0.5203750133514404,1687020292.0,0.039375003427267,1687029322.0,0.0092500001192092,1687038335.0,0.4145000278949737,,,,,,,,,-0.3116757500149693,0.01189769434996743
adc,1687111262.0,0.6042500138282776,1687120302.0,0.0867500007152557,1687129334.0,0.0083750002086162,1687138419.0,0.3755000233650207,,,,,,,,,-0.22623050245664794,0.051215218650284625
adc,1687211264.0,0.6866250038146973,1687220303.0,0.0421250015497207,1687229334.0,0.0046250000596046,1687238419.0,0.3282500207424164,,,,,,,,,-0.14282333505707995,-0.0010342362902392927
adc,1687311260.0,1.3726251125335691,1687320296.0,0.226500004529953,1687329329.0,0.3760000169277191,1687338824.0,0.827625036239624,,,,,,,,,0.5441614434607087,0.1760641775325597
adc,1687411261.0,1.076000094413757,1687420296.0,0.1215000078082084,1687429330.0,0.9893750548362732,1687438825.0,1.3686250448226929,,,,,,,,,0.2489454534919544,0.06402060940814694
adc,1687511249.0,0.9757500290870668,1687520283.0,0.0415000021457672,1687529317.0,1.3320000171661377,1687538337.0,1.4323750734329224,,,,,,,,,0.150927894700066,-0.02292490941878421
adc,1687611254.0,0.9467500448226928,1687620292.0,0.0067500001750886,1687629329.0,1.3605000972747805,1687638812.0,1.4195001125335691,,,,,,,,,0.12527446844665588,-0.06466177451389432
adc,1687711261.0,0.5173750519752502,1687720299.0,-0.1625000089406967,1687729337.0,0.6232500076293945,1687738834.0,1.0912500619888306,,,,,,,,,-0.29946873897499365,-0.24106576425787646
adc,1687811261.0,0.7367500066757202,1687820297.0,0.055000003427267,1687829328.0,0.088125005364418,1687838793.0,0.6317500472068787,,,,,,,,,-0.07411345055797709,-0.030983855645425093
adc,1687911260.0,0.7673750519752502,1687920297.0,0.1006250083446502,1687929327.0,0.0288750007748603,1687938813.0,0.3808750212192535,,,,,,,,,-0.03617925176688022,0.006898097310771151
adc,1688011267.0,0.6323750019073486,1688020311.0,0.1370000094175338,1688029348.0,0.0092500001192092,1688038344.0,0.3850000202655792,,,,,,,,,-0.16261681048790683,0.03517848532138175
adc,1688111260.0,0.7622500658035278,1688120296.0,0.1941250115633011,1688129332.0,0.0042500002309679,1688138542.0,0.2837500274181366,,,,,,,,,-0.023035669953889712,0.08385577912134229
adc,1688211256.0,0.7268750071525574,1688220294.0,0.301000028848648,1688229330.0,0.0732500031590461,1688238331.0,0.6798750162124634,,,,,,,,,-0.04769342401125108,0.18194223762844441
adc,1688311253.0,0.8070000410079956,1688320286.0,0.2183750122785568,1688329321.0,0.783750057220459,1688338309.0,1.1565001010894775,,,,,,,,,0.04400736137092012,0.09020585256556651
adc,1688411253.0,1.1040000915527344,1688420290.0,0.0680000036954879,1688429324.0,1.2178750038146973,1688438803.0,1.3981250524520874,,,,,,,,,0.3532649878697305,-0.06958056558183677
adc,1688511259.0,0.7788750529289246,1688520299.0,0.1070000082254409,1688529332.0,1.464750051498413,1688538506.0,1.3763750791549685,,,,,,,,,0.040875777179415734,-0.04025862055214908
adc,1688611256.0,0.7398750185966492,1688620298.0,-0.0730000063776969,1688629330.0,0.9206250309944152,1688638312.0,1.1906250715255735,,,,,,,,,0.014861840066884083,-0.23015021833503024
adc,1688711256.0,0.4660000205039978,1688720295.0,0.1012500077486038,1688729328.0,0.0970000028610229,1688738324.0,0.7428750395774841,,,,,,,,,-0.24601913083561366,-0.06592606864225703
adc,1688811255.0,0.6927500367164612,1688820294.0,0.1430000066757202,1688829325.0,0.0431250035762786,1688838523.0,0.4480000138282776,,,,,,,,,-0.006509159927958363,-0.03423256469929338
adc,1688911256.0,0.5440000295639038,1688920291.0,0.2045000046491623,1688929323.0,0.0046250000596046,1688938302.0,0.3660000264644623,,,,,,,,,-0.14296160171593625,0.017296398842726338
adc,1689011256.0,0.518375039100647,1689020295.0,0.2938750088214874,1689029323.0,0.0086250007152557,1689038314.0,0.3611250221729278,,,,,,,,,-0.15695971445541587,0.09689426511398659
adc,1689111260.0,0.6322500109672546,1689120290.0,0.3630000054836273,1689129326.0,0.005125000141561,1689138411.0,0.382500022649765,,,,,,,,,-0.03231992979916612,0.15651425033052044
adc,1689211256.0,1.0112500190734863,1689220295.0,0.3056250214576721,1689229327.0,0.6222500205039978,1689238328.0,0.9413750171661376,,,,,,,,,0.35639802244164703,0.08993649811092166
adc,1689311248.0,0.734250009059906,1689320291.0,0.3240000009536743,1689329324.0,1.039875030517578,1689338337.0,1.3371250629425049,,,,,,,,,0.08787974991144118,0.09938567361568079
adc,1689411256.0,0.9137500524520874,1689420298.0,0.2047500163316726,1689429330.0,1.346250057220459,1689438818.0,1.3176250457763672,,,,,,,,,0.27442823739036887,-0.02858777010553877
adc,1689511270.0,0.7425000071525574,1689520311.0,0.1302500069141388,1689529345.0,1.2451250553131104,1689538543.0,1.2416250705718994,,,,,,,,,0.10860014753092895,-0.111715081480484
adc,1689611256.0,0.2266250103712082,1689620293.0,0.0070000002160668,1689629328.0,0.5171250104904175,1689638530.0,0.5076250433921814,,,,,,,,,-0.40364076850190267,-0.24361000762633556
adc,1689711263.0,0.565625011920929,1689720304.0,0.2681250274181366,1689729340.0,0.0540000014007091,1689738547.0,0.2368750125169754,,,,,,,,,-0.06288555034322886,0.008753909482092176
adc,1689811266.0,0.515625,1689820303.0,0.2566250264644623,1689829340.0,0.011125000193715,1689838830.0,0.2317500114440918,,,,,,,,,-0.11299118532753732,-0.011691562488851115
adc,1689911263.0,0.4525000154972076,1689920297.0,0.2910000085830688,1689929337.0,0.0052500003948807,1689938563.0,0.3252500295639038,,,,,,,,,-0.17792809298163417,0.013520516086185153
adc,1690011262.0,0.7906250357627869,1690020305.0,0.312125027179718,1690029349.0,0.0058750002644956,1690038843.0,0.3180000185966491,,,,,,,,,0.1569788598716635,0.025262638616318778
adc,1690111248.0,0.5903750061988831,1690120280.0,0.4241250157356262,1690129312.0,0.2691250145435333,1690138540.0,0.8090000152587891,,,,,,,,,-0.04746045138013039,0.1276779751199385
adc,1690211271.0,0.5608749985694885,1690220314.0,0.5011250376701355,1690229347.0,0.8913750648498535,1690238433.0,1.321125030517578,,,,,,,,,-0.08157859044303453,0.19492090758360872
adc,1690311269.0,0.9893750548362732,1690320298.0,0.2860000133514404,1690329326.0,1.2135000228881836,1690338400.0,1.4171251058578491,,,,,,,,,0.34248687476061845,-0.030098730652663802
adc,1690411258.0,0.9690000414848328,1690420291.0,0.2045000046491623,1690429324.0,1.252750039100647,1690438817.0,1.3727500438690186,,,,,,,,,0.3185030667010733,-0.12158998231196787
adc,1690511246.0,0.382750004529953,1690520282.0,0.140625,1690529316.0,0.2768750190734863,1690538649.0,0.8973750472068787,,,,,,,,,-0.26989467036095527,-0.19550159999405764
adc,1690611244.0,0.4551250338554382,1690620283.0,0.343500018119812,1690629318.0,0.017875000834465,1690638632.0,0.5070000290870667,,,,,,,,,-0.19760896096779826,-0.0026431496575418656
adc,1690711258.0,0.4211250245571136,1690720297.0,0.3602500259876251,1690729329.0,0.0240000002086162,1690738330.0,0.3742500245571136,,,,,,,,,-0.2291084804097246,0.0041884764020924115
adc,1690811272.0,0.5732500553131104,1690820308.0,0.3346250057220459,1690829342.0,0.0635000020265579,1690838544.0,0.3708750307559967,,,,,,,,,-0.07145773020574372,-0.031174506356571582
adc,1690911255.0,0.374625027179718,1690920283.0,0.4735000133514404,1690929311.0,0.0057500004768371,1690938529.0,0.2325000166893005,,,,,,,,,-0.261228492796152,0.09821505352922365
adc,1691011257.0,1.2516250610351562,1691020292.0,0.460500031709671,1691029325.0,0.1568750143051147,1691038798.0,0.6151250004768372,,,,,,,,,0.6280859841199895,0.07602846606574651
adc,1691111270.0,0.9201250672340392,1691120309.0,0.5056250095367432,1691129343.0,0.8262500166893005,1691138419.0,1.1077500581741333,,,,,,,,,0.3122867570274401,0.11227423874303641
adc,1691211269.0,0.6318750381469727,1691220301.0,0.5226250290870667,1691229336.0,1.1712501049041748,1691238352.0,1.4298750162124634,,,,,,,,,0.04282928997368085,0.1206690118389208
adc,1691311264.0,0.753000020980835,1691320303.0,0.3150000274181366,1691329344.0,1.2925000190734863,1691338549.0,1.3472501039505005,,,,,,,,,0.1853371696109843,-0.09535744962415724
adc,1691411259.0,0.402625024318695,1691420298.0,0.2296250164508819,1691429330.0,0.6203750371932983,1691438310.0,1.215250015258789,,,,,,,,,-0.14172818287651567,-0.1890239037313488
adc,1691511263.0,0.1700000017881393,1691520304.0,0.3002500236034393,1691529343.0,0.011125000193715,1691538570.0,0.5522500276565552,,,,,,,,,-0.3498744661759192,-0.12668142241427574
adc,1691611246.0,0.3265000283718109,1691620287.0,0.4095000326633453,1691629321.0,0.0053750001825392,1691638548.0,0.2865000069141388,,,,,,,,,-0.16850191910021076,-0.025799844221999116
adc,1691711255.0,0.293500006198883,1691720297.0,0.5200000405311584,1691729325.0,0.0058750002644956,1691738415.0,0.316625028848648,,,,,,,,,-0.17696052274999546,0.07616429358496365
adc,1691811254.0,0.3430000245571136,1691820289.0,0.5167500376701355,1691829326.0,0.0061250003054738,1691838304.0,0.3638750314712524,,,,,,,,,-0.10387771107961949,0.06414307703890393
adc,1691911267.0,0.5006250143051147,1691920302.0,0.6146250367164612,1691929334.0,0.0118750007823109,1691938340.0,0.5485000014305115,,,,,,,,,0.07586173657612474,0.1529543984152945
adc,1692011259.0,0.5737500190734863,1692020288.0,0.4812500178813934,1692029323.0,0.7983750104904175,1692038317.0,1.21875,,,,,,,,,0.16923791557764023,0.010175713075261036
adc,1692111247.0,0.5772500038146973,1692120285.0,0.6193750500679016,1692129320.0,1.1967500448226929,1692138543.0,1.4695000648498535,,,,,,,,,0.19082829212809035,0.13852324034709163
adc,1692211249.0,0.6678750514984131,1692220287.0,0.3611250221729278,1692229325.0,1.414500117301941,1692238525.0,1.34975004196167,,,,,,,,,0.2971631032606592,-0.12988835491417552
adc,1692311268.0,0.2385000139474868,1692320310.0,0.2885000109672546,1692329353.0,1.2358750104904177,1692338398.0,1.1292500495910645,,,,,,,,,-0.11903728803166083,-0.21303265665945365
adc,1692411257.0,0.2750000059604645,1692420292.0,0.4361250102519989,1692429323.0,0.1431250125169754,1692438366.0,0.674875020980835,,,,,,,,,-0.07198705186836821,-0.07621125440145833
adc,1692511254.0,0.2408750057220459,1692520296.0,0.5220000147819519,1692529330.0,0.0406250022351741,1692538519.0,0.4823750257492065,,,,,,,,,-0.09820026854102967,-0.0013012129328288657
adc,1692611269.0,0.0893750041723251,1692620302.0,0.5606250166893005,1692629333.0,0.026375001296401,1692638817.0,0.3550000190734863,,,,,,,,,-0.24435242780321895,0.026361153143936264
adc,1692711259.0,0.2062500119209289,1692720290.0,0.5673750042915344,1692729323.0,0.0128750009462237,1692738551.0,0.3677500188350677,,,,,,,,,-0.12452171244179489,0.022336140177192477
adc,1692811252.0,0.4583750069141388,1692820289.0,0.6510000228881836,1692829328.0,0.0140000004321336,1692838435.0,0.4586250185966491,,,,,,,,,0.12843473733608318,0.09555546499928017
adc,1692911256.0,0.546750009059906,1692920287.0,0.6135000586509705,1692929323.0,0.5826250314712524,1692938515.0,1.0457500219345093,,,,,,,,,0.21586946994518033,0.04817153924815262
adc,1693011259.0,0.434125006198883,1693020299.0,0.6652500033378601,1693029335.0,0.9418750405311584,1693038781.0,1.4016250371932983,,,,,,,,,0.1009525534063975,0.09066182252057388
adc,1693111263.0,0.4866250157356262,1693120302.0,0.6766250133514404,1693129339.0,1.27400004863739,1693138333.0,1.3853750228881836,,,,,,,,,0.15028053004621986,0.09344217225064466
adc,1693211256.0,0.382750004529953,1693220292.0,0.3835000097751617,1693229327.0,1.2266250848770142,1693238545.0,1.4182500839233398,,,,,,,,,0.04286597932562344,-0.20763605378137281
adc,1693311247.0,0.1340000033378601,1693320287.0,0.53125,1693329322.0,0.1337500065565109,1693338812.0,0.8765000700950623,,,,,,,,,-0.20924204638243632,-0.06728025632316552
adc,1693411255.0,0.1256249994039535,1693420292.0,0.5747500061988831,1693429330.0,0.018750000745058,1693438533.0,0.5078750252723694,,,,,,,,,-0.22021248115443584,-0.03074717043480913
adc,1693511258.0,0.1358750015497207,1693520298.0,0.5982500314712524,1693529333.0,0.0112500004470348,1693538333.0,0.2892500162124634,,,,,,,,,-0.21119475248058595,-0.013958064929923214
adc,1693611270.0,0.2905000150203705,1693620308.0,0.6372500061988831,1693629343.0,0.0121250003576278,1693638330.0,0.3726250231266022,,,,,,,,,-0.05584750767269349,0.018384627147327845
adc,1693711249.0,0.1532500088214874,1693720282.0,0.6910000443458557,1693729317.0,0.0078750001266598,1693738325.0,0.2922500073909759,,,,,,,,,-0.18988670838423805,0.06530550870379406
adc,1693811255.0,0.736875057220459,1693820291.0,0.7951250672340393,1693829327.0,0.2175000160932541,1693838341.0,0.7138750553131104,,,,,,,,,0.39985092654356186,0.1621911315070697
adc,1693911253.0,0.3566250205039978,1693920293.0,0.6660000085830688,1693929331.0,0.9290000200271606,1693938806.0,1.1826250553131104,,,,,,,,,0.028839142319007846,0.02518101591164424
adc,1694011253.0,0.7288750410079956,1694020290.0,0.7262500524520874,1694029334.0,1.273750066757202,1694038810.0,1.2638750076293943,,,,,,,,,0.4134289896889346,0.07669107720531318
adc,1694111258.0,0.5141250491142273,1694120293.0,0.5662500262260437,1694129327.0,1.3888750076293943,1694138323.0,1.2277500629425049,,,,,,,,,0.21381372504821744,-0.09305731755414429
adc,1694211257.0,-0.0766250044107437,1694220297.0,0.4588750302791595,1694229338.0,0.4600000083446502,1694238336.0,0.9892500638961792,,,,,,,,,-0.3595974049634966,-0.21125472734888373
adc,1694311251.0,0.2071250081062317,1694320289.0,0.6311250329017639,1694329320.0,0.0738750025629997,1694338804.0,0.6681250333786011,,,,,,,,,-0.0571462502925348,-0.050851171776168824
adc,1694411253.0,0.3891250193119049,1694420287.0,0.659375011920929,1694429321.0,0.0280000008642673,1694438783.0,0.4152500331401825,,,,,,,,,0.14388433357211947,-0.035288744451714385
adc,1694511246.0,0.0327500030398368,1694520280.0,0.7075000405311584,1694529308.0,0.0068750004284083,1694538401.0,0.3460000157356262,,,,,,,,,-0.19427642803135448,-0.00037393877002553366
adc,1694611266.0,0.1077500060200691,1694620301.0,0.8048750162124634,1694629340.0,0.0063750003464519,1694638333.0,0.3522500097751617,,,,,,,,,-0.10305195023343215,0.08370981887178318
adc,1694711257.0,0.0862500071525573,1694720295.0,0.8510000109672546,1694729330.0,0.0346250012516975,1694738444.0,0.577625036239624,,,,,,,,,-0.1114334037571778,0.11700356446383213
adc,1694811254.0,0.4777500331401825,1694820294.0,0.8806250691413879,1694829331.0,0.7561250329017639,1694838821.0,1.1838750839233398,,,,,,,,,0.2891003756350838,0.13486664107725851
adc,1694911256.0,0.5178750157356262,1694920294.0,0.6798750162124634,1694929325.0,1.173875093460083,1694938313.0,1.4071251153945925,,,,,,,,,0.3334057383396761,-0.07593242804755324
adc,1695011250.0,0.0347500033676624,1695020290.0,0.6795000433921814,1695029321.0,1.3446251153945925,1695038322.0,1.3531250953674316,,,,,,,,,-0.15088458634411692,-0.0840007626802977
adc,1695111254.0,0.1838750094175338,1695120292.0,0.5832500457763672,1695129324.0,0.9826250672340392,1695138506.0,1.426875114440918,,,,,,,,,-0.008428860155565113,-0.1849852462204047
adc,1695211257.0,-0.0572500042617321,1695220290.0,0.5960000157356262,1695229325.0,0.0627500042319297,1695238544.0,0.6865000128746033,,,,,,,,,-0.2615072585669682,-0.17349203461244198
adc,1695311258.0,0.0726250037550926,1695320300.0,0.7542500495910645,1695329340.0,0.0316250026226043,1695338334.0,0.4773750305175781,,,,,,,,,-0.14825124127768416,-0.01264036658852731
adc,1695411260.0,-0.0458750016987323,1695420299.0,0.784000039100647,1695429330.0,0.0062500000931322,1695438810.0,0.3423750102519989,,,,,,,,,-0.2870327859893013,0.023750651640578005
adc,1695511253.0,-0.0341250002384185,1695520291.0,0.7777500152587891,1695529325.0,0.0208750013262033,1695538810.0,0.4792500138282776,,,,,,,,,-0.29789547805513306,0.02809964613279191
adc,1695611258.0,0.1856250017881393,1695620288.0,0.9231250286102296,1695629322.0,0.0066250003874301,1695638404.0,0.5168750286102295,,,,,,,,,-0.10152850602494704,0.18763474317493042
adc,1695711267.0,0.5217500329017639,1695720305.0,0.9480000734329224,1695729343.0,0.7147500514984131,1695738829.0,1.0765000581741333,,,,,,,,,0.21210048638781914,0.2294882028190216
adc,1695811264.0,1.0448750257492063,1695820302.0,0.8127500414848328,1695829337.0,1.2106250524520874,1695838322.0,1.4546250104904177,,,,,,,,,0.7152216286785507,0.11295149596283567
adc,1695911260.0,1.2736250162124634,1695920301.0,1.0506250858306885,1695929338.0,1.7476251125335691,1695938812.0,1.540000081062317,,,,,,,,,0.9278734797059306,0.36990026166160045
adc,1696011258.0,0.0482500009238719,1696020293.0,0.8046250343322754,1696029328.0,1.4418751001358032,1696038816.0,1.4157500267028809,,,,,,,,,-0.30857877220991514,0.14176566058923043
adc,1696111253.0,-0.2920000255107879,1696120290.0,0.5477500557899475,1696129320.0,0.0042500002309679,1696138357.0,0.3107500076293945,,,,,,,,,-0.6541293261964469,-0.1000759698084647
adc,1696211253.0,-0.2688750028610229,1696220290.0,0.8626250624656677,1696229325.0,0.0028750002384185,1696238550.0,0.1215000078082084,,,,,,,,,-0.6301513928677511,0.22548792984673555
adc,1696311264.0,0.6107500195503235,1696320301.0,-0.0261250007897615,1696329336.0,0.0473750010132789,1696338314.0,0.3080000281333923,,,,,,,,,0.2564825156357988,-0.6581470602759512
adc,1696411260.0,-0.2797500193119049,1696420290.0,0.0012500000884756,1696429321.0,0.0108750006183981,1696438368.0,0.382750004529953,,,,,,,,,-0.6212114842857863,-0.6320291260389678
adc,1696511260.0,1.3358750343322754,1696520291.0,-0.0810000002384185,1696529328.0,1.2450000047683716,1696538816.0,1.0893750190734863,,,,,,,,,1.0123121475127146,-0.722179477422105
adc,1696611262.0,1.1167500019073486,1696620299.0,1.0385000705718994,1696629334.0,2.0682501792907715,1696638344.0,1.809125065803528,,,,,,,,,0.8151545344446247,0.3830564376643423
adc,1696711263.0,0.1642500013113021,1696720295.0,0.9166250228881836,1696729329.0,2.348250150680542,1696738316.0,2.032625198364258,,,,,,,,,-0.11259901778998416,0.24132926950434436
adc,1696811256.0,0.1365000009536743,1696820297.0,0.7846250534057617,1696829331.0,2.181375026702881,1696838817.0,1.9366251230239868,,,,,,,,,-0.11428983880227167,0.08504303601254722
adc,1696911257.0,-0.1596250087022781,1696920295.0,1.0347501039505005,1696929332.0,1.1677500009536743,1696938801.0,1.3075000047683716,,,,,,,,,-0.38456326637967725,0.3078238580417517
adc,1697011245.0,-0.1980000138282776,1697020282.0,0.9656250476837158,1697029314.0,0.0032500000670552,1697038540.0,0.2111250162124633,,,,,,,,,-0.39873250990724085,0.2097323620112138
adc,1697111255.0,-0.1956250071525573,1697120296.0,0.8643750548362732,1697129335.0,0.0037500001490116,1697138398.0,0.1397500038146972,,,,,,,,,-0.37503035813826124,0.07924421075217233
adc,1697211251.0,-0.1233750060200691,1697220293.0,0.8860000371932983,1697229325.0,0.1136250048875808,1697238339.0,0.4711250364780426,,,,,,,,,-0.285271570328063,0.07251417262221149
adc,1697311252.0,0.4032500088214874,1697320287.0,0.7751250267028809,1697329322.0,0.6646250486373901,1697338431.0,0.9892500638961792,,,,,,,,,0.25443775790294587,-0.0649419161039865
adc,1697411255.0,0.5865000486373901,1697420290.0,0.8786250352859497,1697429331.0,1.779375076293945,1697438367.0,1.6032500267028809,,,,,,,,,0.44607162301437814,0.01435106058098394
adc,1697511255.0,0.76500004529953,1697520297.0,1.1395000219345093,1697529333.0,2.0817501544952397,1697538514.0,1.8248751163482664,,,,,,,,,0.6282761155071898,0.2537120764911844
adc,1697611260.0,0.1148750036954879,1697620299.0,0.6821250319480896,1697629328.0,1.8985000848770144,1697638414.0,1.693000078201294,,,,,,,,,-0.022548793866389194,-0.22240851827558655
adc,1697711264.0,-0.3238750100135803,1697720304.0,0.5892500281333923,1697729337.0,0.7951250672340393,1697738328.0,0.9030000567436218,,,,,,,,,-0.4659144735183789,-0.3313742282387988
adc,1697811252.0,-0.2243750095367431,1697820288.0,0.9383750557899476,1697829316.0,0.0200000014156103,1697838511.0,0.2193750143051147,,,,,,,,,-0.37427888038998713,0.004074032332974764
adc,1697911254.0,-0.170750007033348,1697920296.0,0.9567500352859496,1697929329.0,0.0056250002235174,1697938796.0,0.2956250011920929,,,,,,,,,-0.3309596240372161,0.010874911244213165
adc,1698011255.0,-0.1765000075101852,1698020292.0,0.8727500438690186,1698029331.0,0.067500002682209,1698038794.0,0.4928750097751617,,,,,,,,,-0.34855977578471187,-0.08293187934464319
adc,1698111261.0,1.0660001039505005,1698120300.0,1.1911250352859497,1698129333.0,1.0232501029968262,1698138350.0,1.0391250848770142,,,,,,,,,0.8814671831956784,0.22707769023279373
adc,1698211261.0,1.2278751134872437,1698220298.0,1.1045000553131104,1698229327.0,1.93025004863739,1698238343.0,1.6485000848770142,,,,,,,,,1.0311232506416796,0.1332353143301107
adc,1698311256.0,0.164000004529953,1698320280.0,0.9761250615119934,1698329314.0,1.7607500553131104,1698338364.0,1.5033750534057615,,,,,,,,,-0.04393735900276097,-0.0014535424943571823
adc,1698411259.0,-0.2722500264644623,1698420296.0,0.6142500042915344,1698429331.0,0.958750069141388,1698438348.0,0.9720000624656676,,,,,,,,,-0.48968229094782356,-0.36892303357998624
adc,1698511255.0,-0.2705000042915344,1698520295.0,1.0368750095367432,1698529332.0,0.0983750075101852,1698538393.0,0.340375006198883,,,,,,,,,-0.49519578956969207,0.04870926999533676
adc,1698611266.0,-0.2798750102519989,1698620303.0,0.9380000233650208,1698629342.0,0.0075000002980232,1698638546.0,0.3111250102519989,,,,,,,,,-0.5091588775722534,-0.05460998849099768
adc,1698711251.0,-0.2402500063180923,1698720292.0,1.033500075340271,1698729325.0,0.0191250015050172,1698738420.0,0.3620000183582306,,,,,,,,,-0.4710868787576269,0.036993949741513404
adc,1698811262.0,0.91225004196167,1698820299.0,1.2340000867843628,1698829327.0,0.5845000147819519,1698838366.0,0.9430000185966492,,,,,,,,,0.6831624412948574,0.2341801166617075
adc,1698911263.0,1.3803750276565552,1698920304.0,1.065250039100647,1698929336.0,1.7603751420974731,1698938534.0,1.5303751230239868,,,,,,,,,1.156488560023759,0.06274601258842037
adc,1699011258.0,0.3310000300407409,1699020299.0,1.00837504863739,1699029328.0,1.68025004863739,1699038406.0,1.4883750677108765,,,,,,,,,0.11577276640298728,0.003859743102662322
adc,1699111262.0,-0.3503750264644623,1699120301.0,0.861750066280365,1699129335.0,0.6161250472068787,1699138567.0,0.7657500505447388,,,,,,,,,-0.5536304428854132,-0.14407712034803352
adc,1699211255.0,-0.2788750231266022,1699220294.0,0.9425000548362732,1699229326.0,0.0748750045895576,1699238388.0,0.277625024318695,,,,,,,,,-0.4671275955215435,-0.06393553648929744
adc,1699311257.0,-0.2816250026226043,1699320292.0,0.908750057220459,1699329325.0,0.0042500002309679,1699338331.0,0.1910000145435333,,,,,,,,,-0.45223225306506987,-0.09761234672054678
adc,1699411259.0,-0.055500004440546,1699420296.0,0.9426250457763672,1699429333.0,0.0046250000596046,1699438648.0,0.3770000040531158,,,,,,,,,-0.20628851775337032,-0.06303398488571078
adc,1699511253.0,0.990250051021576,1699520297.0,1.3445000648498535,1699529329.0,0.6932500600814819,1699538429.0,0.9672500491142272,,,,,,,,,0.8609166820615228,0.34008936695133263
adc,1699611243.0,0.6186250448226929,1699620274.0,1.164875030517578,1699629306.0,1.755250096321106,1699638544.0,1.5260000228881836,,,,,,,,,0.5117798381019976,0.16213583845620366
adc,1699711254.0,0.0830000042915344,1699720297.0,1.0475000143051147,1699729329.0,1.5421251058578491,1699738560.0,1.4136251211166382,,,,,,,,,-0.0009907089720206375,0.04669953889268921
adc,1699811253.0,-0.3582500219345093,1699820286.0,0.4988750219345093,1699829321.0,0.5085000395774841,1699838811.0,0.6082500219345093,,,,,,,,,-0.4197336302659461,-0.4999005127147804
adc,1699911254.0,-0.340125024318695,1699920289.0,0.987250030040741,1699929325.0,0.0100000007078051,1699938405.0,0.3093750178813934,,,,,,,,,-0.38017879759285655,-0.009606991309019652
adc,1700011269.0,-0.2456250190734863,1700020310.0,1.0316250324249268,1700029346.0,0.0038750001695007,1700038832.0,0.3138750195503235,,,,,,,,,-0.26603603212603877,0.03638783357745909
adc,1700111260.0,-0.1788750141859054,1700120298.0,0.9946250319480896,1700129334.0,0.0065000001341104,1700138346.0,0.5128750205039978,,,,,,,,,-0.1820902593679863,0.0005235325045927289
adc,1700211250.0,0.5115000009536743,1700220291.0,1.201625108718872,1700229319.0,0.940125048160553,1700238562.0,1.1503750085830688,,,,,,,,,0.5224419735993533,0.20799753591687076
adc,1700311246.0,1.0166250467300415,1700320284.0,1.1756250858306885,1700329315.0,1.745875120162964,1700338635.0,1.4818750619888306,,,,,,,,,1.038175543242192,0.18163932147147413
adc,1700411248.0,-0.244375005364418,1700420286.0,0.8537500500679016,1700429326.0,1.2788751125335691,1700438337.0,1.1975001096725464,,,,,,,,,-0.21617287380026062,-0.14158613806307957
adc,1700511256.0,-0.3411250114440918,1700520294.0,0.9217500686645508,1700529328.0,0.3378750085830688,1700538539.0,0.4947500228881836,,,,,,,,,-0.31049610695562824,-0.07606990603554623
adc,1700611259.0,-0.4167500138282776,1700620294.0,0.9006250500679016,1700629329.0,0.0005000000237487,1700638364.0,0.1598750054836273,,,,,,,,,-0.38799236714633367,-0.10092093320436532
adc,1700711255.0,-0.2672500014305115,1700720300.0,1.0201250314712524,1700729333.0,0.0027500002179294,1700738347.0,0.3760000169277191,,,,,,,,,-0.24448321508427875,0.013548271023455592
adc,1700811261.0,-0.0631249994039535,1700820295.0,0.9642500281333924,1700829323.0,0.0071250004693865,1700838319.0,0.6001250147819519,,,,,,,,,-0.04999838544188809,-0.04866733753208589
adc,1700911252.0,0.5357500314712524,1700920289.0,1.243000030517578,1700929321.0,1.417750120162964,1700938323.0,1.3927500247955322,,,,,,,,,0.5363595933068264,0.22249150435135573
adc,1701011258.0,0.0077500003390014,1701020292.0,1.122875094413757,1701029326.0,1.7047500610351562,1701038303.0,1.522000074386597,,,,,,,,,-0.005983464212748341,0.093651742284715
adc,1701111254.0,-0.3366250097751617,1701120297.0,0.9000000357627869,1701129330.0,0.7346250414848328,1701138550.0,0.8352500200271606,,,,,,,,,-0.3652530967567776,-0.13886614406767198
adc,1701211253.0,-0.3073750138282776,1701220282.0,0.8451250195503235,1701229323.0,0.0572500042617321,1701238323.0,0.480875015258789,,,,,,,,,-0.3500344330416788,-0.20404845356638193
adc,1701311253.0,-0.3215000033378601,1701320292.0,1.0608750581741333,1701329332.0,0.002250000135973,1701338389.0,0.3125,,,,,,,,,-0.37588157298768965,0.0010561645604033887
adc,1701411255.0,-0.2431250065565109,1701420294.0,1.090499997138977,1701429330.0,0.0021250001154839,1701438381.0,0.2826250195503235,,,,,,,,,-0.3055758723950023,0.020074588663038087
adc,1701511254.0,0.7802500128746033,1701520284.0,1.1013751029968262,1701529313.0,0.4101250171661377,1701538556.0,0.7226250171661377,,,,,,,,,0.7144778648249626,0.020789575509233105
adc,1701611259.0,1.444125056266785,1701620287.0,1.2381250858306885,1701629321.0,1.6656250953674316,1701638534.0,1.4902501106262207,,,,,,,,,1.3804890274399604,0.14823735371173113
adc,1701711265.0,0.1831250041723251,1701720304.0,1.1916249990463257,1701729335.0,1.4988750219345093,1701738331.0,1.3695000410079956,,,,,,,,,0.12730750063402996,0.09367987799839918
adc,1701811260.0,-0.3647500276565552,1701820299.0,0.90562504529953,1701829330.0,0.5355000495910645,1701838316.0,0.5828750133514404,,,,,,,,,-0.40736067895597905,-0.19879735959616548
adc,1701911263.0,-0.3836250305175781,1701920296.0,1.022125005722046,1701929328.0,0.0222500003874301,1701938822.0,0.2615000009536743,,,,,,,,,-0.4084166113696443,-0.08693419878055525
adc,1702011258.0,-0.2800000011920929,1702020301.0,1.0827500820159912,1702029345.0,0.0016250000335276,1702038803.0,0.2845000028610229,,,,,,,,,-0.2835228931336033,-0.028939487136209707
adc,1702111261.0,-0.2492500096559524,1702120294.0,1.1090000867843628,1702129324.0,0.0016250000335276,1702138408.0,0.3065000176429748,,,,,,,,,-0.22947497263159905,-0.003257869686379644
adc,1702211253.0,0.74937504529953,1702220291.0,1.4077500104904177,1702229323.0,0.8500000238418579,1702238531.0,1.0715000629425049,,,,,,,,,0.7929373267813814,0.2969198541468578
adc,1702311253.0,-0.1911250054836273,1702320290.0,1.225375056266785,1702329327.0,1.477500081062317,1702338319.0,1.2828750610351562,,,,,,,,,-0.1248121137717089,0.11777969223618229
adc,1702411263.0,-0.2895000278949737,1702420301.0,1.086625099182129,1702429335.0,0.7946250438690186,1702438827.0,0.9352500438690186,,,,,,,,,-0.2028626864757167,-0.0162300559387097
adc,1702511258.0,-0.4167500138282776,1702520292.0,0.9545000195503236,1702529331.0,-0.0010000000474974,1702538439.0,0.1598750054836273,,,,,,,,,-0.3133611099622618,-0.14249760133259434
adc,1702611256.0,-0.277875006198883,1702620296.0,1.1501250267028809,1702629331.0,0.0007500000065192,1702638321.0,0.1358750015497207,,,,,,,,,-0.1621288870443327,0.05966577663625655
adc,1702711262.0,-0.2258750051259994,1702720299.0,0.911875069141388,1702729333.0,0.0782500058412551,1702738825.0,0.5033750534057617,,,,,,,,,-0.10261239772601644,-0.17180566295628186
adc,1702811256.0,0.3353750109672546,1702820297.0,1.0076251029968262,1702829333.0,0.0980000048875808,1702838523.0,0.6830000281333923,,,,,,,,,0.461254748050046,-0.0694388310848093
adc,1702911266.0,-0.0163750015199184,1702920306.0,1.2783750295639038,1702929348.0,1.1817500591278076,1702938802.0,1.3537501096725464,,,,,,,,,0.10752967027291692,0.2074389955385328
adc,1703011264.0,-0.2096250057220459,1703020302.0,1.139625072479248,1703029335.0,1.3912500143051147,1703038337.0,1.1251250505447388,,,,,,,,,-0.09166383813186157,0.07410060090498875
adc,1703111265.0,-0.3588750064373016,1703120295.0,0.6117500066757202,1703129328.0,0.5425000190734863,1703138349.0,0.671750009059906,,,,,,,,,-0.24995470720766505,-0.449194451953315
adc,1703211256.0,-0.4053750336170196,1703220295.0,1.0598750114440918,1703229328.0,0.0222500003874301,1703238545.0,0.3087500035762787,,,,,,,,,-0.30756043213410417,0.0026749176996001267
adc,1703311253.0,-0.3222500085830688,1703320293.0,0.9980000257492064,1703329325.0,0.0007500000065192,1703338801.0,0.1867500096559524,,,,,,,,,-0.2365134336699542,-0.05619968190514833
adc,1703411252.0,-0.2718750238418579,1703420288.0,1.1188750267028809,1703429312.0,0.0010000000474974,1703438289.0,0.2708750069141388,,,,,,,,,-0.19815014096060807,0.06709111213045059
adc,1703511256.0,1.093250036239624,1703520295.0,1.4563751220703125,1703529331.0,0.8967500329017639,1703538521.0,1.1343750953674316,,,,,,,,,1.155898883277711,0.40661437718678295
adc,1703611255.0,0.2448750138282776,1703620291.0,1.2750000953674316,1703629324.0,1.7661250829696655,1703638521.0,1.4983750581741333,,,,,,,,,0.29798517473088826,0.22706130894199958
adc,1703711268.0,0.3083750009536743,1703720302.0,1.1687500476837158,1703729330.0,1.5476250648498535,1703738506.0,1.508125066757202,,,,,,,,,0.3537588845181149,0.12260051156620227
adc,1703811265.0,-0.4457500278949737,1703820301.0,0.3926250040531158,1703829340.0,0.3080000281333923,1703838535.0,0.5683750510215759,,,,,,,,,-0.40633605824139585,-0.6516301380509477
adc,1703911260.0,-0.3898750245571136,1703920299.0,0.9241250157356262,1703929332.0,0.0125000001862645,1703938796.0,0.3142500221729278,,,,,,,,,-0.3550115097957326,-0.11802011301235016
adc,1704011249.0,-0.3380000293254852,1704020283.0,1.0707499980926514,1704029321.0,0.0,1704038320.0,0.257750004529953,,,,,,,,,-0.30679514887145304,0.031019279296451985
adc,1704111253.0,0.402875006198883,1704120288.0,1.1920000314712524,1704129324.0,0.273125022649765,1704138417.0,0.6705000400543213,,,,,,,,,0.43070313638002583,0.15505578963413366
adc,1704211259.0,0.2371250092983245,1704220302.0,1.13937509059906,1704229336.0,1.436500072479248,1704238825.0,1.361375093460083,,,,,,,,,0.2612741074991608,0.10563001713928488
adc,1704311247.0,-0.2480000108480453,1704320282.0,1.2345000505447388,1704329315.0,1.814000129699707,1704338330.0,1.458625078201294,,,,,,,,,-0.22829483824963312,0.20437227541453143
adc,1704411268.0,-0.363500028848648,1704420306.0,0.9981250762939452,1704429345.0,1.018375039100647,1704438815.0,1.0660001039505005,,,,,,,,,-0.3492694803060128,-0.028001542346042782
adc,1704511262.0,-0.4021250307559967,1704520296.0,0.8085000514984131,1704529333.0,0.2743750214576721,1704538327.0,0.5642500519752502,,,,,,,,,-0.3944232588300418,-0.21331340847238894
adc,1704611258.0,-0.4211250245571136,1704620296.0,0.8476250171661377,1704629326.0,-0.0012500000884756,1704638336.0,0.1992500126361847,,,,,,,,,-0.4207814314945037,-0.16966526959928602
adc,1704711249.0,-0.2678750157356262,1704720290.0,1.0192500352859497,1704729322.0,-0.0006250000442378,1704738373.0,0.3216250240802765,,,,,,,,,-0.27528510729463546,0.006569417536864644
adc,1704811261.0,0.9877500534057616,1704820304.0,1.0483750104904177,1704829340.0,0.4031250178813934,1704838359.0,0.9045000672340392,,,,,,,,,0.9727557987274376,0.04025159996979959
adc,1704911263.0,1.131625056266785,1704920297.0,1.268875002861023,1704929330.0,1.6747500896453855,1704938306.0,1.553125023841858,,,,,,,,,1.1098145618210724,0.26510521170689416
adc,1705011258.0,-0.2116250097751617,1705020289.0,1.1833750009536743,1705029327.0,1.4708750247955322,1705038562.0,1.3895000219345093,,,,,,,,,-0.23894266148661902,0.18359552575774893
adc,1705111251.0,-0.4535000324249267,1705120291.0,0.718375027179718,1705129328.0,0.4110000133514404,1705138331.0,0.6612500548362732,,,,,,,,,-0.48459318315049904,-0.27793796998130493
adc,1705211261.0,-0.4157500267028808,1705220305.0,0.893000066280365,1705229336.0,0.0081250006332993,1705238321.0,0.3378750085830688,,,,,,,,,-0.4486089420750587,-0.10051839367316313
adc,1705311260.0,-0.304500013589859,1705320292.0,1.0095000267028809,1705329320.0,-0.0011250000679865,1705338306.0,0.1835000067949295,,,,,,,,,-0.336981950050049,0.017984693043894356
adc,1705411248.0,0.4563750326633453,1705420276.0,0.8626250624656677,1705429305.0,0.025000000372529,1705438416.0,0.4945000112056732,,,,,,,,,0.4264103968859806,-0.12775463919786503
adc,1705511259.0,0.846500039100647,1705520299.0,1.2342500686645508,1705529337.0,1.2822500467300415,1705538546.0,1.1558750867843628,,,,,,,,,0.8210669192214051,0.24411603990762817
adc,1705611256.0,-0.0581250041723251,1705620296.0,1.1358751058578491,1705629331.0,1.680500030517578,1705638346.0,1.4812500476837158,,,,,,,,,-0.07724633834124811,0.1451334286347664
adc,1705711263.0,-0.3745000064373016,1705720293.0,0.8685000538825989,1705729329.0,1.0576250553131104,1705738560.0,1.0358750820159912,,,,,,,,,-0.3858460245729701,-0.12360459095554543
adc,1705811248.0,-0.4285000264644623,1705820289.0,0.8188750147819519,1705829321.0,0.0850000008940696,1705838327.0,0.3853750228881836,,,,,,,,,-0.4309736387770696,-0.1751886667004081
adc,1705911266.0,-0.4316250085830688,1705920302.0,0.8890000581741333,1705929343.0,-0.002250000135973,1705938320.0,0.2016250044107437,,,,,,,,,-0.42451409841682974,-0.10740214307268704
adc,1706011244.0,-0.2647500038146972,1706020281.0,0.8925000429153442,1706029324.0,-0.0017500000540167,1706038312.0,0.3008750081062317,,,,,,,,,-0.24772886566147043,-0.10635671930418493
adc,1706111260.0,0.9310000538825988,1706120299.0,1.2082500457763672,1706129334.0,0.5138750076293945,1706138567.0,0.9382500648498536,,,,,,,,,0.957867791180804,0.20711463268831473
adc,1706211252.0,0.4813750088214874,1706220289.0,1.2660000324249268,1706229321.0,1.6515001058578491,1706238351.0,1.5321251153945925,,,,,,,,,0.5176214364816685,0.26305850585111684
adc,1706311255.0,0.0583750009536743,1706320290.0,1.034000039100647,1706329324.0,1.477375030517578,1706338404.0,1.4501250982284546,,,,,,,,,0.10310700397008393,0.03000244350698192
adc,1706411251.0,-0.4396250247955322,1706420289.0,0.8383750319480896,1706429318.0,0.3126250207424164,1706438625.0,0.6465000510215759,,,,,,,,,-0.38773226237396213,-0.16568840537406784
adc,1706511245.0,-0.4133750200271606,1706520279.0,0.9068750143051147,1706529316.0,0.0020000000949949,1706538304.0,0.2951250076293945,,,,,,,,,-0.35604719400176454,-0.09607151609653657
adc,1706611262.0,-0.2671250104904175,1706620298.0,0.9235000610351562,1706629328.0,-0.0028750002384185,1706638731.0,0.2737500071525574,,,,,,,,,-0.2064080229845431,-0.07700615858801507
adc,1706711259.0,-0.1042500063776969,1706720293.0,1.0296250581741333,1706729329.0,0.0017500000540167,1706738760.0,0.5022500157356262,,,,,,,,,-0.042382171575076344,0.032969888322017735
adc,1706811256.0,0.8293750286102295,1706820296.0,1.2453750371932983,1706829330.0,1.2855000495910645,1706838761.0,1.25837504863739,,,,,,,,,0.8901243474878285,0.254015034890107
adc,1706911257.0,-0.2682500183582306,1706920291.0,1.0097500085830688,1706929324.0,1.605375051498413,1706938752.0,1.4417500495910645,,,,,,,,,-0.21074103282405038,0.02510952429415067
adc,1707011266.0,-0.4097500145435333,1707020299.0,0.8353750109672546,1707029333.0,0.64000004529953,1707038750.0,0.8992500305175781,,,,,,,,,-0.35727470358067215,-0.14119056903219718
adc,1707111257.0,-0.4223750233650207,1707120305.0,0.8408750295639038,1707129340.0,0.0215000007301569,1707138791.0,0.4153750240802765,,,,,,,,,-0.37623082922281126,-0.1263710278890233
adc,1707211260.0,-0.4255000054836273,1707220300.0,0.9032500386238098,1707229334.0,-0.0037500001490116,1707238788.0,0.1988750100135803,,,,,,,,,-0.38635599167722173,-0.05357564276140648
adc,1707311252.0,-0.2290000170469284,1707320281.0,0.9286250472068788,1707329317.0,-0.0036250001285225,1707338385.0,0.2132500112056732,,,,,,,,,-0.19682601102874192,-0.01684875188189311
adc,1707411253.0,0.7425000071525574,1707420293.0,1.1325000524520874,1707429320.0,0.5221250057220459,1707438806.0,0.8713750243186951,,,,,,,,,0.7684188764474005,0.19911967661958613
adc,1707511255.0,0.4363750219345093,1707520287.0,1.0908750295639038,1707529322.0,1.5333750247955322,1707538767.0,1.3486250638961792,,,,,,,,,0.45732939477867335,0.17012332771262917
adc,1707611259.0,0.565125048160553,1707620303.0,0.9935000538825988,1707629329.0,1.4721250534057615,1707638713.0,1.185375094413757,,,,,,,,,0.5827917714199441,0.08569655061708371
adc,1707711256.0,-0.4545000195503235,1707720296.0,0.5953750014305115,1707729328.0,0.2985000014305115,1707738802.0,0.6173750162124634,,,,,,,,,-0.43829356928680274,-0.29937453856690754
adc,1707811267.0,-0.4466250240802765,1707820304.0,0.7256250381469727,1707829336.0,-0.0106250001117587,1707838748.0,0.2821250259876251,,,,,,,,,-0.4301394770262774,-0.15616229716213115
adc,1707911255.0,-0.1838750094175338,1707920291.0,0.8376250267028809,1707929323.0,0.0166250001639127,1707938729.0,0.3510000109672546,,,,,,,,,-0.16566336875436116,-0.03146075594276879
adc,1708011250.0,0.0477500036358833,1708020286.0,0.8533750176429749,1708029326.0,0.0632500052452087,1708038806.0,0.5075000524520874,,,,,,,,,0.06869428042524447,-0.0034042711298483685
adc,1708111267.0,0.5865000486373901,1708120305.0,1.146375060081482,1708129339.0,1.2917500734329224,1708138748.0,1.131500005722046,,,,,,,,,0.6106596903184769,0.3014054103937565
adc,1708211258.0,0.005125000141561,1708220295.0,0.999250054359436,1708229327.0,1.6591250896453855,1708238742.0,1.408250093460083,,,,,,,,,0.032441608658800886,0.16551735607185153
adc,1708311261.0,-0.4063750207424164,1708320296.0,0.5391250252723694,1708329337.0,0.7536250352859497,1708338731.0,0.8440000414848328,,,,,,,,,-0.37645404972369995,-0.2840000784053386
adc,1708411262.0,-0.4380000233650207,1708420298.0,0.733625054359436,1708429334.0,0.0863750055432319,1708438763.0,0.4556250274181366,,,,,,,,,-0.406417509236291,-0.07956354054673076
adc,1708511257.0,-0.4336250126361847,1708520295.0,0.7466250061988831,1708529328.0,-0.0041249999776482,1708538732.0,0.28575000166893,,,,,,,,,-0.40157008280656814,-0.0573273259124866
adc,1708611253.0,-0.0757500007748603,1708620294.0,0.7547500133514404,1708629330.0,-0.003000000026077,1708638749.0,0.2477500140666961,,,,,,,,,-0.04450158036620633,-0.04068582008095763
adc,1708711261.0,0.5976250171661377,1708720298.0,0.9065000414848328,1708729335.0,0.5287500023841858,1708738746.0,0.780500054359436,,,,,,,,,0.626837215536289,0.11884671036891661
adc,1708811255.0,0.5607500076293945,1708820293.0,1.114625096321106,1708829328.0,1.6753751039505005,1708838745.0,1.4451251029968262,,,,,,,,,0.586845262664699,0.3340078262849237
adc,1708911264.0,-0.1700000017881393,1708920307.0,0.9002500176429749,1708929339.0,1.4733750820159912,1708938741.0,1.3421250581741333,,,,,,,,,-0.1478988382305828,0.12591333323287607
adc,1709011260.0,-0.410500019788742,1709020293.0,0.5056250095367432,1709029327.0,0.351500004529953,1709038820.0,0.6303750276565552,,,,,,,,,-0.39304914332023144,-0.2631823275844019
adc,1709111256.0,-0.3918750286102295,1709120297.0,0.5328750014305115,1709129326.0,-0.0045000002719461,1709138784.0,0.2088750153779983,,,,,,,,,-0.3795168914759107,-0.23111973285045473
adc,1709211256.0,0.0705000013113021,1709220291.0,0.6937500238418579,1709229327.0,0.0098750004544854,1709238306.0,0.3330000042915344,,,,,,,,,0.07751326235135353,-0.06606582278742623
adc,1709311257.0,0.4160000085830688,1709320294.0,0.8720000386238098,1709329326.0,0.0141250006854534,1709338766.0,0.5133750438690186,,,,,,,,,0.417569659725843,0.11587307232429622
adc,1709411257.0,0.3843750059604645,1709420288.0,0.8210000395774841,1709429326.0,1.299125075340271,1709438710.0,1.2665001153945925,,,,,,,,,0.38050779210849955,0.0682776046243409
adc,1709511254.0,-0.0245000012218952,1709520292.0,0.8395000696182251,1709529322.0,1.6692501306533811,1709538749.0,1.3880000114440918,,,,,,,,,-0.03374345926906547,0.09015550104293157
adc,1709611263.0,-0.2742500007152557,1709620300.0,0.5440000295639038,1709629335.0,0.905500054359436,1709638710.0,1.0232501029968262,,,,,,,,,-0.28879938712109005,-0.20170242398647914
adc,1709711248.0,-0.3696250319480896,1709720282.0,0.6185000538825989,1709729314.0,0.2938750088214874,1709738291.0,0.5790000557899475,,,,,,,,,-0.3894289670964107,-0.12299733803899282
adc,1709811263.0,-0.413875013589859,1709820302.0,0.5888750553131104,1709829336.0,-0.0040000001899898,1709838753.0,0.3126250207424164,,,,,,,,,-0.4389153444532118,-0.1475787255655866
adc,1709911250.0,0.1540000140666961,1709920288.0,0.7915000319480896,1709929316.0,0.0036250001285225,1709938761.0,0.3782500326633453,,,,,,,,,0.12369764449102172,0.06114640557091662
adc,1710011248.0,0.799250066280365,1710020291.0,1.0938750505447388,1710029334.0,0.6752500534057617,1710038724.0,0.9637500643730164,,,,,,,,,0.7635966325584331,0.37080513247494207
adc,1710111263.0,0.4580000340938568,1710120299.0,1.102625012397766,1710129329.0,1.826625108718872,1710138760.0,1.5783751010894775,,,,,,,,,0.4168096949772172,0.3880345171174193
adc,1710211248.0,-0.0552500039339065,1710220293.0,0.8026250600814819,1710229321.0,1.4765000343322754,1710238742.0,1.4388750791549685,,,,,,,,,-0.10229887554508726,0.09760194172667175
adc,1710311261.0,-0.4506250321865082,1710320290.0,0.3406250178813934,1710329334.0,0.1197500079870224,1710338802.0,0.5534999966621399,,,,,,,,,-0.5040172297296732,-0.3539516152831495
adc,1710411260.0,-0.3050000071525574,1710420300.0,0.4307500123977661,1710429333.0,-0.0088750002905726,1710438715.0,0.3095000088214874,,,,,,,,,-0.36538431488394807,-0.2527713119950505
adc,1710511258.0,-0.0367499999701976,1710520297.0,0.5608749985694885,1710529333.0,-0.0032500000670552,1710538826.0,0.3598750233650207,,,,,,,,,-0.10490943890418608,-0.11126409719170241
adc,1710611263.0,0.6552500128746033,1710620295.0,0.749625027179718,1710629330.0,0.1097500026226043,1710638766.0,0.6755000352859497,,,,,,,,,0.5784517054222293,0.08894881906253177
adc,1710711263.0,0.2937500178813934,1710720303.0,0.8481250405311584,1710729334.0,1.5563750267028809,1710738733.0,1.3927500247955322,,,,,,,,,0.20743555515226245,0.19881766800352463
adc,1710811256.0,0.2605000138282776,1710820289.0,0.6042500138282776,1710829320.0,1.730000138282776,1710838814.0,1.461875081062317,,,,,,,,,0.16385324651934335,-0.03386393235525648
adc,1710911255.0,-0.3788750171661377,1710920294.0,0.5457500219345093,1710929326.0,0.5991250276565552,1710938737.0,0.8335000276565552,,,,,,,,,-0.48652843181244687,-0.08132525601036428
adc,1711011269.0,-0.2771250009536743,1711020301.0,0.4831250309944153,1711029333.0,-0.0002500000118743,1711038713.0,0.2950000166893005,,,,,,,,,-0.3962337074632055,-0.13294714459281048
adc,1711111258.0,-0.0190000012516975,1711120298.0,0.4531250298023224,1711129331.0,-0.0045000002719461,1711138342.0,0.1711250096559524,,,,,,,,,-0.14970973439029817,-0.1517778852740121
adc,1711211268.0,0.0411250032484531,1711220303.0,0.4803750216960907,1711229339.0,-0.0050000003539025,1711238733.0,0.1601250022649765,,,,,,,,,-0.10097481416635362,-0.11293728209682607
adc,1711311257.0,0.9186250567436218,1711320293.0,0.9203750491142272,1711329327.0,0.9737500548362732,1711338753.0,1.0883750915527344,,,,,,,,,0.7657168733122022,0.3393432106162737
adc,1711411263.0,0.7283750176429749,1711420302.0,0.7676250338554382,1711429335.0,1.798375129699707,1711438739.0,1.462000012397766,,,,,,,,,0.565579222436103,0.1997999864950449
adc,1711511252.0,0.0148750003427267,1711520293.0,0.5855000019073486,1711529328.0,1.0723750591278076,1711538394.0,1.039375066757202,,,,,,,,,-0.15661786395284105,0.03197071633275933
adc,1711611250.0,-0.3561250269412994,1711620289.0,0.4858750104904175,1711629320.0,0.1270000040531158,1711638795.0,0.5392500162124634,,,,,,,,,-0.5349433663318413,-0.052210964126042675
adc,1711711264.0,-0.3761250078678131,1711720300.0,0.2902500033378601,1711729334.0,-0.0046250000596046,1711738826.0,0.1555000096559524,,,,,,,,,-0.5608079959947818,-0.23130551112171552
adc,1711811249.0,0.0772500038146972,1711820286.0,0.4186250269412994,1711829320.0,-0.0048750001005828,1711838602.0,0.2783749997615814,,,,,,,,,-0.11183665500367468,-0.08549292498110675
adc,1711911246.0,0.8998750448226929,1711920281.0,0.7312500476837158,1711929314.0,0.3953750133514404,1711938330.0,0.8326250314712524,,,,,,,,,0.7077555757160667,0.24518738571532106
adc,1712011262.0,0.483875036239624,1712020300.0,0.7125000357627869,1712029340.0,1.658000111579895,1712038342.0,1.424375057220459,,,,,,,,,0.28990793016183647,0.24473096684558987
adc,1712111252.0,0.6941250562667847,1712120293.0,0.4785000085830688,1712129326.0,1.491000056266785,1712138398.0,1.4766250848770142,,,,,,,,,0.49921401480264016,0.028821780944260855
adc,1712211257.0,-0.4537500143051147,1712220298.0,0.1833750158548355,1712229330.0,0.3596250116825104,1712238565.0,0.674500048160553,,,,,,,,,-0.6490637928981318,-0.24888018106226711
adc,1712311259.0,-0.3290000259876251,1712320299.0,0.2326250076293945,1712329333.0,-0.0068750004284083,1712338821.0,0.2836250066757202,,,,,,,,,-0.524587878227017,-0.1833203538696635
adc,1712411255.0,0.0867500007152557,1712420286.0,0.3816250264644623,1712429324.0,-0.0048750001005828,1712438521.0,0.2057500034570694,,,,,,,,,-0.1094076428870924,-0.019506395648261884
adc,1712511254.0,0.3600000143051147,1712520288.0,0.4161250293254852,1712529322.0,0.0035000001080334,1712538336.0,0.5113750100135803,,,,,,,,,0.16257372783813395,0.028026809687687906
adc,1712611250.0,0.6377500295639038,1712620287.0,0.6085000038146973,1712629318.0,1.3721250295639038,1712638806.0,1.2817500829696655,,,,,,,,,0.43799632283632817,0.23149059351936002
adc,1712711253.0,0.8056250214576721,1712720289.0,0.4307500123977661,1712729320.0,1.6216250658035278,1712738634.0,1.415000081062317,,,,,,,,,0.6021828533595397,0.06285400500023261
adc,1712811259.0,-0.3000000119209289,1712820298.0,0.0648750066757202,1712829330.0,0.5038750171661377,1712838311.0,0.8346250653266907,,,,,,,,,-0.5087211481480027,-0.29578001638382734
adc,1712911265.0,-0.320125013589859,1712920294.0,0.2407500147819519,1712929332.0,-0.0058750002644956,1712938317.0,0.324500024318695,,,,,,,,,-0.53585237908972,-0.1143075153525496
adc,1713011247.0,0.1458750069141388,1713020288.0,0.2926250100135803,1713029327.0,-0.0052500003948807,1713038340.0,0.2569999992847442,,,,,,,,,-0.0786095894342018,-0.05814222071200469
adc,1713111259.0,0.1446250081062317,1713120288.0,0.2111250162124633,1713129325.0,-0.0048750001005828,1713138645.0,0.3692500293254852,,,,,,,,,-0.09026687068281107,-0.13624513954763795
adc,1713211261.0,1.0911250114440918,1713220299.0,0.9651250243186952,1713229332.0,1.089750051498413,1713238814.0,1.077375054359436,,,,,,,,,0.844399179930378,0.6207123355287476
adc,1713311249.0,0.4367500245571136,1713320282.0,0.3846250176429748,1713329308.0,1.7593750953674316,1713338393.0,1.4505000114440918,,,,,,,,,0.1770960913689807,0.0431840625707178
adc,1713411259.0,0.0268750004470348,1713420295.0,0.3053750097751617,1713429327.0,1.1588751077651978,1713438341.0,1.283500075340271,,,,,,,,,-0.24637647337893093,-0.03265817020629683
adc,1713511262.0,-0.2370000183582306,1713520300.0,0.1708750128746032,1713529331.0,0.371375024318695,1713538344.0,0.675125002861023,,,,,,,,,-0.5240185257334103,-0.16294472332151463
adc,1713611265.0,-0.1665000021457672,1713620305.0,0.1826250106096267,1713629339.0,-0.0063750003464519,1713638803.0,0.2918750047683716,,,,,,,,,-0.46690135216041795,-0.14586655573381158
adc,1713711243.0,0.1852500140666961,1713720280.0,0.1816250085830688,1713729312.0,-0.0052500003948807,1713738377.0,0.2992500066757202,,,,,,,,,-0.12757742793920948,-0.14017729950133392
adc,1713811268.0,1.071000099182129,1713820303.0,0.4407500326633453,1713829337.0,0.7510000467300415,1713838386.0,0.9473750591278076,,,,,,,,,0.7472426173355544,0.12718019376656237
adc,1713911260.0,0.8613750338554382,1713920307.0,0.5615000128746033,1713929348.0,1.9132500886917116,1713938834.0,1.5761250257492063,,,,,,,,,0.5286275032914908,0.257820308975247
adc,1714011269.0,0.5231250524520874,1714020305.0,0.2983750104904175,1714029347.0,1.630250096321106,1714038336.0,1.5080000162124634,,,,,,,,,0.183620024221909,0.006286004590923197
adc,1714111254.0,-0.3391250073909759,1714120291.0,0.1283750087022781,1714129321.0,0.5413750410079956,1714138335.0,0.7405000329017639,,,,,,,,,-0.6830487360137049,-0.15045278910304613
adc,1714211254.0,0.0510000027716159,1714220287.0,0.1650000065565109,1714229322.0,0.0046250000596046,1714238436.0,0.4270000159740448,,,,,,,,,-0.2950927851201634,-0.0989966264249262
adc,1714311252.0,0.2431250065565109,1714320289.0,0.1411250084638595,1714329319.0,-0.0062500000931322,1714338555.0,0.3303750157356262,,,,,,,,,-0.1031610220241868,-0.10663665812818972
adc,1714411253.0,0.768625020980835,1714420288.0,0.2845000028610229,1714429321.0,0.0743750035762786,1714438554.0,0.7052500247955322,,,,,,,,,0.4236849154148418,0.054150367051232134
adc,1714511261.0,0.9451250433921814,1714520302.0,0.565625011920929,1714529334.0,1.7610000371932983,1714538388.0,1.5861250162124634,,,,,,,,,0.6025005772280144,0.3535817400414397
adc,1714611253.0,0.6030000448226929,1714620287.0,0.2071250081062317,1714629314.0,1.6968750953674316,1714638401.0,1.5070000886917114,,,,,,,,,0.26300084341280716,0.01394994862387812
adc,1714711266.0,-0.3926250040531158,1714720297.0,-0.0328750014305114,1714729327.0,0.4943750202655792,1714738820.0,0.8053750395774841,,,,,,,,,-0.7303820874846751,-0.20699152411026037
adc,1714811263.0,-0.0627500042319297,1714820302.0,0.0422500036656856,1714829337.0,0.0273750014603137,1714838817.0,0.347875028848648,,,,,,,,,-0.3993042522599653,-0.11301242967214475
adc,1714911253.0,0.2142500132322311,1714920283.0,0.0337500013411045,1714929314.0,-0.0063750003464519,1714938293.0,0.2338750064373016,,,,,,,,,-0.12269316749618411,-0.10326255769667812
adc,1715011255.0,0.186375007033348,1715020288.0,0.2682500183582306,1715029323.0,-0.0007500000065192,1715038638.0,0.5337499976158142,,,,,,,,,-0.15294840541089294,0.14849538379249952
adc,1715111249.0,1.3842500448226929,1715120285.0,0.2883750200271606,1715129318.0,1.5080000162124634,1715138569.0,1.4322500228881836,,,,,,,,,1.0403323404183484,0.1845248252515675
adc,1715211261.0,0.2597500085830688,1715220297.0,0.129375010728836,1715229337.0,1.6432501077651978,1715238806.0,1.4380000829696655,,,,,,,,,-0.09102080640978899,0.03975305516162407
adc,1715311245.0,-0.0711250007152557,1715320283.0,-0.0435000024735927,1715329323.0,0.5488750338554382,1715338332.0,0.930375039577484,,,,,,,,,-0.43088765153050335,-0.12084049148703344
adc,1715411271.0,-0.30137500166893,1715420310.0,-0.0316250026226043,1715429349.0,-0.0075000002980232,1715438836.0,0.285500019788742,,,,,,,,,-0.6720057223585408,-0.09883478125398151
adc,1715511256.0,0.2906250059604645,1715520293.0,-0.0710000023245811,1715529329.0,-0.0065000001341104,1715538356.0,0.2971250116825104,,,,,,,,,-0.09237799491180673,-0.13035397990373854
adc,1715611266.0,0.90562504529953,1715620302.0,-0.0166250001639127,1715629333.0,0.5575000047683716,1715638336.0,0.8331250548362732,,,,,,,,,0.5091821749165266,-0.07043371997384647
adc,1715711256.0,1.455625057220459,1715720295.0,0.3473750054836273,1715729329.0,1.8450000286102293,1715738333.0,1.6251250505447388,,,,,,,,,1.045124972381953,0.2968563750345703
adc,1715811262.0,0.8025000095367432,1715820299.0,0.1911250054836273,1715829331.0,2.1065001487731934,1715838422.0,1.8942500352859497,,,,,,,,,0.37774687296306936,0.14178552146155884
adc,1715911257.0,-0.394875019788742,1715920294.0,0.1537500023841858,1715929330.0,1.1397500038146973,1715938325.0,1.1476250886917114,,,,,,,,,-0.8337041118068194,0.10370869896782138
adc,1716011264.0,-0.3912500143051147,1716020299.0,-0.1915000081062317,1716029339.0,-0.0103750005364418,1716038833.0,0.2521250247955322,,,,,,,,,-0.8436496023301141,-0.2438096498084693
adc,1716111249.0,0.2316250056028366,1716120283.0,-0.0992500036954879,1716129316.0,-0.0021250001154839,1716138400.0,0.371500015258789,,,,,,,,,-0.2335418551550229,-0.15499608806205623
adc,1716211262.0,0.6231250166893005,1716220299.0,-0.0086250007152557,1716229333.0,0.5957500338554382,1716238312.0,0.8141250610351562,,,,,,,,,0.1462666787406287,-0.06849782283209485
adc,1716311263.0,1.6698750257492063,1716320302.0,0.1055000051856041,1716329336.0,1.995500087738037,1716338319.0,1.745750069618225,,,,,,,,,1.1826367056017641,0.0413530808471574
adc,1716411261.0,0.9346250295639038,1716420289.0,0.1447500139474868,1716429318.0,1.996625065803528,1716438802.0,1.742625117301941,,,,,,,,,0.43849517469955857,0.07676281161195783
adc,1716511246.0,-0.4737500250339508,1716520285.0,-0.028125001117587,1716529315.0,0.5595000386238098,1716538331.0,0.5980000495910645,,,,,,,,,-0.9771828820818836,-0.09893751905180666
adc,1716611265.0,-0.4608750343322754,1716620299.0,-0.1337500065565109,1716629331.0,-0.0086250007152557,1716638323.0,0.127250000834465,,,,,,,,,-0.9700062404025864,-0.2058375344790716
adc,1716711252.0,0.5171250104904175,1716720287.0,-0.1125000044703483,1716729321.0,0.3007500171661377,1716738413.0,0.5021250247955322,,,,,,,,,0.003831487048507165,-0.18387051723114686
adc,1716811254.0,1.6595001220703125,1716820289.0,0.924875020980835,1716829322.0,1.171125054359436,1716838338.0,1.2420001029968262,,,,,,,,,1.1434246080262134,0.8565184613351542
adc,1716911257.0,1.3732500076293943,1716920294.0,0.1572500020265579,1716929322.0,2.056874990463257,1716938362.0,1.8072501420974727,,,,,,,,,0.8555280090134936,0.09434278161030593
adc,1717011249.0,0.3940000236034393,1717020282.0,0.1008750051259994,1717029319.0,1.5002501010894775,1717038297.0,1.5075000524520874,,,,,,,,,-0.12455558120547194,0.04581779144920067
adc,1717111257.0,-0.4533750116825104,1717120293.0,-0.1202500090003013,1717129328.0,0.0628750026226043,1717138541.0,0.316750019788742,,,,,,,,,-0.9723157747534186,-0.1652431378845951
adc,1717211271.0,0.1230000033974647,1717220307.0,-0.0991250053048133,1717229338.0,-0.0047500003129243,1717238538.0,0.1923750042915344,,,,,,,,,-0.39622645479330476,-0.1321328185092981
adc,1717311256.0,0.3342500030994415,1717320297.0,-0.2292500138282776,1717329332.0,0.5511250495910645,1717338382.0,0.8042500615119934,,,,,,,,,-0.18543522497421294,-0.24869213900786732
adc,1717411276.0,1.7367501258850098,1717420315.0,-0.0311250016093254,1717429355.0,1.8508751392364504,1717438821.0,1.6392500400543213,,,,,,,,,1.216283419700277,-0.035753597923262354
adc,1717511266.0,0.6042500138282776,1717520302.0,0.0530000030994415,1717529332.0,2.0132501125335693,1717538408.0,1.6891250610351562,,,,,,,,,0.08267675684060377,0.06415104004565528
adc,1717611262.0,-0.4633750319480896,1717620304.0,-0.1091250032186508,1717629335.0,0.5895000100135803,1717638813.0,0.6192500591278076,,,,,,,,,-0.9862304706502132,-0.08143709712732056
adc,1717711257.0,-0.1267500072717666,1717720300.0,-0.242000013589859,1717729332.0,-0.0076250005513429,1717738552.0,0.1701250076293945,,,,,,,,,-0.650774917803209,-0.1971534261243193
adc,1717811268.0,0.5613750219345093,1717820300.0,-0.1156250089406967,1717829331.0,0.1462500095367431,1717838543.0,0.5792500376701355,,,,,,,,,0.036687634415973835,-0.05307800271205912
adc,1717911254.0,1.7607500553131104,1717920290.0,0.3697500228881836,1717929318.0,1.2650001049041748,1717938538.0,1.24037504196167,,,,,,,,,1.2363531377804517,0.4504833585261346
adc,1718011261.0,1.261625051498413,1718020300.0,-0.0496250018477439,1718029339.0,2.0981249809265137,1718038324.0,1.732875108718872,,,,,,,,,0.7389025952780773,0.049713105650558295
adc,1718111255.0,-0.4660000205039978,1718120288.0,-0.0075000002980232,1718129323.0,0.6167500019073486,1718138622.0,0.6837500333786011,,,,,,,,,-0.9853091881028218,0.11075100469940993
adc,1718211250.0,0.0906250029802322,1718220291.0,-0.3145000040531158,1718229329.0,-0.0001250000059371,1718238540.0,0.2730000019073486,,,,,,,,,-0.4232958500824717,-0.1772001400755936
adc,1718311252.0,0.343375027179718,1718320288.0,-0.2361250072717666,1718329320.0,-0.0046250000596046,1718338403.0,0.3256250023841858,,,,,,,,,-0.16308803594490756,-0.07987844682660092
adc,1718411263.0,1.1563750505447388,1718420297.0,-0.0587500035762786,1718429330.0,0.5442500114440918,1718438808.0,0.9918750524520874,,,,,,,,,0.659379912798235,0.11604571175556577
adc,1718511254.0,1.040125012397766,1718520286.0,-0.1947500109672546,1718529319.0,1.9467500448226929,1718538394.0,1.7378751039505005,,,,,,,,,0.554388440496859,-0.002137903568292427
adc,1718611253.0,-0.460625022649765,1718620292.0,-0.2538750171661377,1718629327.0,0.9917500615119934,1718638314.0,0.9031250476837158,,,,,,,,,-0.9336906549244361,-0.04453187233635143
adc,1718711255.0,0.5208750367164612,1718720287.0,-0.2797500193119049,1718729322.0,0.2546250224113464,1718738323.0,0.5393750071525574,,,,,,,,,0.06136878620767716,-0.05510627292611561
adc,1718811263.0,0.3087500035762787,1718820303.0,-0.228750005364418,1718829336.0,-0.0045000002719461,1718838321.0,0.3191250264644623,,,,,,,,,-0.13695342053674875,0.009451370302324083
adc,1718911251.0,0.8346250653266907,1718920285.0,-0.2218750119209289,1718929323.0,-0.0041249999776482,1718938791.0,0.499625027179718,,,,,,,,,0.4022349035387971,0.027884163804380094
adc,1719011260.0,1.5221251249313354,1719020292.0,-0.1761250048875808,1719029325.0,1.8688751459121704,1719038551.0,1.678500056266785,,,,,,,,,1.1017785817406043,0.08301074592181021
adc,1719111252.0,-0.4532500207424164,1719120293.0,-0.3376250267028808,1719129325.0,1.02400004863739,1719138337.0,0.7483750581741333,,,,,,,,,-0.8635986278217379,-0.07138422362962282
adc,1719211254.0,0.0161250010132789,1719220290.0,-0.3312500119209289,1719229325.0,0.1686250120401382,1719238558.0,0.4156250059604645,,,,,,,,,-0.3869831910230024,-0.06016412243215179
adc,1719311242.0,-0.3567500114440918,1719320284.0,-0.277750015258789,1719329319.0,-0.0036250001285225,1719338555.0,0.2555000185966491,,,,,,,,,-0.7559637083927541,-0.003960946776229254
adc,1719411261.0,0.4302500188350677,1719420300.0,-0.3171250224113464,1719429335.0,-0.0040000001899898,1719438389.0,0.4967500269412994,,,,,,,,,0.03116284297561489,-0.04255306859084228
adc,1719511252.0,1.7663750648498535,1719520289.0,-0.2143750041723251,1719529325.0,1.6737500429153442,1719538406.0,1.4876251220703125,,,,,,,,,1.3634072565536395,0.05937328663368606
adc,1719611256.0,0.1347500085830688,1719620294.0,-0.3196250200271606,1719629325.0,1.261875033378601,1719638819.0,0.8966250419616699,,,,,,,,,-0.2761687092913955,-0.0479206510965302
adc,1719711263.0,0.2612500190734863,1719720305.0,-0.3112500011920929,1719729336.0,0.3182500004768371,1719738823.0,0.4587500095367431,,,,,,,,,-0.16159469974324978,-0.04237731434422258
adc,1719811253.0,-0.2302500158548355,1719820290.0,-0.2821250259876251,1719829324.0,0.0147500010207295,1719838353.0,0.3612500131130218,,,,,,,,,-0.6687603671221908,-0.01642406391005898
adc,1719911257.0,0.5720000267028809,1719920290.0,-0.3207500278949737,1719929323.0,-0.003000000026077,1719938800.0,0.2470000088214874,,,,,,,,,0.11444400142624944,-0.05813091718266572
adc,1720011266.0,1.6185001134872437,1720020307.0,0.0766250044107437,1720029345.0,1.4733750820159912,1720038818.0,1.3797500133514404,,,,,,,,,1.1389853714127272,0.3366325988590198
adc,1720111258.0,0.1073750033974647,1720120291.0,-0.2753750085830688,1720129327.0,1.4573750495910645,1720138324.0,1.0792500972747805,,,,,,,,,-0.3964542136569369,-0.017203717064813245
adc,1720211252.0,0.5506250262260437,1720220289.0,-0.3172500133514404,1720229327.0,0.4270000159740448,1720238389.0,0.5885000228881836,,,,,,,,,0.02075895960989539,-0.0599272435316429
adc,1720311255.0,-0.4330000281333923,1720320296.0,-0.2998750209808349,1720329333.0,0.0036250001285225,1720338314.0,0.244375005364418,,,,,,,,,-0.9899268285620637,-0.04229823029445584
adc,1720411256.0,0.53062504529953,1720420290.0,-0.3253750205039978,1720429322.0,-0.0026250001974403,1720438360.0,0.340250015258789,,,,,,,,,-0.05363686314902777,-0.06642011391013877
adc,1720511244.0,1.6435000896453855,1720520278.0,-0.1205000057816505,1720529310.0,1.2282500267028809,1720538532.0,1.2456250190734863,,,,,,,,,1.0324043537858991,0.14089703877776488
adc,1720611265.0,0.6345000267028809,1720620303.0,-0.3613750040531158,1720629336.0,1.5266250371932983,1720638542.0,1.3217500448226929,,,,,,,,,-0.002163076730108765,-0.09659814327854334
adc,1720711256.0,0.3898750245571136,1720720296.0,-0.2377500087022781,1720729325.0,0.195250004529953,1720738337.0,0.5325000286102295,,,,,,,,,-0.2703755881063062,0.031168488571199943
adc,1720811262.0,0.3220000267028808,1720820298.0,-0.3680000305175781,1720829331.0,0.0198750011622905,1720838380.0,0.3737500309944153,,,,,,,,,-0.3592345711308069,-0.09438708891080921
adc,1720911255.0,0.4831250309944153,1720920295.0,-0.3616250157356262,1720929327.0,-0.0017500000540167,1720938793.0,0.2853749990463257,,,,,,,,,-0.21598817156309094,-0.08299266040941636
adc,1721011254.0,1.5471251010894775,1721020288.0,-0.0997500047087669,1721029322.0,0.7238750457763672,1721038325.0,0.8055000305175781,,,,,,,,,0.8335910384709263,0.1839911852186648
adc,1721111246.0,1.1903750896453855,1721120281.0,-0.3240000009536743,1721129311.0,1.853125095367432,1721138560.0,1.5907500982284546,,,,,,,,,0.46605792539679913,-0.03529600304434553
adc,1721211246.0,-0.363625019788742,1721220280.0,-0.3587500154972076,1721229313.0,0.080375000834465,1721238549.0,0.4116250276565552,,,,,,,,,-1.0950941678439632,-0.06545902203465326
adc,1721311254.0,0.5943750143051147,1721320291.0,-0.3608750104904175,1721329328.0,0.1141250059008598,1721338525.0,0.4598750174045563,,,,,,,,,-0.14081194690313495,-0.06359220911058958
adc,1721411254.0,0.5303750038146973,1721420287.0,-0.3552500307559967,1721429325.0,-0.0008750000270083,1721438531.0,0.1691250056028366,,,,,,,,,-0.20547883895099894,-0.05477444521017971
adc,1721511261.0,1.5780000686645508,1721520288.0,0.1593750119209289,1721529322.0,0.7010000348091125,1721538556.0,0.7700000405311584,,,,,,,,,0.8439687109447513,0.46206287540865143
adc,1721611248.0,1.5772501230239868,1721620288.0,-0.3633750081062317,1721629324.0,1.717750072479248,1721638487.0,1.5076251029968262,,,,,,,,,0.846805311786618,-0.05960404018723381
adc,1721711248.0,-0.4492500126361847,1721720284.0,-0.4072500169277191,1721729324.0,0.4257500171661377,1721738564.0,0.5542500019073486,,,,,,,,,-1.1752032538197366,-0.10362518492077452
adc,1721811257.0,0.9222500324249268,1721820295.0,-0.3852500319480896,1721829330.0,0.3408750295639038,1721838624.0,0.3967500329017639,,,,,,,,,0.2007524245883861,-0.08303177983707952
adc,1721911261.0,0.6307500004768372,1721920298.0,-0.3666250109672546,1721929336.0,-0.0006250000442378,1721938585.0,0.2162500172853469,,,,,,,,,-0.08728007758752916,-0.06701583577404539
adc,1722011257.0,0.8181250095367432,1722020298.0,-0.3451250195503235,1722029339.0,0.01450000051409,1722038808.0,0.5736250281333923,,,,,,,,,0.10169088482270836,-0.049166427054075014
adc,1722111254.0,1.6572500467300415,1722120296.0,-0.2276250123977661,1722129334.0,1.7105001211166382,1722138352.0,1.4678751230239868,,,,,,,,,0.9398053264024471,0.06390751385353671
adc,1722211259.0,-0.2767499983310699,1722220289.0,-0.4132500290870666,1722229326.0,0.7985000610351562,1722238675.0,0.8113750219345093,,,,,,,,,-0.9983248279878387,-0.1265608341897119
adc,1722311267.0,0.5053750276565552,1722320310.0,-0.4040000140666961,1722329348.0,0.1028750017285347,1722338341.0,0.4011250138282776,,,,,,,,,-0.22368003603177358,-0.12214897875312683
adc,1722411254.0,0.3951250314712524,1722420288.0,-0.3990000188350677,1722429324.0,-0.0005000000237487,1722438335.0,0.2150000035762787,,,,,,,,,-0.3446722710872815,-0.12153668618751012
adc,1722511259.0,0.5267500281333923,1722520290.0,-0.3833750188350677,1722529324.0,-0.0002500000118743,1722538329.0,0.289000004529953,,,,,,,,,-0.226643845965217,-0.10943155025894412
adc,1722611262.0,1.6535000801086426,1722620300.0,0.6442500352859497,1722629335.0,1.4577500820159912,1722638573.0,1.3201251029968262,,,,,,,,,0.8843430708731702,0.9158779913257509
adc,1722711258.0,0.718625009059906,1722720292.0,-0.4007500112056732,1722729328.0,1.2201250791549685,1722738369.0,1.1276251077651978,,,,,,,,,-0.06756687741875081,-0.13002251533252546
adc,1722811258.0,0.9857500195503236,1722820299.0,-0.3880000114440918,1722829332.0,0.2982500195503235,1722838349.0,0.4973750114440918,,,,,,,,,0.18226161965377424,-0.1166997080504775
adc,1722911256.0,0.2676250040531158,1722920293.0,-0.3880000114440918,1722929327.0,0.0195000004023313,1722938330.0,0.2971250116825104,,,,,,,,,-0.5523917918579995,-0.11475107355530921
adc,1723011252.0,0.5762500166893005,1723020289.0,-0.3446250259876251,1723029325.0,0.0005000000237487,1723038403.0,0.2683750092983246,,,,,,,,,-0.25856834322635275,-0.06828673376274559
adc,1723111262.0,1.5876250267028809,1723120299.0,-0.1766250133514404,1723129332.0,1.1221250295639038,1723138568.0,1.060625076293945,,,,,,,,,0.7405374768332118,0.10360235814190304
adc,1723211249.0,1.2798750400543213,1723220293.0,-0.3965000212192535,1723229327.0,1.3927500247955322,1723238331.0,1.146125078201294,,,,,,,,,0.4236331107470168,-0.1119928162907586
adc,1723311262.0,0.150500014424324,1723320301.0,-0.2397500127553939,1723329337.0,0.0218750014901161,1723338819.0,0.4513750076293945,,,,,,,,,-0.7114736057320239,0.04898952753653259
adc,1723411270.0,0.9261250495910645,1723420301.0,-0.3393750190734863,1723429337.0,0.1131250038743019,1723438320.0,0.4565000236034393,,,,,,,,,0.061848310495497064,-0.046881956225919924
adc,1723511250.0,0.5290000438690186,1723520286.0,-0.3810000121593475,1723529324.0,0.0005000000237487,1723538609.0,0.2356250137090683,,,,,,,,,-0.3344501582728022,-0.08562500957821904
adc,1723611257.0,1.617625117301941,1723620297.0,-0.1162500083446502,1723629333.0,0.6640000343322754,1723638812.0,0.8808750510215759,,,,,,,,,0.757546291469636,0.180806717950624
adc,1723711246.0,1.496000051498413,1723720285.0,-0.312375009059906,1723729320.0,1.7347500324249268,1723738313.0,1.59850013256073,,,,,,,,,0.6410056923751984,-0.01508234029598176
adc,1723811244.0,-0.3788750171661377,1723820278.0,-0.4257500171661377,1723829312.0,0.4298750162124634,1723838328.0,0.6350000500679016,,,,,,,,,-1.2280910013687787,-0.12981753685649403
adc,1723911265.0,1.1248750686645508,1723920300.0,-0.3813750147819519,1723929333.0,0.3610000312328338,1723938802.0,0.5472500324249268,,,,,,,,,0.28100251907345025,-0.08844884344916153
adc,1724011251.0,0.5782500505447388,1724020291.0,-0.3057500123977661,1724029325.0,0.0013750001089647,1724038374.0,0.2373750060796737,,,,,,,,,-0.26186493635703584,-0.017428271445905544
adc,1724111259.0,0.8337500691413879,1724120290.0,-0.1637500077486038,1724129323.0,0.02012500166893,1724138400.0,0.5822499990463257,,,,,,,,,-0.005279949868353007,0.1185053871653785
adc,1724211250.0,1.690250039100647,1724220287.0,-0.017875000834465,1724229322.0,1.6296250820159912,1724238530.0,1.336625099182129,,,,,,,,,0.8486877928503971,0.2570612339497539
adc,1724311266.0,0.4032500088214874,1724320303.0,-0.3942500054836273,1724329343.0,0.8321250677108765,1724338840.0,0.7956250309944153,,,,,,,,,-0.4451955657868012,-0.12762121459712963
adc,1724411262.0,1.2437500953674316,1724420296.0,-0.3711250126361847,1724429329.0,0.4207500219345093,1724438788.0,0.5790000557899475,,,,,,,,,0.38360709730693365,-0.11348877432217631
adc,1724511262.0,-0.0363750010728836,1724520303.0,-0.3160000145435333,1724529343.0,0.0015000000130385,1724538360.0,0.1830000132322311,,,,,,,,,-0.9131725174413099,-0.06771534216807294
adc,1724611253.0,0.6565000414848328,1724620287.0,-0.2873750030994415,1724629320.0,0.002250000135973,1724638373.0,0.324500024318695,,,,,,,,,-0.24170253896045776,-0.04846842131122702
adc,1724711261.0,1.69587504863739,1724720297.0,-0.0628750026226043,1724729328.0,1.2825000286102295,1724738382.0,1.133125066757202,,,,,,,,,0.7720729380015622,0.16694664085329552
adc,1724811258.0,0.4953750371932983,1724820299.0,-0.3633750081062317,1724829334.0,1.443750023841858,1724838356.0,1.3726251125335691,,,,,,,,,-0.4573502542931385,-0.14206007313882107
adc,1724911260.0,0.6801250576972961,1724920301.0,-0.2537500262260437,1724929333.0,0.5673750042915344,1724938814.0,0.7775000333786011,,,,,,,,,-0.3037283411148145,-0.04013525066344079
adc,1725011269.0,1.6011251211166382,1725020306.0,0.1061250045895576,1725029343.0,0.6551250219345093,1725038827.0,1.112375020980835,,,,,,,,,0.585214885694493,0.31299845300489854
adc,1725111254.0,0.8993750214576721,1725120294.0,-0.2872500121593475,1725129330.0,0.3361250162124634,1725138513.0,0.5666249990463257,,,,,,,,,-0.14819055966186542,-0.0860958443442894
adc,1725211243.0,1.0413750410079956,1725220285.0,-0.203000009059906,1725229320.0,0.1512500047683715,1725238310.0,0.6663750410079956,,,,,,,,,-0.03616524265909578,-0.006572933558828174
adc,1725311249.0,1.2332500219345093,1725320290.0,-0.2370000183582306,1725329322.0,0.2526250183582306,1725338323.0,0.936750054359436,,,,,,,,,0.1285483393917978,-0.04442449922050965
adc,1725411261.0,1.311500072479248,1725420293.0,-0.015375000424683,1725429327.0,0.6053750514984131,1725438816.0,1.117500066757202,,,,,,,,,0.18336039210437408,0.17403673697677252
adc,1725511259.0,1.50837504863739,1725520298.0,-0.3145000040531158,1725529329.0,1.01437509059906,1725538529.0,1.3912500143051147,,,,,,,,,0.36115866891374215,-0.12780056447017668
adc,1725611260.0,0.8991250395774841,1725620294.0,-0.2686250209808349,1725629330.0,0.9476250410079956,1725638811.0,1.2570000886917114,,,,,,,,,-0.2624603474146437,-0.08444502966089508
adc,1725711251.0,1.0172500610351562,1725720295.0,-0.2033750116825103,1725729325.0,0.96150004863739,1725738386.0,1.3045001029968262,,,,,,,,,-0.1539313992666757,-0.021776463108126427
adc,1725811261.0,1.1140000820159912,1725820295.0,-0.1681250035762787,1725829332.0,0.9500000476837158,1725838342.0,1.2857500314712524,,,,,,,,,-0.0621865155472172,0.0106015777193611
adc,1725911256.0,1.1787500381469729,1725920298.0,-0.1790000051259994,1725929330.0,0.9942500591278076,1725938824.0,1.3450000286102295,,,,,,,,,0.0017679077848883756,-0.003621722052311111
adc,1726011252.0,1.1926250457763672,1726020290.0,-0.1651250123977661,1726029316.0,1.1221250295639038,1726038813.0,1.402250051498413,,,,,,,,,0.01852908091758712,0.006295067043356445
adc,1726111250.0,1.1456249952316284,1726120284.0,-0.1530000120401382,1726129320.0,1.1542500257492063,1726138340.0,1.4718750715255735,,,,,,,,,-0.022526031949998006,0.01377386734142565
adc,1726211243.0,1.149125099182129,1726220285.0,-0.1600000113248825,1726229324.0,1.2757500410079956,1726238333.0,1.4686250686645508,,,,,,,,,-0.010692833016677165,0.0014153544620937296
adc,1726311266.0,1.186000108718872,1726320303.0,-0.1582500040531158,1726329341.0,1.4310001134872437,1726338549.0,1.5515000820159912,,,,,,,,,0.03622684878295407,-0.002881324508288762
adc,1726411261.0,1.1017500162124634,1726420303.0,-0.1455000042915344,1726429337.0,1.4813750982284546,1726438823.0,1.5988750457763672,,,,,,,,,-0.036914239253601176,0.003198654890822364
adc,1726511263.0,1.10212504863739,1726520297.0,-0.1401250064373016,1726529331.0,1.483875036239624,1726538316.0,1.5951250791549685,,,,,,,,,-0.024955530556983095,0.0013765560444296537
adc,1726611259.0,1.1117500066757202,1726620292.0,-0.1382500082254409,1726629327.0,1.489875078201294,1726638336.0,1.614625096321106,,,,,,,,,-0.0037835927634717256,-0.0043549857189071756
adc,1726711254.0,1.0881251096725464,1726720283.0,-0.1146250069141388,1726729319.0,1.537500023841858,1726738393.0,1.608375072479248,,,,,,,,,-0.01631836457651672,0.011382892496718717
adc,1726811253.0,1.1066250801086426,1726820290.0,-0.1162500083446502,1726829324.0,1.5308750867843628,1726838547.0,1.616000056266785,,,,,,,,,0.012491287184367069,0.0017206329028130098
adc,1726911258.0,1.0782500505447388,1726920300.0,-0.0995000079274177,1726929327.0,1.539750099182129,1726938776.0,1.61537504196167,,,,,,,,,-0.0065828680003343805,0.010406701459264416
adc,1727011262.0,1.0950000286102295,1727020303.0,-0.106000006198883,1727029337.0,1.5507500171661377,1727038825.0,1.6138750314712524,,,,,,,,,0.018319400436034444,-0.004074491313602015
adc,1727111260.0,1.084625005722046,1727120299.0,-0.0905000045895576,1727129333.0,1.542750120162964,1727138554.0,1.6201250553131104,,,,,,,,,0.014886653712479868,0.0036171318164883023
adc,1727211264.0,1.0658750534057615,1727220297.0,-0.0855000019073486,1727229331.0,1.5187500715255735,1727238549.0,1.6485000848770142,,,,,,,,,0.0018737617160950043,0.0010488808719032608
adc,1727311267.0,1.0643750429153442,1727320304.0,-0.082125000655651,1727329340.0,1.5446250438690186,1727338569.0,1.6570000648498535,,,,,,,,,0.004964130153154615,-0.002861415947383438
adc,1727411264.0,1.0670000314712524,1727420304.0,-0.0745000019669532,1727429337.0,1.542875051498413,1727438805.0,1.6631250381469729,,,,,,,,,0.011133351951171162,-0.0022206173131450206
adc,1727511255.0,1.0673750638961792,1727520291.0,-0.0687500014901161,1727529328.0,1.5232501029968262,1727538823.0,1.683250069618225,,,,,,,,,0.014138745449832334,-0.0031592616124390994
adc,1727611263.0,1.046875,1727620299.0,-0.0593750029802322,1727629333.0,1.5301250219345093,1727638825.0,1.6975001096725464,,,,,,,,,-0.004489282314923286,-0.00020464916811049633
adc,1727711259.0,1.0515000820159912,1727720291.0,-0.0580000020563602,1727729319.0,1.530750036239624,1727738324.0,1.680625081062317,,,,,,,,,0.001421634837929944,-0.005028200207710469
adc,1727811266.0,1.030250072479248,1727820310.0,-0.0452500022947788,1727829342.0,1.5517500638961792,1727838822.0,1.647000074386597,,,,,,,,,-0.018945346211375284,0.00168270252342736
adc,1727911250.0,1.0227500200271606,1727920291.0,-0.0367499999701976,1727929324.0,1.5495001077651978,1727938541.0,1.6841250658035278,,,,,,,,,-0.025775055828840574,0.00422840247915639
adc,1728011272.0,1.033750057220459,1728020311.0,-0.0283750016242265,1728029347.0,1.5312501192092896,1728038843.0,1.6926250457763672,,,,,,,,,-0.014124951896180238,0.006651162225615891
adc,1728111266.0,1.0631250143051147,1728120304.0,-0.0170000009238719,1728129335.0,1.6171250343322754,1728138341.0,1.618000030517578,,,,,,,,,0.01606978303581155,0.011990006299972662
adc,1728211254.0,1.0577501058578491,1728220289.0,-0.0131250005215406,1728229323.0,1.7196251153945925,1728238548.0,1.717750072479248,,,,,,,,,0.011867098387472247,0.009661140621822401
adc,1728311265.0,1.1203750371932983,1728320303.0,-0.0107500003650784,1728329337.0,1.810500144958496,1728338417.0,1.737125039100647,,,,,,,,,0.076187931561368,0.005588852253076916
adc,1728411265.0,1.0125000476837158,1728420308.0,-0.0428750030696392,1728429341.0,1.8496251106262207,1728438815.0,1.855375051498413,,,,,,,,,-0.029310514305306165,-0.0332886361401411
adc,1728511257.0,1.017625093460083,1728520290.0,-0.0231250002980232,1728529325.0,1.82687509059906,1728538816.0,1.8617501258850095,,,,,,,,,-0.02098632520504476,-0.02063911204894983
adc,1728611255.0,1.018875002861023,1728620289.0,0.0048750001005828,1728629322.0,1.7070001363754272,1728638314.0,1.860625147819519,,,,,,,,,-0.01558667695659211,-0.0001081116513507261
adc,1728711252.0,1.0415000915527344,1728720290.0,0.0123750008642673,1728729321.0,1.6161251068115234,1728738654.0,1.9056251049041748,,,,,,,,,0.012254641981906704,-0.0004430873001370992
adc,1728811264.0,1.029375076293945,1728820298.0,0.0213750004768371,1728829329.0,1.7171250581741333,1728838543.0,1.954375147819519,,,,,,,,,0.00651765283561824,0.00037967650318676983
adc,1728911250.0,1.005250096321106,1728920284.0,0.0246250014752149,1728929316.0,1.704625129699707,1728938499.0,1.961875081062317,,,,,,,,,-0.009952564261129114,-0.004849203642835638
adc,1729011254.0,0.9718750715255736,1729020284.0,0.0453750006854534,1729029312.0,1.7377500534057615,1729038295.0,1.9877500534057615,,,,,,,,,-0.03432318315374247,0.0071718411000771445
adc,1729111258.0,1.0106250047683716,1729120293.0,0.0442500002682209,1729129333.0,1.6670000553131104,1729138326.0,1.982625126838684,,,,,,,,,0.01484765125559935,-0.002876381377303514
adc,1729211269.0,0.9493750333786012,1729220307.0,0.0773750022053718,1729229346.0,1.645875096321106,1729238833.0,1.9830000400543213,,,,,,,,,-0.0345207755029127,0.021184589059719462
adc,1729311251.0,0.9332500696182252,1729320285.0,0.077000007033348,1729329318.0,1.6008750200271606,1729338816.0,1.9401251077651975,,,,,,,,,-0.03729131696524495,0.011650326124256673
adc,1729411259.0,0.9666250348091124,1729420299.0,0.080375000834465,1729429332.0,1.596000075340271,1729438316.0,1.936500072479248,,,,,,,,,0.010880132257750919,0.005804772734621185
adc,1729511265.0,0.961250066757202,1729520303.0,0.08262500166893,1729529338.0,1.590000033378601,1729538810.0,1.9572501182556152,,,,,,,,,0.021658131680615197,-0.0012061692401344384
adc,1729611264.0,0.945750057697296,1729620303.0,0.0910000056028366,1729629342.0,1.5908750295639038,1729638835.0,1.9472501277923584,,,,,,,,,0.023517054379615737,-0.002123819485519645
adc,1729711256.0,0.9427500367164612,1729720290.0,0.0990000069141388,1729729323.0,1.60212504863739,1729738813.0,1.949375033378601,,,,,,,,,0.038860470823333874,-0.0034488453929342306
adc,1729811270.0,0.920875072479248,1729820312.0,0.1106250062584877,1729829350.0,1.5877500772476196,1729838548.0,1.955125093460083,,,,,,,,,0.03602187742116025,-0.001187037432010958
adc,1729911261.0,0.9263750314712524,1729920299.0,0.1235000044107437,1729929333.0,1.5878751277923584,1729938815.0,1.97475004196167,,,,,,,,,0.060899103947351395,0.002280554264095404
adc,1730011252.0,0.9133750200271606,1730020292.0,0.1223750039935112,1730029332.0,1.5078750848770142,1730038813.0,1.943250060081482,,,,,,,,,0.06722404032223499,-0.008297536969237403
adc,1730111268.0,0.8245000243186951,1730120306.0,0.1338750123977661,1730129343.0,1.252500057220459,1730138346.0,1.789500117301941,,,,,,,,,-0.002784607604337533,-0.0062889854585131705
adc,1730211261.0,0.7591250538825989,1730220300.0,0.1432500034570694,1730229330.0,0.94350004196167,1730238335.0,1.5065001249313354,,,,,,,,,-0.050136975856589466,-0.006424657733352827
adc,1730311260.0,0.6333750486373901,1730320297.0,0.1526250094175338,1730329333.0,0.562250018119812,1730338380.0,1.0360000133514404,,,,,,,,,-0.15903653545837484,-0.006547005541478486
adc,1730411264.0,0.7161250114440918,1730420298.0,0.1770000010728836,1730429332.0,0.281125009059906,1730438827.0,0.7543750405311584,,,,,,,,,-0.060848826525695114,0.008389601193967831
adc,1730511266.0,0.7462500333786011,1730520305.0,0.1760000139474868,1730529337.0,0.2372500151395797,1730538803.0,0.7320000529289246,,,,,,,,,-0.016830243257725155,-0.0019328894051294512
adc,1730611258.0,0.780875027179718,1730620293.0,0.1928750127553939,1730629329.0,0.2793750166893005,1730638375.0,0.8070000410079956,,,,,,,,,0.03012963142447475,0.005800346959750846
adc,1730711262.0,0.7572500109672546,1730720301.0,0.1978750079870224,1730729341.0,0.4257500171661377,1730738811.0,0.9040000438690186,,,,,,,,,0.017377747323183763,0.0019077725017181903
adc,1730811266.0,0.7532500624656677,1730820303.0,0.1966250091791153,1730829340.0,0.4065000116825104,1730838822.0,0.7622500658035278,,,,,,,,,0.022980860442402353,-0.007918602792668686
adc,1730911259.0,0.7480000257492065,1730920297.0,0.2111250162124633,1730929327.0,0.3272500038146972,1730938305.0,0.7438750267028809,,,,,,,,,0.026326091188672258,-0.001618675355864145
adc,1731011257.0,0.7105000615119934,1731020287.0,0.218625009059906,1731029323.0,0.1363750100135803,1731038315.0,0.609375,,,,,,,,,-0.00328148458589703,-0.0018948815418322273
adc,1731111271.0,0.6961250305175781,1731120299.0,0.2241250127553939,1731129334.0,0.052250001579523,1731138374.0,0.5741250514984131,,,,,,,,,-0.010148246663183036,-0.003717701612971652
adc,1731211257.0,0.7210000157356262,1731220290.0,0.2383750081062317,1731229326.0,0.0687500014901161,1731238313.0,0.6138750314712524,,,,,,,,,0.02215601478058688,0.0036690517978477783
adc,1731311271.0,0.7307500243186951,1731320305.0,0.2468750178813934,1731329347.0,0.1560000032186508,1731338555.0,0.8523750305175781,,,,,,,,,0.03952314648120968,0.005743920482687635
adc,1731411255.0,0.6017500162124634,1731420290.0,0.2402500063180923,1731429320.0,0.0888750031590461,1731438812.0,0.6366250514984131,,,,,,,,,-0.08146409053353827,-0.006920380872523076
adc,1731511248.0,0.6971250176429749,1731520286.0,0.2687500119209289,1731529314.0,0.1284999996423721,1731538563.0,0.7142500281333923,,,,,,,,,0.02245200764176109,0.015841950435737634
adc,1731611253.0,0.6667500138282776,1731620289.0,0.2790000140666961,1731629323.0,0.2272500097751617,1731638810.0,0.7622500658035278,,,,,,,,,0.001193101303524853,0.020540817291657232
adc,1731711250.0,0.7143750190734863,1731720288.0,0.2637500166893005,1731729323.0,0.4361250102519989,1731738386.0,0.9852500557899476,,,,,,,,,0.05846476877054688,-0.00021581256044070699
adc,1731811253.0,0.7142500281333923,1731820298.0,0.2803750038146972,1731829332.0,0.4915000200271606,1731838320.0,1.097000002861023,,,,,,,,,0.06838288851881415,0.01078478844561415
adc,1731911253.0,0.5681250095367432,1731920291.0,0.2533750236034393,1731929329.0,0.4021250307559967,1731938793.0,0.9882500171661376,,,,,,,,,-0.06751771329616355,-0.022130469655340726
adc,1732011254.0,0.5902500152587891,1732020290.0,0.2706250250339508,1732029333.0,0.1145000085234642,1732038774.0,0.6017500162124634,,,,,,,,,-0.035267315938410586,-0.011259391418656924
adc,1732111262.0,0.6771250367164612,1732120302.0,0.3028750121593475,1732129333.0,0.189625009894371,1732138332.0,0.7141250371932983,,,,,,,,,0.06131046716736529,0.013987921032605662
adc,1732211250.0,0.5865000486373901,1732220285.0,0.280875027179718,1732229315.0,0.1981250047683715,1732238306.0,0.643250048160553,,,,,,,,,-0.020375082754051973,-0.01577361706576684
adc,1732311256.0,0.5733750462532043,1732320287.0,0.3156250119209289,1732329318.0,0.1286250054836273,1732338314.0,0.5928750038146973,,,,,,,,,-0.025653165128702637,0.010357465224346666
adc,1732411255.0,0.5958750247955322,1732420282.0,0.3215000033378601,1732429320.0,0.1156250089406967,1732438805.0,0.5082499980926514,,,,,,,,,0.0033128600948616506,0.0067049182231541
adc,1732511265.0,0.6233750581741333,1732520295.0,0.3286250233650207,1732529327.0,0.100500002503395,1732538547.0,0.5672500133514404,,,,,,,,,0.03567913367895824,0.003398677547872192
adc,1732611258.0,0.5947500467300415,1732620293.0,0.3342500030994415,1732629327.0,0.1737500131130218,1732638790.0,0.6466250419616699,,,,,,,,,0.010197448492485158,-0.0022430694333831097
adc,1732711251.0,0.5458750128746033,1732720286.0,0.3296250104904175,1732729319.0,0.1067500039935112,1732738304.0,0.5815000534057617,,,,,,,,,-0.037261589391899046,-0.01883384936582877
adc,1732811253.0,0.5772500038146973,1732820293.0,0.3541250228881836,1732829330.0,0.1712500154972076,1732838512.0,0.7086250185966492,,,,,,,,,-0.0060658090825894215,-0.006792244007244998
adc,1732911255.0,0.5526250004768372,1732920286.0,0.4100000262260437,1732929313.0,0.340250015258789,1732938389.0,0.8257500529289246,,,,,,,,,-0.032185448645765974,0.036406568914039324
adc,1733011264.0,0.6845000386238098,1733020297.0,0.4768750369548797,1733029328.0,0.6682500243186951,1733038355.0,0.9023750424385072,,,,,,,,,0.09730960737285299,0.09072516882091718
adc,1733111258.0,0.6183750033378601,1733120294.0,0.2956250011920929,1733129326.0,0.7468750476837158,1733138540.0,0.9335000514984132,,,,,,,,,0.02849230926360779,-0.10257140445199081
adc,1733211256.0,0.4936250150203705,1733220290.0,0.3032500147819519,1733229330.0,0.2583750188350677,1733238819.0,0.6676250100135803,,,,,,,,,-0.09856475822305537,-0.10605602998503727
adc,1733311268.0,0.4646250307559967,1733320309.0,0.3821250200271606,1733329345.0,0.1088750064373016,1733338325.0,0.445125013589859,,,,,,,,,-0.12869627992110938,-0.03691222109906876
adc,1733411248.0,0.5038750171661377,1733420285.0,0.387125015258789,1733429319.0,0.1067500039935112,1733438383.0,0.3160000145435333,,,,,,,,,-0.08856551753407448,-0.039839368647347655
adc,1733511259.0,0.4486250281333923,1733520291.0,0.3925000131130218,1733529317.0,0.0100000007078051,1733538416.0,0.2162500172853469,,,,,,,,,-0.14010210758701447,-0.040215971963690415
adc,1733611249.0,0.3916250169277191,1733620282.0,0.4547500312328338,1733629317.0,0.0055000004358589,1733638382.0,0.2975000143051147,,,,,,,,,-0.1898304413961307,0.01873222852789845
adc,1733711256.0,0.5543750524520874,1733720296.0,0.4897500276565552,1733729328.0,0.0058750002644956,1733738417.0,0.3256250023841858,,,,,,,,,-0.015707651351134153,0.05301442187010194
adc,1733811249.0,0.8337500691413879,1733820287.0,0.5796250104904175,1733829326.0,0.0590000040829181,1733838401.0,0.8036250472068787,,,,,,,,,0.27941344278546265,0.14471447706658513
adc,1733911254.0,1.2540000677108765,1733920287.0,0.7046250104904175,1733929324.0,1.0457500219345093,1733938515.0,1.4040000438690186,,,,,,,,,0.7197127828012311,0.2738455630617827
adc,1734011255.0,0.5947500467300415,1734020297.0,0.4500000178813934,1734029350.0,1.732625126838684,1734038346.0,1.701250076293945,,,,,,,,,0.08436479373110567,0.02522611597088173
adc,1734111263.0,0.3301250040531158,1734120300.0,0.2973750233650207,1734129334.0,1.95187509059906,1734138406.0,1.8163751363754272,,,,,,,,,-0.15332726698965393,-0.12011978574401294
adc,1734211275.0,0.4715000092983246,1734220309.0,0.4408750236034393,1734229346.0,2.0228750705718994,1734238830.0,1.84975004196167,,,,,,,,,0.016880000351890648,0.03121001784240337
adc,1734311251.0,0.531000018119812,1734320290.0,0.2113750129938125,1734329325.0,1.852500081062317,1734338527.0,1.7370001077651978,,,,,,,,,0.10577574260182449,-0.19069178379706492
adc,1734411258.0,0.3033750057220459,1734420293.0,0.2836250066757202,1734429329.0,0.9033750295639038,1734438779.0,1.2948750257492063,,,,,,,,,-0.09329537872116696,-0.1118490943188137
adc,1734511252.0,0.1181250065565109,1734520291.0,0.4546250104904175,1734529318.0,0.0042500002309679,1734538532.0,0.2393750101327896,,,,,,,,,-0.252163860957062,0.06403664583545945
adc,1734611255.0,0.2157500088214874,1734620291.0,0.4938750267028808,1734629329.0,0.0061250003054738,1734638818.0,0.0391250029206275,,,,,,,,,-0.13145110659346732,0.10589027153482021
adc,1734711257.0,0.1486250013113021,1734720291.0,0.5393750071525574,1734729325.0,0.0067500001750886,1734738795.0,0.0316250026226043,,,,,,,,,-0.17958806827196733,0.1513031045270001
adc,1734811255.0,0.015375000424683,1734820294.0,0.027750002220273,1734829327.0,0.0023750001564621,1734838559.0,0.2432500123977661,,,,,,,,,-0.2983763286984433,-0.3633164371335692
adc,1734911257.0,-0.019625000655651,1734920299.0,0.213000014424324,1734929330.0,0.0027500002179294,1734938790.0,0.2351250052452087,,,,,,,,,-0.32347470959519503,-0.18398358834300288
adc,1735011246.0,0.2351250052452087,1735020285.0,0.4321250319480896,1735029325.0,0.0070000002160668,1735038374.0,0.3740000128746032,,,,,,,,,-0.06306094692198783,0.026479282172720914
adc,1735111266.0,1.4002500772476196,1735120309.0,0.7201250195503235,1735129346.0,0.2430000156164169,1735138345.0,0.5764999985694885,,,,,,,,,1.1040913144046691,0.3034157890364099
adc,1735211259.0,-0.0842500030994415,1735220296.0,0.3062500059604645,1735229327.0,1.133125066757202,1735238324.0,1.3263750076293943,,,,,,,,,-0.38123662830283056,-0.12345629686418624
adc,1735311262.0,0.6698750257492065,1735320297.0,0.5490000247955322,1735329330.0,1.352500081062317,1735338341.0,1.4726250171661377,,,,,,,,,0.3700689395225545,0.10490468439464641
adc,1735411265.0,0.3896250128746032,1735420306.0,0.6031250357627869,1735429338.0,1.3782501220703125,1735438334.0,1.477000117301941,,,,,,,,,0.08587390632660288,0.14381295192335744
adc,1735511272.0,0.4753750264644623,1735520307.0,0.2140000164508819,1735529342.0,1.1816250085830688,1735538541.0,1.5368751287460327,,,,,,,,,0.16737054935208184,-0.26081678588897195
adc,1735611260.0,0.0816250070929527,1735620302.0,0.4330000281333923,1735629340.0,0.028125001117587,1735638791.0,0.643125057220459,,,,,,,,,-0.2301971771126473,-0.05713491746324816
adc,1735711251.0,0.116625003516674,1735720292.0,0.6116250157356262,1735729320.0,0.0071250004693865,1735738561.0,0.0462500005960464,,,,,,,,,-0.1979142059968751,0.10673446080286829
adc,1735811250.0,0.0533750019967556,1735820286.0,0.6025000214576721,1735829319.0,0.0071250004693865,1735838310.0,0.0453750006854534,,,,,,,,,-0.2621949302166571,0.08366837822834572
adc,1735911256.0,0.0553750023245811,1735920293.0,0.5701250433921814,1735929324.0,0.0078750001266598,1735938316.0,0.0840000063180923,,,,,,,,,-0.25904204769445066,0.03827963656019311
adc,1736011249.0,0.0928750038146972,1736020286.0,0.5920000076293945,1736029343.0,0.0495000034570694,1736038330.0,0.2830000221729278,,,,,,,,,-0.21782387323719346,0.04803981219821081
adc,1736111261.0,0.0435000024735927,1736120294.0,0.5321249961853027,1736129328.0,0.0082499999552965,1736138534.0,0.2572500109672546,,,,,,,,,-0.26069675640872686,-0.023206954146275723
adc,1736211259.0,1.0012500286102295,1736220290.0,0.6607500314712524,1736229323.0,0.6566250324249268,1736238541.0,0.6296250224113464,,,,,,,,,0.7063358784722207,0.0945350985907546
adc,1736311259.0,1.19587504863739,1736320290.0,0.6721250414848328,1736329329.0,1.4495000839233398,1736338819.0,1.220750093460083,,,,,,,,,0.9127457155951612,0.09520621384560729
adc,1736411258.0,0.2843750119209289,1736420293.0,0.5572500228881836,1736429329.0,1.7877501249313354,1736438809.0,1.462000012397766,,,,,,,,,0.014956027685395001,-0.03050621910938006
adc,1736511267.0,0.1136250048875808,1736520306.0,0.5435000061988831,1736529338.0,1.8013750314712524,1736538317.0,1.449375033378601,,,,,,,,,-0.1410093251241275,-0.05548652765072564
adc,1736611256.0,0.2292500138282776,1736620297.0,0.3865000307559967,1736629330.0,1.5638750791549685,1736638815.0,1.3937500715255735,,,,,,,,,-0.010575489238395158,-0.2242638301754885
adc,1736711261.0,-0.1465000063180923,1736720301.0,0.4866250157356262,1736729333.0,0.019250001758337,1736738331.0,0.5117500424385071,,,,,,,,,-0.37262608093781663,-0.13647351073860575
adc,1736811261.0,0.1866250038146972,1736820290.0,0.5691250562667847,1736829320.0,0.0285000018775463,1736838802.0,0.4013750255107879,,,,,,,,,-0.027995286501869082,-0.06671476538869223
adc,1736911251.0,0.0560000017285347,1736920293.0,0.6145000457763672,1736929332.0,0.0397500023245811,1736938311.0,0.3551250100135803,,,,,,,,,-0.15021743566788384,-0.03418506209851213
adc,1737011258.0,-0.1455000042915344,1737020297.0,0.67125004529953,1737029329.0,0.032999999821186,1737038800.0,0.3017500042915344,,,,,,,,,-0.34705354653143883,0.010035325303772172
adc,1737111264.0,-0.1035000085830688,1737120302.0,0.7297500371932983,1737129339.0,0.0061250003054738,1737138315.0,0.3503750264644623,,,,,,,,,-0.30443366152611234,0.05680288996044317
adc,1737211255.0,0.2010000050067901,1737220293.0,0.6866250038146973,1737229325.0,0.1902500092983245,1737238374.0,0.6383750438690186,,,,,,,,,-0.0033198636943018167,0.0032197116998674696
adc,1737311251.0,0.8186250329017639,1737320288.0,0.9232500195503236,1737329315.0,1.118250012397766,1737338308.0,1.3178750276565552,,,,,,,,,0.6072638082068338,0.23106710778180398
adc,1737411258.0,0.2391250133514404,1737420297.0,0.8626250624656677,1737429332.0,1.3372501134872437,1737438801.0,1.5363750457763672,,,,,,,,,0.017672277143140486,0.16362455642040633
adc,1737511259.0,0.7271250486373901,1737520300.0,0.8997500538825989,1737529333.0,1.5982500314712524,1737538337.0,1.668125033378601,,,,,,,,,0.4933192177866569,0.19600813806249967
adc,1737611257.0,0.158500000834465,1737620294.0,0.4142500162124634,1737629333.0,1.336875081062317,1737638398.0,1.4842500686645508,,,,,,,,,-0.08901422689341182,-0.29221687841423893
adc,1737711263.0,-0.0268750004470348,1737720302.0,0.6643750071525574,1737729334.0,0.3617500066757202,1737738815.0,0.846750020980835,,,,,,,,,-0.2884823921066483,-0.04302537575783193
adc,1737811253.0,0.1330000013113021,1737820292.0,0.6987500190734863,1737829326.0,0.1655000150203704,1737838341.0,0.8146250247955322,,,,,,,,,-0.1420936330566558,-0.008154142485193607
adc,1737911260.0,0.0430000014603138,1737920295.0,0.6413750052452087,1737929333.0,0.070250004529953,1737938313.0,0.518250048160553,,,,,,,,,-0.2440017519828901,-0.06406367628567598
adc,1738011252.0,-0.0442500002682209,1738020282.0,0.6940000057220459,1738029318.0,0.0128750009462237,1738038801.0,0.3845000267028808,,,,,,,,,-0.3406808801393747,-0.009521739854387354
adc,1738111260.0,0.2140000164508819,1738120293.0,0.6660000085830688,1738129328.0,0.049125000834465,1738138314.0,0.4758750200271606,,,,,,,,,-0.0886130911161144,-0.03568805245132792
adc,1738211257.0,0.8127500414848328,1738220294.0,0.8470000624656677,1738229328.0,0.9632500410079956,1738238350.0,1.0723750591278076,,,,,,,,,0.5077652393387133,0.14654880443770846
adc,1738311255.0,0.7397500276565552,1738320295.0,0.8078750371932983,1738329333.0,1.5268750190734863,1738338310.0,1.5697500705718994,,,,,,,,,0.4364966440425171,0.10760661237726617
adc,1738411263.0,0.8703750371932983,1738420303.0,0.6458750367164612,1738429339.0,1.826000094413757,1738438777.0,1.6588751077651978,,,,,,,,,0.5729341807881039,-0.055631776386190324
adc,1738511246.0,0.1237500086426734,1738520277.0,0.7736250162124634,1738529314.0,1.77400004863739,1738538305.0,1.616000056266785,,,,,,,,,-0.16413743558321614,0.06921158252393572
adc,1738611262.0,0.084875002503395,1738620302.0,0.4191250205039978,1738629335.0,1.1127500534057615,1738638315.0,1.2940000295639038,,,,,,,,,-0.19033414844721697,-0.2899654468216112
adc,1738711253.0,0.0166250001639127,1738720294.0,0.643625020980835,1738729330.0,0.1157500073313713,1738738337.0,0.7891250252723694,,,,,,,,,-0.2435923853213883,-0.07185638708245862
adc,1738811262.0,0.1212500035762786,1738820297.0,0.674750030040741,1738829332.0,0.0667500048875808,1738838324.0,0.628000020980835,,,,,,,,,-0.12256982566528213,-0.04862302022365257
adc,1738911262.0,-0.0657500028610229,1738920304.0,0.7041250467300415,1738929334.0,0.007250000257045,1738938819.0,0.4436250329017639,,,,,,,,,-0.2926749857888819,-0.028291073852591456
adc,1739011265.0,-0.1038750037550926,1739020303.0,0.796750009059906,1739029338.0,0.0123750008642673,1739038808.0,0.3552500307559967,,,,,,,,,-0.31424382285849545,0.054586722227930345
adc,1739111258.0,-0.0486250035464763,1739120298.0,0.7823750376701355,1739129334.0,0.0087500000372529,1739138409.0,0.5213750004768372,,,,,,,,,-0.24349882381866975,0.030255865033166848
adc,1739211261.0,0.7142500281333923,1739220290.0,0.9182500243186952,1739229316.0,0.830500066280365,1739238378.0,1.1283750534057615,,,,,,,,,0.5332092611414071,0.15645567384070652
adc,1739311259.0,0.5855000019073486,1739320295.0,0.9496250748634338,1739329333.0,1.230125069618225,1739338334.0,1.437000036239624,,,,,,,,,0.41613640288254494,0.17887044501202937
adc,1739411268.0,0.4576250314712524,1739420303.0,0.8338750600814819,1739429339.0,1.529375076293945,1739438817.0,1.4417500495910645,,,,,,,,,0.2973744101186769,0.05521673515415923
adc,1739511255.0,0.1145000085234642,1739520297.0,0.7356250286102295,1739529334.0,1.5035001039505005,1739538589.0,1.3380000591278076,,,,,,,,,-0.03953528031363107,-0.049652423879300134
adc,1739611247.0,0.0088750002905726,1739620286.0,0.546875,1739629324.0,0.4095000326633453,1739638318.0,0.8631250262260437,,,,,,,,,-0.14209267790130775,-0.2436282943902917
adc,1739711259.0,-0.0027500002179294,1739720299.0,0.7351250052452087,1739729328.0,0.0457500033080577,1739738304.0,0.5472500324249268,,,,,,,,,-0.15393924759675365,-0.0592157691286638
adc,1739811264.0,-0.118875004351139,1739820302.0,0.8141250610351562,1739829335.0,0.0070000002160668,1739838826.0,0.4410000145435333,,,,,,,,,-0.2735773538084113,0.017227426465079687
adc,1739911268.0,-0.0871250033378601,1739920302.0,0.814875066280365,1739929337.0,0.026375001296401,1739938794.0,0.4357500076293945,,,,,,,,,-0.2484736544397122,0.016502338338439858
adc,1740011268.0,-0.1028750017285347,1740020307.0,0.8572500348091125,1740029348.0,0.0132500007748603,1740038810.0,0.3970000147819519,,,,,,,,,-0.27368226363257925,0.058205785968015566
adc,1740111260.0,0.518500030040741,1740120295.0,0.8267500400543213,1740129331.0,0.6415000557899475,1740138425.0,0.9065000414848328,,,,,,,,,0.3358840869331576,0.027494321493055668
adc,1740211249.0,0.5838750004768372,1740220280.0,0.9295000433921814,1740229316.0,1.161250114440918,1740238810.0,1.3313751220703125,,,,,,,,,0.3876653163910585,0.13010365116788813
adc,1740311265.0,0.6161250472068787,1740320307.0,1.0411250591278076,1740329342.0,1.3880000114440918,1740338821.0,1.548375129699707,,,,,,,,,0.4051614484841576,0.2412516239966922
adc,1740411259.0,0.5600000023841858,1740420294.0,0.784125030040741,1740429333.0,1.3631250858306885,1740438391.0,1.4706250429153442,,,,,,,,,0.3337745101112153,-0.016950328752111374
adc,1740511257.0,-0.0865000039339065,1740520286.0,0.5241250395774841,1740529325.0,0.7538750171661377,1740538413.0,0.8673750162124634,,,,,,,,,-0.3278296454424603,-0.27920466255207427
adc,1740611258.0,-0.2033750116825103,1740620297.0,0.4950000345706939,1740629333.0,0.2460000067949295,1740638387.0,0.7097500562667847,,,,,,,,,-0.4589700787951012,-0.31186204797447004
adc,1740711252.0,-0.0763750001788139,1740720291.0,0.799875020980835,1740729320.0,0.0530000030994415,1740738364.0,0.5335000157356262,,,,,,,,,-0.344697872578995,-0.011891276771460124
adc,1740811266.0,-0.1383749991655349,1740820303.0,0.8146250247955322,1740829340.0,0.0150000005960464,1740838828.0,0.4740000367164612,,,,,,,,,-0.41718672587181693,-0.0033686494113434606
adc,1740911267.0,-0.1370000094175338,1740920306.0,0.9471250176429749,1740929338.0,0.0100000007078051,1740938787.0,0.4075000286102295,,,,,,,,,-0.42340541713668817,0.12176064572241473
adc,1741011268.0,0.6847500205039978,1741020308.0,0.811750054359436,1741029343.0,0.5513750314712524,1741038319.0,0.8758750557899475,,,,,,,,,0.39417661628311484,-0.021846854812547438
adc,1741111254.0,0.956000030040741,1741120291.0,0.890125036239624,1741129327.0,1.1551250219345093,1741138558.0,1.3596251010894775,,,,,,,,,0.6649902242503951,0.04777700467152388
adc,1741211264.0,1.065750002861023,1741220300.0,1.0686250925064087,1741229329.0,1.4598751068115234,1741238826.0,1.5678750276565552,,,,,,,,,0.7780269807801375,0.2173709598149896
adc,1741311265.0,0.7475000619888306,1741320306.0,0.9255000352859496,1741329343.0,1.4471250772476196,1741338540.0,1.4800000190734863,,,,,,,,,0.46641466796227427,0.0655333108927484
adc,1741411269.0,-0.015625,1741420309.0,0.8715000152587891,1741429335.0,0.9167500138282776,1741438334.0,1.0225000381469729,,,,,,,,,-0.28744605291169645,0.0033230176999474587
adc,1741511251.0,-0.1307500004768371,1741520285.0,0.7416250109672546,1741529318.0,0.4220000207424164,1741538535.0,0.7145000100135803,,,,,,,,,-0.39167971498935694,-0.1340030058590811
adc,1741611245.0,-0.1252500116825103,1741620283.0,0.8503750562667847,1741629314.0,0.4121250212192535,1741638373.0,0.643500030040741,,,,,,,,,-0.3748146076342821,-0.031741813302378824
adc,1741711255.0,-0.2096250057220459,1741720290.0,0.7607500553131104,1741729326.0,0.0512500032782554,1741738326.0,0.4872500300407409,,,,,,,,,-0.4485197609331353,-0.12674158064434277
adc,1741811260.0,-0.199625015258789,1741820298.0,0.9192500710487366,1741829331.0,0.0077500003390014,1741838822.0,0.4570000171661377,,,,,,,,,-0.4296066356952989,0.0276018489365773
adc,1741911261.0,0.6373750567436218,1741920300.0,0.8628750443458557,1741929337.0,0.3580000102519989,1741938826.0,0.7893750667572021,,,,,,,,,0.4136864429141671,-0.031655119586631295
adc,1742011247.0,0.6111250519752502,1742020279.0,0.858500063419342,1742029315.0,1.0630000829696655,1742038795.0,1.3478751182556152,,,,,,,,,0.39049765854025703,-0.0376316447909156
adc,1742111261.0,0.9826250672340392,1742120299.0,1.161750078201294,1742129329.0,1.357875108718872,1742138323.0,1.5155000686645508,,,,,,,,,0.761494156889647,0.2652480725844155
adc,1742211256.0,0.0673750042915344,1742220297.0,0.987125039100647,1742229331.0,1.343500018119812,1742238344.0,1.5132501125335691,,,,,,,,,-0.15786322358430233,0.0913781862562299
adc,1742311241.0,-0.0497500039637088,1742320276.0,0.8958750367164612,1742329311.0,0.9573750495910645,1742338378.0,0.9466250538825988,,,,,,,,,-0.2824315796509844,0.001850354421915279
adc,1742411262.0,-0.1612500101327896,1742420301.0,0.6480000019073486,1742429336.0,0.5066249966621399,1742438819.0,0.7570000290870667,,,,,,,,,-0.4041287782612395,-0.2435357543583282
adc,1742511253.0,-0.0442500002682209,1742520275.0,0.8815000653266907,1742529306.0,0.4510000348091125,1742538328.0,0.6351250410079956,,,,,,,,,-0.2991954217505507,-0.0070068677441624885
adc,1742611259.0,-0.2432500123977661,1742620297.0,0.7680000066757202,1742629329.0,0.037125002592802,1742638361.0,0.4145000278949737,,,,,,,,,-0.5109941935041253,-0.1171767288746735
adc,1742711265.0,-0.1752500087022781,1742720294.0,0.8878750205039978,1742729327.0,0.0206250008195638,1742738532.0,0.4347500205039978,,,,,,,,,-0.45523107904291,0.006090006003351869
adc,1742811260.0,0.5423750281333923,1742820295.0,0.8565000295639038,1742829329.0,0.0851250067353248,1742838537.0,0.7831250429153442,,,,,,,,,0.2520297721889217,-0.022068589415011837
adc,1742911263.0,1.3870000839233398,1742920305.0,1.0910000801086426,1742929339.0,1.1400001049041748,1742938793.0,1.4636250734329224,,,,,,,,,1.0893278589994837,0.2152391047919442
adc,1743011264.0,0.8997500538825989,1743020304.0,1.0417500734329224,1743029335.0,1.289750099182129,1743038815.0,1.6476250886917114,,,,,,,,,0.5986533019392656,0.1681590703265854
adc,1743111256.0,0.9292500615119934,1743120294.0,0.967875063419342,1743129322.0,1.4623750448226929,1743138397.0,1.7777501344680786,,,,,,,,,0.6290920604815897,0.09559863664486681
adc,1743211248.0,0.1776250153779983,1743220286.0,0.843250036239624,1743229319.0,1.3683750629425049,1743238402.0,1.7123750448226929,,,,,,,,,-0.11720451634318751,-0.028758801522925315
adc,1743311257.0,-0.2770000100135803,1743320292.0,0.4525000154972076,1743329321.0,0.4623750150203705,1743338319.0,0.9977500438690186,,,,,,,,,-0.5624691837443223,-0.42043227221308055
adc,1743411257.0,0.0247500017285347,1743420297.0,0.8996250629425049,1743429331.0,0.406000018119812,1743438516.0,0.7591250538825989,,,,,,,,,-0.24795775794282715,0.02450347210891493
adc,1743511244.0,-0.1267500072717666,1743520277.0,0.8316250443458557,1743529315.0,0.4013750255107879,1743538560.0,0.7723750472068787,,,,,,,,,-0.3840610555429737,-0.04694304648819526
adc,1743611253.0,-0.293500006198883,1743620294.0,0.9041250348091124,1743629328.0,0.0006250000442378,1743638800.0,0.5357500314712524,,,,,,,,,-0.5335511106486266,0.02094681908559729
adc,1743711259.0,-0.096000000834465,1743720294.0,0.8726250529289246,1743729326.0,0.0390000008046627,1743738637.0,0.7956250309944153,,,,,,,,,-0.3176140707411709,-0.01616028739045385
adc,1743811260.0,0.3386250138282776,1743820291.0,0.9951250553131104,1743829324.0,0.6037500500679016,1743838518.0,1.0718750953674316,,,,,,,,,0.13606917373565558,0.09995387315789797
adc,1743911260.0,1.002250075340271,1743920300.0,1.0421251058578491,1743929335.0,1.0921250581741333,1743938818.0,1.434000015258789,,,,,,,,,0.8189498351838906,0.14003434575859375
adc,1744011253.0,1.1230000257492063,1744020293.0,1.0883750915527344,1744029334.0,1.4622501134872437,1744038829.0,1.568000078201294,,,,,,,,,0.9588396201623839,0.1790802686043889
adc,1744111251.0,-0.1227500066161155,1744120283.0,0.7907500267028809,1744129318.0,1.4388750791549685,1744138535.0,1.308750033378601,,,,,,,,,-0.2681091201319509,-0.12579531348412465
adc,1744211255.0,-0.2663750052452087,1744220295.0,0.8051250576972961,1744229334.0,0.3943750262260437,1744238311.0,0.890125036239624,,,,,,,,,-0.39340670005602263,-0.11849785125923092
adc,1744311241.0,-0.2370000183582306,1744320277.0,0.890375018119812,1744329314.0,0.3662500083446502,1744338318.0,0.8322500586509705,,,,,,,,,-0.3462121715172038,-0.039953631579700194
adc,1744411259.0,-0.2523750066757202,1744420295.0,0.8377500176429749,1744429333.0,0.4122500121593475,1744438825.0,0.7575000524520874,,,,,,,,,-0.34419339996465964,-0.09873536467193164
adc,1744511258.0,-0.3222500085830688,1744520297.0,0.9097500443458556,1744529333.0,0.0057500004768371,1744538334.0,0.5261250138282776,,,,,,,,,-0.39690675961110017,-0.032192351760968005
adc,1744611255.0,-0.2317500114440918,1744620294.0,0.9727500677108764,1744629328.0,0.0097500002011656,1744638360.0,0.4665000140666961,,,,,,,,,-0.28920853204932073,0.026164530771827454
adc,1744711262.0,0.8263750672340393,1744720298.0,0.9963750243186952,1744729328.0,0.499750018119812,1744738377.0,1.03125,,,,,,,,,0.786427836705455,0.046023860650638425
adc,1744811253.0,0.4503750205039978,1744820283.0,1.029125094413757,1744829317.0,0.8091250658035278,1744838370.0,1.3587501049041748,,,,,,,,,0.4284539225669788,0.0758850828398869
adc,1744911251.0,0.5676250457763672,1744920293.0,1.1632500886917114,1744929331.0,1.3220000267028809,1744938824.0,1.5122500658035278,,,,,,,,,0.5642990492365246,0.20792424531921694
adc,1745011253.0,-0.0526250042021274,1745020286.0,1.037750005722046,1745029317.0,1.314750075340271,1745038403.0,1.442750096321106,,,,,,,,,-0.03692022434733411,0.08099564622197844
adc,1745111263.0,-0.2742500007152557,1745120304.0,0.8077500462532043,1745129335.0,0.5042500495910645,1745138416.0,1.0823750495910645,,,,,,,,,-0.2393938665484775,-0.1499802360937169
adc,1745211248.0,-0.296750009059906,1745220290.0,0.8197500109672546,1745229323.0,0.0561250038444995,1745238300.0,0.7352500557899475,,,,,,,,,-0.24307207495602676,-0.13874428216680768
adc,1745311254.0,-0.2750000059604645,1745320281.0,0.8862500190734863,1745329309.0,0.029500002041459,1745338547.0,0.5817500352859497,,,,,,,,,-0.2033442880054805,-0.07304498942304441
adc,1745411276.0,-0.3312500119209289,1745420315.0,0.9766250252723694,1745429347.0,0.0041249999776482,1745438840.0,0.4782500267028808,,,,,,,,,-0.24296639094429756,0.016262580524813414
adc,1745511260.0,-0.2752500176429748,1745520301.0,0.9858750700950624,1745529335.0,0.0067500001750886,1745538513.0,0.5067500472068787,,,,,,,,,-0.17212855794002452,0.02398730479935362
adc,1745611262.0,-0.2401250153779983,1745620299.0,0.9647500514984132,1745629334.0,0.0042500002309679,1745638825.0,0.5300000309944153,,,,,,,,,-0.1242987582639559,0.0007391141476296784
adc,1745711262.0,0.3873750269412994,1745720302.0,0.958875060081482,1745729337.0,0.3663750290870666,1745738336.0,1.0049999952316284,,,,,,,,,0.5135331254786285,-0.007940218507041463
adc,1745811267.0,0.1462500095367431,1745820305.0,1.0547500848770142,1745829338.0,0.8141250610351562,1745838322.0,1.3440001010894775,,,,,,,,,0.280218505571604,0.0844233973176359
adc,1745911255.0,-0.1288750022649765,1745920301.0,1.0912500619888306,1745929335.0,1.1766250133514404,1745938318.0,1.418375015258789,,,,,,,,,0.010308746956844528,0.1167347291822059
adc,1746011257.0,-0.2045000046491623,1746020291.0,0.9203750491142272,1746029326.0,0.6521250605583191,1746038776.0,1.2100000381469729,,,,,,,,,-0.06270595014080535,-0.058923234859134435
adc,1746111254.0,-0.2388750165700912,1746120298.0,0.877875030040741,1746129331.0,0.0627500042319297,1746138332.0,0.7846250534057617,,,,,,,,,-0.09702265762352869,-0.10666791676874542
adc,1746211258.0,-0.2551250159740448,1746220295.0,0.9050000309944152,1746229329.0,0.0997500047087669,1746238316.0,0.659250020980835,,,,,,,,,-0.11564550336565493,-0.08507287472491999
adc,1746311255.0,-0.3021250069141388,1746320290.0,0.9061250686645508,1746329324.0,0.0065000001341104,1746338814.0,0.3965000212192535,,,,,,,,,-0.16725676248613108,-0.0895537293969373
adc,1746411250.0,-0.2692500054836273,1746420288.0,1.033500075340271,1746429320.0,0.0082499999552965,1746438324.0,0.4052500128746032,,,,,,,,,-0.1409711338719253,0.032364012303086054
adc,1746511263.0,-0.234250009059906,1746520299.0,1.0362499952316284,1746529332.0,0.0041249999776482,1746538571.0,0.3266250193119049,,,,,,,,,-0.11422680513174607,0.030021082235945386
adc,1746611254.0,0.1890000104904174,1746620284.0,1.090000033378601,1746629320.0,0.0402500033378601,1746638513.0,0.6415000557899475,,,,,,,,,0.29943832565931083,0.07922311154085662
adc,1746711251.0,0.2571250200271606,1746720292.0,1.0983750820159912,1746729326.0,0.7285000085830688,1746738326.0,1.03962504863739,,,,,,,,,0.35698224454067107,0.08371644437939646
adc,1746811258.0,0.1031250059604644,1746820297.0,1.247875094413757,1746829333.0,1.1145000457763672,1746838539.0,1.455125093460083,,,,,,,,,0.19171183765479868,0.2300486926305479
adc,1746911255.0,-0.0652500018477439,1746920295.0,1.083375096321106,1746929329.0,1.1755000352859497,1746938808.0,1.3598750829696655,,,,,,,,,0.011652235324937893,0.06306685897011982
adc,1747011253.0,-0.2081250101327896,1747020290.0,0.7473750114440918,1747029328.0,0.5286250114440918,1747038368.0,0.9640000462532043,,,,,,,,,-0.1430646581788952,-0.27482103396176294
adc,1747111263.0,-0.2203750163316726,1747120296.0,0.9337500333786012,1747129327.0,0.0556250028312206,1747138513.0,0.6731250286102295,,,,,,,,,-0.16704780672013558,-0.08987358944881947
adc,1747211260.0,-0.2015000134706497,1747220289.0,0.9823750257492064,1747229317.0,0.0802500024437904,1747238308.0,0.5378749966621399,,,,,,,,,-0.15949310326996957,-0.042366305344132986
adc,1747311256.0,-0.2686250209808349,1747320298.0,0.930500030517578,1747329330.0,0.0091250007972121,1747338515.0,0.3962500095367431,,,,,,,,,-0.23716663399193744,-0.09519456983996237
adc,1747411248.0,-0.2666250169277191,1747420288.0,1.074625015258789,1747429324.0,0.0038750001695007,1747438500.0,0.3642500042915344,,,,,,,,,-0.24453579526751823,0.04801435244566174
adc,1747511262.0,-0.2403750121593475,1747520294.0,1.1085000038146973,1747529329.0,0.0045000002719461,1747538535.0,0.4158750176429748,,,,,,,,,-0.2260529127605313,0.08090617015402751
adc,1747611257.0,0.3092500269412994,1747620287.0,1.1453750133514404,1747629316.0,0.2453750073909759,1747638799.0,0.8937500715255737,,,,,,,,,0.3177878055541871,0.11664863941890014
adc,1747711253.0,0.2716250121593475,1747720287.0,1.1008750200271606,1747729317.0,1.0460000038146973,1747738555.0,1.3841251134872437,,,,,,,,,0.27663223127304465,0.07080444683154584
adc,1747811264.0,1.1098750829696655,1747820295.0,0.999000072479248,1747829329.0,1.6828750371932983,1747838808.0,1.7718751430511477,,,,,,,,,1.1137072386543176,-0.03266837282319497
adc,1747911251.0,-0.2658750116825104,1747920295.0,0.9965000748634338,1747929335.0,1.7596250772476196,1747938827.0,1.7556251287460327,,,,,,,,,-0.26096099161866537,-0.03703778933818822
adc,1748011266.0,-0.2876250147819519,1748020307.0,0.9826250672340392,1748029343.0,1.1405000686645508,1748038815.0,1.614375114440918,,,,,,,,,-0.2796620268371944,-0.05304177833863442
adc,1748111248.0,-0.3227500021457672,1748120285.0,0.8636250495910645,1748129320.0,0.0367499999701976,1748138540.0,0.5573750138282776,,,,,,,,,-0.3102057324914209,-0.17438454107536433
adc,1748211255.0,-0.301000028848648,1748220293.0,0.9933750629425048,1748229326.0,0.002250000135973,1748238814.0,0.2290000170469284,,,,,,,,,-0.28285482840247256,-0.04711296106756355
adc,1748311261.0,-0.2833750247955322,1748320298.0,1.1187500953674316,1748329334.0,0.0035000001080334,1748338562.0,0.3517500162124634,,,,,,,,,-0.25913326837213513,0.07574926908079312
adc,1748411257.0,-0.1708750128746032,1748420301.0,1.1015000343322754,1748429331.0,0.0031250000465661,1748438819.0,0.2902500033378601,,,,,,,,,-0.1405268367412678,0.056061040368253774
adc,1748511247.0,0.2783749997615814,1748520286.0,1.1342500448226929,1748529324.0,0.0143750002607703,1748538410.0,0.6617500185966492,,,,,,,,,0.31441909711310817,0.08654604752955092
adc,1748611261.0,0.8335000276565552,1748620294.0,1.142375111579895,1748629330.0,0.7611250281333923,1748638325.0,1.308625102043152,,,,,,,,,0.8744846702646393,0.0926519990325219
adc,1748711254.0,-0.2538750171661377,1748720296.0,1.1483750343322754,1748729330.0,0.9786250591278076,1748738401.0,1.4351251125335691,,,,,,,,,-0.20896936713004596,0.09691785787796228
adc,1748811250.0,-0.0726250037550926,1748820289.0,1.0883750915527344,1748829327.0,1.2262500524520874,1748838797.0,1.3662500381469729,,,,,,,,,-0.02498972700291094,0.035476615122265936
adc,1748911255.0,-0.2268750071525573,1748920288.0,0.8326250314712524,1748929319.0,0.905250072479248,1748938801.0,1.342750072479248,,,,,,,,,-0.1777603042546698,-0.2214348422375579
adc,1749011259.0,-0.3332500159740448,1749020296.0,0.9598750472068788,1749029331.0,0.0040000001899898,1749038319.0,0.6630000472068787,,,,,,,,,-0.28382990420521614,-0.09508446322490598
adc,1749111262.0,-0.2986250221729278,1749120301.0,1.0002501010894775,1749129333.0,0.0007500000065192,1749138537.0,0.316875010728836,,,,,,,,,-0.24985283726516064,-0.05535713722702854
adc,1749211256.0,-0.2725000083446502,1749220302.0,1.0201250314712524,1749229329.0,0.0056250002235174,1749238814.0,0.4480000138282776,,,,,,,,,-0.22497944407846557,-0.035873100502080035
adc,1749311266.0,-0.2981250286102295,1749320308.0,1.0991250276565552,1749329338.0,0.0027500002179294,1749338345.0,0.3546250164508819,,,,,,,,,-0.25202755306350055,0.04300966478142936
adc,1749411269.0,0.0841250047087669,1749420304.0,1.06125009059906,1749429338.0,0.0035000001080334,1749438344.0,0.5852500200271606,,,,,,,,,0.12906937469544555,0.005309164744259166
adc,1749511259.0,0.6961250305175781,1749520297.0,1.1852500438690186,1749529333.0,0.7418750524520874,1749538326.0,1.1558750867843628,,,,,,,,,0.7405507053618257,0.12978016094195896
adc,1749611270.0,0.5235000252723694,1749620307.0,1.1696250438690186,1749629334.0,1.164375066757202,1749638801.0,1.534000039100647,,,,,,,,,0.5682515606280353,0.11490239243008306
adc,1749711258.0,0.1541250050067901,1749720299.0,1.1890000104904177,1749729333.0,1.5883750915527344,1749738325.0,1.614375114440918,,,,,,,,,0.20005769592989553,0.1352495228185129
adc,1749811243.0,-0.2338750064373016,1749820288.0,0.9645000696182252,1749829321.0,1.4882500171661377,1749838429.0,1.5791250467300415,,,,,,,,,-0.1860925308036872,-0.08813154435623988
adc,1749911258.0,-0.3451250195503235,1749920295.0,0.8795000314712524,1749929328.0,0.3665000200271606,1749938546.0,1.022250056266785,,,,,,,,,-0.29515954791905524,-0.17195894420782987
adc,1750011264.0,-0.355875015258789,1750020304.0,0.9865000247955322,1750029343.0,0.0560000017285347,1750038514.0,0.7447500228881836,,,,,,,,,-0.30379819600688374,-0.06382409964738049
adc,1750111249.0,-0.3397500216960907,1750120290.0,0.9391250610351562,1750129323.0,0.0002500000118743,1750138393.0,0.3888750076293945,,,,,,,,,-0.2860221318451659,-0.11017833447197516
adc,1750211252.0,-0.2951250076293945,1750220283.0,1.0952500104904177,1750229317.0,0.0040000001899898,1750238425.0,0.4820000231266022,,,,,,,,,-0.2405096396396351,0.0467986536937349
adc,1750311256.0,-0.2678750157356262,1750320293.0,1.03962504863739,1750329327.0,0.0023750001564621,1750338416.0,0.4252500236034393,,,,,,,,,-0.21331567290917675,-0.008178130302110863
adc,1750411251.0,0.2255000174045562,1750420287.0,1.105375051498413,1750429319.0,0.4550000131130218,1750438294.0,0.8595000505447388,,,,,,,,,0.279007769513207,0.057991131230661457
adc,1750511250.0,0.3456250131130218,1750520291.0,1.136125087738037,1750529324.0,1.15500009059906,1750538629.0,1.301875114440918,,,,,,,,,0.39714098691591027,0.08890484628130287
adc,1750611253.0,0.8501250147819519,1750620297.0,1.164375066757202,1750629332.0,1.402375102043152,1750638411.0,1.558750033378601,,,,,,,,,0.8988433162559435,0.11702575206541536
adc,1750711256.0,-0.2703750133514404,1750720292.0,1.2310000658035278,1750729323.0,1.3590000867843628,1750738663.0,1.5947500467300415,,,,,,,,,-0.22506599397192573,0.183179445684028
adc,1750811260.0,-0.3656250238418579,1750820297.0,0.846375048160553,1750829332.0,0.9698750376701356,1750838437.0,1.2633750438690186,,,,,,,,,-0.32408209534488197,-0.20231370993109785
adc,1750911248.0,-0.3300000131130218,1750920283.0,0.9670000672340392,1750929317.0,0.390250027179718,1750938412.0,0.7978750467300415,,,,,,,,,-0.2922486364313064,-0.08299885834680407
adc,1751011260.0,-0.3542500138282776,1751020304.0,0.9656250476837158,1751029337.0,0.3933750092983246,1751038816.0,0.6968750357627869,,,,,,,,,-0.3198922133294541,-0.08614502049667172
adc,1751111258.0,-0.3886250257492065,1751120297.0,0.9008750319480896,1751129330.0,0.0322500020265579,1751138626.0,0.457375019788742,,,,,,,,,-0.3567515759803463,-0.15310710060609753
adc,1751211258.0,-0.2688750028610229,1751220291.0,1.105375051498413,1751229328.0,0.0012500000884756,1751238803.0,0.4791250228881836,,,,,,,,,-0.23801470050731163,0.048802669287837844
adc,1751311255.0,0.0691250041127204,1751320296.0,1.055750012397766,1751329332.0,0.0267500020563602,1751338647.0,0.6135000586509705,,,,,,,,,0.10098528750392988,-0.003692166976694271
adc,1751411246.0,0.4505000114440918,1751420285.0,1.190500020980835,1751429319.0,0.928125023841858,1751438304.0,1.232500076293945,,,,,,,,,0.48580329600717936,0.12802833544682973
adc,1751511259.0,0.9776250720024108,1751520300.0,1.2171250581741333,1751529331.0,1.1567500829696655,1751538554.0,1.5018750429153442,,,,,,,,,1.0190422951867908,0.15158792383810993
adc,1751611253.0,0.0795000046491622,1751620290.0,1.252000093460083,1751629327.0,1.415000081062317,1751638516.0,1.4341250658035278,,,,,,,,,0.12966712785859025,0.183475424403309
adc,1751711258.0,-0.2740000188350677,1751720289.0,0.8796250224113464,1751729326.0,1.0983750820159912,1751738353.0,1.2011250257492063,,,,,,,,,-0.2127565852949943,-0.19171153977985683
adc,1751811270.0,-0.3511250019073486,1751820311.0,1.0058749914169312,1751829341.0,0.4427500069141388,1751838560.0,0.8651250600814819,,,,,,,,,-0.2770211957377196,-0.0680144066778147
adc,1751911255.0,-0.3808750212192535,1751920292.0,0.9491250514984132,1751929329.0,0.0526250042021274,1751938824.0,0.4736250340938568,,,,,,,,,-0.2928201478184134,-0.12698274903787646
adc,1752011255.0,-0.3628750145435333,1752020295.0,1.0041249990463257,1752029339.0,0.0011250000679865,1752038326.0,0.371625006198883,,,,,,,,,-0.2605249349716655,-0.0737943121381335
adc,1752111263.0,-0.3135000169277191,1752120302.0,1.1222500801086426,1752129339.0,0.0011250000679865,1752138411.0,0.3745000064373016,,,,,,,,,-0.19722019468770874,0.042995101223912674
adc,1752211258.0,-0.2695000171661377,1752220295.0,1.0503751039505005,1752229330.0,0.0013750001089647,1752238314.0,0.3801250159740448,,,,,,,,,-0.14026183096952177,-0.029681885708339375
adc,1752311259.0,0.4718750119209289,1752320297.0,1.1733750104904177,1752329333.0,0.3118750154972076,1752338338.0,0.8660000562667847,,,,,,,,,0.6126364993599007,0.09308386880059717
adc,1752411249.0,0.1118750050663948,1752420286.0,1.2067500352859497,1752429322.0,1.1567500829696655,1752438392.0,1.3920000791549685,,,,,,,,,0.262418561897724,0.1267904288941424
adc,1752511259.0,-0.3110000193119049,1752520300.0,1.2382500171661377,1752529347.0,1.3798750638961792,1752538828.0,1.45187509059906,,,,,,,,,-0.15256230891003675,0.15914119594458015
adc,1752611256.0,-0.1948750019073486,1752620298.0,1.0896250009536743,1752629331.0,1.2728750705718994,1752638812.0,1.2752500772476196,,,,,,,,,-0.030421387666175415,0.01179633556422939
adc,1752711266.0,-0.4025000333786011,1752720311.0,0.7631250619888306,1752729347.0,0.1345000118017196,1752738831.0,0.7735000252723694,,,,,,,,,-0.2337494785459727,-0.3131170200681922
adc,1752811255.0,-0.3426250219345093,1752820297.0,1.1576250791549685,1752829335.0,0.0006250000442378,1752838337.0,0.2528750002384186,,,,,,,,,-0.17100280401720147,0.08313709325042132
adc,1752911252.0,-0.2955000102519989,1752920293.0,1.0475000143051147,1752929332.0,0.0010000000474974,1752938418.0,0.3126250207424164,,,,,,,,,-0.12203375774020446,-0.025202662250415758
adc,1753011260.0,-0.2927500009536743,1753020298.0,1.0203750133514404,1753029329.0,0.0006250000442378,1753038311.0,0.3798750042915344,,,,,,,,,-0.11801493665287888,-0.05062970196691843
adc,1753111259.0,-0.2862500250339508,1753120293.0,0.9695000648498536,1753129325.0,0.0011250000679865,1753138630.0,0.4666250348091125,,,,,,,,,-0.11037966009915745,-0.09998594531624796
adc,1753211244.0,0.4737500250339508,1753220282.0,1.0597500801086426,1753229312.0,0.0455000028014183,1753238335.0,0.6822500228881836,,,,,,,,,0.6509807553975604,-0.008459313262382091
adc,1753311257.0,0.2455000132322311,1753320294.0,1.2290000915527344,1753329325.0,1.1108750104904177,1753338347.0,1.2623751163482666,,,,,,,,,0.42452669558922335,0.1617891316799313
adc,1753411263.0,-0.2476250082254409,1753420306.0,1.2965000867843628,1753429336.0,1.3845000267028809,1753438831.0,1.352500081062317,,,,,,,,,-0.06634604352313023,0.22999635608213143
adc,1753511257.0,-0.213125005364418,1753520298.0,1.161500096321106,1753529332.0,1.3828750848770142,1753538346.0,1.1857500076293943,,,,,,,,,-0.02931445454366785,0.09542164848467995
adc,1753611252.0,-0.4031250178813934,1753620288.0,0.7771250605583191,1753629320.0,1.1610000133514404,1753638308.0,0.8025000095367432,,,,,,,,,-0.21685228569087436,-0.28877373596653966
adc,1753711262.0,-0.3647500276565552,1753720298.0,1.008750081062317,1753729325.0,0.3378750085830688,1753738815.0,0.4187500178813934,,,,,,,,,-0.1765544276385711,-0.05714202816506755
adc,1753811252.0,-0.3486250042915344,1753820288.0,1.0035001039505005,1753829328.0,0.0105000007897615,1753838353.0,0.3456250131130218,,,,,,,,,-0.1595766612852726,-0.062440260357791016
adc,1753911262.0,-0.3081250190734863,1753920295.0,1.013500094413757,1753929331.0,0.0010000000474974,1753938823.0,0.3988750278949737,,,,,,,,,-0.11982892241416397,-0.05237720946088752
adc,1754011258.0,-0.2877500057220459,1754020302.0,1.052625060081482,1754029338.0,0.0007500000065192,1754038806.0,0.2771250009536743,,,,,,,,,-0.10230449871993454,-0.012870172726401764
adc,1754111250.0,0.2820000052452087,1754120288.0,1.0674999952316284,1754129323.0,0.0010000000474974,1754138380.0,0.6237500309944153,,,,,,,,,0.46207805463348106,0.0029386480429173384
adc,1754211249.0,0.2906250059604645,1754220287.0,1.243125081062317,1754229325.0,0.9466250538825988,1754238333.0,1.2231251001358032,,,,,,,,,0.46250108187437117,0.18028484736404254
adc,1754311264.0,-0.2503750026226043,1754320298.0,1.2541251182556152,1754329329.0,1.2263751029968262,1754338328.0,1.4292501211166382,,,,,,,,,-0.08972605113024612,0.1940077393219653
adc,1754411264.0,-0.3367500305175781,1754420304.0,1.060375094413757,1754429338.0,1.3937500715255735,1754438325.0,1.2912501096725464,,,,,,,,,-0.19038663394224625,0.0041564872748532655
adc,1754511255.0,-0.3935000300407409,1754520286.0,0.7787500619888306,1754529322.0,0.5590000152587891,1754538417.0,1.1248750686645508,,,,,,,,,-0.2643257162276195,-0.27227260601257247
adc,1754611263.0,-0.3913750052452087,1754620304.0,1.011375069618225,1754629342.0,0.0148750003427267,1754638831.0,0.483875036239624,,,,,,,,,-0.28193012830833625,-0.03309286771854268
adc,1754711262.0,-0.3192500174045563,1754720301.0,1.049125075340271,1754729336.0,0.0003750000032596,1754738348.0,0.2435000091791153,,,,,,,,,-0.23150735669120814,0.012567998986561059
adc,1754811253.0,-0.2585000097751617,1754820291.0,0.908750057220459,1754829321.0,-0.0001250000059371,1754838552.0,0.398250013589859,,,,,,,,,-0.19369662342827837,-0.11861344195534741
adc,1754911261.0,-0.158375009894371,1754920299.0,0.8288750648498535,1754929325.0,0.0125000001862645,1754938357.0,0.5886250138282776,,,,,,,,,-0.11691185969794966,-0.1881657986043464
adc,1755011249.0,0.7778750658035278,1755020288.0,1.4167500734329224,1755029325.0,1.253250002861023,1755038374.0,1.290125012397766,,,,,,,,,0.796445663261193,0.4109167835232151
adc,1755111258.0,0.8842500448226929,1755120293.0,1.1362500190734863,1755129330.0,2.00837516784668,1755138319.0,1.7912501096725464,,,,,,,,,0.8811491948378153,0.14216904622103343
adc,1755211260.0,0.0251250006258487,1755220298.0,1.2315000295639038,1755229333.0,2.177500009536743,1755238387.0,1.9850001335144043,,,,,,,,,0.002206912143649653,0.24928569311591975
adc,1755311260.0,-0.2225000113248825,1755320294.0,1.0336250066757202,1755329330.0,1.7621251344680786,1755338323.0,1.7387501001358032,,,,,,,,,-0.26291554338194967,0.06289348047529048
adc,1755411253.0,-0.4472500085830688,1755420289.0,0.309125006198883,1755429324.0,0.2026250064373016,1755438399.0,0.6863750219345093,,,,,,,,,-0.5025351825191859,-0.6510343955836561
adc,1755511260.0,-0.4086250066757202,1755520301.0,1.0625,1755529338.0,-0.0028750002384185,1755538534.0,0.1770000010728836,,,,,,,,,-0.4759714391413607,0.11149505040502351
adc,1755611256.0,-0.367000013589859,1755620296.0,0.9803750514984132,1755629329.0,-0.0003750000032596,1755638566.0,0.2340000122785568,,,,,,,,,-0.4435195133164903,0.03666713190363899
adc,1755711257.0,0.0083750002086162,1755720286.0,0.7512500286102295,1755729319.0,0.100500002503395,1755738625.0,0.6930000185966492,,,,,,,,,-0.0744450504533467,-0.18735405566983715
adc,1755811254.0,0.7561250329017639,1755820290.0,0.8656250238418579,1755829320.0,0.8737500309944153,1755838546.0,1.2022500038146973,,,,,,,,,0.6697464916760562,-0.07027846870369722
adc,1755911250.0,0.7066250443458557,1755920291.0,1.2001250982284546,1755929325.0,1.8071250915527344,1755938532.0,1.7173750400543213,,,,,,,,,0.6191537720473332,0.2644421091033981
adc,1756011255.0,0.7827500104904175,1756020292.0,1.2548750638961792,1756029331.0,2.030625104904175,1756038824.0,1.8717501163482664,,,,,,,,,0.6962093030772015,0.31698617004530205
adc,1756111257.0,-0.2610000073909759,1756120295.0,1.142375111579895,1756129323.0,1.6742501258850098,1756138333.0,1.741000056266785,,,,,,,,,-0.3451847809296278,0.20003061937298924
adc,1756211252.0,-0.4701250195503235,1756220290.0,0.0480000004172325,1756229321.0,0.052750002592802,1756238514.0,0.4661250114440918,,,,,,,,,-0.5512337727332939,-0.9007588378750047
adc,1756311261.0,-0.4303750097751617,1756320302.0,1.2158750295639038,1756329335.0,-0.0020000000949949,1756338538.0,0.2353750169277191,,,,,,,,,-0.5084262935542572,0.25913693678276484
adc,1756411262.0,-0.2921250164508819,1756420301.0,0.9425000548362732,1756429335.0,0.0012500000884756,1756438317.0,0.3292500078678131,,,,,,,,,-0.3678321813231453,-0.023304464812963582
adc,1756511255.0,0.2413750141859054,1756520291.0,0.7278750538825989,1756529320.0,0.6621250510215759,1756538432.0,0.8346250653266907,,,,,,,,,0.16670722563833013,-0.24755227004134323
adc,1756611250.0,0.4502500295639038,1756620291.0,1.318250060081482,1756629318.0,1.3930000066757202,1756638797.0,1.4185000658035278,,,,,,,,,0.3748626400438244,0.3331857347050384
adc,1756711255.0,1.1811250448226929,1756720298.0,1.232500076293945,1756729335.0,2.030250072479248,1756738825.0,1.8658751249313357,,,,,,,,,1.102956502287827,0.23829189373538356
adc,1756811264.0,-0.1158750057220459,1756820301.0,1.1096251010894775,1756829336.0,1.9160001277923584,1756838536.0,1.82450008392334,,,,,,,,,-0.19902752590706485,0.10719655750343214
adc,1756911257.0,-0.4577500224113464,1756920288.0,0.5361250042915344,1756929326.0,0.7076250314712524,1756938816.0,0.9331250190734864,,,,,,,,,-0.548054086981982,-0.47327781994204465
adc,1757011267.0,-0.4437500238418579,1757020297.0,1.2818750143051147,1757029329.0,-0.0096250008791685,1757038315.0,0.2528750002384186,,,,,,,,,-0.5431431413024125,0.26694258095082984
adc,1757111258.0,-0.3437500298023224,1757120294.0,0.999250054359436,1757129330.0,-0.0002500000118743,1757138633.0,0.3456250131130218,,,,,,,,,-0.4537383887811433,-0.01969542838734202
adc,1757211253.0,-0.1923750042915344,1757220299.0,0.8455000519752502,1757229336.0,0.0336250029504299,1757238544.0,0.5888750553131104,,,,,,,,,-0.3138541165578993,-0.17598855809229286
adc,1757311266.0,0.7783750295639038,1757320298.0,1.2882500886917114,1757329332.0,1.09975004196167,1757338416.0,1.1581250429153442,,,,,,,,,0.6452437763575497,0.2655404089503074
adc,1757411266.0,1.315500020980835,1757420302.0,1.265375018119812,1757429332.0,1.9585001468658447,1757438527.0,1.7753751277923584,,,,,,,,,1.171334045772148,0.24254301846157206
adc,1757511259.0,0.5227500200271606,1757520296.0,1.071375012397766,1757529327.0,1.6598750352859497,1757538550.0,1.7070001363754272,,,,,,,,,0.36891200417761,0.049254143296708616
adc,1757611255.0,-0.4711250364780426,1757620293.0,0.3072500228881836,1757629327.0,0.2360000163316726,1757638520.0,0.5586250424385071,,,,,,,,,-0.6326157254292786,-0.7135953665235852
adc,1757711254.0,-0.4075000286102295,1757720288.0,1.1506251096725464,1757729327.0,-0.0077500003390014,1757738305.0,0.2662500143051147,,,,,,,,,-0.5740795954525084,0.1313831677948674
adc,1757811264.0,-0.3222500085830688,1757820301.0,0.9447500705718994,1757829334.0,-0.0015000000130385,1757838332.0,0.3292500078678131,,,,,,,,,-0.4909252757570127,-0.07273761496120915
adc,1757911259.0,-0.2003750056028366,1757920297.0,0.9580000638961792,1757929335.0,0.3471250236034393,1757938330.0,0.7586250305175781,,,,,,,,,-0.36783996651789486,-0.05768985577177044
adc,1758011259.0,1.2606250047683716,1758020292.0,1.3405001163482666,1758029328.0,1.4415000677108765,1758038567.0,1.4767500162124634,,,,,,,,,1.0978588769462403,0.3266089695935588
adc,1758111259.0,0.7210000157356262,1758120298.0,1.136750102043152,1758129333.0,1.840000033378601,1758138548.0,1.6222500801086426,,,,,,,,,0.5664490500379564,0.12466587291931672
adc,1758211244.0,0.072500005364418,1758220283.0,0.95250004529953,1758229320.0,1.1691250801086426,1758238365.0,1.286750078201294,,,,,,,,,-0.07046802304984146,-0.05773014064770356
adc,1758311259.0,-0.4586250185966491,1758320303.0,0.9786250591278076,1758329347.0,0.0240000002086162,1758338392.0,0.4045000076293945,,,,,,,,,-0.5869730806036635,-0.029648140414080926
adc,1758411262.0,-0.4398750066757202,1758420298.0,0.7880000472068787,1758429335.0,-0.0046250000596046,1758438315.0,0.3276250064373016,,,,,,,,,-0.55106717411159,-0.21815147872448964
adc,1758511243.0,-0.2883750200271606,1758520278.0,0.9823750257492064,1758529310.0,0.0062500000931322,1758538414.0,0.4271250069141388,,,,,,,,,-0.38052648575762804,-0.021431432646963067
adc,1758611250.0,0.6630000472068787,1758620294.0,1.018375039100647,1758629328.0,0.273375004529953,1758638306.0,0.7612500190734863,,,,,,,,,0.5909920024684531,0.017182891013922064
adc,1758711250.0,1.1546250581741333,1758720290.0,1.159500002861023,1758729329.0,1.705625057220459,1758738319.0,1.542750120162964,,,,,,,,,1.1029682864482124,0.16121304492435307
adc,1758811261.0,0.1730000078678131,1758820301.0,1.1017500162124634,1758829333.0,1.5668751001358032,1758838539.0,1.5261250734329224,,,,,,,,,0.1409239370765361,0.10664597875997749
adc,1758911253.0,-0.4353750348091125,1758920291.0,0.9633750319480896,1758929327.0,0.3233750164508819,1758938792.0,0.7048750519752502,,,,,,,,,-0.4496491239579943,-0.02832222369972283
adc,1759011265.0,-0.4501250088214874,1759020306.0,0.921000063419342,1759029333.0,0.0562500022351741,1759038775.0,0.4361250102519989,,,,,,,,,-0.4493327989935688,-0.06715952686146698
adc,1759111262.0,-0.3223750293254852,1759120305.0,0.9798750281333924,1759129341.0,-0.0012500000884756,1759138330.0,0.3127500116825104,,,,,,,,,-0.3100630832946886,-0.0047386641913993955
adc,1759211249.0,-0.265375018119812,1759220285.0,0.8908750414848328,1759229315.0,-0.0027500002179294,1759238811.0,0.4707500338554382,,,,,,,,,-0.2456668492073006,-0.09032164944063534
adc,1759311251.0,0.990500032901764,1759320287.0,1.2436250448226929,1759329322.0,1.2547500133514404,1759338320.0,1.3976250886917114,,,,,,,,,1.0132018194108618,0.26558296962882644
adc,1759411257.0,-0.0843750014901161,1759420283.0,0.9313750267028807,1759429321.0,1.4378750324249268,1759438348.0,1.4852501153945925,,,,,,,,,-0.06302954611702197,-0.043885973375593204
adc,1759511251.0,-0.4275000095367431,1759520286.0,0.7317500114440918,1759529322.0,0.659500002861023,1759538337.0,0.9812500476837158,,,,,,,,,-0.4114708372192637,-0.2411749754678409
adc,1759611254.0,-0.4538750350475311,1759620295.0,0.9896250367164612,1759629330.0,0.0802500024437904,1759638314.0,0.4796250164508819,,,,,,,,,-0.4464158415061342,0.018572479467163353
adc,1759711243.0,-0.3995000123977661,1759720279.0,0.8732500672340393,1759729308.0,-0.0025000001769512,1759738312.0,0.228625014424324,,,,,,,,,-0.4028926964256145,-0.09635293540449272
adc,1759811257.0,-0.2223750054836273,1759820288.0,0.878125011920929,1759829326.0,-0.0023750001564621,1759838325.0,0.4716250300407409,,,,,,,,,-0.23774808487627952,-0.09035463564032695
adc,1759911264.0,0.8522500395774841,1759920308.0,1.0825001001358032,1759929346.0,0.6017500162124634,1759938836.0,1.0410000085830688,,,,,,,,,0.8249900917406828,0.11495782806467567
adc,1760011265.0,1.248125076293945,1760020299.0,1.3063750267028809,1760029331.0,1.6100001335144043,1760038800.0,1.5683751106262207,,,,,,,,,1.210237458152478,0.3397499293270646
adc,1760111257.0,-0.2147500067949295,1760120295.0,0.9941250681877136,1760129330.0,1.1761250495910645,1760138527.0,1.2287501096725464,,,,,,,,,-0.26100897713003857,0.028570432622526884
adc,1760211256.0,-0.4415000081062317,1760220294.0,0.780875027179718,1760229331.0,0.0226250011473894,1760238824.0,0.4258750081062317,,,,,,,,,-0.49312384011119803,-0.1832871872484214
adc,1760311254.0,-0.4507500231266022,1760320289.0,0.8571250438690186,1760329323.0,-0.0033750000875443,1760338315.0,0.3786250054836273,,,,,,,,,-0.5042680814175818,-0.10516427720814031
adc,1760411258.0,-0.2346250116825103,1760420294.0,0.908625066280365,1760429331.0,-0.0032500000670552,1760438820.0,0.2903750240802765,,,,,,,,,-0.2863986394988631,-0.05116290832931904
adc,1760511259.0,-0.0528750009834766,1760520295.0,1.0112500190734863,1760529329.0,0.0980000048875808,1760538385.0,0.718625009059906,,,,,,,,,-0.09938981523533211,0.054729899646540264
adc,1760611263.0,1.167625069618225,1760620308.0,1.21875,1760629340.0,1.508250117301941,1760638819.0,1.4673750400543213,,,,,,,,,1.1294776703052252,0.26639132483930716
adc,1760711247.0,0.5631250143051147,1760720285.0,0.8752500414848328,1760729323.0,1.4966250658035278,1760738548.0,1.4790000915527344,,,,,,,,,0.5357895781582093,-0.07194044145709363
adc,1760811261.0,-0.4553750157356262,1760820299.0,0.6883750557899475,1760829333.0,0.06700000166893,1760838316.0,0.612500011920929,,,,,,,,,-0.4703291096665986,-0.2525455482958966
adc,1760911250.0,-0.4342500269412994,1760920285.0,0.8270000219345093,1760929322.0,-0.0086250007152557,1760938350.0,0.3181250095367431,,,,,,,,,-0.4362630538620802,-0.10647873481181991
adc,1761011260.0,-0.2238750159740448,1761020292.0,0.9107500314712524,1761029324.0,-0.0033750000875443,1761038362.0,0.3160000145435333,,,,,,,,,-0.21343310843788263,-0.014079961253715176
adc,1761111262.0,-0.2073750048875808,1761120303.0,0.9222500324249268,1761129338.0,0.0033750000875443,1761138316.0,0.5870000123977661,,,,,,,,,-0.18594413314524572,0.0072594590407589615
adc,1761211269.0,0.7230000495910645,1761220302.0,1.3126250505447388,1761229342.0,1.3661251068115234,1761238318.0,1.427375078201294,,,,,,,,,0.7531291855870688,0.40857861459322864
adc,1761311268.0,-0.1147500053048133,1761320309.0,0.9951250553131104,1761329352.0,1.4820001125335691,1761338846.0,1.430625081062317,,,,,,,,,-0.07881607312071356,0.1029567803542608
adc,1761411263.0,-0.4542500078678131,1761420303.0,0.5768750309944153,1761429334.0,0.1036250069737434,1761438813.0,0.6572500467300415,,,,,,,,,-0.4157432628365305,-0.30274187832611255
adc,1761511247.0,-0.4396250247955322,1761520279.0,0.890250027179718,1761529312.0,0.0125000001862645,1761538610.0,0.3330000042915344,,,,,,,,,-0.401835558178323,0.023514168408756995
adc,1761611260.0,-0.2752500176429748,1761620300.0,0.8296250104904175,1761629333.0,-0.0032500000670552,1761638820.0,0.2837500274181366,,,,,,,,,-0.2412595005717002,-0.02430755151217191
adc,1761711252.0,-0.2026250064373016,1761720287.0,0.7358750104904175,1761729323.0,-0.0032500000670552,1761738308.0,0.4805000126361847,,,,,,,,,-0.17508664804929686,-0.10577709250070419
adc,1761811249.0,1.0132499933242798,1761820286.0,1.2511250972747805,1761829319.0,1.096250057220459,1761838539.0,1.272000074386597,,,,,,,,,1.032257725044416,0.420778459271076
adc,1761911258.0,0.6883750557899475,1761920296.0,0.9030000567436218,1761929328.0,1.6132500171661377,1761938824.0,1.4888750314712524,,,,,,,,,0.6974093425121722,0.08255815138896772
adc,1762011262.0,-0.4456250071525574,1762020307.0,0.4038750231266022,1762029339.0,0.6995000243186951,1762038319.0,0.8501250147819519,,,,,,,,,-0.44738691671904673,-0.40842690248309194
adc,1762111236.0,-0.4393750131130218,1762120273.0,0.6967500448226929,1762129303.0,0.0018750000745058,1762138387.0,0.3797500133514404,,,,,,,,,-0.4522044488905857,-0.10944513566764
adc,1762211251.0,-0.3945000171661377,1762220287.0,0.7325000166893005,1762229322.0,-0.0035000001080334,1762238515.0,0.3271250128746032,,,,,,,,,-0.4182140873058904,-0.06976824741005243
adc,1762311257.0,-0.2105000168085098,1762320294.0,0.7570000290870667,1762329327.0,-0.0035000001080334,1762338304.0,0.4923750162124634,,,,,,,,,-0.24457226271369398,-0.043532911739652874
adc,1762411249.0,1.0633749961853027,1762420286.0,1.1192500591278076,1762429324.0,0.9640000462532043,1762438315.0,1.209375023841858,,,,,,,,,1.0196967139622561,0.3183813382730328
adc,1762511254.0,0.7063750624656677,1762520292.0,0.8963750600814819,1762529328.0,1.6417500972747805,1762538538.0,1.4502500295639038,,,,,,,,,0.653949929448717,0.09333695346959583
adc,1762611257.0,-0.4313750267028808,1762620295.0,0.6730000376701355,1762629327.0,0.7145000100135803,1762638581.0,0.862125039100647,,,,,,,,,-0.49168603218945317,-0.13370904694354685
adc,1762711260.0,-0.4503750205039978,1762720297.0,0.6865000128746033,1762729332.0,-0.0130000002682209,1762738313.0,0.3118750154972076,,,,,,,,,-0.5177819078775,-0.12498051605079584
adc,1762811248.0,-0.2311250120401382,1762820277.0,0.71812504529953,1762829308.0,-0.0036250001285225,1762838623.0,0.270000010728836,,,,,,,,,-0.30493592856157964,-0.09878420705821386
adc,1762911253.0,-0.1545000076293945,1762920293.0,0.7746250629425049,1762929325.0,-0.0041249999776482,1762938787.0,0.3437500298023224,,,,,,,,,-0.23410411864085984,-0.04791430243221877
adc,1763011252.0,0.8417500257492065,1763020292.0,0.9893750548362732,1763029326.0,0.8192500472068787,1763038818.0,0.961875021457672,,,,,,,,,0.7569299026301824,0.1614414677808148
adc,1763111266.0,0.4930000305175781,1763120305.0,1.130750060081482,1763129338.0,1.720250129699707,1763138548.0,1.5306251049041748,,,,,,,,,0.4035682354756005,0.29804687050318357
adc,1763211257.0,-0.1167500019073486,1763220300.0,0.8335000276565552,1763229334.0,1.1910001039505005,1763238330.0,1.1888750791549685,,,,,,,,,-0.2100988511492139,-0.0030309949545217207
adc,1763311257.0,-0.4473750293254852,1763320299.0,0.7601250410079956,1763329330.0,0.1022500023245811,1763338529.0,0.5087500214576721,,,,,,,,,-0.5437961157132323,-0.07905773122338886
adc,1763411258.0,-0.4408750236034393,1763420299.0,0.6985000371932983,1763429329.0,-0.0037500001490116,1763438375.0,0.2753750085830688,,,,,,,,,-0.5393234471158337,-0.1420052835857467
adc,1763511258.0,-0.1137500032782554,1763520297.0,0.733875036239624,1763529330.0,-0.0041249999776482,1763538335.0,0.2913750112056732,,,,,,,,,-0.21295445594720558,-0.1065403766682149
adc,1763611255.0,1.1183750629425049,1763620295.0,0.9975000619888306,1763629333.0,0.8517500162124634,1763638807.0,1.042875051498413,,,,,,,,,1.0198983537502677,0.15861616619890684
adc,1763711248.0,0.7986250519752502,1763720285.0,0.9570000171661376,1763729322.0,1.7496250867843628,1763738437.0,1.529500126838684,,,,,,,,,0.7025090532662054,0.12108023813272539
adc,1763811252.0,-0.1200000047683715,1763820281.0,0.7090000510215759,1763829318.0,1.2277500629425049,1763838529.0,1.2620000839233398,,,,,,,,,-0.21207845539735093,-0.12255603556481263
adc,1763911250.0,-0.4537500143051147,1763920288.0,0.7156250476837158,1763929326.0,0.1355000138282776,1763938317.0,0.5972500443458557,,,,,,,,,-0.5401963166087405,-0.11021331114061181
adc,1764011255.0,-0.4473750293254852,1764020295.0,0.6963750123977661,1764029336.0,-0.0045000002719461,1764038325.0,0.2806250154972076,,,,,,,,,-0.5268007949594724,-0.1224421690188094
adc,1764111255.0,-0.1112500056624412,1764120293.0,0.7941250205039978,1764129326.0,-0.0042500002309679,1764138644.0,0.3085000216960907,,,,,,,,,-0.18258190629256368,-0.016421497118810163
adc,1764211262.0,1.1077500581741333,1764220295.0,0.9778750538825988,1764229331.0,0.6722500324249268,1764238311.0,1.036750078201294,,,,,,,,,1.0451786637524763,0.1767868613195287
adc,1764311254.0,0.2942500114440918,1764320293.0,0.9848750233650208,1764329330.0,1.7632501125335691,1764338328.0,1.4998750686645508,,,,,,,,,0.24062455259765653,0.19435498721765795
adc,1764411251.0,-0.1273750066757202,1764420285.0,0.8047500252723694,1764429317.0,1.1775000095367432,1764438802.0,1.368250012397766,,,,,,,,,-0.17240182402946985,0.02580689958895016
adc,1764511258.0,-0.4467500150203705,1764520293.0,0.6361250281333923,1764529325.0,0.1625000089406967,1764538331.0,0.6448750495910645,,,,,,,,,-0.48407567065434953,-0.13035916718798224
adc,1764611251.0,-0.3703750073909759,1764620282.0,0.6116250157356262,1764629316.0,-0.0033750000875443,1764638325.0,0.3030000030994415,,,,,,,,,-0.4014230928188458,-0.1416674147431436
adc,1764711258.0,-0.0421250015497207,1764720295.0,0.656000018119812,1764729330.0,-0.0033750000875443,1764738328.0,0.3802500069141388,,,,,,,,,-0.06878272020563753,-0.08353319492984222
adc,1764811251.0,0.737250030040741,1764820294.0,0.814875066280365,1764829330.0,0.5297500491142273,1764838538.0,0.924500048160553,,,,,,,,,0.7127207972054692,0.08949268222689681
adc,1764911271.0,0.3918750286102295,1764920309.0,0.8791250586509705,1764929348.0,1.6906250715255735,1764938550.0,1.4346250295639038,,,,,,,,,0.3669407021396228,0.16810231579102003
adc,1765011257.0,-0.2422500103712082,1765020292.0,0.7191250324249268,1765029325.0,1.2140001058578491,1765038562.0,1.2355000972747805,,,,,,,,,-0.2702835563282814,0.022483342177101275
adc,1765111265.0,-0.4132500290870666,1765120305.0,0.6270000338554382,1765129340.0,0.1155000030994415,1765138401.0,0.643125057220459,,,,,,,,,-0.44711850434459716,-0.05542759052855015
adc,1765211259.0,-0.3198750019073486,1765220291.0,0.5691250562667847,1765229321.0,-0.0041249999776482,1765238522.0,0.3313750028610229,,,,,,,,,-0.36223096961004436,-0.0994387449562378
adc,1765311260.0,-0.0360000021755695,1765320298.0,0.5961250066757202,1765329334.0,-0.0040000001899898,1765338340.0,0.395000010728836,,,,,,,,,-0.08929140002312946,-0.05909553683608146
adc,1765411257.0,0.7745000123977661,1765420287.0,0.7053750157356262,1765429323.0,0.6201250553131104,1765438534.0,0.9347500205039978,,,,,,,,,0.7081347299116325,0.06282717980552903
adc,1765511254.0,0.6927500367164612,1765520292.0,0.7667500376701355,1765529327.0,1.6372500658035278,1765538641.0,1.5245001316070557,,,,,,,,,0.6115609126069225,0.13608039209853715
adc,1765611254.0,-0.1965000033378601,1765620291.0,0.5585000514984131,1765629329.0,1.149250030517578,1765638783.0,1.241000056266785,,,,,,,,,-0.29382003166926657,-0.061179715895523325
adc,1765711256.0,-0.4485000073909759,1765720291.0,0.624625027179718,1765729331.0,0.1681250035762787,1765738823.0,0.6365000009536743,,,,,,,,,-0.5627760052169164,0.014986765378442877
adc,1765811257.0,-0.1146250069141388,1765820291.0,0.5260000228881836,1765829331.0,-0.0040000001899898,1765838318.0,0.2241250127553939,,,,,,,,,-0.24616817798472068,-0.07456822154042167
adc,1765911266.0,-0.0171250011771917,1765920307.0,0.5355000495910645,1765929335.0,-0.0046250000596046,1765938312.0,0.4482500255107879,,,,,,,,,-0.165708910977588,-0.056953981026764126
adc,1766011263.0,0.7291250228881836,1766020304.0,0.5525000095367432,1766029341.0,0.7628750205039978,1766038815.0,0.9581250548362732,,,,,,,,,0.5642716009298949,-0.03274213109904246
adc,1766111257.0,0.8955000638961792,1766120296.0,0.7320000529289246,1766129331.0,1.6607500314712524,1766138542.0,1.4406250715255735,,,,,,,,,0.7156758279505109,0.1531541042074904
adc,1766211265.0,-0.0866250023245811,1766220300.0,0.5062500238418579,1766229335.0,1.3127501010894775,1766238827.0,1.2623751163482666,,,,,,,,,-0.27963572619808613,-0.06690331007415565
adc,1766311257.0,-0.4246250092983246,1766320290.0,0.6203750371932983,1766329324.0,0.3220000267028808,1766338647.0,0.6358750462532043,,,,,,,,,-0.6286119448216888,0.05233945280202626
adc,1766411261.0,-0.3230000138282776,1766420299.0,0.5297500491142273,1766429330.0,-0.0045000002719461,1766438394.0,0.2676250040531158,,,,,,,,,-0.5353991854565572,-0.033605681630451606
adc,1766511247.0,0.0005000000237487,1766520278.0,0.5096250176429749,1766529312.0,-0.0042500002309679,1766538334.0,0.3841250240802765,,,,,,,,,-0.2174813654518794,-0.04935020876564917
adc,1766611259.0,1.185625076293945,1766620293.0,0.6526250243186951,1766629322.0,0.8720000386238098,1766638306.0,1.027000069618225,,,,,,,,,0.9650466673155011,0.09786638328916016
adc,1766711257.0,1.502750039100647,1766720290.0,0.7533750534057617,1766729331.0,1.7192500829696655,1766738327.0,1.449250102043152,,,,,,,,,1.282578740697483,0.20279873017624142
adc,1766811250.0,-0.4375000298023224,1766820288.0,0.3308750092983246,1766829324.0,1.062000036239624,1766838422.0,1.185375094413757,,,,,,,,,-0.654389014654368,-0.21543021132241857
adc,1766911255.0,-0.4048750102519989,1766920286.0,0.4098750054836273,1766929316.0,0.0602500028908252,1766938806.0,0.5127500295639038,,,,,,,,,-0.6158703967807231,-0.13195395171006327
adc,1767011248.0,-0.4123750329017639,1767020287.0,0.4783750176429748,1767029317.0,-0.0045000002719461,1767038785.0,0.2850000262260437,,,,,,,,,-0.6152300508345675,-0.05866464287536097
adc,1767111249.0,0.0071250004693865,1767120286.0,0.4532500207424164,1767129321.0,-0.0048750001005828,1767138419.0,0.3376250267028808,,,,,,,,,-0.18576902523562755,-0.07859433041683767
adc,1767211269.0,1.0173749923706057,1767220313.0,0.7120000123977661,1767229347.0,1.114625096321106,1767238350.0,0.9792500734329224,,,,,,,,,0.8358018609435856,0.18582327208058655
adc,1767311259.0,0.6347500085830688,1767320298.0,0.7483750581741333,1767329329.0,1.8472501039505005,1767338321.0,1.5200001001358032,,,,,,,,,0.46537346198953955,0.22836314692311127
adc,1767411253.0,-0.0785000026226043,1767420289.0,0.4036250114440918,1767429324.0,0.9686250686645508,1767438522.0,1.093000054359436,,,,,,,,,-0.23530861520051233,-0.10975394827960509
adc,1767511259.0,-0.3593750298023224,1767520299.0,0.4850000143051147,1767529331.0,0.1935000121593475,1767538308.0,0.5732500553131104,,,,,,,,,-0.5037629243884005,-0.02136699736459905
adc,1767611262.0,-0.0748750045895576,1767620300.0,0.4308750331401825,1767629328.0,-0.0046250000596046,1767638819.0,0.3180000185966491,,,,,,,,,-0.2075107839575159,-0.06824774301266665
adc,1767711251.0,0.0212500002235174,1767720283.0,0.3960000276565552,1767729317.0,-0.005125000141561,1767738320.0,0.2461250126361847,,,,,,,,,-0.10081377872232122,-0.09584069076756897
adc,1767811262.0,0.9603750705718994,1767820297.0,0.6482500433921814,1767829331.0,0.8568750619888306,1767838822.0,1.0328750610351562,,,,,,,,,0.8472118860781179,0.16350203791326193
adc,1767911249.0,0.4388750195503235,1767920290.0,0.702375054359436,1767929325.0,1.649250030517578,1767938300.0,1.5280001163482666,,,,,,,,,0.3324808514536117,0.2242895471765042
adc,1768011257.0,-0.2363750040531158,1768020297.0,0.3353750109672546,1768029335.0,1.0105000734329224,1768038814.0,1.011625051498413,,,,,,,,,-0.3385420325473479,-0.13671001138293404
adc,1768111261.0,-0.3262500166893005,1768120299.0,0.3677500188350677,1768129333.0,0.0600000023841857,1768138342.0,0.434125006198883,,,,,,,,,-0.42706180098950297,-0.09919332550780362
adc,1768211255.0,-0.0836250036954879,1768220295.0,0.3695000112056732,1768229330.0,-0.0043750000186264,1768238397.0,0.2780000269412994,,,,,,,,,-0.1861661943674015,-0.0932958886529042
adc,1768311262.0,0.0031250000465661,1768320301.0,0.3493750095367431,1768329337.0,-0.0052500003948807,1768338541.0,0.3343750238418579,,,,,,,,,-0.10429325597817031,-0.11031954830948912
adc,1768411247.0,0.8615000247955322,1768420288.0,0.6896250247955322,1768429320.0,0.9916250705718994,1768438388.0,0.990000069141388,,,,,,,,,0.7461627823975809,0.23203119573603048
adc,1768511255.0,0.2962500154972076,1768520292.0,0.5746250152587891,1768529323.0,1.7243751287460327,1768538530.0,1.4538750648498535,,,,,,,,,0.17023012053792985,0.11827776720458921
adc,1768611263.0,-0.4230000078678131,1768620305.0,0.1850000023841858,1768629335.0,0.82750004529953,1768638823.0,0.8300000429153442,,,,,,,,,-0.5620237649422586,-0.27071338593310945
adc,1768711255.0,-0.2632500231266022,1768720294.0,0.3696250319480896,1768729328.0,0.0291250012814998,1768738321.0,0.4067500233650207,,,,,,,,,-0.4170111807035176,-0.08574547053564703
adc,1768811256.0,-0.0950000062584877,1768820290.0,0.3528750240802765,1768829323.0,-0.005125000141561,1768838520.0,0.3061250150203705,,,,,,,,,-0.26453245183001717,-0.10206461842331402
adc,1768911263.0,0.0768750011920929,1768920294.0,0.4482500255107879,1768929330.0,-0.0042500002309679,1768938308.0,0.5553750395774841,,,,,,,,,-0.10870267730265651,-0.005765900460897963
adc,1769011269.0,1.5577501058578491,1769020303.0,0.9507500529289246,1769029337.0,1.34250009059906,1769038812.0,1.2825000286102295,,,,,,,,,1.356606399560571,0.49854496912389157
adc,1769111248.0,0.4426250159740448,1769120291.0,0.4987500309944153,1769129325.0,1.7280000448226929,1769138541.0,1.464250087738037,,,,,,,,,0.22707168278547757,0.04959084761750043
adc,1769211265.0,-0.132750004529953,1769220303.0,0.3022500276565552,1769229340.0,0.799500048160553,1769238360.0,0.9202500581741332,,,,,,,,,-0.3610092428753834,-0.14235458846302237
adc,1769311252.0,-0.4507500231266022,1769320297.0,0.2625000178813934,1769329335.0,0.013625000603497,1769338533.0,0.3298750221729278,,,,,,,,,-0.6896226438707602,-0.1758585681104856
adc,1769411245.0,0.0733750015497207,1769420279.0,0.2632500231266022,1769429318.0,-0.005125000141561,1769438309.0,0.2588750123977661,,,,,,,,,-0.17379498605300903,-0.16708536564218485
adc,1769511251.0,0.0713750049471855,1769520286.0,0.4098750054836273,1769529320.0,-0.0053750001825392,1769538392.0,0.5700000524520874,,,,,,,,,-0.18171466347941437,-0.010671671625347656
adc,1769611252.0,1.5432500839233398,1769620294.0,0.8802500367164612,1769629330.0,1.390375018119812,1769638812.0,1.2815001010894775,,,,,,,,,1.2865239434992246,0.4711514881929283
adc,1769711264.0,0.3942500054836273,1769720302.0,0.4637500345706939,1769729334.0,1.511500120162964,1769738830.0,1.3602501153945925,,,,,,,,,0.1359298298296946,0.06756548551973357
adc,1769811262.0,-0.2295000106096267,1769820307.0,0.2021250128746032,1769829344.0,0.379125028848648,1769838550.0,0.7952500581741333,,,,,,,,,-0.487737182103333,-0.17994656294197664
adc,1769911260.0,-0.4228750169277191,1769920301.0,0.2228750139474868,1769929338.0,-0.0138750011101365,1769938790.0,0.3593750298023224,,,,,,,,,-0.6798058921676149,-0.14420255791382916
adc,1770011267.0,0.1510000079870224,1770020301.0,0.2296250164508819,1770029346.0,-0.0050000003539025,1770038822.0,0.262125015258789,,,,,,,,,-0.10390010061703525,-0.12191915747231838
adc,1770111254.0,0.2754999995231628,1770120297.0,0.30137500166893,1770129327.0,0.0112500004470348,1770138579.0,0.6490000486373901,,,,,,,,,0.022848982069307272,-0.03443503315229003
adc,1770211257.0,1.190500020980835,1770220295.0,0.6943750381469727,1770229332.0,1.6226251125335691,1770238315.0,1.4292501211166382,,,,,,,,,0.939828427087369,0.37418580797836803
adc,1770311260.0,0.6096250414848328,1770320293.0,0.2712500095367431,1770329328.0,1.4945000410079956,1770338531.0,1.3843750953674316,,,,,,,,,0.3602103511502734,-0.033705654000338356
adc,1770411261.0,-0.4552500247955322,1770420293.0,0.1262499988079071,1770429327.0,0.2936250269412994,1770438335.0,0.6352500319480896,,,,,,,,,-0.7045309196579771,-0.16408212369070724
adc,1770511254.0,-0.4586250185966491,1770520293.0,0.1512500047683715,1770529328.0,-0.0108750006183981,1770538398.0,0.2405000180006027,,,,,,,,,-0.7092229574180532,-0.1252333421889077
adc,1770611251.0,0.2458750158548355,1770620286.0,0.1531250029802322,1770629323.0,-0.0055000004358589,1770638551.0,0.293250024318695,,,,,,,,,-0.007727864082412383,-0.11038962186059281
adc,1770711256.0,0.3830000162124634,1770720288.0,0.2112500071525573,1770729325.0,0.1490000039339065,1770738392.0,0.6721250414848328,,,,,,,,,0.12456351037838131,-0.04022794558404848
adc,1770811258.0,1.373125076293945,1770820292.0,0.5546250343322754,1770829316.0,1.746125102043152,1770838568.0,1.4763751029968262,,,,,,,,,1.1079730032527095,0.3142396565764064
adc,1770911254.0,0.421750009059906,1770920286.0,0.382750004529953,1770929320.0,1.3231250047683716,1770938817.0,1.2287501096725464,,,,,,,,,0.14802024261082292,0.15252458516320747
adc,1771011251.0,-0.3745000064373016,1771020293.0,0.2240000069141388,1771029324.0,0.2432500123977661,1771038386.0,0.5865000486373901,,,,,,,,,-0.6585850846470894,0.003023607124847838
adc,1771111262.0,-0.4552500247955322,1771120302.0,0.1048750057816505,1771129333.0,-0.0052500003948807,1771138319.0,0.2070000171661377,,,,,,,,,-0.7513171552347533,-0.10773693883407393
adc,1771211259.0,0.2547500133514404,1771220296.0,0.1311250030994415,1771229330.0,-0.006000000052154,1771238305.0,0.3430000245571136,,,,,,,,,-0.05470410143336307,-0.07397309865533166
adc,1771311270.0,1.0672500133514404,1771320308.0,0.1275000125169754,1771329338.0,0.5903750061988831,1771338332.0,0.6988750100135803,,,,,,,,,0.7432938281802209,-0.07088560175340035
adc,1771411257.0,1.0640000104904177,1771420298.0,0.2452500164508819,1771429331.0,1.6070001125335691,1771438818.0,1.414875030517578,,,,,,,,,0.7247715893695249,0.05284759830186388
adc,1771511256.0,-0.1436250060796737,1771520300.0,0.1657500118017196,1771529330.0,0.7656250596046448,1771538580.0,0.8501250147819519,,,,,,,,,-0.49851185925826225,-0.02130027658316715
adc,1771611263.0,-0.1355000138282776,1771620298.0,0.1156250089406967,1771629331.0,-0.0045000002719461,1771638810.0,0.3956250250339508,,,,,,,,,-0.5060197199761334,-0.06658232267081582
adc,1771711259.0,0.1347500085830688,1771720295.0,0.1542500108480453,1771729328.0,-0.0046250000596046,1771738330.0,0.3387500047683716,,,,,,,,,-0.2509441606254265,-0.023486181561774712
adc,1771811270.0,0.2761250138282776,1771820314.0,0.0610000044107437,1771829352.0,-0.0057500004768371,1771838545.0,0.3761250078678131,,,,,,,,,-0.12384120255739992,-0.11249665148434976
adc,1771911258.0,1.3908751010894775,1771920295.0,0.4972500205039978,1771929326.0,1.186500072479248,1771938328.0,1.1440000534057615,,,,,,,,,0.9779759176454665,0.32788980653823385
adc,1772011246.0,0.8098750114440918,1772020289.0,0.1892500072717666,1772029349.0,1.7731250524520874,1772038344.0,1.459750056266785,,,,,,,,,0.38578659672084403,0.02402707887504822
adc,1772111257.0,-0.4366250336170196,1772120295.0,0.2128750085830688,1772129330.0,0.2768750190734863,1772138532.0,0.6261250376701355,,,,,,,,,-0.8698087898828453,0.05186253473949674
adc,1772211248.0,0.1347500085830688,1772220284.0,0.0680000036954879,1772229316.0,-0.0088750002905726,1772238802.0,0.3047500252723694,,,,,,,,,-0.30515494162834883,-0.08868671926916834
adc,1772311259.0,0.226375013589859,1772320295.0,0.0226250011473894,1772329327.0,-0.0057500004768371,1772338381.0,0.3146250247955322,,,,,,,,,-0.21767801704871462,-0.12959937752450068
adc,1772411253.0,0.7923750281333923,1772420287.0,0.1227500066161155,1772429324.0,-0.0003750000032596,1772438304.0,0.6738750338554382,,,,,,,,,0.34685111073328834,-0.024861041704492597
adc,1772511239.0,1.3761250972747805,1772520280.0,0.3565000295639038,1772529316.0,1.690000057220459,1772538397.0,1.5177500247955322,,,,,,,,,0.9318005844410029,0.21367503447956357
adc,1772611251.0,0.5641250014305115,1772620290.0,0.0933750048279762,1772629325.0,1.3828750848770142,1772638320.0,1.3473750352859497,,,,,,,,,0.12354178860841025,-0.044450639277668735
adc,1772711267.0,-0.1790000051259994,1772720298.0,0.0453750006854534,1772729338.0,0.0847500041127204,1772738529.0,0.4412500262260437,,,,,,,,,-0.6135455336102354,-0.08717149008393987
adc,1772811254.0,-0.4588750302791595,1772820292.0,-0.1487500071525573,1772829325.0,-0.0091250007972121,1772838546.0,0.249750018119812,,,,,,,,,-0.8854290017719595,-0.2756438318722423
adc,1772911260.0,0.3113750219345093,1772920303.0,0.0823750048875808,1772929330.0,-0.0057500004768371,1772938361.0,0.309000015258789,,,,,,,,,-0.10564677313280729,-0.038378058582287586
adc,1773011250.0,1.466625094413757,1773020290.0,0.4163750112056732,1773029319.0,0.7828750610351562,1773038802.0,0.9352500438690186,,,,,,,,,1.060213185202774,0.30237152813161783
adc,1773111252.0,1.022250056266785,1773120287.0,0.1496250033378601,1773129321.0,1.85337507724762,1773138311.0,1.6575000286102295,,,,,,,,,0.6270269461655301,0.04308593802226446
adc,1773211262.0,-0.1642500013113021,1773220294.0,0.1821250021457672,1773229329.0,0.7862500548362732,1773238770.0,1.0067501068115234,,,,,,,,,-0.5482254979777824,0.08383489029997811
adc,1773311250.0,-0.0021250001154839,1773320289.0,-0.0298750009387731,1773329326.0,-0.0071250004693865,1773338313.0,0.2993750274181366,,,,,,,,,-0.3753119346968789,-0.11911491277766578
adc,1773411256.0,-0.2238750159740448,1773420296.0,0.0040000001899898,1773429326.0,-0.0057500004768371,1773438316.0,0.3397500216960907,,,,,,,,,-0.5872173594369359,-0.07543333047780026
adc,1773511247.0,0.3197500109672546,1773520285.0,0.0043750000186264,1773529324.0,-0.0056250002235174,1773538640.0,0.4672500193119049,,,,,,,,,-0.03511600128488718,-0.06460230711431536
adc,1773611257.0,1.6457500457763672,1773620299.0,0.4043750166893005,1773629335.0,1.6102501153945925,1773638791.0,1.551875114440918,,,,,,,,,1.297645020321523,0.34634046724491685
adc,1773711255.0,0.3206250071525574,1773720296.0,-0.0243750009685754,1773729332.0,1.4032500982284546,1773738383.0,1.3826251029968262,,,,,,,,,-0.02269702284133429,-0.07118610882281108
adc,1773811251.0,0.0292500015348196,1773820292.0,0.0420000031590461,1773829324.0,0.3957500159740448,1773838540.0,0.6450000405311584,,,,,,,,,-0.31143879342746983,0.006462122596265097
adc,1773911254.0,-0.4615000188350677,1773920301.0,-0.1591250002384185,1773929337.0,-0.0091250007972121,1773938819.0,0.2900000214576721,,,,,,,,,-0.8017754906942848,-0.18357217583445223
adc,1774011244.0,0.2132500112056732,1774020283.0,-0.0007500000065192,1774029336.0,-0.0056250002235174,1774038815.0,0.355750024318695,,,,,,,,,-0.1287899059484655,-0.014497683238046115
adc,1774111257.0,1.2106250524520874,1774120295.0,-0.0265000015497207,1774129333.0,0.5956250429153442,1774138348.0,0.927625060081482,,,,,,,,,0.864799103688864,-0.030102471602054648
adc,1774211261.0,0.8317500352859497,1774220298.0,0.1637500077486038,1774229335.0,1.8668750524520876,1774238346.0,1.639125108718872,,,,,,,,,0.48037581351838926,0.16963633875911813
adc,1774311267.0,-0.246625006198883,1774320314.0,-0.1045000031590461,1774329350.0,0.4211250245571136,1774338838.0,0.8523750305175781,,,,,,,,,-0.6049665370356573,-0.08981534596261155
adc,1774411257.0,-0.2035000026226043,1774420296.0,-0.1446250081062317,1774429330.0,0.0152500011026859,1774438810.0,0.441750019788742,,,,,,,,,-0.5698234374216624,-0.12179936045438094
adc,1774511253.0,0.1522500067949295,1774520287.0,-0.0952500030398368,1774529320.0,-0.0050000003539025,1774538336.0,0.3551250100135803,,,,,,,,,-0.22263115031099817,-0.06484867872304215
adc,1774611256.0,0.4660000205039978,1774620294.0,-0.1092500016093254,1774629326.0,-0.0053750001825392,1774638355.0,0.5741250514984131,,,,,,,,,0.0824226574486484,-0.07170249751117154
adc,1774711260.0,1.6821250915527344,1774720293.0,0.4205000102519989,1774729323.0,1.662000060081482,1774738303.0,1.466625094413757,,,,,,,,,1.2901049617963287,0.46492384041469037
adc,1774811257.0,0.5431250333786011,1774820291.0,-0.1160000041127204,1774829321.0,1.3978750705718994,1774838810.0,1.3882501125335691,,,,,,,,,0.14322022169296805,-0.06480719878007732
adc,1774911254.0,-0.2627499997615814,1774920291.0,-0.1012500077486038,1774929326.0,0.0905000045895576,1774938327.0,0.6133750081062317,,,,,,,,,-0.6697901608770471,-0.04324755531492974
adc,1775011251.0,-0.3447500169277191,1775020290.0,-0.1816250085830688,1775029322.0,-0.0046250000596046,1775038319.0,0.3295000195503235,,,,,,,,,-0.7581028695778982,-0.11664979585741556
adc,1775111262.0,0.5175000429153442,1775120301.0,-0.1410000026226043,1775129334.0,-0.005125000141561,1775138413.0,0.4255000054836273,,,,,,,,,0.09862341130857977,-0.06879788678321758
adc,1775211258.0,1.408750057220459,1775220299.0,-0.0125000001862645,1775229332.0,0.9345000386238098,1775238797.0,0.9570000171661376,,,,,,,,,0.9850131873327307,0.0672389641550647
adc,1775311257.0,0.6180000305175781,1775320293.0,-0.032124999910593,1775329323.0,1.821250081062317,1775338806.0,1.5816251039505005,,,,,,,,,0.18986484574880108,0.0554766631250526
adc,1775411253.0,-0.2851250171661377,1775420285.0,-0.1842500120401382,1775429314.0,0.3381250202655792,1775438313.0,0.8533750176429749,,,,,,,,,-0.7174561604112478,-0.08849031602488594
adc,1775511257.0,0.1175000071525573,1775520291.0,-0.2111250162124633,1775529326.0,0.0001250000059371,1775538364.0,0.3963750302791595,,,,,,,,,-0.3191185279898353,-0.10699679705833515
adc,1775611261.0,0.3471250236034393,1775620301.0,-0.1636250019073486,1775629334.0,-0.0047500003129243,1775638380.0,0.3456250131130218,,,,,,,,,-0.09417516420975425,-0.051065206049700884
adc,1775711258.0,0.6058750152587891,1775720294.0,-0.1867500096559524,1775729326.0,-0.0047500003129243,1775738365.0,0.5595000386238098,,,,,,,,,0.15920705197564347,-0.06591254109198857
adc,1775811259.0,1.6253750324249268,1775820290.0,0.5295000076293945,1775829322.0,1.7252501249313354,1775838340.0,1.5256251096725464,,,,,,,,,1.1723858796844375,0.6581725211523426
adc,1775911260.0,0.0225000008940696,1775920289.0,-0.2642500102519989,1775929322.0,1.1380000114440918,1775938811.0,1.198625087738037,,,,,,,,,-0.43799305938026734,-0.12853797921050908
adc,1776011252.0,0.1370000094175338,1776020285.0,-0.2333750128746032,1776029320.0,0.03125,1776038305.0,0.468500018119812,,,,,,,,,-0.3323508102608613,-0.09181386601517649
adc,1776111258.0,-0.1527500003576278,1776120295.0,-0.2610000073909759,1776129335.0,-0.0045000002719461,1776138402.0,0.3510000109672546,,,,,,,,,-0.6323989816316614,-0.11517925206832744
adc,1776211255.0,0.4432500302791595,1776220284.0,-0.2665000259876251,1776229319.0,-0.0045000002719461,1776238815.0,0.4432500302791595,,,,,,,,,-0.04811570854527031,-0.11836356489152054
adc,1776311251.0,1.6172500848770142,1776320291.0,0.2468750178813934,1776329325.0,1.0789999961853027,1776338796.0,1.1168750524520874,,,,,,,,,1.1128909145850272,0.39512639915513553
adc,1776411251.0,0.6607500314712524,1776420292.0,-0.3041250109672546,1776429330.0,1.6471251249313354,1776438368.0,1.5386251211166382,,,,,,,,,0.14238066162828464,-0.1580690831729297
adc,1776511261.0,-0.2786250114440918,1776520295.0,-0.2163750082254409,1776529327.0,0.1365000009536743,1776538334.0,0.7597500085830688,,,,,,,,,-0.8116547108683017,-0.07474578141322066
adc,1776611260.0,0.1147500053048133,1776620297.0,-0.3066250085830688,1776629335.0,-0.0038750001695007,1776638812.0,0.34825000166893,,,,,,,,,-0.43313400176957223,-0.17135804241869015
adc,1776711257.0,0.4790000319480896,1776720295.0,-0.280875027179718,1776729325.0,-0.0038750001695007,1776738334.0,0.3178750276565552,,,,,,,,,-0.083413148232418,-0.15338537312266312
adc,1776811266.0,1.2796250581741333,1776820306.0,-0.1761250048875808,1776829335.0,0.0681250020861625,1776838815.0,0.7000000476837158,,,,,,,,,0.7035492102642489,-0.057099094610548365
adc,1776911259.0,1.2818750143051147,1776920297.0,0.1231250092387199,1776929332.0,1.7702500820159912,1776938307.0,1.6133750677108765,,,,,,,,,0.6935140059163298,0.23389370721380154
adc,1777011252.0,-0.2697499990463257,1777020286.0,-0.320125013589859,1777029318.0,0.6585000157356262,1777038292.0,0.9787500500679016,,,,,,,,,-0.8685925481013165,-0.21641789558067384
adc,1777111253.0,0.4161250293254852,1777120296.0,-0.0893750041723251,1777129329.0,0.0132500007748603,1777138340.0,0.3957500159740448,,,,,,,,,-0.19110079950785047,0.009465297066566188
adc,1777211250.0,0.4820000231266022,1777220290.0,-0.210875004529953,1777229321.0,-0.0035000001080334,1777238791.0,0.327875018119812,,,,,,,,,-0.13138350390361658,-0.1137930581353382
adc,1777311264.0,0.609125018119812,1777320300.0,-0.2457500100135803,1777329334.0,-0.0032500000670552,1777338396.0,0.4252500236034393,,,,,,,,,-0.008257692785128015,-0.14658496963252765
adc,1777411263.0,1.514125108718872,1777420302.0,0.7767500281333923,1777429333.0,1.5481250286102295,1777438329.0,1.5737500190734863,,,,,,,,,0.8946230906038014,0.8823077701046576
adc,1777511260.0,0.874625027179718,1777520295.0,0.0516250021755695,1777529327.0,1.3041250705718994,1777538315.0,1.4466251134872437,,,,,,,,,0.25439390206035617,0.16802799580729247
adc,1777611266.0,0.6503750085830688,1777620308.0,-0.2925000190734863,1777629339.0,0.0166250001639127,1777638340.0,0.5421250462532043,,,,,,,,,0.0301323797706865,-0.1610066762462236
adc,1777711271.0,-0.4313750267028808,1777720307.0,-0.3808750212192535,1777729340.0,-0.0041249999776482,1777738531.0,0.2517500221729278,,,,,,,,,-1.0517081550101652,-0.23058884014565595
adc,1777811260.0,0.4281250238418579,1777820293.0,-0.3220000267028808,1777829322.0,-0.0028750002384185,1777838544.0,0.3260000050067901,,,,,,,,,-0.19321657136027703,-0.1500450148307199
adc,1777911255.0,1.704875111579895,1777920297.0,0.0587500035762786,1777929332.0,1.1031250953674316,1777938541.0,1.1397500038146973,,,,,,,,,1.0808150895871687,0.25421518289421374
adc,1778011257.0,1.1027500629425049,1778020292.0,-0.3250000178813934,1778029328.0,1.402000069618225,1778038408.0,1.3451250791549685,,,,,,,,,0.47360124949241655,-0.10533867955203358
adc,1778111267.0,-0.2917500138282776,1778120303.0,-0.3066250085830688,1778129337.0,0.0322500020265579,1778138417.0,0.5085000395774841,,,,,,,,,-0.9288130130740622,-0.06326821962692138
adc,1778211268.0,-0.387000024318695,1778220299.0,-0.3771250247955322,1778229336.0,-0.0026250001974403,1778238814.0,0.2975000143051147,,,,,,,,,-1.0349947695993793,-0.11170751292866836
adc,1778311248.0,0.7506250143051147,1778320288.0,-0.3373750150203705,1778329321.0,-0.002250000135973,1778338388.0,0.3505000174045563,,,,,,,,,0.08878227797223026,-0.05254004452593036
adc,1778411265.0,1.5160000324249268,1778420301.0,-0.2707500159740448,1778429330.0,0.3000000119209289,1778438809.0,0.8553750514984131,,,,,,,,,0.8377809505269646,0.030032886391759425
adc,1778511252.0,1.3585001230239868,1778520290.0,-0.335625022649765,1778529322.0,1.5356251001358032,1778538632.0,1.364625096321106,,,,,,,,,0.6620063719412619,-0.022969505876892525
adc,1778611259.0,-0.4523750245571136,1778620295.0,-0.2721250057220459,1778629332.0,0.0351250022649765,1778638795.0,0.5816250443458557,,,,,,,,,-1.1682388885274615,0.047962159190552134
adc,1778711249.0,1.055000066757202,1778720278.0,-0.3620000183582306,1778729317.0,0.0066250003874301,1778738658.0,0.3893750309944153,,,,,,,,,0.3195678723637862,-0.03904449908619839
adc,1778811257.0,0.4861250221729278,1778820295.0,-0.3177500069141388,1778829325.0,-0.0015000000130385,1778838348.0,0.3390000164508819,,,,,,,,,-0.26816041774022636,0.0036211647844086835
adc,1778911252.0,1.436750054359436,1778920296.0,-0.3318750262260437,1778929333.0,0.0146250007674098,1778938335.0,0.5701250433921814,,,,,,,,,0.6651820773025292,-0.01621833139797465
adc,1779011259.0,1.4393750429153442,1779020291.0,-0.0990000069141388,1779029324.0,1.5880000591278076,1779038528.0,1.4662500619888306,,,,,,,,,0.6528291640479181,0.20731813736043925
adc,1779111264.0,-0.4675000309944153,1779120304.0,-0.359000027179718,1779129335.0,0.0402500033378601,1779138324.0,0.6287500262260437,,,,,,,,,-1.266154167679646,-0.06498819984436698
adc,1779211263.0,1.2761250734329224,1779220300.0,-0.3382500112056732,1779229329.0,0.1517500132322311,1779238546.0,0.5881250500679016,,,,,,,,,0.4686017188426445,-0.05874149284150043
adc,1779311250.0,0.5198750495910645,1779320284.0,-0.4206250309944153,1779329317.0,-0.0010000000474974,1779338338.0,0.3081250190734863,,,,,,,,,-0.29311370500394063,-0.15696908440759874
adc,1779411258.0,1.091625094413757,1779420292.0,-0.2492500096559524,1779429327.0,-0.0006250000442378,1779438578.0,0.5701250433921814,,,,,,,,,0.27653769743886586,-0.0019108737143483379
adc,1779511259.0,1.5210000276565552,1779520295.0,0.1096250042319297,1779529328.0,1.409000039100647,1779538552.0,1.3738750219345093,,,,,,,,,0.7069530939606992,0.3410633184744628
adc,1779611262.0,-0.4551250338554382,1779620300.0,-0.3181250095367431,1779629338.0,0.0452500022947788,1779638410.0,0.6226250529289246,,,,,,,,,-1.265390805625954,-0.10133940335004227
adc,1779711257.0,1.3376250267028809,1779720297.0,-0.4085000157356262,1779729332.0,0.1590000092983245,1779738524.0,0.6163750290870667,,,,,,,,,0.5333401691241549,-0.20437720236712578
adc,1779811249.0,0.1917500048875808,1779820283.0,-0.3867500126361847,1779829318.0,0.0058750002644956,1779838527.0,0.2472500056028366,,,,,,,,,-0.6050038907404909,-0.19268806993100424
adc,1779911249.0,1.6971250772476196,1779920288.0,-0.4406250119209289,1779929321.0,0.1025000065565109,1779938516.0,0.6066250205039978,,,,,,,,,0.9087303724449816,-0.2535758868279422
adc,1780011257.0,1.4887501001358032,1780020292.0,0.987000048160553,1780029334.0,1.4545000791549685,1780038567.0,1.2892500162124634,,,,,,,,,0.7087896977220671,1.1703338896536841
adc,1780111257.0,-0.4743750095367431,1780120287.0,-0.4370000064373016,1780129323.0,0.011125000193715,1780138544.0,0.5378749966621399,,,,,,,,,-1.2465612572719846,-0.2540511311799863
adc,1780211261.0,1.4078750610351562,1780220293.0,-0.4245000183582306,1780229326.0,0.1393750011920929,1780238527.0,0.4492500126361847,,,,,,,,,0.6421435760836516,-0.23879202904360033
adc,1780311246.0,-0.406000018119812,1780320284.0,-0.4305000305175781,1780329314.0,-0.0002500000118743,1780338808.0,0.0991250053048133,,,,,,,,,-1.1671194923539745,-0.23927559483720068
adc,1780411257.0,1.386875033378601,1780420297.0,-0.3275000154972076,1780429334.0,-0.0005000000237487,1780438537.0,0.429375022649765,,,,,,,,,0.6281869321502799,-0.12855340875033683
adc,1780511255.0,1.6306251287460327,1780520289.0,0.5080000162124634,1780529321.0,1.3172500133514404,1780538415.0,1.4232500791549685,,,,,,,,,0.8720657895121106,0.7162038079578622
adc,1780611259.0,-0.4627500176429748,1780620299.0,-0.4220000207424164,1780629335.0,0.0265000015497207,1780638828.0,0.6218750476837158,,,,,,,,,-1.223379565435418,-0.20374287542774044
adc,1780711264.0,1.4963750839233398,1780720302.0,-0.3785000145435333,1780729333.0,0.0411250032484531,1780738526.0,0.4952500164508819,,,,,,,,,0.7317972412135875,-0.15014595950790965
adc,1780811246.0,-0.2817500233650207,1780820286.0,-0.4230000078678131,1780829318.0,-0.0001250000059371,1780838802.0,0.2187500149011612,,,,,,,,,-1.0516411087279736,-0.1852164675631927
adc,1780911251.0,1.2735000848770142,1780920282.0,-0.3396250307559967,1780929312.0,0.0,1780938791.0,0.5348750352859497,,,,,,,,,0.4975939685621633,-0.09369776518299344
adc,1781011256.0,1.8006250858306885,1781020291.0,0.0743750035762786,1781029329.0,1.1818751096725464,1781038338.0,1.324000120162964,,,,,,,,,1.0187572817012107,0.3266746571111979
adc,1781111258.0,-0.4400000274181366,1781120290.0,-0.3931250274181366,1781129329.0,0.0240000002086162,1781138410.0,0.625,,,,,,,,,-1.226996622941563,-0.13655197754759704
adc,1781211249.0,1.4582500457763672,1781220285.0,-0.402875006198883,1781229317.0,0.0411250032484531,1781238801.0,0.5256250500679016,,,,,,,,,0.6676929678843602,-0.14428771675373597
adc,1781311247.0,0.1150000020861625,1781320286.0,-0.410500019788742,1781329322.0,0.0001250000059371,1781338298.0,0.1805000156164169,,,,,,,,,-0.6769217498273106,-0.152155401072557
adc,1781411263.0,0.9897500276565552,1781420304.0,-0.3287500143051147,1781429339.0,0.0006250000442378,1781438824.0,0.5046250224113464,,,,,,,,,0.19912236022014537,-0.07275873338264477
adc,1781511262.0,1.7185001373291016,1781520295.0,0.4213750064373016,1781529330.0,1.068000078201294,1781538534.0,1.2753750085830688,,,,,,,,,0.9320768551728285,0.6731634804694775
adc,1781611259.0,0.1018750071525573,1781620294.0,-0.3855000138282776,1781629332.0,0.1423750072717666,1781638313.0,0.7173750400543213,,,,,,,,,-0.6774249924090051,-0.1394219406385646
adc,1781711255.0,1.037875056266785,1781720293.0,-0.3755000233650207,1781729324.0,0.0266250018030405,1781738816.0,0.4515000283718109,,,,,,,,,0.2683728646127794,-0.1362503376731921
adc,1781811255.0,0.2017500102519989,1781820289.0,-0.4271250069141388,1781829321.0,0.0006250000442378,1781838512.0,0.1772500127553939,,,,,,,,,-0.5557632494682521,-0.19541194511219695
adc,1781911259.0,1.1947500705718994,1781920303.0,-0.3623750209808349,1781929342.0,0.0008750000270083,1781938843.0,0.4473750293254852,,,,,,,,,0.45072988189699,-0.13849950224650737
adc,1782011251.0,1.6863750219345093,1782020286.0,0.3972500264644623,1782029328.0,1.1408751010894775,1782038394.0,1.2546250820159912,,,,,,,,,0.9565142312558715,0.6133720850700288
adc,1782111263.0,-0.4213750064373016,1782120297.0,-0.3722500205039978,1782129333.0,0.0058750002644956,1782138565.0,0.6138750314712524,,,,,,,,,-1.1373320954472432,-0.16345247802320112
adc,1782211262.0,1.0131250619888306,1782220301.0,-0.4070000052452087,1782229331.0,0.0448750033974647,1782238312.0,0.4376250207424164,,,,,,,,,0.30988531517612766,-0.20480755615178559
adc,1782311256.0,-0.1536250114440918,1782320294.0,-0.4140000343322754,1782329324.0,0.0011250000679865,1782338774.0,0.0963750034570694,,,,,,,,,-0.8461982989903103,-0.21746683318482768
adc,1782411257.0,0.8055000305175781,1782420299.0,-0.3335000276565552,1782429331.0,0.0017500000540167,1782438325.0,0.2925000190734863,,,,,,,,,0.12080520660976624,-0.1415241006628409
adc,1782511258.0,1.74875009059906,1782520294.0,0.6788750290870667,1782529327.0,0.7566250562667847,1782538372.0,0.9151250720024108,,,,,,,,,1.0685750362521749,0.8674776436755666
adc,1782611253.0,-0.2460000067949295,1782620295.0,-0.3153750002384186,1782629327.0,0.0211250018328428,1782638804.0,0.4782500267028808,,,,,,,,,-0.925401524122995,-0.12895332419388855
adc,1782711259.0,1.330375075340271,1782720297.0,-0.3720000088214874,1782729327.0,0.0132500007748603,1782738814.0,0.3528750240802765,,,,,,,,,0.647797428933014,-0.18662301684747415
adc,1782811262.0,-0.2895000278949737,1782820302.0,-0.3545000255107879,1782829334.0,0.0011250000679865,1782838787.0,0.1936250030994415,,,,,,,,,-0.9792311493964889,-0.16913319255781412
adc,1782911255.0,1.1911250352859497,1782920287.0,-0.3601250052452087,1782929320.0,0.0013750001089647,1782938337.0,0.3196250200271606,,,,,,,,,0.49039673869317046,-0.17385653718781285
adc,1783011254.0,1.732875108718872,1783020294.0,0.242125004529953,1783029329.0,0.674750030040741,1783038314.0,0.8020000457763672,,,,,,,,,1.0175825798919804,0.43008611445713346
adc,1783111264.0,-0.093125008046627,1783120303.0,-0.4110000133514404,1783129334.0,0.1486250013113021,1783138548.0,0.7233750224113464,,,,,,,,,-0.8261473946337408,-0.22065863859039933
adc,1783211261.0,1.2230000495910645,1783220299.0,-0.379125028848648,1783229327.0,0.0526250042021274,1783238809.0,0.4283750057220459,,,,,,,,,0.4695942806345919,-0.18579620695913288
adc,1783311255.0,-0.2631250023841858,1783320297.0,-0.3677500188350677,1783329327.0,0.0015000000130385,1783338522.0,0.2483750134706497,,,,,,,,,-1.0389560044879245,-0.17088893376842476
adc,1783411250.0,0.6470000147819519,1783420282.0,-0.2623750269412994,1783429318.0,0.002250000135973,1783438340.0,0.2538750171661377,,,,,,,,,-0.1526020959075818,-0.061496020633754936
adc,1783511261.0,1.7513750791549685,1783520290.0,0.4778750240802765,1783529325.0,0.4603750109672546,1783538317.0,0.8080000281333923,,,,,,,,,0.9274091448853055,0.683179513276185
adc,1783611254.0,0.5261250138282776,1783620290.0,-0.2840000092983246,1783629324.0,0.4981250166893005,1783638798.0,0.7421250343322754,,,,,,,,,-0.3220270050333432,-0.0739824672230858
adc,1783711251.0,1.2290000915527344,1783720282.0,-0.2880000174045563,1783729318.0,0.0677500069141388,1783738321.0,0.4375000298023224,,,,,,,,,0.35758213732437577,-0.0731591829667334
adc,1783811256.0,0.4205000102519989,1783820293.0,-0.3105000257492065,1783829326.0,0.032999999821186,1783838818.0,0.3382500112056732,,,,,,,,,-0.4725899270840926,-0.09096266308033452
adc,1783911269.0,0.7797500491142273,1783920306.0,-0.2478750050067901,1783929337.0,0.0025000001769512,1783938314.0,0.0937500074505806,,,,,,,,,-0.1328415948155014,-0.02405377294118774
adc,1784011252.0,1.630500078201294,1784020284.0,-0.2295000106096267,1784029324.0,0.002250000135973,1784038377.0,0.0755000039935112,,,,,,,,,0.7010413056513132,-0.0021225968352770706
adc,1784111246.0,1.574375033378601,1784120281.0,-0.1917500048875808,1784129313.0,0.0023750001564621,1784138364.0,0.1181250065565109,,,,,,,,,0.6310371870844869,0.038135706201895124
adc,1784211255.0,0.0112500004470348,1784220288.0,-0.226500004529953,1784229324.0,-0.0003750000032596,1784238798.0,0.3418750166893005,,,,,,,,,-0.9427181260965973,0.004545651344980544
adc,1784311261.0,1.1381250619888306,1784320295.0,-0.2426250129938125,1784329332.0,0.0715000033378601,1784338824.0,0.3863750100135803,,,,,,,,,0.17697556604130085,-0.012024555186385257
adc,1784411258.0,0.5802500247955322,1784420297.0,-0.2397500127553939,1784429329.0,0.0056250002235174,1784438316.0,0.2950000166893005,,,,,,,,,-0.3844565331569506,-0.011391423647738003
adc,1784511258.0,0.6578750610351562,1784520295.0,-0.2531250119209289,1784529327.0,0.0027500002179294,1784538543.0,0.3345000147819519,,,,,,,,,-0.3065886672722813,-0.02891358237885784
adc,1784611259.0,0.8731250166893005,1784620297.0,-0.2722500264644623,1784629324.0,0.0027500002179294,1784638382.0,0.3025000095367431,,,,,,,,,-0.08711819586892816,-0.05410478048860137
adc,1784711253.0,1.3257501125335691,1784720292.0,-0.1753750145435333,1784729327.0,0.0025000001769512,1784738345.0,0.2502500116825104,,,,,,,,,0.3738609642370098,0.03487102015053619
adc,1784811255.0,1.0446250438690186,1784820294.0,-0.2267500162124633,1784829336.0,0.0271250009536743,1784838801.0,0.366750031709671,,,,,,,,,0.10531363569640591,-0.026053553139822657
adc,1784911268.0,1.1411250829696655,1784920304.0,-0.1632500141859054,1784929339.0,0.074750006198883,1784938543.0,0.4665000140666961,,,,,,,,,0.2185894404807275,0.026515064927979677
adc,1785011264.0,0.8717500567436218,1785020301.0,-0.2368750125169754,1785029336.0,0.066500000655651,1785038810.0,0.3543750047683716,,,,,,,,,-0.029994646527234825,-0.05908625303156268
adc,1785111266.0,1.0182501077651978,1785120303.0,-0.1448750048875808,1785129338.0,0.090375006198883,1785138334.0,0.4268750250339508,,,,,,,,,0.14094959148795386,0.020274844199297804
adc,1785211257.0,0.9948750734329224,1785220293.0,-0.1572500020265579,1785229328.0,0.0832500010728836,1785238518.0,0.3630000054836273,,,,,,,,,0.14513315664741816,-0.005000260453665197
adc,1785311255.0,0.5992500185966492,1785320281.0,-0.1172500029206276,1785329314.0,0.0225000008940696,1785338556.0,0.3142500221729278,,,,,,,,,-0.22051006435525786,0.02223098099527558
adc,1785411263.0,0.5723749995231628,1785420291.0,-0.1045000031590461,1785429323.0,0.0037500001490116,1785438408.0,0.2806250154972076,,,,,,,,,-0.2157828920688224,0.022700338943097323
adc,1785511253.0,0.5764999985694885,1785520295.0,-0.090375006198883,1785529331.0,0.0087500000372529,1785538826.0,0.4057500064373016,,,,,,,,,-0.17930233523564962,0.025330398179325916
adc,1785611255.0,0.7755000591278076,1785620288.0,-0.0825000032782554,1785629323.0,0.0042500002309679,1785638818.0,0.3768750131130218,,,,,,,,,0.051921058837554435,0.02271703816895478
adc,1785711263.0,0.7353750467300415,1785720301.0,-0.0653750002384185,1785729341.0,0.0608750022947788,1785738522.0,0.3976250290870666,,,,,,,,,0.04302101828666623,0.030494394258483673
adc,1785811266.0,0.8096250295639038,1785820303.0,-0.0705000013113021,1785829333.0,0.0788750052452087,1785838805.0,0.5056250095367432,,,,,,,,,0.14668161516894918,0.017208137123152854
adc,1785911259.0,0.8553750514984131,1785920291.0,-0.0972500070929527,1785929325.0,0.1135000064969062,1785938313.0,0.5091250538825989,,,,,,,,,0.21928979381394612,-0.016553304037718986
adc,1786011264.0,0.717875063419342,1786020294.0,-0.0885000005364418,1786029338.0,0.1155000030994415,1786038801.0,0.5207500457763672,,,,,,,,,0.10546558514422824,-0.01377092421871604
adc,1786111255.0,0.4925000369548797,1786120297.0,-0.0913750007748603,1786129329.0,0.0232500005513429,1786138523.0,0.3681250214576721,,,,,,,,,-0.09990204644249226,-0.021728033675227024
adc,1786211256.0,0.4947500228881836,1786220293.0,-0.1003750041127204,1786229327.0,0.075250007212162,1786238824.0,0.402625024318695,,,,,,,,,-0.0816158855535145,-0.035116306102943244
adc,1786311259.0,0.4452500343322754,1786320294.0,-0.0780000016093254,1786329330.0,0.0486250035464763,1786338812.0,0.3678750097751617,,,,,,,,,-0.11913466045040966,-0.016642656237468842
adc,1786411265.0,0.4327500164508819,1786420306.0,-0.0627500042319297,1786429342.0,0.0137500008568167,1786438330.0,0.3568750023841858,,,,,,,,,-0.12355009822235152,-0.005013732042019745
adc,1786511256.0,0.4043750166893005,1786520294.0,-0.0470000021159648,1786529326.0,0.0130000002682209,1786538550.0,0.3423750102519989,,,,,,,,,-0.1473358358751511,0.007201110473396378
adc,1786611267.0,0.3851250112056732,1786620301.0,-0.0412500016391277,1786629334.0,0.0171250011771917,1786638516.0,0.4332500100135803,,,,,,,,,-0.16487460271437482,0.009328200441072864
adc,1786711260.0,0.4056250154972076,1786720299.0,-0.0535000041127204,1786729326.0,0.0407500006258487,1786738541.0,0.3617500066757202,,,,,,,,,-0.1447640127061085,-0.006779855673393737
adc,1786811253.0,0.783625066280365,1786820287.0,-0.0101250000298023,1786829327.0,0.0712500065565109,1786838800.0,0.371625006198883,,,,,,,,,0.23160345038047708,0.03238456513053646
adc,1786911260.0,0.7821250557899475,1786920294.0,-0.0168750006705522,1786929328.0,0.129375010728836,1786938516.0,0.3602500259876251,,,,,,,,,0.22807194147354903,0.02098697659910998
adc,1787011259.0,0.7196250557899475,1787020300.0,-0.0260000005364418,1787029328.0,0.1222500056028366,1787038820.0,0.3571250140666961,,,,,,,,,0.16388091939766525,0.006728646987009798
adc,1787111255.0,0.6522500514984131,1787120293.0,-0.0421250015497207,1787129328.0,0.1435000002384185,1787138316.0,0.3863750100135803,,,,,,,,,0.09571560776865037,-0.015025406074719184
adc,1787211264.0,0.6525000333786011,1787220307.0,-0.0391250029206275,1787229343.0,0.0895000025629997,1787238322.0,0.308875024318695,,,,,,,,,0.0964122318260738,-0.018118539913468748
adc,1787311256.0,0.7066250443458557,1787320294.0,-0.0327500030398368,1787329329.0,0.056375004351139,1787338579.0,0.3352500200271606,,,,,,,,,0.15232312307291107,-0.01822565913046585
adc,1787411260.0,0.5321249961853027,1787420306.0,-0.0176250003278255,1787429339.0,0.0565000027418136,1787438560.0,0.3287500143051147,,,,,,,,,-0.019159984017151743,-0.00985348654939544
adc,1787511256.0,0.3775000274181366,1787520293.0,0.0002500000118743,1787529325.0,0.0220000017434358,1787538577.0,0.3327500224113464,,,,,,,,,-0.16980619764664553,0.0011562562150638934
adc,1787611252.0,0.3152500092983246,1787620289.0,0.0058750002644956,1787629324.0,0.0311250016093254,1787638656.0,0.3320000171661377,,,,,,,,,-0.22748270149639116,-4.47515875317368e-06
adc,1787711267.0,0.3028750121593475,1787720298.0,0.0280000008642673,1787729336.0,0.0336250029504299,1787738316.0,0.3912500143051147,,,,,,,,,-0.23509145341928878,0.015630746938663394
adc,1787811250.0,0.2605000138282776,1787820291.0,0.0217500012367963,1787829320.0,0.017875000834465,1787838780.0,0.3541250228881836,,,,,,,,,-0.2728950561817326,0.0034164617672852397
adc,1787911244.0,0.7517500519752502,1787920282.0,0.0430000014603138,1787929313.0,0.0656250044703483,1787938300.0,0.4350000321865082,,,,,,,,,0.2223866717215311,0.01945760707037701
adc,1788011242.0,0.8570000529289246,1788020280.0,0.019625000655651,1788029321.0,0.1500000059604644,1788038430.0,0.4303750097751617,,,,,,,,,0.3308337580912114,-0.008153873897990747
adc,1788111260.0,0.7290000319480896,1788120300.0,-0.0033750000875443,1788129338.0,0.1488750129938125,1788138337.0,0.51500004529953,,,,,,,,,0.2049448202457403,-0.03422772107735075
adc,1788211259.0,0.4676250219345093,1788220295.0,-0.0127500006929039,1788229328.0,0.0171250011771917,1788238363.0,0.2943750023841858,,,,,,,,,-0.05562278122010872,-0.045364275310888255
adc,1788311254.0,0.4306250214576721,1788320292.0,0.0235000010579824,1788329324.0,0.1140000075101852,1788338377.0,0.3740000128746032,,,,,,,,,-0.09330850371042836,-0.009468572829589192
adc,1788411262.0,0.2717500030994415,1788420285.0,0.0216250009834766,1788429319.0,0.0241250004619359,1788438339.0,0.3646250069141388,,,,,,,,,-0.25452355677615757,-0.010264136559270142
adc,1788511258.0,0.3110000193119049,1788520297.0,0.0828750059008598,1788529330.0,0.0046250000596046,1788538355.0,0.0915000066161155,,,,,,,,,-0.21939905445977465,0.053444992182435126
adc,1788611261.0,0.2447500079870224,1788620301.0,-0.054125003516674,1788629334.0,0.0040000001899898,1788638400.0,0.1043750047683715,,,,,,,,,-0.2916623803643661,-0.07985866290689758
adc,1788711258.0,1.3205000162124634,1788720296.0,0.3891250193119049,1788729335.0,0.0032500000670552,1788738540.0,0.1658750027418136,,,,,,,,,0.7761085093788497,0.36809344750038153
adc,1788811261.0,1.2278751134872437,1788820303.0,-0.0087500000372529,1788829335.0,0.0078750001266598,1788838788.0,0.3301250040531158,,,,,,,,,0.6734832114567058,-0.024384751897137735
adc,1788911264.0,0.3878750205039978,1788920293.0,-0.0972500070929527,1788929329.0,0.0025000001769512,1788938808.0,0.2963750064373016,,,,,,,,,-0.17856050202793294,-0.10716253789148841
adc,1789011254.0,0.3916250169277191,1789020285.0,-0.0117500005289912,1789029320.0,0.0036250001285225,1789038368.0,0.27012500166893,,,,,,,,,-0.1888555827617649,-0.016011191803473206
adc,1789111264.0,0.2462500184774398,1789120308.0,-0.1202500090003013,1789129345.0,0.0040000001899898,1789138821.0,0.2212500125169754,,,,,,,,,-0.35012676107341456,-0.11931708915319951
adc,1789211260.0,0.2271250039339065,1789220300.0,-0.0373750030994415,1789229334.0,0.0041249999776482,1789238326.0,0.3897500038146972,,,,,,,,,-0.38669629059139704,-0.032045657212484646
adc,1789311257.0,0.3126250207424164,1789320290.0,0.0053750001825392,1789329325.0,0.0045000002719461,1789338366.0,0.2478750050067901,,,,,,,,,-0.3197105899806904,0.014037756124146497
adc,1789411266.0,0.5100000500679016,1789420297.0,-0.0392500013113021,1789429336.0,0.0035000001080334,1789438822.0,0.5082499980926514,,,,,,,,,-0.14127623300527856,-0.02848807961755282
adc,1789511253.0,1.1497501134872437,1789520294.0,0.0215000007301569,1789529323.0,0.4290000200271606,1789538334.0,0.8407500386238098,,,,,,,,,0.4798681359824295,0.033057365859360935
adc,1789611257.0,1.093000054359436,1789620292.0,0.0273750014603137,1789629324.0,0.6617500185966492,1789638362.0,0.9842500686645508,,,,,,,,,0.40565413900608316,0.03845340799416229
adc,1789711253.0,0.8791250586509705,1789720293.0,-0.1172500029206276,1789729329.0,0.4747500121593475,1789738821.0,0.8317500352859497,,,,,,,,,0.1762304773283901,-0.1078087833023739
adc,1789811254.0,0.8542500138282776,1789820288.0,-0.0370000004768371,1789829323.0,0.0927500054240226,1789838380.0,0.4355000257492065,,,,,,,,,0.13839680827695594,-0.030170311897423384
adc,1789911267.0,0.8157500624656677,1789920305.0,0.0473750010132789,1789929337.0,0.1002500057220459,1789938343.0,0.460750013589859,,,,,,,,,0.09006392197775476,0.05084592067095635
adc,1790011252.0,0.3062500059604645,1790020287.0,-0.0043750000186264,1790029327.0,0.0372500009834766,1790038816.0,0.3532500267028808,,,,,,,,,-0.4257615196765329,-0.004767260795427693
adc,1790111267.0,0.3412500023841858,1790120308.0,0.075250007212162,1790129337.0,0.0042500002309679,1790138318.0,0.2790000140666961,,,,,,,,,-0.39334929648758954,0.07072140537242878
adc,1790211261.0,0.3000000119209289,1790220302.0,0.093125008046627,1790229342.0,0.0040000001899898,1790238826.0,0.4232500195503235,,,,,,,,,-0.4333659640716395,0.08438333759043853
adc,1790311257.0,1.180000066757202,1790320293.0,0.0666250064969062,1790329324.0,0.2675000131130218,1790338800.0,0.752500057220459,,,,,,,,,0.4516231843853068,0.05373951800009645
adc,1790411263.0,0.9897500276565552,1790420294.0,0.0011250000679865,1790429324.0,0.5742500424385071,1790438408.0,1.021875023841858,,,,,,,,,0.26989242068954367,-0.015745382305489372
adc,1790511257.0,1.1912500858306885,1790520296.0,0.0486250035464763,1790529335.0,0.928125023841858,1790538328.0,1.0101250410079956,,,,,,,,,0.4830438517706394,0.027965993117457583
adc,1790611254.0,0.6253750324249268,1790620285.0,-0.1153750047087669,1790629322.0,0.3686250150203705,1790638377.0,0.6008750200271606,,,,,,,,,-0.06861803813001915,-0.139629843496412
adc,1790711253.0,0.4778750240802765,1790720288.0,-0.0325000025331974,1790729325.0,0.064750000834465,1790738814.0,0.3355000019073486,,,,,,,,,-0.20006333866779558,-0.06018700139103389
adc,1790811258.0,0.7658750414848328,1790820293.0,0.018750000745058,1790829329.0,0.0460000038146972,1790838813.0,0.3551250100135803,,,,,,,,,0.10500713251570659,-0.012245819047783137
adc,1790911257.0,0.2928750216960907,1790920294.0,0.0331250019371509,1790929333.0,0.0043750000186264,1790938385.0,0.2685000002384186,,,,,,,,,-0.3507802596131685,-0.0010971934491150193
adc,1791011259.0,0.3622500300407409,1791020298.0,0.0878750011324882,1791029331.0,0.0047500003129243,1791038816.0,0.2960000038146972,,,,,,,,,-0.26491325004691957,0.05047318876772054
adc,1791111262.0,0.3657500147819519,1791120301.0,0.0658750012516975,1791129334.0,0.0043750000186264,1791138323.0,0.4275000095367431,,,,,,,,,-0.2464457816178658,0.025311831090317188
adc,1791211254.0,1.0907500982284546,1791220291.0,0.1345000118017196,1791229327.0,0.5232500433921814,1791238317.0,0.8960000276565552,,,,,,,,,0.49128429174124777,0.09077282465157736
adc,1791311269.0,0.8003750443458557,1791320307.0,0.0190000012516975,1791329342.0,0.8243750333786011,1791338815.0,1.1432501077651978,,,,,,,,,0.21079739750591522,-0.027906312900370996
adc,1791411255.0,0.7853750586509705,1791420294.0,0.0592500045895576,1791429327.0,0.9608750343322754,1791438819.0,1.1637500524520874,,,,,,,,,0.20235967478211137,0.009147799169802844
adc,1791511259.0,0.5581250190734863,1791520296.0,-0.0561250038444995,1791529339.0,0.1703750044107437,1791538558.0,0.6450000405311584,,,,,,,,,-0.022002942716653873,-0.109427568105759
adc,1791611262.0,0.4395000338554382,1791620303.0,0.0026250001974403,1791629339.0,0.0036250001285225,1791638820.0,0.324750006198883,,,,,,,,,-0.14160676799330257,-0.05385403162732965
adc,1791711261.0,0.549625039100647,1791720298.0,0.0506250038743019,1791729334.0,0.0043750000186264,1791738312.0,0.3057500123977661,,,,,,,,,-0.03633415341984354,-0.008963209431829391
adc,1791811247.0,0.3163750171661377,1791820287.0,0.0933750048279762,1791829323.0,0.0045000002719461,1791838776.0,0.2853749990463257,,,,,,,,,-0.27811152324456967,0.03079811744420552
adc,1791911253.0,0.3028750121593475,1791920290.0,0.1168750077486038,1791929326.0,0.0052500003948807,1791938323.0,0.2670000195503235,,,,,,,,,-0.30340296680078627,0.051484395781695474
adc,1792011254.0,0.382375031709671,1792020289.0,0.0511250011622905,1792029333.0,0.0052500003948807,1792038784.0,0.4508750140666961,,,,,,,,,-0.23835194857311462,-0.016858309176196257
adc,1792111258.0,1.1972500085830688,1792120298.0,0.1692500114440918,1792129331.0,0.6172500252723694,1792138347.0,1.017625093460083,,,,,,,,,0.5601776565129425,0.09892522757535799
adc,1792211254.0,0.9416250586509703,1792220286.0,0.1401250064373016,1792229323.0,0.8452500104904175,1792238307.0,1.1903750896453855,,,,,,,,,0.28716806558752445,0.06772144837204656
adc,1792311258.0,0.7671250104904175,1792320300.0,0.1822500079870224,1792329336.0,0.9511250257492064,1792338315.0,1.1276251077651978,,,,,,,,,0.09513341723686772,0.10802627252658885
adc,1792411259.0,0.7007500529289246,1792420292.0,-0.1698750108480453,1792429327.0,0.2493750154972076,1792438552.0,0.6461250185966492,,,,,,,,,0.01193989700356246,-0.2456714352475812
adc,1792511267.0,0.5492500066757202,1792520307.0,0.0298750009387731,1792529337.0,0.0032500000670552,1792538570.0,0.2328750044107437,,,,,,,,,-0.1548603160814839,-0.04725356321695715
adc,1792611266.0,0.6550000309944153,1792620303.0,0.0112500004470348,1792629332.0,0.0036250001285225,1792638821.0,0.2067500054836273,,,,,,,,,-0.06217984287242884,-0.06696358776804628
adc,1792711256.0,0.3878750205039978,1792720290.0,0.0705000013113021,1792729316.0,0.0045000002719461,1792738308.0,0.3173750042915344,,,,,,,,,-0.33954148204853496,-0.008528080119948551
adc,1792811248.0,0.4853750169277191,1792820285.0,0.0822500064969062,1792829325.0,0.0047500003129243,1792838539.0,0.2727500200271606,,,,,,,,,-0.24897386305798655,0.0027137793556507236
adc,1792911252.0,0.9846250414848328,1792920284.0,0.1535000056028366,1792929324.0,0.0047500003129243,1792938401.0,0.3867500126361847,,,,,,,,,0.2469615177053721,0.07379928886919832
adc,1793011269.0,0.9672500491142272,1793020308.0,0.1202500090003013,1793029340.0,0.5063750147819519,1793038802.0,0.9700000286102296,,,,,,,,,0.23001446292278513,0.04075357218718929
adc,1793111261.0,0.8022500276565552,1793120296.0,0.2566250264644623,1793129336.0,0.8498750329017639,1793138817.0,1.0917500257492063,,,,,,,,,0.06909494529490678,0.17770264532060656
adc,1793211268.0,0.9891250729560852,1793220309.0,0.0681250020861625,1793229343.0,1.0160000324249268,1793238817.0,1.08650004863739,,,,,,,,,0.2633883037815314,-0.009882936785747753
adc,1793311262.0,1.0662500858306885,1793320299.0,-0.0078750001266598,1793329329.0,0.1845000088214874,1793338796.0,0.6845000386238098,,,,,,,,,0.3507463113911884,-0.08468680416720285
adc,1793411261.0,0.6766250133514404,1793420294.0,-0.0075000002980232,1793429334.0,0.0388750024139881,1793438324.0,0.3285000026226043,,,,,,,,,-0.026516241006855817,-0.08291461292710836
adc,1793511260.0,0.3540000021457672,1793520291.0,-0.0291250012814998,1793529326.0,0.0033750000875443,1793538421.0,0.2367500066757202,,,,,,,,,-0.33542472246370275,-0.1030337826249609
adc,1793611260.0,0.327875018119812,1793620291.0,0.1072500050067901,1793629319.0,0.0045000002719461,1793638301.0,0.2906250059604645,,,,,,,,,-0.34726106290092884,0.03486041540443999
adc,1793711255.0,0.2610000073909759,1793720299.0,0.0910000056028366,1793729333.0,0.0047500003129243,1793738823.0,0.2801250219345093,,,,,,,,,-0.3999856051361386,0.020049965005912496
adc,1793811246.0,0.2936250269412994,1793820285.0,0.0847500041127204,1793829320.0,0.005125000141561,1793838326.0,0.4640000164508819,,,,,,,,,-0.3539321771692813,0.015070491815937222
adc,1793911256.0,1.2640000581741333,1793920294.0,0.1776250153779983,1793929328.0,0.6732500195503235,1793938341.0,0.9780000448226928,,,,,,,,,0.6287144064255421,0.10896086254679908
adc,1794011262.0,0.9755000472068788,1794020302.0,0.1006250083446502,1794029337.0,0.752875030040741,1794038539.0,1.178125023841858,,,,,,,,,0.35103726307585936,0.032638736225541004
adc,1794111247.0,0.8211250305175781,1794120283.0,0.2372500151395797,1794129312.0,0.8806250691413879,1794138424.0,1.2608751058578491,,,,,,,,,0.2058660417934834,0.16952930230257854
adc,1794211257.0,0.4908750355243683,1794220295.0,-0.2512499988079071,1794229331.0,0.2616250216960907,1794238812.0,0.7872500419616699,,,,,,,,,-0.11686934876611049,-0.3191780429630071
adc,1794311264.0,0.6492500305175781,1794320304.0,0.0043750000186264,1794329331.0,0.0043750000186264,1794338804.0,0.3432500064373016,,,,,,,,,0.047349932931352715,-0.06427179966315313
adc,1794411262.0,0.3882500231266022,1794420300.0,0.0440000034868717,1794429336.0,0.0040000001899898,1794438585.0,0.2690000236034393,,,,,,,,,-0.2093699679342049,-0.025888606881785917
adc,1794511252.0,0.351375013589859,1794520288.0,0.0643750056624412,1794529332.0,0.0048750001005828,1794538320.0,0.3330000042915344,,,,,,,,,-0.24333563540465653,-0.00726453529540428
adc,1794611249.0,0.2727500200271606,1794620282.0,0.1541250050067901,1794629316.0,0.0053750001825392,1794638331.0,0.2770000100135803,,,,,,,,,-0.32014964470885876,0.08025683909442596
adc,1794711259.0,0.4318750202655792,1794720287.0,0.1091250032186508,1794729318.0,0.0057500004768371,1794738442.0,0.4650000333786011,,,,,,,,,-0.15998448998068565,0.03258737610348869
adc,1794811258.0,1.0827500820159912,1794820291.0,0.1966250091791153,1794829325.0,0.7367500066757202,1794838547.0,1.059000015258789,,,,,,,,,0.49150243426957224,0.1170080337463137
adc,1794911255.0,0.8343750238418579,1794920292.0,0.2958750128746032,1794929322.0,0.9571250677108764,1794938391.0,1.3098750114440918,,,,,,,,,0.24361986052022905,0.21278783987405248
adc,1795011254.0,0.9428750276565552,1795020295.0,-0.0086250007152557,1795029325.0,1.084625005722046,1795038302.0,1.2701250314712524,,,,,,,,,0.3527250629092465,-0.09556400523251588
adc,1795111253.0,0.5647500157356262,1795120290.0,-0.1701250076293945,1795129321.0,0.2292500138282776,1795138669.0,0.7118750214576721,,,,,,,,,-0.024550493201756313,-0.26128836598395133
adc,1795211262.0,0.5543750524520874,1795220298.0,0.0640000030398368,1795229334.0,0.0318750031292438,1795238322.0,0.2977500259876251,,,,,,,,,-0.03379776615195715,-0.031737820778611446
adc,1795311257.0,0.4648750126361847,1795320292.0,0.0605000033974647,1795329325.0,0.0045000002719461,1795338805.0,0.2938750088214874,,,,,,,,,-0.12192864407386236,-0.040115359757143934
adc,1795411253.0,0.2172500044107437,1795420288.0,0.1631250083446502,1795429329.0,0.0046250000596046,1795438337.0,0.3298750221729278,,,,,,,,,-0.36801118178040504,0.05740544509440847
adc,1795511257.0,0.2493750154972076,1795520293.0,0.1558750122785568,1795529330.0,0.0052500003948807,1795538824.0,0.296875,,,,,,,,,-0.33423304712626467,0.04492749232259666
adc,1795611251.0,0.4095000326633453,1795620283.0,0.116625003516674,1795629315.0,0.0390000008046627,1795638368.0,0.6030000448226929,,,,,,,,,-0.17237981526037952,0.00044684494711521965
adc,1795711261.0,0.9986250400543212,1795720297.0,0.2328750044107437,1795729334.0,0.8483750224113464,1795738830.0,1.162750005722046,,,,,,,,,0.4185404472168465,0.11159263107678978
adc,1795811245.0,0.8576250672340393,1795820273.0,0.2471250146627426,1795829308.0,0.8958750367164612,1795838305.0,1.298625111579895,,,,,,,,,0.2794052577029001,0.12099324133456738
adc,1795911261.0,0.8540000319480896,1795920298.0,-0.0656250044703483,1795929331.0,0.8770000338554382,1795938315.0,1.2146250009536743,,,,,,,,,0.2777047676752948,-0.19622938767170747
adc,1796011246.0,0.5753750205039978,1796020281.0,0.0733750015497207,1796029316.0,0.0756250023841857,1796038804.0,0.6017500162124634,,,,,,,,,0.001026556034167847,-0.061212778461106274
adc,1796111254.0,0.5235000252723694,1796120286.0,0.0813750028610229,1796129322.0,0.0056250002235174,1796138406.0,0.3415000140666961,,,,,,,,,-0.04894521653581299,-0.05660699571284651
adc,1796211256.0,0.3008750081062317,1796220299.0,0.1145000085234642,1796229334.0,0.0043750000186264,1796238800.0,0.3847500085830688,,,,,,,,,-0.26979186493643903,-0.026204884364621955
adc,1796311253.0,0.2352500110864639,1796320291.0,0.2078750133514404,1796329324.0,0.0056250002235174,1796338609.0,0.34825000166893,,,,,,,,,-0.3338426263745342,0.06517398782803226
adc,1796411243.0,0.1916250139474868,1796420278.0,0.1820000112056732,1796429309.0,0.0058750002644956,1796438311.0,0.5020000338554382,,,,,,,,,-0.37616409492456737,0.03804744396270469
adc,1796511254.0,0.9392500519752502,1796520292.0,0.2043750137090683,1796529324.0,0.3495000302791595,1796538398.0,0.7556250095367432,,,,,,,,,0.3724361903095204,0.05988632659424653
adc,1796611255.0,0.9201250672340392,1796620293.0,0.2786250114440918,1796629332.0,0.8473750352859497,1796638806.0,1.2698750495910645,,,,,,,,,0.35389192329971375,0.1342356108180698
adc,1796711263.0,0.6917500495910645,1796720301.0,0.2860000133514404,1796729334.0,1.037750005722046,1796738821.0,1.3561251163482666,,,,,,,,,0.12560551211715415,0.14221911385410038
adc,1796811261.0,0.7251250147819519,1796820306.0,-0.0820000022649765,1796829339.0,0.5607500076293945,1796838814.0,1.136125087738037,,,,,,,,,0.1584331911652856,-0.224821753637318
adc,1796911256.0,0.5680000185966492,1796920293.0,0.0223750006407499,1796929323.0,0.0215000007301569,1796938318.0,0.5168750286102295,,,,,,,,,-6.251605606774624e-05,-0.11930751115129946
adc,1797011258.0,0.562250018119812,1797020299.0,0.1020000055432319,1797029332.0,0.0403750017285347,1797038801.0,0.4033750295639038,,,,,,,,,-0.008216530870911495,-0.03852399235623718
adc,1797111260.0,0.2216250151395797,1797120298.0,0.0906250029802322,1797129331.0,0.0050000003539025,1797138553.0,0.3297500014305115,,,,,,,,,-0.35247704730446994,-0.04885505398292126
adc,1797211254.0,0.2557500004768371,1797220288.0,0.168375015258789,1797229323.0,0.0048750001005828,1797238393.0,0.3203750252723694,,,,,,,,,-0.3233701913880209,0.029726451061666673
adc,1797311250.0,0.2303750067949295,1797320284.0,0.1971250027418136,1797329317.0,0.0052500003948807,1797338814.0,0.581000030040741,,,,,,,,,-0.3552248790177651,0.05903406005631722
adc,1797411259.0,1.1701250076293943,1797420292.0,0.2065000087022781,1797429324.0,0.6205000281333923,1797438309.0,1.0366250276565552,,,,,,,,,0.5765848584478899,0.06866235779111422
adc,1797511255.0,0.7943750619888306,1797520300.0,0.1751250028610229,1797529332.0,0.958875060081482,1797538329.0,1.292875051498413,,,,,,,,,0.19150696146250126,0.03722912425111691
adc,1797611254.0,0.8633750677108765,1797620295.0,0.1716250032186508,1797629325.0,1.0721250772476196,1797638805.0,1.303500056266785,,,,,,,,,0.2499217090389372,0.03336883348879884
adc,1797711264.0,0.8010000586509705,1797720307.0,0.1231250092387199,1797729338.0,0.1803750097751617,1797738315.0,0.6956250071525574,,,,,,,,,0.17588316667620324,-0.015771333018768402
adc,1797811247.0,0.5357500314712524,1797820280.0,0.0006250000442378,1797829312.0,0.0405000001192092,1797838361.0,0.3952500224113464,,,,,,,,,-0.10187741983486273,-0.13915811011999946
adc,1797911254.0,0.3605000078678131,1797920289.0,0.0938750058412551,1797929319.0,0.0042500002309679,1797938312.0,0.2985000014305115,,,,,,,,,-0.29018784392187746,-0.04699835301839017
adc,1798011252.0,0.1870000064373016,1798020290.0,0.1595000028610229,1798029323.0,0.0065000001341104,1798038305.0,0.3313750028610229,,,,,,,,,-0.47692156170942634,0.01738266900028209
adc,1798111247.0,0.2347500175237655,1798120284.0,0.1783750057220459,1798129320.0,0.0050000003539025,1798138351.0,0.3388750255107879,,,,,,,,,-0.4421233132074602,0.03491018091538153
adc,1798211264.0,0.9017500281333924,1798220301.0,0.1382500082254409,1798229332.0,0.2958750128746032,1798238387.0,0.7021250128746033,,,,,,,,,0.21271643075396196,-0.006623396433859223
adc,1798311253.0,1.093250036239624,1798320293.0,0.2316250056028366,1798329330.0,0.9308750629425048,1798338787.0,1.225250005722046,,,,,,,,,0.39336335608854583,0.0853088901036512
adc,1798411262.0,1.3201251029968262,1798420301.0,0.3485000133514404,1798429340.0,1.0750000476837158,1798438331.0,1.3996250629425049,,,,,,,,,0.611154695790742,0.2007145180458962
adc,1798511264.0,0.9233750700950624,1798520300.0,0.1258750110864639,1798529334.0,1.0593750476837158,1798538315.0,1.3532500267028809,,,,,,,,,0.20744680566443321,-0.02341665488099852
adc,1798611263.0,0.6500000357627869,1798620302.0,-0.0331250019371509,1798629336.0,0.2977500259876251,1798638810.0,0.7205000519752502,,,,,,,,,-0.07053765019183011,-0.18397927990771176
adc,1798711253.0,0.5366250276565552,1798720293.0,0.0797500014305114,1798729327.0,0.1183750033378601,1798738315.0,0.4892500340938568,,,,,,,,,-0.1860843781945431,-0.07274094341915863
adc,1798811250.0,0.2161250114440918,1798820284.0,0.0712500065565109,1798829317.0,0.0683750063180923,1798838294.0,0.3040000200271606,,,,,,,,,-0.5063412101560394,-0.08295692729911364
adc,1798911264.0,0.2937500178813934,1798920304.0,0.1530000120401382,1798929344.0,0.0097500002011656,1798938344.0,0.2900000214576721,,,,,,,,,-0.4261680605210188,-0.0029906803296124856
adc,1799011250.0,0.2754999995231628,1799020284.0,0.1990000158548355,1799029314.0,0.0050000003539025,1799038359.0,0.3286250233650207,,,,,,,,,-0.43975014980703175,0.04118280434591956
adc,1799111262.0,1.059249997138977,1799120301.0,0.2171250134706497,1799129333.0,0.4587500095367431,1799138821.0,0.8476250171661377,,,,,,,,,0.3505183229776392,0.05746716313503254
adc,1799211255.0,1.532750129699707,1799220292.0,0.213000014424324,1799229330.0,1.0152500867843628,1799238791.0,1.3310000896453855,,,,,,,,,0.8320109188994167,0.05150721270006685
adc,1799311260.0,1.4252500534057615,1799320304.0,0.2838750183582306,1799329332.0,1.0882500410079956,1799338367.0,1.4193750619888306,,,,,,,,,0.7334749564831736,0.12055334891153978
adc,1799411249.0,0.8975000381469727,1799420284.0,0.1596250087022781,1799429320.0,0.993125021457672,1799438331.0,1.138750076293945,,,,,,,,,0.21504197983003737,-0.0055435648792188374
adc,1799511252.0,0.3986250162124634,1799520290.0,0.1137500032782554,1799529325.0,0.2798750102519989,1799538317.0,0.6800000071525574,,,,,,,,,-0.2748473338638467,-0.05333030616761761
adc,1799611267.0,0.0320000015199184,1799620306.0,0.0726250037550926,1799629339.0,0.1018750071525573,1799638800.0,0.4192500114440918,,,,,,,,,-0.6334809444366615,-0.09649359988337607
adc,1799711261.0,0.0438750013709068,1799720293.0,0.0901250019669532,1799729334.0,0.0082499999552965,1799738631.0,0.2828750014305115,,,,,,,,,-0.6151517986043888,-0.08122442378455676
adc,1799811260.0,0.2383750081062317,1799820291.0,0.234125018119812,1799829326.0,0.0050000003539025,1799838333.0,0.3227500021457672,,,,,,,,,-0.4160790213181489,0.06029233745576479
adc,1799911253.0,0.2648750245571136,1799920293.0,0.2121250033378601,1799929329.0,0.0048750001005828,1799938561.0,0.4542500078678131,,,,,,,,,-0.38699932910401436,0.03551072617031604
adc,1800011266.0,1.3475000858306885,1800020308.0,0.2220000177621841,1800029351.0,0.5883750319480896,1800038567.0,1.077125072479248,,,,,,,,,0.6963132148705102,0.04227951082022752
adc,1800111266.0,1.4391250610351562,1800120306.0,0.1961250156164169,1800129336.0,0.8785000443458557,1800138557.0,1.3126250505447388,,,,,,,,,0.7869859553525713,0.012971753804899032
adc,1800211251.0,1.0418750047683716,1800220292.0,0.3225000202655792,1800229320.0,1.0936250686645508,1800238504.0,1.2143750190734863,,,,,,,,,0.38747197777321707,0.13561541214065
adc,1800311253.0,0.6347500085830688,1800320288.0,0.1131250038743019,1800329321.0,0.492000013589859,1800338801.0,0.7442500591278076,,,,,,,,,-0.022888133013893475,-0.077725407413519
adc,1800411252.0,0.3916250169277191,1800420336.0,0.0851250067353248,1800429384.0,0.1155000030994415,1800438645.0,0.5003750324249268,,,,,,,,,-0.2699003661248663,-0.10981944558087747
adc,1800511252.0,0.3788750171661377,1800520281.0,0.0565000027418136,1800529314.0,0.0741250067949295,1800538340.0,0.3217500150203705,,,,,,,,,-0.28689818906265985,-0.14251611348852425
adc,1800611270.0,0.0687500014901161,1800620298.0,0.1826250106096267,1800629333.0,0.0050000003539025,1800638812.0,0.2875000238418579,,,,,,,,,-0.6013609209197468,-0.020250292233971
adc,1800711261.0,0.2531250119209289,1800720294.0,0.2080000042915344,1800729327.0,0.0048750001005828,1800738814.0,0.3536250293254852,,,,,,,,,-0.4211627190424667,0.0016931322337795443
adc,1800811258.0,0.9975000619888306,1800820298.0,0.1890000104904174,1800829333.0,0.1311250030994415,1800838804.0,0.6458750367164612,,,,,,,,,0.31941107431788135,-0.020093917647331032
adc,1800911267.0,1.3483750820159912,1800920294.0,0.2725000083446502,1800929327.0,0.7347500324249268,1800938349.0,1.225375056266785,,,,,,,,,0.6670072342714422,0.06145408268611391
adc,1801011262.0,1.5215001106262207,1801020295.0,0.5783750414848328,1801029323.0,1.0663750171661377,1801038807.0,1.321125030517578,,,,,,,,,0.8374230522720039,0.36634973203105
adc,1801111254.0,0.6722500324249268,1801120290.0,0.3385000228881836,1801129323.0,0.990000069141388,1801138346.0,1.1420000791549685,,,,,,,,,-0.014030201829611344,0.12653403913828515
adc,1801211263.0,0.3422500193119049,1801220299.0,0.0037500001490116,1801229333.0,0.1808750033378601,1801238381.0,0.6778750419616699,,,,,,,,,-0.34587910392980536,-0.2071289602622582
adc,1801311256.0,0.6423750519752502,1801320293.0,0.0203750003129243,1801329330.0,0.0846250057220459,1801338324.0,0.4738750159740448,,,,,,,,,-0.04743482103434305,-0.18847007549341904
adc,1801411257.0,-0.1736250072717666,1801420289.0,0.0811250060796737,1801429323.0,0.0197500009089708,1801438548.0,0.3072500228881836,,,,,,,,,-0.8651024355331648,-0.12487474801211063
adc,1801511251.0,0.1888750046491623,1801520286.0,0.217625007033348,1801529321.0,0.0047500003129243,1801538558.0,0.2780000269412994,,,,,,,,,-0.5043291547069148,0.015107850748935267
adc,1801611253.0,0.2510000169277191,1801620293.0,0.1853750050067901,1801629332.0,0.0052500003948807,1801638558.0,0.335875004529953,,,,,,,,,-0.44396388445951906,-0.013224129973015253
adc,1801711247.0,1.4635000228881836,1801720284.0,0.2250000089406967,1801729316.0,0.4055000245571136,1801738429.0,0.924625039100647,,,,,,,,,0.7668420833048636,0.03053009234964494
adc,1801811262.0,1.5630000829696655,1801820299.0,0.387250006198883,1801829330.0,0.9013750553131104,1801838333.0,1.2908750772476196,,,,,,,,,0.8648297247778611,0.19687669143850572
adc,1801911249.0,1.4812500476837158,1801920287.0,0.5212500095367432,1801929324.0,1.0891250371932983,1801938417.0,1.2820000648498535,,,,,,,,,0.7818249686375524,0.33468266709418026
adc,1802011250.0,0.5381250381469727,1802020288.0,-0.032999999821186,1802029324.0,0.9131250381469728,1802038536.0,1.1343750953674316,,,,,,,,,-0.16228988782848486,-0.2163118833545633
adc,1802111257.0,0.3210000097751617,1802120290.0,-0.0336250029504299,1802129320.0,0.0893750041723251,1802138552.0,0.6013750433921814,,,,,,,,,-0.380186835978297,-0.214473534822688
adc,1802211264.0,0.5796250104904175,1802220304.0,0.1111250072717666,1802229338.0,0.0573750026524066,1802238563.0,0.3785000145435333,,,,,,,,,-0.12216448284137398,-0.06825139775414221
adc,1802311261.0,-0.0767500028014183,1802320300.0,0.1345000118017196,1802329335.0,0.0133750010281801,1802338808.0,0.3213750123977661,,,,,,,,,-0.7789572890894596,-0.04453071019694518
adc,1802411259.0,0.2627499997615814,1802420293.0,0.1935000121593475,1802429331.0,0.0050000003539025,1802438820.0,0.3290000259876251,,,,,,,,,-0.4395606232542162,0.013629966863825616
adc,1802511258.0,0.3056250214576721,1802520295.0,0.2316250056028366,1802529328.0,0.0231250002980232,1802538330.0,0.5227500200271606,,,,,,,,,-0.39621994939003335,0.049750721849159185
adc,1802611268.0,1.3661251068115234,1802620306.0,0.2671250104904175,1802629339.0,0.7116250395774841,1802638807.0,0.986875057220459,,,,,,,,,0.6656590562023821,0.08217335989747838
adc,1802711257.0,1.506625056266785,1802720292.0,0.3137500286102295,1802729323.0,1.065250039100647,1802738313.0,1.2803750038146973,,,,,,,,,0.8088151550977392,0.1247993169434077
adc,1802811255.0,1.0320000648498535,1802820297.0,0.1558750122785568,1802829332.0,1.1266250610351562,1802838325.0,1.2636250257492063,,,,,,,,,0.3384275021085432,-0.03779876668516667
adc,1802911262.0,0.6256250143051147,1802920297.0,0.1000000014901161,1802929330.0,0.562125027179718,1802938381.0,0.8166250586509705,,,,,,,,,-0.06194676429263646,-0.09888969713226153
adc,1803011255.0,0.5725000500679016,1803020285.0,0.1040000021457672,1803029321.0,0.1545000076293945,1803038813.0,0.5693750381469727,,,,,,,,,-0.10727388666625948,-0.10034652522255941
adc,1803111265.0,0.3831250071525574,1803120300.0,0.1466250121593475,1803129338.0,0.0865000039339065,1803138361.0,0.324500024318695,,,,,,,,,-0.2871615488793275,-0.06316121263402041
adc,1803211250.0,0.1940000057220459,1803220278.0,0.2412500083446502,1803229312.0,0.0050000003539025,1803238800.0,0.2771250009536743,,,,,,,,,-0.46533012250585315,0.026286839368490078
adc,1803311259.0,0.2232500165700912,1803320303.0,0.2695000171661377,1803329335.0,0.0052500003948807,1803338314.0,0.3686250150203705,,,,,,,,,-0.4239574449427119,0.049833875469545125
adc,1803411254.0,0.8676250576972961,1803420293.0,0.2943750023841858,1803429325.0,0.1590000092983245,1803438331.0,0.7312500476837158,,,,,,,,,0.23334119704141176,0.07063425908525028
adc,1803511251.0,1.0873750448226929,1803520284.0,0.2661250233650207,1803529317.0,0.8876250386238098,1803538550.0,1.1082500219345093,,,,,,,,,0.46639438995740606,0.0390175448907823
adc,1803611264.0,1.31125009059906,1803620309.0,0.437375009059906,1803629340.0,1.105125069618225,1803638824.0,1.268375039100647,,,,,,,,,0.7034771723769746,0.20760426338324592
adc,1803711254.0,0.6553750038146973,1803720297.0,0.2903750240802765,1803729332.0,1.0175000429153442,1803738811.0,1.283250093460083,,,,,,,,,0.06019871564483337,0.05855942513920964
adc,1803811270.0,0.3463750183582306,1803820308.0,-0.0117500005289912,1803829346.0,0.1885000020265579,1803838346.0,0.6975000500679016,,,,,,,,,-0.23733696299474027,-0.2451420570852516
adc,1803911246.0,0.2245000153779983,1803920282.0,0.1343750059604644,1803929318.0,0.0035000001080334,1803938401.0,0.3208750188350677,,,,,,,,,-0.34935149367139084,-0.10031523525068428
adc,1804011254.0,0.2581250071525574,1804020292.0,0.2215000092983245,1804029331.0,0.0047500003129243,1804038809.0,0.382750004529953,,,,,,,,,-0.3078305311771229,-0.014412285466710723
adc,1804111248.0,0.2063750028610229,1804120292.0,0.2363750040531158,1804129326.0,0.0052500003948807,1804138573.0,0.3101250231266022,,,,,,,,,-0.353852162218134,-0.0008721475285032171
adc,1804211261.0,0.2018750160932541,1804220291.0,0.2762500047683716,1804229322.0,0.0063750003464519,1804238517.0,0.4128750264644623,,,,,,,,,-0.35482106495280186,0.037398220593957476
adc,1804311249.0,0.9965000748634338,1804320285.0,0.2815000116825104,1804329315.0,0.1933750063180923,1804338807.0,0.9377500414848328,,,,,,,,,0.44126070674825957,0.040660710374970384
adc,1804411259.0,0.8771250247955322,1804420294.0,0.3146250247955322,1804429322.0,0.7157500386238098,1804438417.0,1.330625057220459,,,,,,,,,0.3214934620214235,0.07135280875590602
adc,1804511252.0,0.8885000348091125,1804520286.0,0.2571250200271606,1804529318.0,0.9171250462532043,1804538319.0,1.4440001249313354,,,,,,,,,0.33089392081132724,0.010966137625670613
adc,1804611257.0,1.0075000524520874,1804620288.0,0.2462500184774398,1804629320.0,0.2391250133514404,1804638800.0,1.1168750524520874,,,,,,,,,0.44659321660745527,-0.0032020702535202443
adc,1804711258.0,0.5913750529289246,1804720290.0,0.1278750002384185,1804729325.0,0.0063750003464519,1804738795.0,0.5687500238418579,,,,,,,,,0.026061828742988458,-0.12517539445090572
adc,1804811250.0,0.1783750057220459,1804820291.0,0.1245000064373016,1804829325.0,0.0042500002309679,1804838407.0,0.2378750145435333,,,,,,,,,-0.3922602406113296,-0.13230418123749954
adc,1804911249.0,0.2606250047683716,1804920290.0,0.2546250224113464,1804929323.0,0.005125000141561,1804938320.0,0.2690000236034393,,,,,,,,,-0.3160613235464385,-0.005903674140906881
adc,1805011251.0,0.1572500020265579,1805020287.0,0.3182500004768371,1805029320.0,0.0048750001005828,1805038327.0,0.3386250138282776,,,,,,,,,-0.4260022017844749,0.05422523707043142
adc,1805111256.0,0.1695000082254409,1805120296.0,0.2613750100135803,1805129327.0,0.0052500003948807,1805138409.0,0.4083750247955322,,,,,,,,,-0.4205740873814575,-0.005730424032159897
adc,1805211253.0,1.0441250801086426,1805220283.0,0.3232500255107879,1805229319.0,0.502750039100647,1805238355.0,0.9411250352859496,,,,,,,,,0.44726815933435904,0.0536263080434094
adc,1805311264.0,0.9193750619888306,1805320305.0,0.4880000352859497,1805329345.0,0.961625039577484,1805338815.0,1.3153750896453855,,,,,,,,,0.31607471096507594,0.21650458332282946
adc,1805411264.0,1.1133750677108765,1805420304.0,0.5410000085830688,1805429339.0,1.0058749914169312,1805438835.0,1.318250060081482,,,,,,,,,0.5042364011389991,0.26828844316359307
adc,1805511253.0,1.1326251029968262,1805520293.0,0.0897500067949295,1805529329.0,0.1645000129938125,1805538555.0,0.6807500123977661,,,,,,,,,0.5184546034646447,-0.1835862348922144
adc,1805611261.0,0.2513750195503235,1805620300.0,0.0331250019371509,1805629337.0,0.0031250000465661,1805638330.0,0.2955000102519989,,,,,,,,,-0.3668896924687106,-0.24036660299417476
adc,1805711268.0,0.1365000009536743,1805720308.0,0.1885000020265579,1805729342.0,0.0036250001285225,1805738324.0,0.0925000011920929,,,,,,,,,-0.48484147877510425,-0.08483428264872128
adc,1805811262.0,0.2062500119209289,1805820299.0,0.2127500027418136,1805829334.0,0.0047500003129243,1805838794.0,0.2748750150203705,,,,,,,,,-0.4170914025545694,-0.060281870270023984
adc,1805911258.0,0.202000007033348,1805920293.0,0.281125009059906,1805929331.0,0.0048750001005828,1805938631.0,0.3241250216960907,,,,,,,,,-0.42220253449207057,0.008379105618224442
adc,1806011255.0,0.4803750216960907,1806020284.0,0.2435000091791153,1806029322.0,0.1381250023841858,1806038795.0,0.6141250133514404,,,,,,,,,-0.14348596923462426,-0.02912359875183418
adc,1806111253.0,1.3507500886917114,1806120286.0,0.4973750114440918,1806129322.0,1.0120000839233398,1806138557.0,1.053125023841858,,,,,,,,,0.7284716901593147,0.22457887722720166
adc,1806211270.0,1.1572500467300415,1806220317.0,0.5568750500679016,1806229351.0,1.2848750352859497,1806238812.0,1.3481251001358032,,,,,,,,,0.537766074097359,0.2834968842776856
adc,1806311263.0,1.0351250171661377,1806320303.0,0.2551250159740448,1806329337.0,1.186750054359436,1806338822.0,1.2965000867843628,,,,,,,,,0.41951519486682276,-0.019338805043470603
adc,1806411264.0,0.457375019788742,1806420303.0,-0.0353750027716159,1806429339.0,0.2567500174045563,1806438329.0,0.7171250581741333,,,,,,,,,-0.1535248291161398,-0.3114915774995355
adc,1806511258.0,0.3551250100135803,1806520300.0,0.1970000118017196,1806529336.0,0.0583750009536743,1806538347.0,0.480750024318695,,,,,,,,,-0.2505597203777332,-0.08135572366868116
adc,1806611260.0,0.187375009059906,1806620302.0,0.1367500126361847,1806629337.0,0.0046250000596046,1806638801.0,0.3407500088214874,,,,,,,,,-0.4129563058766563,-0.1443957944255833
adc,1806711256.0,0.2092500030994415,1806720292.0,0.3375000059604645,1806729325.0,0.0052500003948807,1806738389.0,0.3336250185966491,,,,,,,,,-0.3859353955386863,0.05310498587556421
adc,1806811255.0,0.1937500089406967,1806820290.0,0.3175000250339508,1806829323.0,0.0056250002235174,1806838315.0,0.2900000214576721,,,,,,,,,-0.39677764935377907,0.02953455818224382
adc,1806911264.0,1.071250081062317,1806920297.0,0.4092500209808349,1806929333.0,0.6001250147819519,1806938381.0,0.8081250190734863,,,,,,,,,0.4846958760450222,0.1175577027142771
adc,1807011262.0,1.1797500848770142,1807020293.0,0.4466250240802765,1807029331.0,1.2077500820159912,1807038821.0,1.1882500648498535,,,,,,,,,0.5963697917491738,0.1512187400910423
adc,1807111249.0,0.7867500185966492,1807120285.0,0.3956250250339508,1807129321.0,1.3511251211166382,1807138364.0,1.2280000448226929,,,,,,,,,0.20569543303746457,0.09667207265116722
adc,1807211262.0,0.6170000433921814,1807220290.0,0.1886250078678131,1807229323.0,1.077125072479248,1807238357.0,1.0266250371932983,,,,,,,,,0.03743184240989106,-0.11357971842107062
adc,1807311252.0,0.4033750295639038,1807320288.0,0.1712500154972076,1807329324.0,0.1316250115633011,1807338382.0,0.6082500219345093,,,,,,,,,-0.1754743544596168,-0.13381471575159534
adc,1807411260.0,0.3681250214576721,1807420305.0,0.2297500073909759,1807429335.0,0.0235000010579824,1807438317.0,0.3227500021457672,,,,,,,,,-0.210621400969967,-0.07771556252709284
adc,1807511258.0,0.2491250187158584,1807520300.0,0.2835000157356262,1807529338.0,0.049125000834465,1807538538.0,0.2987500131130218,,,,,,,,,-0.3298859849437522,-0.025867236793099713
adc,1807611259.0,0.2027500122785568,1807620301.0,0.363750010728836,1807629331.0,0.0413750037550926,1807638796.0,0.390250027179718,,,,,,,,,-0.3765470050875343,0.05299267011551925
adc,1807711259.0,0.2451250106096267,1807720299.0,0.34825000166893,1807729338.0,0.0287500005215406,1807738813.0,0.5412500500679016,,,,,,,,,-0.33406054576783184,0.03659660633323816
adc,1807811248.0,1.0671250820159912,1807820284.0,0.3688750267028808,1807829316.0,1.0128750801086426,1807838303.0,1.1790000200271606,,,,,,,,,0.48888769245924785,0.05676987902645654
adc,1807911257.0,1.2501250505447388,1807920287.0,0.5678750276565552,1807929326.0,1.3146250247955322,1807938322.0,1.4323750734329224,,,,,,,,,0.6740626385719146,0.2556823072019912
adc,1808011262.0,1.033500075340271,1808020302.0,0.3863750100135803,1808029347.0,1.4563751220703125,1808038808.0,1.4380000829696655,,,,,,,,,0.4611137564794793,0.07435693620477514
adc,1808111264.0,0.4037500321865082,1808120303.0,-0.054125003516674,1808129340.0,0.9218750596046448,1808138831.0,0.9650000333786012,,,,,,,,,-0.16334367162178337,-0.3658144894554911
adc,1808211257.0,0.390500009059906,1808220293.0,0.2143750041723251,1808229324.0,0.1621250063180923,1808238313.0,0.6362500190734863,,,,,,,,,-0.16973603938991738,-0.0969275974945811
adc,1808311257.0,0.2416250109672546,1808320292.0,0.2746250033378601,1808329324.0,0.0473750010132789,1808338333.0,0.3311250209808349,,,,,,,,,-0.310382771390895,-0.03629939746050445
adc,1808411250.0,0.2200000137090683,1808420288.0,0.2870000004768371,1808429321.0,0.0103750005364418,1808438316.0,0.3371250033378601,,,,,,,,,-0.322705130917058,-0.023586066586050766
adc,1808511254.0,0.1582500040531158,1808520287.0,0.3665000200271606,1808529317.0,0.0052500003948807,1808538555.0,0.301125019788742,,,,,,,,,-0.3744354080825105,0.05621296096161678
adc,1808611254.0,0.7722500562667847,1808620297.0,0.3416250050067901,1808629329.0,0.2027500122785568,1808638358.0,0.6753750443458557,,,,,,,,,0.24991166823430844,0.03161688984901447
adc,1808711262.0,1.239875078201294,1808720302.0,0.4976250231266022,1808729335.0,1.093500018119812,1808738588.0,1.2945001125335691,,,,,,,,,0.7278033789725159,0.18789710952291844
adc,1808811248.0,0.4302500188350677,1808820286.0,0.4727500081062317,1808829323.0,1.295375108718872,1808838556.0,1.417875051498413,,,,,,,,,-0.07205171711264602,0.16331253995540462
adc,1808911255.0,0.8857500553131104,1808920293.0,0.2608750164508819,1808929324.0,1.0936250686645508,1808938569.0,1.1117500066757202,,,,,,,,,0.39231165651001,-0.04827290248751051
adc,1809011258.0,0.2045000046491623,1809020289.0,-0.03125,1809029322.0,0.0496250018477439,1809038318.0,0.3682500123977661,,,,,,,,,-0.28135658885683373,-0.3401407531449755
adc,1809111254.0,0.1948750019073486,1809120295.0,0.2475000172853469,1809129328.0,0.0056250002235174,1809138500.0,0.2676250040531158,,,,,,,,,-0.2849825226800379,-0.06121331691586034
adc,1809211253.0,0.0863750055432319,1809220294.0,0.3388750255107879,1809229326.0,0.0057500004768371,1809238352.0,0.2835000157356262,,,,,,,,,-0.38925701252280565,0.030200496312167188
adc,1809311257.0,0.1230000033974647,1809320286.0,0.4153750240802765,1809329321.0,0.0055000004358589,1809338583.0,0.2937500178813934,,,,,,,,,-0.3502413925014965,0.1065314395094256
adc,1809411256.0,0.1523750126361847,1809420282.0,0.3876250088214874,1809429316.0,0.0055000004358589,1809438438.0,0.3458750247955322,,,,,,,,,-0.32025214041786143,0.07832359283699461
adc,1809511252.0,1.0008749961853027,1809520290.0,0.4630000293254852,1809529326.0,0.8167500495910645,1809538424.0,1.0561250448226929,,,,,,,,,0.5272248221448329,0.15285975462862184
adc,1809611259.0,1.093500018119812,1809620299.0,0.3077500164508819,1809629329.0,1.1663750410079956,1809638827.0,1.3388750553131104,,,,,,,,,0.6173527548555366,-0.003707432241428471
adc,1809711263.0,1.252250075340271,1809720295.0,0.3486250042915344,1809729333.0,1.062250018119812,1809738313.0,1.0115000009536743,,,,,,,,,0.7722669958805495,0.03528393839126486
adc,1809811254.0,0.3705000281333923,1809820292.0,0.170750007033348,1809829326.0,0.3997500240802765,1809838531.0,0.6563750505447388,,,,,,,,,-0.11457506351452718,-0.1450996827126244
adc,1809911261.0,0.1058750078082084,1809920300.0,0.1827500015497207,1809929337.0,0.0038750001695007,1809938315.0,0.2475000172853469,,,,,,,,,-0.38550512287164834,-0.13624059875928524
adc,1810011250.0,0.1413750052452087,1810020289.0,0.2867500185966491,1810029344.0,0.005125000141561,1810038329.0,0.2172500044107437,,,,,,,,,-0.3574736581529181,-0.03595311028827469
adc,1810111259.0,0.1306250095367431,1810120295.0,0.296625018119812,1810129326.0,0.0056250002235174,1810138523.0,0.156125009059906,,,,,,,,,-0.3767423630947453,-0.03022749561487642
adc,1810211265.0,0.1300000101327896,1810220307.0,0.3146250247955322,1810229340.0,0.0061250003054738,1810238351.0,0.1527500003576278,,,,,,,,,-0.3867144836608609,-0.016611851975648448
adc,1810311250.0,0.8175000548362732,1810320288.0,0.3156250119209289,1810329330.0,0.3841250240802765,1810338329.0,0.5867500305175781,,,,,,,,,0.2909548636147413,-0.019981375255760978
adc,1810411272.0,0.6353750228881836,1810420307.0,0.4641250073909759,1810429339.0,1.1631250381469729,1810438833.0,0.9506250619888306,,,,,,,,,0.09896386507252433,0.12443424181244568
adc,1810511257.0,0.8392500281333923,1810520295.0,0.5670000314712524,1810529325.0,1.374500036239624,1810538354.0,1.2286250591278076,,,,,,,,,0.29344400583567204,0.22377043612020453
adc,1810611259.0,0.7881250381469727,1810620294.0,0.2132500112056732,1810629328.0,1.1165000200271606,1810638788.0,0.9633750319480896,,,,,,,,,0.23390406595111396,-0.1327497022936877
adc,1810711253.0,0.783625066280365,1810720293.0,0.3996250331401825,1810729327.0,0.2617500126361847,1810738782.0,0.6010000109672546,,,,,,,,,0.22242992674292,0.05178952175026577
adc,1810811265.0,0.2626250088214874,1810820302.0,0.2552500069141388,1810829333.0,0.0287500005215406,1810838813.0,0.2507500052452087,,,,,,,,,-0.30372633467330407,-0.09339085574098417
adc,1810911255.0,0.0560000017285347,1810920295.0,0.2330000102519989,1810929332.0,0.0080000003799796,1810938823.0,0.2505000233650207,,,,,,,,,-0.513416297729268,-0.11539410616755127
adc,1811011257.0,0.5137500166893005,1811020294.0,0.3333750069141388,1811029329.0,0.0050000003539025,1811038793.0,0.3051250278949737,,,,,,,,,-0.056481125763928774,-0.013773651820100201
adc,1811111260.0,0.6552500128746033,1811120295.0,0.3506250083446502,1811129326.0,0.0053750001825392,1811138350.0,0.4552500247955322,,,,,,,,,0.08649077688587484,0.005594390424876146
adc,1811211264.0,1.107250094413757,1811220303.0,0.5751250386238098,1811229334.0,0.905375063419342,1811238805.0,1.0285000801086426,,,,,,,,,0.5421570784959584,0.23289191836025455
adc,1811311258.0,0.7656250596046448,1811320293.0,0.5176250338554382,1811329326.0,1.1997500658035278,1811338368.0,1.2501250505447388,,,,,,,,,0.2061708017272686,0.17862056673100163
adc,1811411253.0,0.6027500033378601,1811420287.0,0.3682500123977661,1811429317.0,1.245750069618225,1811438332.0,1.1881250143051147,,,,,,,,,0.05057100242212981,0.03262267229286395
adc,1811511256.0,0.421750009059906,1811520299.0,0.0663750022649765,1811529332.0,0.4626250267028808,1811538559.0,0.7393750548362732,,,,,,,,,-0.12193245552858856,-0.2660136190838369
adc,1811611262.0,0.270000010728836,1811620300.0,0.265500009059906,1811629337.0,0.0463750027120113,1811638331.0,0.3763750195503235,,,,,,,,,-0.2644080507205536,-0.06404373071551465
adc,1811711260.0,0.3463750183582306,1811720294.0,0.1990000158548355,1811729330.0,0.0226250011473894,1811738576.0,0.3017500042915344,,,,,,,,,-0.17839742289044072,-0.12828290881536086
adc,1811811255.0,0.1991250067949295,1811820290.0,0.3345000147819519,1811829319.0,0.0062500000931322,1811838383.0,0.2931250035762787,,,,,,,,,-0.31599619248787714,0.008793062469972801
adc,1811911245.0,0.2045000046491623,1811920282.0,0.3235000073909759,1811929315.0,0.0063750003464519,1811938401.0,0.2801250219345093,,,,,,,,,-0.3012066005027577,-0.0013168872578554272
adc,1812011268.0,1.1332499980926514,1812020304.0,0.3253750205039978,1812029347.0,0.449625015258789,1812038811.0,0.9580000638961792,,,,,,,,,0.6365589377245963,0.0008569316792826701
adc,1812111261.0,0.5766250491142273,1812120291.0,0.5640000104904175,1812129326.0,1.10212504863739,1812138676.0,1.405750036239624,,,,,,,,,0.08845427623507125,0.23936487314230095
adc,1812211262.0,0.7661250233650208,1812220304.0,0.457250028848648,1812229343.0,1.2910000085830688,1812238816.0,1.3315000534057615,,,,,,,,,0.28591783886058963,0.13231680817370722
adc,1812311258.0,0.562375009059906,1812320300.0,0.0271250009536743,1812329341.0,0.9478750228881836,1812338830.0,0.843000054359436,,,,,,,,,0.08952231733943644,-0.29801664256217486
adc,1812411262.0,0.3000000119209289,1812420299.0,0.1612500101327896,1812429331.0,0.0420000031590461,1812438538.0,0.4347500205039978,,,,,,,,,-0.16616272654353006,-0.16372800127358783
adc,1812511265.0,0.3476250171661377,1812520304.0,0.3203750252723694,1812529333.0,0.0408750027418136,1812538828.0,0.3893750309944153,,,,,,,,,-0.11256997189811345,-0.0037990207301476786
adc,1812611259.0,0.0448750033974647,1812620297.0,0.3630000054836273,1812629332.0,0.0053750001825392,1812638320.0,0.3111250102519989,,,,,,,,,-0.4101283513339121,0.04049570040936397
adc,1812711252.0,0.1311250030994415,1812720294.0,0.4166250228881836,1812729329.0,0.0061250003054738,1812738310.0,0.3196250200271606,,,,,,,,,-0.3195120803027952,0.09680876713514616
adc,1812811257.0,0.6077500581741333,1812820293.0,0.4716250300407409,1812829327.0,0.0375000014901161,1812838811.0,0.7122500538825989,,,,,,,,,0.16059808761922434,0.15556861545720443
adc,1812911263.0,0.749125063419342,1812920293.0,0.4332500100135803,1812929324.0,0.8992500305175781,1812938344.0,1.464625120162964,,,,,,,,,0.3044920143217842,0.12196457297485616
adc,1813011260.0,1.0308750867843628,1813020299.0,0.4677500128746032,1813029334.0,1.1765000820159912,1813038528.0,1.4048750400543213,,,,,,,,,0.5876558275011218,0.16207376338462245
adc,1813111261.0,0.7570000290870667,1813120303.0,0.2461250126361847,1813129335.0,1.0880000591278076,1813138344.0,1.105375051498413,,,,,,,,,0.31388434077957045,-0.05336804299627004
adc,1813211249.0,0.0170000009238719,1813220287.0,0.0961250066757202,1813229321.0,0.0542500019073486,1813238334.0,0.5797500014305115,,,,,,,,,-0.42758192847727605,-0.1969290993365564
adc,1813311250.0,0.3261250257492065,1813320290.0,0.1230000033974647,1813329324.0,0.0598750039935112,1813338810.0,0.402875006198883,,,,,,,,,-0.12177022178694635,-0.16368583438636886
adc,1813411256.0,0.1503750085830688,1813420295.0,0.1340000033378601,1813429329.0,0.0053750001825392,1813438530.0,0.2788750231266022,,,,,,,,,-0.30292379869907493,-0.14667840658270065
adc,1813511253.0,0.16075000166893,1813520293.0,0.2973750233650207,1813529329.0,0.0061250003054738,1813538545.0,0.3192500174045563,,,,,,,,,-0.3002014110714234,0.022123568282202993
adc,1813611254.0,0.1284999996423721,1813620285.0,0.4108750224113464,1813629321.0,0.0065000001341104,1813638343.0,0.3822500109672546,,,,,,,,,-0.3423931602142918,0.14034049900244164
adc,1813711251.0,1.0998750925064087,1813720291.0,0.374875009059906,1813729326.0,0.8267500400543213,1813738786.0,1.1037501096725464,,,,,,,,,0.6168420298303371,0.10831354023357907
adc,1813811263.0,0.9963750243186952,1813820298.0,0.429250031709671,1813829332.0,1.1448750495910645,1813838338.0,1.3445000648498535,,,,,,,,,0.4992207605658582,0.16597543726963995
adc,1813911271.0,0.912000060081482,1813920309.0,0.2072500139474868,1813929346.0,1.2238750457763672,1813938424.0,1.3237500190734863,,,,,,,,,0.3990752081393999,-0.05328423118532005
adc,1814011262.0,0.217625007033348,1814020298.0,-0.1780000030994415,1814029335.0,0.197500005364418,1814038826.0,0.7812500596046448,,,,,,,,,-0.31227743729310586,-0.43613230216140886
adc,1814111260.0,0.1856250017881393,1814120298.0,0.2668749988079071,1814129330.0,0.0052500003948807,1814138341.0,0.2200000137090683,,,,,,,,,-0.36190459654367096,0.011063548494101155
adc,1814211248.0,0.1815000027418136,1814220286.0,0.2490000128746032,1814229320.0,0.0055000004358589,1814238530.0,0.2647500038146972,,,,,,,,,-0.38362931371424397,-0.004293342004201922
adc,1814311260.0,0.1141250059008598,1814320300.0,0.3236250281333923,1814329333.0,0.0055000004358589,1814338818.0,0.3661250174045563,,,,,,,,,-0.46779193845185124,0.07330890481652724
adc,1814411263.0,0.106500007212162,1814420294.0,0.2916250228881836,1814429327.0,0.2125000059604644,1814438546.0,0.5701250433921814,,,,,,,,,-0.49054183293138576,0.04494820723385105
adc,1814511257.0,1.795875072479248,1814520286.0,0.5062500238418579,1814529319.0,1.2043750286102295,1814538542.0,1.0826250314712524,,,,,,,,,1.1862145039780991,0.26397927153241035
adc,1814611258.0,1.1576250791549685,1814620293.0,0.465125024318695,1814629326.0,1.5690001249313354,1814638381.0,1.3602501153945925,,,,,,,,,0.53859653117878,0.22800637313484892
adc,1814711257.0,1.043125033378601,1814720294.0,0.2860000133514404,1814729330.0,1.6972501277923584,1814738563.0,1.5306251049041748,,,,,,,,,0.4185380666371791,0.05462498362243082
adc,1814811265.0,0.0753750056028366,1814820298.0,-0.3120000064373016,1814829332.0,0.3717500269412994,1814838323.0,0.6926250457763672,,,,,,,,,-0.550648550607063,-0.5373163477755122
adc,1814911251.0,0.2207500040531158,1814920286.0,0.1283750087022781,1814929320.0,0.0026250001974403,1814938317.0,0.2663750052452087,,,,,,,,,-0.402549555097256,-0.09093825535343986
adc,1815011257.0,0.1195000037550926,1815020294.0,0.2753750085830688,1815029326.0,0.0050000003539025,1815038778.0,0.244375005364418,,,,,,,,,-0.4971515846900376,0.06157984870181357
adc,1815111257.0,0.233250007033348,1815120295.0,0.3050000071525574,1815129327.0,0.0061250003054738,1815138526.0,0.2850000262260437,,,,,,,,,-0.3733346198844051,0.09578666259028046
adc,1815211251.0,0.6021250486373901,1815220288.0,0.3466250300407409,1815229322.0,0.986750066280365,1815238538.0,0.9667500257492064,,,,,,,,,0.00825813345327503,0.1406203653533059
adc,1815311252.0,1.7790000438690186,1815320286.0,0.5243750214576721,1815329321.0,1.9347500801086424,1815338349.0,1.6918751001358032,,,,,,,,,1.1994768079951852,0.31982270565141857
adc,1815411263.0,1.6467500925064087,1815420302.0,0.3102500140666961,1815429335.0,2.1611251831054688,1815438524.0,1.8667501211166384,,,,,,,,,1.0819412363731253,0.10510975617314511
adc,1815511252.0,0.8816250562667847,1815520292.0,0.2303750067949295,1815529326.0,1.5605000257492063,1815538315.0,1.4536250829696655,,,,,,,,,0.3304833980189702,0.022473618960420202
adc,1815611262.0,-0.3777500092983246,1815620303.0,-0.4012500047683716,1815629338.0,0.0066250003874301,1815638824.0,0.2895000278949737,,,,,,,,,-0.9177310466575557,-0.6140161514238105
adc,1815711256.0,-0.2917500138282776,1815720295.0,-0.0373750030994415,1815729328.0,0.0040000001899898,1815738382.0,-0.0028750002384185,,,,,,,,,-0.8244158696694737,-0.2567995087119103
adc,1815811261.0,0.1112500056624412,1815820300.0,0.3263750076293945,1815829331.0,0.0042500002309679,1815838559.0,0.3110000193119049,,,,,,,,,-0.41899639785997256,0.09905853890088512
adc,1815911260.0,0.3767500221729278,1815920293.0,0.168375015258789,1815929327.0,0.690250039100647,1815938563.0,0.9766250252723694,,,,,,,,,-0.15660233799793044,-0.06728702086422467
adc,1816011258.0,-0.2581250071525574,1816020295.0,-0.4758750200271606,1816029335.0,1.8882501125335691,1816038543.0,1.7413750886917114,,,,,,,,,-0.8002518807684658,-0.7194077517173253
adc,1816111255.0,1.6510000228881836,1816120294.0,0.6006250381469727,1816129325.0,2.02649998664856,1816138557.0,1.9695000648498533,,,,,,,,,1.0947654000370783,0.35066768844015095
adc,1816211263.0,0.7538750171661377,1816220304.0,0.6862500309944153,1816229337.0,1.747875094413757,1816238336.0,1.8623751401901243,,,,,,,,,0.1789449040225497,0.43220358931882186
adc,1816311264.0,1.73312509059906,1816320304.0,1.2675000429153442,1816329334.0,0.0075000002980232,1816338819.0,0.4611250162124634,,,,,,,,,1.13596638864074,1.0123867049100825
adc,1816411258.0,-0.0582500025629997,1816420291.0,0.0180000010877847,1816429326.0,0.0026250001974403,1816438396.0,0.205250009894371,,,,,,,,,-0.6799111759459832,-0.23476689377706417
adc,1816511252.0,0.3773750066757202,1816520281.0,0.0478750020265579,1816529315.0,0.0050000003539025,1816538532.0,0.2673750221729278,,,,,,,,,-0.2696883971552525,-0.19908218465106714
adc,1816611254.0,0.3651250302791595,1816620293.0,0.1962500065565109,1816629325.0,0.6322500109672546,1816638656.0,1.024500012397766,,,,,,,,,-0.30682422501810414,-0.04171940995663456
adc,1816711268.0,0.0262500010430812,1816720307.0,-0.4668750166893005,1816729343.0,1.733875036239624,1816738564.0,1.7211251258850098,,,,,,,,,-0.6686765511255601,-0.6932506603135855
adc,1816811258.0,1.5568751096725464,1816820293.0,0.5766250491142273,1816829331.0,1.958375096321106,1816838810.0,1.93150007724762,,,,,,,,,0.8421789697849403,0.36366444786048957
adc,1816911258.0,1.539375066757202,1816920293.0,0.7690000534057617,1816929323.0,1.1131250858306885,1816938381.0,1.3163750171661377,,,,,,,,,0.8092502510043524,0.5703645589725441
adc,1817011257.0,0.534375011920929,1817020293.0,0.1186250075697898,1817029323.0,0.0422500036656856,1817038797.0,0.3622500300407409,,,,,,,,,-0.20593816580531216,-0.06572211161292812
adc,1817111261.0,-0.1658750027418136,1817120294.0,-0.0318750031292438,1817129331.0,0.0036250001285225,1817138416.0,0.0851250067353248,,,,,,,,,-0.9105228898828445,-0.20286072857712784
adc,1817211268.0,0.262250006198883,1817220305.0,0.1252500116825103,1817229339.0,0.018750000745058,1817238824.0,0.4732500314712524,,,,,,,,,-0.48058539695239666,-0.034047216789615115
adc,1817311270.0,1.716625094413757,1817320312.0,-0.4577500224113464,1817329346.0,1.411500096321106,1817338840.0,1.3957500457763672,,,,,,,,,0.9817031760594123,-0.6075608337206003
adc,1817411252.0,0.6960000395774841,1817420290.0,-0.2939999997615814,1817429325.0,2.025000095367432,1817438329.0,1.861875057220459,,,,,,,,,-0.02530277831910227,-0.43679554822584604
adc,1817511261.0,0.8180000185966492,1817520303.0,0.3722500205039978,1817529340.0,1.8983750343322756,1817538325.0,1.8871251344680784,,,,,,,,,0.11528335272096663,0.23399429071918215
adc,1817611255.0,1.5595000982284546,1817620292.0,0.9141250252723694,1817629323.0,0.1897500157356262,1817638813.0,0.6970000267028809,,,,,,,,,0.8792862544361669,0.7781602624623294
adc,1817711255.0,-0.2031250149011612,1817720289.0,0.0621250011026859,1817729324.0,0.0015000000130385,1817738807.0,0.184125006198883,,,,,,,,,-0.8582192183069469,-0.07340136286853871
adc,1817811263.0,0.3101250231266022,1817820300.0,0.0612500011920928,1817829338.0,0.0206250008195638,1817838343.0,0.488750010728836,,,,,,,,,-0.3186932152322237,-0.0751957851416506
adc,1817911253.0,0.6612500548362732,1817920295.0,0.1531250029802322,1817929329.0,0.752750039100647,1817938330.0,1.0757499933242798,,,,,,,,,0.05834436453450981,0.014928395687710871
adc,1818011265.0,-0.1325000077486038,1818020307.0,-0.4598750174045563,1818029346.0,2.049000024795532,1818038796.0,1.8435001373291016,,,,,,,,,-0.7113386635177766,-0.6001515200573377
adc,1818111260.0,1.368125081062317,1818120294.0,0.7012500166893005,1818129333.0,1.8111250400543213,1818138528.0,1.746250033378601,,,,,,,,,0.8101438644232295,0.5589986489324915
adc,1818211247.0,1.124750018119812,1818220285.0,0.491750031709671,1818229317.0,0.2863750159740448,1818238317.0,0.8728750348091125,,,,,,,,,0.5832322339875371,0.3479623974907255
adc,1818311270.0,0.0612500011920928,1818320309.0,-0.0260000005364418,1818329341.0,0.0333750024437904,1818338803.0,0.3155000209808349,,,,,,,,,-0.469154470255846,-0.17067008355436064
adc,1818411256.0,0.3431250154972076,1818420290.0,0.1783750057220459,1818429323.0,0.0045000002719461,1818438320.0,0.269875019788742,,,,,,,,,-0.18220213116209544,0.03357316047155451
adc,1818511270.0,0.3813750147819519,1818520303.0,0.0981250032782554,1818529340.0,0.7250000238418579,1818538340.0,0.9735000729560852,,,,,,,,,-0.14529076749123115,-0.04606192615987234
adc,1818611266.0,0.59375,1818620306.0,-0.4488750100135803,1818629336.0,2.023750066757202,1818638322.0,1.7280000448226929,,,,,,,,,0.05927915032199854,-0.5917759208956742
adc,1818711257.0,0.9483750462532043,1818720293.0,0.7257500290870667,1818729330.0,1.748500108718872,1818738804.0,1.6618751287460327,,,,,,,,,0.3999169119540691,0.5846919290331374
adc,1818811267.0,0.0600000023841857,1818820309.0,0.1831250041723251,1818829340.0,0.2121250033378601,1818838815.0,0.6768750548362732,,,,,,,,,-0.5080246038275961,0.044342945775721954
adc,1818911263.0,0.3298750221729278,1818920301.0,-0.0946250036358833,1818929336.0,0.0068750004284083,1818938334.0,0.2602500021457672,,,,,,,,,-0.26240973581843213,-0.23080782498050947
adc,1819011257.0,0.4316250085830688,1819020296.0,-0.0546250008046627,1819029333.0,0.0322500020265579,1819038368.0,0.4236250221729278,,,,,,,,,-0.1885006614102091,-0.18796699795928817
adc,1819111262.0,1.6561250686645508,1819120300.0,0.09825000166893,1819129334.0,1.0197499990463257,1819138410.0,0.967750072479248,,,,,,,,,1.005847988707182,-0.03205710389902887
adc,1819211263.0,0.5721250176429749,1819220300.0,-0.1268750131130218,1819229333.0,1.932000041007996,1819238315.0,1.7466250658035278,,,,,,,,,-0.10926322102544539,-0.253971577397861
adc,1819311257.0,1.1271250247955322,1819320292.0,0.87437504529953,1819329325.0,1.3342500925064087,1819338794.0,1.1535000801086426,,,,,,,,,0.41502496846276854,0.7506609850105261
adc,1819411256.0,0.1831250041723251,1819420295.0,0.0620000027120113,1819429329.0,0.1823750138282776,1819438308.0,0.5715000033378601,,,,,,,,,-0.5579791422851201,-0.058166756822997406
adc,1819511250.0,0.1998750120401382,1819520289.0,0.0215000007301569,1819529320.0,0.0036250001285225,1819538339.0,0.2090000063180923,,,,,,,,,-0.5673142690952285,-0.09497962986896448
adc,1819611260.0,0.3756250143051147,1819620292.0,0.0873750075697898,1819629325.0,0.0322500020265579,1819638606.0,0.5561250448226929,,,,,,,,,-0.4136586072759492,-0.025325495718736386
adc,1819711271.0,1.7815001010894775,1819720307.0,-0.2101250141859054,1819729342.0,1.4600000381469729,1819738834.0,1.2568750381469729,,,,,,,,,0.9749990385368663,-0.31902078131168127
adc,1819811249.0,1.0043751001358032,1819820284.0,0.2762500047683716,1819829321.0,1.9123750925064087,1819838357.0,1.718000054359436,,,,,,,,,0.18618344903146486,0.17110941623899428
adc,1819911258.0,0.959375023841858,1819920301.0,0.367125004529953,1819929339.0,0.6960000395774841,1819938349.0,0.8813750147819519,,,,,,,,,0.13538863756419955,0.2656174189695888
adc,1820011262.0,0.3695000112056732,1820020302.0,-0.0246250014752149,1820029341.0,0.0506250038743019,1820038799.0,0.4006250202655792,,,,,,,,,-0.4543244018424689,-0.12268036443418806
adc,1820111254.0,0.4847500324249267,1820120294.0,0.2015000134706497,1820129324.0,0.0038750001695007,1820138302.0,0.2713750004768371,,,,,,,,,-0.33320698573964136,0.10668350576915533
adc,1820211259.0,0.9511250257492064,1820220289.0,-0.0241250004619359,1820229322.0,0.4427500069141388,1820238813.0,0.7513750195503235,,,,,,,,,0.14419437036260105,-0.11591050599530818
adc,1820311254.0,1.6355000734329224,1820320295.0,-0.3776250183582306,1820329327.0,1.8431251049041748,1820338793.0,1.642625093460083,,,,,,,,,0.8439469397619717,-0.46653452616653834
adc,1820411256.0,1.027375102043152,1820420296.0,0.4990000128746032,1820429333.0,1.7022501230239868,1820438340.0,1.4608750343322754,,,,,,,,,0.2545314749902772,0.4129137061673899
adc,1820511246.0,0.2692500054836273,1820520274.0,0.0510000027716159,1820529313.0,0.3308750092983246,1820538345.0,0.6796250343322754,,,,,,,,,-0.48271548826409516,-0.03217257400309138
adc,1820611253.0,-0.2815000116825104,1820620295.0,-0.1319999992847442,1820629334.0,0.0198750011622905,1820638797.0,0.3238750100135803,,,,,,,,,-1.0116462315730992,-0.2120021323304483
adc,1820711264.0,0.4443750083446502,1820720303.0,0.0388750024139881,1820729337.0,0.0041249999776482,1820738827.0,0.3460000157356262,,,,,,,,,-0.2642222306922025,-0.0375359934595445
adc,1820811266.0,1.6807501316070557,1820820309.0,0.371500015258789,1820829342.0,1.0217500925064087,1820838530.0,0.9531250596046448,,,,,,,,,0.9923020342100041,0.29923531295251415
adc,1820911251.0,1.2420001029968262,1820920291.0,0.0980000048875808,1820929320.0,2.054875135421753,1820938401.0,1.767375111579895,,,,,,,,,0.5712998126362948,0.03051733524622459
adc,1821011254.0,0.6356250047683716,1821020291.0,0.1807500123977661,1821029324.0,1.143875002861023,1821038809.0,1.1299999952316284,,,,,,,,,-0.02056911794722599,0.11869600906467541
adc,1821111254.0,-0.3025000095367431,1821120289.0,0.0553750023245811,1821129325.0,0.3250000178813934,1821138400.0,0.5832500457763672,,,,,,,,,-0.9480791853450206,-0.0006652222961993082
adc,1821211257.0,0.4315000176429748,1821220293.0,0.0313750021159648,1821229325.0,0.0040000001899898,1821238794.0,0.246500015258789,,,,,,,,,-0.2077873203271295,-0.018188655567585296
adc,1821311263.0,0.4178750216960907,1821320300.0,-0.0061250003054738,1821329337.0,0.1838750094175338,1821338815.0,0.5847500562667847,,,,,,,,,-0.2196413652096162,-0.04890928921982253
adc,1821411252.0,1.836125135421753,1821420294.0,-0.1242500022053718,1821429326.0,1.874500036239624,1821438307.0,1.5933750867843628,,,,,,,,,1.1958937921108053,-0.16012094511618125
adc,1821511268.0,0.9310000538825988,1821520301.0,0.092625007033348,1821529326.0,1.9388750791549685,1821538621.0,1.555625081062317,,,,,,,,,0.28381859206812154,0.06365126630312283
adc,1821611253.0,-0.0015000000130385,1821620289.0,-0.0755000039935112,1821629326.0,0.4147500097751617,1821638816.0,0.706250011920929,,,,,,,,,-0.6594235265661165,-0.09770404149314085
adc,1821711252.0,0.019250001758337,1821720286.0,-0.2687500119209289,1821729319.0,0.0225000008940696,1821738372.0,0.3605000078678131,,,,,,,,,-0.652594977789881,-0.2843759294103772
adc,1821811259.0,0.4848750233650207,1821820297.0,0.0460000038146972,1821829332.0,0.0036250001285225,1821838341.0,0.3483750224113464,,,,,,,,,-0.20331441715801965,0.03673952442759362
adc,1821911266.0,1.8013750314712524,1821920307.0,0.4221250116825104,1821929338.0,1.253000020980835,1821938544.0,1.0961250066757202,,,,,,,,,1.0952838185018234,0.41902425352835393
adc,1822011250.0,1.1772500276565552,1822020283.0,0.0363750010728836,1822029322.0,2.077000141143799,1822038365.0,1.7812501192092896,,,,,,,,,0.4526303946866476,0.03924342460730376
adc,1822111264.0,-0.106000006198883,1822120299.0,0.0437500029802322,1822129329.0,0.6626250147819519,1822138413.0,0.8601250648498535,,,,,,,,,-0.8488263095121685,0.05240332940504892
adc,1822211245.0,0.4825000166893005,1822220272.0,-0.1378750056028366,1822229309.0,0.1076250076293945,1822238315.0,0.4270000159740448,,,,,,,,,-0.27728844952690623,-0.12363211234121685
adc,1822311262.0,0.5433750152587891,1822320303.0,-0.1078750044107437,1822329338.0,0.0036250001285225,1822338819.0,0.3757500052452087,,,,,,,,,-0.23127418559053453,-0.08826449389665007
adc,1822411257.0,0.9728750586509703,1822420293.0,0.0218750014901161,1822429330.0,0.1807500123977661,1822438346.0,0.611875057220459,,,,,,,,,0.1862155042002478,0.04659809289697011
adc,1822511255.0,1.7677500247955322,1822520287.0,0.0057500004768371,1822529321.0,1.9575001001358032,1822538640.0,1.6447501182556152,,,,,,,,,0.9725268649765055,0.03530308164063724
adc,1822611268.0,0.3832500278949737,1822620309.0,-0.0043750000186264,1822629346.0,1.2075001001358032,1822638821.0,1.0202500820159912,,,,,,,,,-0.41668553979975675,0.029714808621247563
adc,1822711251.0,0.9718750715255736,1822720287.0,-0.2013750076293945,1822729329.0,0.195125013589859,1822738787.0,0.4883750379085541,,,,,,,,,0.17126748805882666,-0.16302709337020888
adc,1822811262.0,0.1960000097751617,1822820301.0,-0.1017500013113021,1822829335.0,0.0031250000465661,1822838322.0,0.2718750238418579,,,,,,,,,-0.6012672244464181,-0.05937883212367935
adc,1822911252.0,0.5868750214576721,1822920284.0,-0.0767500028014183,1822929319.0,0.0445000007748603,1822938335.0,0.6000000238418579,,,,,,,,,-0.20326817290828336,-0.03051968899401803
adc,1823011248.0,1.7523751258850098,1823020283.0,0.114375002682209,1823029321.0,1.6096251010894775,1823038311.0,1.2866250276565552,,,,,,,,,0.9727389282129403,0.1643896913936299
adc,1823111262.0,0.983625054359436,1823120292.0,0.0231250002980232,1823129329.0,1.892875075340271,1823138343.0,1.6101250648498535,,,,,,,,,0.2173426592147645,0.07694446604961513
adc,1823211252.0,-0.0706249997019767,1823220288.0,-0.0630000010132789,1823229324.0,0.1696250140666961,1823238405.0,0.6180000305175781,,,,,,,,,-0.8213341087081615,-0.005268157175757807
adc,1823311256.0,0.4576250314712524,1823320286.0,-0.2291250079870224,1823329320.0,0.0028750002384185,1823338376.0,0.324750006198883,,,,,,,,,-0.2759598912753318,-0.16730568622801523
adc,1823411250.0,0.5478750467300415,1823420292.0,-0.0611250028014183,1823429325.0,0.0033750000875443,1823438545.0,0.4180000126361847,,,,,,,,,-0.16769599028344084,0.0049964074154723315
adc,1823511268.0,1.6970000267028809,1823520298.0,0.0512500032782554,1823529333.0,1.0131250619888306,1823538559.0,0.921125054359436,,,,,,,,,0.9997182494302076,0.12189465264672988
adc,1823611253.0,1.027375102043152,1823620287.0,-0.0217500012367963,1823629321.0,2.010625123977661,1823638316.0,1.6435000896453855,,,,,,,,,0.3481187639244426,0.05361078990471444
adc,1823711270.0,-0.0378750003874301,1823720314.0,-0.0556250028312206,1823729347.0,0.4977500140666961,1823738835.0,0.8491250276565552,,,,,,,,,-0.6998132570582799,0.024583801298279993
adc,1823811259.0,0.0243750009685754,1823820287.0,-0.2201250046491623,1823829319.0,0.0736250057816505,1823838409.0,0.4052500128746032,,,,,,,,,-0.62128628007188,-0.13502364611428286
adc,1823911257.0,0.4312500059604645,1823920296.0,-0.0953750014305114,1823929329.0,0.0693750008940696,1823938416.0,0.515375018119812,,,,,,,,,-0.19939774279847824,-0.00543977520845533
adc,1824011242.0,0.7107500433921814,1824020283.0,-0.0850000008940696,1824029326.0,0.1572500020265579,1824038532.0,0.6721250414848328,,,,,,,,,0.09372182684567437,0.009603777014474318
adc,1824111256.0,1.6896250247955322,1824120297.0,0.0122500006109476,1824129334.0,2.0107500553131104,1824138570.0,1.5536251068115234,,,,,,,,,1.084741466590022,0.11125967284780819
adc,1824211261.0,0.1020000055432319,1824220300.0,-0.0765000060200691,1824229335.0,1.292625069618225,1824238797.0,1.1257500648498535,,,,,,,,,-0.49229891832268147,0.026576676701148903
adc,1824311267.0,0.5483750104904175,1824320306.0,-0.2470000088214874,1824329338.0,0.449500024318695,1824338814.0,0.6862500309944153,,,,,,,,,-0.037037998142847806,-0.14023986243887593
adc,1824411267.0,0.5148749947547913,1824420302.0,-0.1288750022649765,1824429337.0,0.0062500000931322,1824438328.0,0.3388750255107879,,,,,,,,,-0.06357457889738467,-0.01881996686930332
adc,1824511262.0,0.5163750052452087,1824520299.0,-0.1330000013113021,1824529340.0,0.0205000005662441,1824538416.0,0.5632500052452087,,,,,,,,,-0.05735051884146124,-0.020000162700779457
adc,1824611258.0,1.876625061035156,1824620296.0,-0.0928750038146972,1824629333.0,1.8873751163482664,1824638322.0,1.5705000162124634,,,,,,,,,1.3049909345048816,0.022799496746452694
adc,1824711264.0,0.1148750036954879,1824720307.0,-0.1176250055432319,1824729335.0,1.7468750476837158,1824738824.0,1.5281250476837158,,,,,,,,,-0.4577279521876103,0.0005668472488173336
adc,1824811261.0,0.0573750026524066,1824820300.0,-0.1615000069141388,1824829336.0,0.5628750324249268,1824838813.0,0.9113750457763672,,,,,,,,,-0.5196543398344642,-0.04081658145690971
adc,1824911255.0,-0.1342500001192093,1824920296.0,-0.1706250011920929,1824929334.0,0.0132500007748603,1824938313.0,0.3797500133514404,,,,,,,,,-0.7194540237183487,-0.0473435459870804
adc,1825011251.0,0.4086250066757202,1825020289.0,-0.15625,1825029323.0,0.0031250000465661,1825038383.0,0.4046250283718109,,,,,,,,,-0.18861582082547745,-0.030150613022017117
adc,1825111254.0,1.7786251306533811,1825120299.0,0.1480000019073486,1825129332.0,1.280250072479248,1825138530.0,1.1080000400543213,,,,,,,,,1.1655968451101293,0.2772137309571964
adc,1825211248.0,1.0735000371932983,1825220282.0,-0.1438750028610229,1825229320.0,1.9722501039505005,1825238605.0,1.529375076293945,,,,,,,,,0.4412921317151936,-0.011224222082629687
adc,1825311257.0,-0.1077500060200691,1825320296.0,-0.1175000071525573,1825329326.0,0.3151250183582306,1825338351.0,0.8350000381469727,,,,,,,,,-0.7619235400710551,0.018881640433959124
adc,1825411259.0,-0.0893750041723251,1825420293.0,-0.2211250066757202,1825429329.0,0.0708750039339065,1825438814.0,0.4748750329017639,,,,,,,,,-0.7674613072873655,-0.0807977473562425
adc,1825511269.0,0.5667500495910645,1825520304.0,-0.1757500022649765,1825529335.0,0.0041249999776482,1825538346.0,0.4628750085830688,,,,,,,,,-0.13615743812708142,-0.03137765543022718
adc,1825611254.0,1.4245001077651978,1825620295.0,-0.1076250076293945,1825629331.0,0.4312500059604645,1825638810.0,0.8106250166893005,,,,,,,,,0.6970448800653727,0.04076014583004312
adc,1825711257.0,1.6623750925064087,1825720296.0,-0.0851250067353248,1825729332.0,2.017750024795532,1825738766.0,1.6656250953674316,,,,,,,,,0.9118909851658126,0.06711408106027186
adc,1825811254.0,-0.1197500079870224,1825820295.0,-0.2027500122785568,1825829332.0,0.9637500643730164,1825838824.0,0.9757500290870668,,,,,,,,,-0.8905263720263105,-0.04691697294844976
adc,1825911262.0,0.5636250376701355,1825920299.0,-0.3391250073909759,1825929336.0,0.4033750295639038,1825938350.0,0.6731250286102295,,,,,,,,,-0.22360630496839354,-0.1800174958357058
adc,1826011257.0,0.5898750424385071,1826020300.0,-0.2223750054836273,1826029347.0,0.0602500028908252,1826038824.0,0.4760000109672546,,,,,,,,,-0.20907166202031716,-0.06032126333087377
adc,1826111260.0,0.9081250429153442,1826120290.0,-0.166250005364418,1826129322.0,0.3672500252723694,1826138351.0,0.5685000419616699,,,,,,,,,0.10283391975313372,-0.001536541949564929
adc,1826211260.0,1.8161250352859497,1826220294.0,-0.1155000030994415,1826229328.0,1.999250054359436,1826238337.0,1.5546250343322754,,,,,,,,,1.0101586697174905,0.05166883996930437
adc,1826311262.0,0.0913750007748603,1826320300.0,-0.0195000004023313,1826329337.0,1.4163750410079956,1826338779.0,1.3013750314712524,,,,,,,,,-0.7096751511677366,0.1500250194510468
adc,1826411251.0,1.6223751306533811,1826420292.0,-0.090375006198883,1826429330.0,0.2957500219345093,1826438517.0,0.6942500472068787,,,,,,,,,0.8313666321523885,0.08151488123842643
adc,1826511260.0,-0.1426250040531158,1826520298.0,-0.4062500298023224,1826529337.0,0.003000000026077,1826538403.0,0.2563750147819519,,,,,,,,,-0.9192958452786724,-0.2318940111314037
adc,1826611262.0,0.6731250286102295,1826620299.0,-0.0621250011026859,1826629330.0,0.0450000017881393,1826638789.0,0.5585000514984131,,,,,,,,,-0.08604416489089958,0.11486294155467727
adc,1826711267.0,1.841625094413757,1826720294.0,-0.0436250008642673,1826729329.0,1.7686251401901243,1826738789.0,1.4315000772476196,,,,,,,,,1.1017772472881313,0.13619085189241198
adc,1826811262.0,1.1668750047683716,1826820299.0,-0.1716250032186508,1826829329.0,1.8046250343322756,1826838822.0,1.5091251134872437,,,,,,,,,0.4467243866736293,0.011210589921083161
adc,1826911257.0,-0.1700000017881393,1826920296.0,-0.3096250295639038,1826929331.0,0.371375024318695,1826938537.0,0.7117500305175781,,,,,,,,,-0.8714925053534657,-0.12361082820409937
adc,1827011258.0,-0.3522500097751617,1827020295.0,-0.3257500231266022,1827029328.0,0.02012500166893,1827038779.0,0.3421250283718109,,,,,,,,,-1.037377558334484,-0.1364507147992089
adc,1827111259.0,0.4621250331401825,1827120293.0,-0.205250009894371,1827129319.0,0.0118750007823109,1827138297.0,0.5671250224113464,,,,,,,,,-0.20990774607056745,-0.012620457496780486
adc,1827211246.0,1.7588751316070557,1827220285.0,0.0388750024139881,1827229314.0,1.5346250534057615,1827238372.0,1.359125018119812,,,,,,,,,1.0960460599051383,0.2348183030693776
adc,1827311256.0,1.1826250553131104,1827320291.0,-0.2366250157356262,1827329322.0,2.035250186920166,1827338798.0,1.7105001211166382,,,,,,,,,0.5248763239123053,-0.03744029712779336
adc,1827411266.0,-0.2400000095367431,1827420301.0,-0.2418750077486038,1827429336.0,0.3913750052452087,1827438531.0,0.9048750400543212,,,,,,,,,-0.8966454870122951,-0.03956707560154058
adc,1827511264.0,-0.1265000104904174,1827520304.0,-0.3415000140666961,1827529336.0,0.0716250017285347,1827538324.0,0.5052500367164612,,,,,,,,,-0.785538132102922,-0.1362199683399894
adc,1827611257.0,0.5276250243186951,1827620293.0,-0.2232500165700912,1827629326.0,0.003000000026077,1827638800.0,0.3526250123977661,,,,,,,,,-0.13655912951553661,-0.015167432124419546
adc,1827711250.0,1.6655000448226929,1827720286.0,-0.0823750048875808,1827729316.0,0.8728750348091125,1827738307.0,0.8646250367164612,,,,,,,,,0.9943186516726853,0.12833539225670157
adc,1827811261.0,1.468500018119812,1827820300.0,-0.1936250030994415,1827829336.0,1.997875094413757,1827838830.0,1.5345001220703125,,,,,,,,,0.7894121896753215,0.01954305439975013
adc,1827911244.0,-0.3892500102519989,1827920283.0,-0.1792500019073486,1827929314.0,0.4148750305175781,1827938508.0,0.7365000247955322,,,,,,,,,-1.0762895776682404,0.03621524266206031
adc,1828011256.0,1.1266250610351562,1828020295.0,-0.3110000193119049,1828029337.0,0.3593750298023224,1828038814.0,0.6210000514984131,,,,,,,,,0.432278927538003,-0.09338708604207037
adc,1828111265.0,0.6085000038146973,1828120307.0,-0.2693750262260437,1828129342.0,0.0488750040531158,1828138330.0,0.4708750247955322,,,,,,,,,-0.09205151344003154,-0.04975375424258562
adc,1828211260.0,0.9843750596046448,1828220298.0,-0.1797500103712082,1828229331.0,0.158375009894371,1828238328.0,0.7332500219345093,,,,,,,,,0.27891640285170566,0.04174891996905413
adc,1828311259.0,1.5501251220703125,1828320296.0,0.0446250028908252,1828329329.0,1.838000059127808,1828338352.0,1.5870001316070557,,,,,,,,,0.8410065726853607,0.26787853249858895
adc,1828411256.0,-0.2817500233650207,1828420293.0,-0.4155000150203705,1828429327.0,0.5733750462532043,1828438566.0,0.9477500319480896,,,,,,,,,-0.9935367199172829,-0.19060677451894187
adc,1828511266.0,0.659250020980835,1828520307.0,-0.3406250178813934,1828529338.0,0.1968750059604644,1828538337.0,0.6520000100135803,,,,,,,,,-0.054604276316565586,-0.11419552658639934
adc,1828611254.0,0.4218750298023224,1828620301.0,-0.2985000014305115,1828629334.0,0.0751250013709068,1828638810.0,0.4461250305175781,,,,,,,,,-0.2938932962762911,-0.0706204483174993
adc,1828711253.0,0.5996250510215759,1828720289.0,-0.2495000064373016,1828729324.0,0.0052500003948807,1828738815.0,0.4087500274181366,,,,,,,,,-0.11833222644293812,-0.020233055170019797
adc,1828811258.0,1.7981250286102295,1828820295.0,0.17637500166893,1828829331.0,1.872125029563904,1828838327.0,1.489625096321106,,,,,,,,,1.0773503827635817,0.406993699160053
adc,1828911255.0,-0.3438750207424164,1828920285.0,-0.4023750126361847,1828929317.0,1.093000054359436,1828938529.0,0.8850000500679016,,,,,,,,,-1.0683389213249148,-0.17041444965288702
adc,1829011256.0,0.9957500696182252,1829020296.0,-0.3847500085830688,1829029331.0,0.3778750300407409,1829038534.0,0.7793750166893005,,,,,,,,,0.26660662391568535,-0.15143735914936432
adc,1829111266.0,0.3253750205039978,1829120302.0,-0.2838750183582306,1829129342.0,0.0047500003129243,1829138349.0,0.4241250157356262,,,,,,,,,-0.4094348095680246,-0.04918875559067834
adc,1829211261.0,0.6296250224113464,1829220296.0,-0.3048750162124634,1829229329.0,0.003000000026077,1829238350.0,0.3516250252723694,,,,,,,,,-0.11173306188355785,-0.06879373340679383
adc,1829311271.0,1.84850013256073,1829320306.0,0.1745000034570694,1829329336.0,1.6995000839233398,1829338547.0,1.3635001182556152,,,,,,,,,1.0998850521293044,0.4119832939879018
adc,1829411260.0,0.6968750357627869,1829420295.0,-0.3443750143051147,1829429327.0,1.459750056266785,1829438801.0,1.386500120162964,,,,,,,,,-0.05950143614496323,-0.10551340832938294
adc,1829511261.0,0.6297500133514404,1829520303.0,-0.3030000030994415,1829529333.0,0.166250005364418,1829538820.0,0.8075000643730164,,,,,,,,,-0.13468573201880085,-0.06282940614447821
adc,1829611254.0,0.1956250071525573,1829620301.0,-0.2988750040531158,1829629337.0,0.0176250003278255,1829638792.0,0.4478750228881836,,,,,,,,,-0.5769738797460406,-0.05751961161293298
adc,1829711262.0,0.5075000524520874,1829720302.0,-0.3005000054836273,1829729333.0,0.0027500002179294,1829738805.0,0.3922500312328338,,,,,,,,,-0.27318684455796693,-0.058139407265254434
adc,1829811255.0,1.7437500953674316,1829820295.0,-0.1731250137090683,1829829333.0,1.321250081062317,1829838549.0,1.0325000286102295,,,,,,,,,0.9552169446061165,0.07001420977305929
adc,1829911248.0,1.3168751001358032,1829920282.0,-0.2806250154972076,1829929315.0,1.9262501001358032,1829938319.0,1.564000129699707,,,,,,,,,0.520895221789318,-0.036965320780406305
adc,1830011258.0,-0.166250005364418,1830020293.0,-0.1532500088214874,1830029324.0,0.3458750247955322,1830038813.0,0.74937504529953,,,,,,,,,-0.9691233030518248,0.09066040898968168
adc,1830111262.0,0.2517500221729278,1830120300.0,-0.3053750097751617,1830129338.0,0.0668750032782554,1830138363.0,0.4828750193119049,,,,,,,,,-0.5573078450642321,-0.061472588868040315
adc,1830211262.0,0.609250009059906,1830220298.0,-0.2533750236034393,1830229331.0,0.0027500002179294,1830238360.0,0.3503750264644623,,,,,,,,,-0.20512583418021127,-0.009704303538525253
adc,1830311259.0,1.696000099182129,1830320292.0,-0.1978750079870224,1830329327.0,0.8352500200271606,1830338373.0,0.8215000629425049,,,,,,,,,0.8773205242970638,0.0453995892110062
adc,1830411251.0,1.5280001163482666,1830420290.0,-0.2088750153779983,1830429325.0,1.946250081062317,1830438313.0,1.7096251249313354,,,,,,,,,0.7061440773970895,0.033921531416392765
adc,1830511250.0,-0.0237500015646219,1830520291.0,-0.2872500121593475,1830529326.0,0.4748750329017639,1830538517.0,0.9361250400543212,,,,,,,,,-0.8476034627464455,-0.04491058007731714
adc,1830611257.0,0.8718750476837158,1830620287.0,-0.3642500042915344,1830629321.0,0.2925000190734863,1830638345.0,0.656125009059906,,,,,,,,,0.0471761537550847,-0.1222288300499752
adc,1830711275.0,0.5791250467300415,1830720307.0,-0.3218750059604645,1830729344.0,0.0026250001974403,1830738526.0,0.3047500252723694,,,,,,,,,-0.24537834557112714,-0.07990892191290243
adc,1830811250.0,0.8603750467300415,1830820290.0,-0.2569999992847442,1830829324.0,0.1100000068545341,1830838407.0,0.6791250109672546,,,,,,,,,0.0369165138127773,-0.01470762997308591
adc,1830911255.0,1.7945001125335691,1830920294.0,0.1463750004768371,1830929327.0,1.8590000867843628,1830938567.0,1.5608750581741333,,,,,,,,,0.9726721622270181,0.38947196361694303
adc,1831011249.0,0.1210000067949295,1831020281.0,-0.301000028848648,1831029312.0,1.0486249923706057,1831038298.0,1.0323750972747805,,,,,,,,,-0.6989333681380753,-0.056559116428675865
adc,1831111247.0,0.7888750433921814,1831120288.0,-0.3472500145435333,1831129326.0,0.2683750092983246,1831138332.0,0.6783750057220459,,,,,,,,,-0.029258157629490168,-0.10091075301077534
adc,1831211254.0,0.5100000500679016,1831220296.0,-0.3387500047683716,1831229325.0,0.0047500003129243,1831238346.0,0.2883750200271606,,,,,,,,,-0.30679489447776714,-0.08999245869881153
adc,1831311251.0,0.6000000238418579,1831320290.0,-0.309125006198883,1831329327.0,0.0028750002384185,1831338343.0,0.2455000132322311,,,,,,,,,-0.21626657355399193,-0.057510958767518085
adc,1831411255.0,1.782750129699707,1831420290.0,-0.098750002682209,1831429329.0,1.5631251335144043,1831438565.0,1.2386250495910645,,,,,,,,,0.965899389459093,0.15603547481332453
adc,1831511264.0,1.2576251029968262,1831520290.0,-0.203000009059906,1831529315.0,1.7937500476837158,1831538654.0,1.5572500228881836,,,,,,,,,0.4388450597925042,0.05511463310281511
adc,1831611253.0,-0.1361250132322311,1831620291.0,-0.2886250019073486,1831629327.0,0.1886250078678131,1831638383.0,0.7306250333786011,,,,,,,,,-0.95831465757592,-0.02720476697775044
adc,1831711252.0,0.7121250629425049,1831720287.0,-0.3567500114440918,1831729317.0,0.0441250018775463,1831738401.0,0.4035000205039978,,,,,,,,,-0.11496059709576933,-0.0922407417142436
adc,1831811251.0,0.4880000352859497,1831820285.0,-0.3036250174045563,1831829317.0,0.002250000135973,1831838545.0,0.4433750212192535,,,,,,,,,-0.345316714850296,-0.0364334151357814
adc,1831911252.0,1.6572500467300415,1831920290.0,-0.1391250044107437,1831929322.0,0.8912500143051147,1831938331.0,0.9250000715255736,,,,,,,,,0.8166912358951757,0.13016991944938844
adc,1832011260.0,1.433375120162964,1832020300.0,-0.2817500233650207,1832029344.0,1.7412500381469729,1832038809.0,1.6278750896453855,,,,,,,,,0.5850570360523704,-0.011071383715110013
adc,1832111258.0,-0.387250006198883,1832120298.0,-0.3203750252723694,1832129333.0,0.132625013589859,1832138316.0,0.8475000262260437,,,,,,,,,-1.2432016662903613,-0.04912929947409099
adc,1832211257.0,0.6658750176429749,1832220297.0,-0.3300000131130218,1832229332.0,0.2490000128746032,1832238796.0,0.6228750348091125,,,,,,,,,-0.1968291518949628,-0.059048108504438646
adc,1832311253.0,0.472875028848648,1832320290.0,-0.3302500247955322,1832329327.0,0.0021250001154839,1832338310.0,0.2788750231266022,,,,,,,,,-0.3948886556459712,-0.060438872954487785
adc,1832411255.0,1.6775001287460327,1832420290.0,-0.2021250128746032,1832429327.0,0.6937500238418579,1832438344.0,0.9012500643730164,,,,,,,,,0.8071607063484112,0.06577155438594554
adc,1832511263.0,1.7577500343322754,1832520296.0,-0.0517500042915344,1832529333.0,1.6497501134872437,1832538820.0,1.508625030517578,,,,,,,,,0.8879950370241086,0.2135865486441888
adc,1832611261.0,-0.4601250290870666,1832620299.0,-0.3742500245571136,1832629337.0,0.0990000069141388,1832638796.0,0.6830000281333923,,,,,,,,,-1.3256661356049968,-0.1119426724443772
adc,1832711262.0,1.5313750505447388,1832720296.0,-0.3882500231266022,1832729332.0,0.1511250138282776,1832738792.0,0.5276250243186951,,,,,,,,,0.6738649265600656,-0.1292269796302054
adc,1832811269.0,0.3160000145435333,1832820306.0,-0.434125006198883,1832829338.0,0.0045000002719461,1832838833.0,0.3075000047683716,,,,,,,,,-0.529801738142555,-0.17840214439059246
adc,1832911251.0,1.6213750839233398,1832920286.0,-0.1993750035762787,1832929318.0,0.7275000214576721,1832938357.0,0.9583750367164612,,,,,,,,,0.790479933822908,0.05327977999522006
adc,1833011254.0,1.805500030517578,1833020285.0,0.1961250156164169,1833029318.0,1.90025007724762,1833038528.0,1.6910001039505005,,,,,,,,,0.9919159346789761,0.44618040482249377
adc,1833111266.0,0.0896250009536743,1833120296.0,-0.4156250059604645,1833129326.0,1.05287504196167,1833138322.0,1.256500005722046,,,,,,,,,-0.7052874114592841,-0.16749647094648074
adc,1833211262.0,0.3156250119209289,1833220296.0,-0.3543750047683716,1833229332.0,0.1146250069141388,1833238311.0,0.6391250491142273,,,,,,,,,-0.4604485901221279,-0.10734836174613266
adc,1833311262.0,-0.092625007033348,1833320300.0,-0.4042500257492065,1833329341.0,0.0020000000949949,1833338836.0,0.2996250092983246,,,,,,,,,-0.8509156052812562,-0.15741318393339299
adc,1833411257.0,0.6970000267028809,1833420298.0,-0.3138750195503235,1833429335.0,0.0026250001974403,1833438311.0,0.5798750519752502,,,,,,,,,-0.045699395859097935,-0.06630342259613209
adc,1833511257.0,1.789750099182129,1833520296.0,0.1883750110864639,1833529329.0,1.7218750715255735,1833538822.0,1.5072500705718994,,,,,,,,,1.0594939283534752,0.4375379957112445
adc,1833611268.0,1.2987500429153442,1833620305.0,-0.2726249992847442,1833629342.0,1.5936250686645508,1833638800.0,1.5758750438690186,,,,,,,,,0.5770773850469894,-0.02116318774876061
adc,1833711260.0,0.1950000077486038,1833720298.0,-0.3117500245571136,1833729331.0,0.2280000150203704,1833738806.0,0.8231250643730164,,,,,,,,,-0.5223742700502862,-0.05750547283175039
adc,1833811249.0,-0.3763750195503235,1833820287.0,-0.3516250252723694,1833829322.0,0.0078750001266598,1833838535.0,0.3587500154972076,,,,,,,,,-1.093848986263781,-0.09439503792714482
adc,1833911261.0,0.5048750042915344,1833920300.0,-0.3282500207424164,1833929335.0,0.0056250002235174,1833938339.0,0.4022500216960907,,,,,,,,,-0.21689056312491517,-0.06814580664219554
adc,1834011264.0,1.6966251134872437,1834020298.0,-0.1085000038146972,1834029335.0,1.4086251258850098,1834038724.0,1.158500075340271,,,,,,,,,0.9668797029121206,0.15405022196096624
adc,1834111254.0,1.2812501192092896,1834120286.0,-0.2743750214576721,1834129321.0,1.808250069618225,1834138564.0,1.5042500495910645,,,,,,,,,0.5405854880079197,-0.01009679794533367
adc,1834211248.0,-0.1792500019073486,1834220284.0,-0.2824999988079071,1834229318.0,0.207500010728836,1834238726.0,0.7892500162124634,,,,,,,,,-0.9328533771080517,-0.017446013446696655
adc,1834311266.0,0.6883750557899475,1834320301.0,-0.3546250164508819,1834329332.0,0.0913750007748603,1834338724.0,0.4483750164508819,,,,,,,,,-0.07917872337500222,-0.08990179169160892
adc,1834411263.0,0.596625030040741,1834420300.0,-0.3580000102519989,1834429329.0,0.0020000000949949,1834438316.0,0.3163750171661377,,,,,,,,,-0.1848780272875361,-0.09477050045533006
adc,1834511259.0,1.7258751392364502,1834520298.0,-0.1163750067353248,1834529329.0,0.7592500448226929,1834538726.0,0.7888750433921814,,,,,,,,,0.9313632016536727,0.14424811132023338
adc,1834611255.0,1.5402500629425049,1834620296.0,-0.296875,1834629332.0,1.7477500438690186,1834638725.0,1.4412500858306885,,,,,,,,,0.7344685796716364,-0.03981595165671423
adc,1834711266.0,-0.4470000267028808,1834720301.0,-0.3335000276565552,1834729339.0,0.218625009059906,1834738735.0,0.7550000548362732,,,,,,,,,-1.2616986929436753,-0.0807161618878148
adc,1834811263.0,0.987250030040741,1834820300.0,-0.3171250224113464,1834829335.0,0.2998750209808349,1834838755.0,0.4881250262260437,,,,,,,,,0.16639453170288002,-0.06901291178375067
adc,1834911257.0,0.5476250052452087,1834920287.0,-0.437375009059906,1834929315.0,0.0270000007003545,1834938329.0,0.3881250321865082,,,,,,,,,-0.2764210170574292,-0.19398144529350278
adc,1835011260.0,1.225250005722046,1835020295.0,-0.2632500231266022,1835029329.0,0.5986250042915344,1835038752.0,0.703000009059906,,,,,,,,,0.40099930092906216,-0.024276255143398484
adc,1835111257.0,1.6792501211166382,1835120286.0,0.5742500424385071,1835129321.0,1.917750120162964,1835138764.0,1.612375020980835,,,,,,,,,0.8576354219917962,0.8094026624272657
adc,1835211247.0,-0.3910000324249267,1835220276.0,-0.4308750331401825,1835229310.0,0.8332500457763672,1835238757.0,1.2153750658035278,,,,,,,,,-1.2074210997283834,-0.1987265353852648
adc,1835311250.0,0.8952500224113464,1835320287.0,-0.3852500319480896,1835329318.0,0.2282500118017196,1835338531.0,0.7450000643730164,,,,,,,,,0.08619027047739108,-0.15517458626266634
adc,1835411258.0,0.6468750238418579,1835420288.0,-0.379250019788742,1835429324.0,0.0038750001695007,1835438801.0,0.3521250188350677,,,,,,,,,-0.15312215531243262,-0.15031326852254367
adc,1835511258.0,0.7781250476837158,1835520300.0,-0.3337500095367431,1835529333.0,0.3372500240802765,1835538510.0,0.5866250395774841,,,,,,,,,-0.011627839924723105,-0.10511762459185466
adc,1835611256.0,1.8280000686645508,1835620295.0,0.1138750091195106,1835629327.0,1.692500114440918,1835638715.0,1.4420000314712524,,,,,,,,,1.0491151527965592,0.3428499449417346
adc,1835711260.0,-0.0483750030398368,1835720304.0,-0.2605000138282776,1835729338.0,0.9258750677108764,1835738706.0,1.1281250715255735,,,,,,,,,-0.8163541882898813,-0.030789827213917542
adc,1835811271.0,0.8905000686645508,1835820307.0,-0.3243750035762787,1835829339.0,0.4150000214576721,1835838731.0,0.7973750233650208,,,,,,,,,0.132863780090386,-0.09383383149724574
adc,1835911260.0,0.465125024318695,1835920293.0,-0.3521250188350677,1835929327.0,0.0226250011473894,1835938321.0,0.3385000228881836,,,,,,,,,-0.2833278452559709,-0.12096983324289967
adc,1836011264.0,0.62437504529953,1836020303.0,-0.3477500081062317,1836029337.0,0.0212500002235174,1836038761.0,0.418500006198883,,,,,,,,,-0.1166239956528092,-0.11649807901938468
adc,1836111251.0,1.7685000896453855,1836120284.0,0.2057500034570694,1836129322.0,1.5667500495910645,1836138766.0,1.3636250495910645,,,,,,,,,1.0327068460780904,0.4363203537172877
adc,1836211247.0,1.0099999904632568,1836220283.0,-0.332375019788742,1836229310.0,1.6762501001358032,1836238794.0,1.52162504196167,,,,,,,,,0.2767272707413491,-0.103462164889913
adc,1836311259.0,-0.1236250028014183,1836320293.0,-0.2880000174045563,1836329329.0,0.3846250176429748,1836338307.0,0.9178750514984132,,,,,,,,,-0.8573822112998675,-0.061833144932732044
adc,1836411245.0,0.1435000002384185,1836420276.0,-0.3285000026226043,1836429307.0,0.0525000020861625,1836438312.0,0.4375000298023224,,,,,,,,,-0.5939093115053429,-0.10617687736824818
adc,1836511261.0,0.5602500438690186,1836520299.0,-0.2842500209808349,1836529335.0,0.0023750001564621,1836538793.0,0.2985000014305115,,,,,,,,,-0.1839529961853197,-0.06676213041878092
adc,1836611255.0,1.5951250791549685,1836620290.0,-0.1170000061392784,1836629324.0,1.0366250276565552,1836638723.0,1.052125096321106,,,,,,,,,0.8412118515522613,0.09488545700281506
adc,1836711256.0,1.2288750410079956,1836720293.0,-0.3625000119209289,1836729330.0,1.506625056266785,1836738716.0,1.3391250371932983,,,,,,,,,0.46274521324166573,-0.15665187250932242
adc,1836811245.0,-0.0100000007078051,1836820284.0,-0.0298750009387731,1836829313.0,0.08262500166893,1836838756.0,0.7927500605583191,,,,,,,,,-0.7902907108960382,0.1699183171345831
adc,1836911255.0,0.5827500224113464,1836920292.0,-0.3742500245571136,1836929326.0,0.1641250103712082,1836938537.0,0.4067500233650207,,,,,,,,,-0.21297414316670357,-0.1800607918954797
adc,1837011256.0,0.4845000207424164,1837020297.0,-0.3677500188350677,1837029329.0,0.0020000000949949,1837038768.0,0.2766250073909759,,,,,,,,,-0.32719720354013665,-0.1782380490838822
adc,1837111257.0,1.7450001239776611,1837120294.0,-0.1490000039339065,1837129332.0,0.7692500352859497,1837138736.0,0.877375066280365,,,,,,,,,0.9175311909910787,0.03719738854871582
adc,1837211256.0,1.652000069618225,1837220290.0,0.4586250185966491,1837229323.0,1.592000126838684,1837238793.0,1.3852500915527344,,,,,,,,,0.8096561029266959,0.643218232384406
adc,1837311260.0,-0.2985000014305115,1837320301.0,-0.2823750078678131,1837329336.0,0.3330000042915344,1837338777.0,0.8928750157356262,,,,,,,,,-1.1542170828748746,-0.09745661611382056
adc,1837411255.0,1.059249997138977,1837420296.0,-0.4046250283718109,1837429327.0,0.1368750035762787,1837438313.0,0.3920000195503235,,,,,,,,,0.19214880882211358,-0.2173880332687451
adc,1837511257.0,0.4677500128746032,1837520294.0,-0.301250010728836,1837529324.0,0.0020000000949949,1837538803.0,0.2762500047683716,,,,,,,,,-0.4083905283665886,-0.10979997732045302
adc,1837611263.0,0.8071250319480896,1837620303.0,-0.3377500176429748,1837629335.0,0.0470000021159648,1837638777.0,0.5547500252723694,,,,,,,,,-0.07549160515691303,-0.14044637977090055
adc,1837711252.0,1.7852500677108765,1837720284.0,0.3440000116825104,1837729319.0,1.7293751239776611,1837738758.0,1.4263750314712524,,,,,,,,,0.8987979846245326,0.548409676245917
adc,1837811257.0,0.7586250305175781,1837820290.0,-0.2702500224113464,1837829323.0,1.2140001058578491,1837838819.0,1.2433750629425049,,,,,,,,,-0.1290855345586456,-0.05797373168440942
adc,1837911262.0,0.9918750524520874,1837920299.0,-0.3188750147819519,1837929329.0,0.1107500046491622,1837938778.0,0.6680000424385071,,,,,,,,,0.1052881086577521,-0.09852694751590294
adc,1838011249.0,0.0460000038146972,1838020290.0,-0.3798750042915344,1838029327.0,0.0020000000949949,1838038308.0,0.2918750047683716,,,,,,,,,-0.8373843056163224,-0.15182118748063247
adc,1838111262.0,0.8595000505447388,1838120307.0,-0.3288750052452087,1838129339.0,0.0028750002384185,1838138792.0,0.379250019788742,,,,,,,,,-0.018981392818882226,-0.09401754372028998
adc,1838211257.0,1.779125094413757,1838220294.0,-0.0786250010132789,1838229326.0,1.383875012397766,1838238335.0,1.117875099182129,,,,,,,,,0.9068274706058667,0.16167982893851146
adc,1838311271.0,1.2443751096725464,1838320314.0,-0.3311250209808349,1838329350.0,1.7022501230239868,1838338712.0,1.486125111579895,,,,,,,,,0.3791161963696927,-0.08706445415385218
adc,1838411248.0,-0.1146250069141388,1838420283.0,-0.3051250278949737,1838429318.0,0.166125014424324,1838438756.0,0.6487500071525574,,,,,,,,,-0.9723909488668574,-0.05919304599741557
adc,1838511268.0,0.4766250252723694,1838520308.0,-0.2958750128746032,1838529345.0,0.039375003427267,1838538766.0,0.4301250278949737,,,,,,,,,-0.3735395906255129,-0.04999623214163733
adc,1838611258.0,0.6551250219345093,1838620294.0,-0.2741250097751617,1838629329.0,0.0031250000465661,1838638722.0,0.2796249985694885,,,,,,,,,-0.18760166929471112,-0.030116304120602316
adc,1838711255.0,1.6886250972747805,1838720289.0,-0.139500007033348,1838729323.0,0.8728750348091125,1838738344.0,0.8851250410079956,,,,,,,,,0.8529771066256755,0.10106016284547686
adc,1838811263.0,1.392375111579895,1838820298.0,-0.16075000166893,1838829327.0,1.8476251363754272,1838838745.0,1.6665000915527344,,,,,,,,,0.5633105166111596,0.0751244393967912
adc,1838911261.0,-0.3972500264644623,1838920296.0,-0.2900000214576721,1838929330.0,0.3787500262260437,1838938387.0,0.7452500462532043,,,,,,,,,-1.2203290434765108,-0.059638940692680345
adc,1839011263.0,0.8673750162124634,1839020298.0,-0.2982500195503235,1839029334.0,0.0950000062584877,1839038816.0,0.4700000286102295,,,,,,,,,0.049587284923399366,-0.07378969348757775
adc,1839111251.0,0.6761250495910645,1839120288.0,-0.3060000240802765,1839129321.0,0.0026250001974403,1839138336.0,0.3457500040531158,,,,,,,,,-0.13718161763225561,-0.08739487924202753
adc,1839211248.0,1.6405000686645508,1839220288.0,-0.2061250060796737,1839229322.0,0.3307500183582306,1839238655.0,0.6447500586509705,,,,,,,,,0.8307068499307091,0.007060054577303555
adc,1839311262.0,1.5823750495910645,1839320297.0,0.2417500168085098,1839329331.0,1.7880001068115234,1839338349.0,1.4587501287460327,,,,,,,,,0.7749163348069352,0.4502644926038837
adc,1839411257.0,0.0686250030994415,1839420294.0,-0.2796249985694885,1839429325.0,0.7463750243186951,1839438344.0,1.043000102043152,,,,,,,,,-0.7379364235040884,-0.07481555080072608
adc,1839511258.0,0.7898750305175781,1839520298.0,-0.3205000162124634,1839529333.0,0.3188750147819519,1839538342.0,0.6673750281333923,,,,,,,,,-0.017499972389508085,-0.11832333442767815
adc,1839611262.0,0.1550000011920929,1839620294.0,-0.3172500133514404,1839629323.0,0.0027500002179294,1839638802.0,0.2768750190734863,,,,,,,,,-0.6551388906982244,-0.11663425529515305
adc,1839711256.0,0.6348750591278076,1839720297.0,-0.2458750158548355,1839729334.0,0.0033750000875443,1839738815.0,0.2277500182390213,,,,,,,,,-0.18013107565396905,-0.04584307602500335
adc,1839811267.0,1.7020000219345093,1839820298.0,0.0435000024735927,1839829333.0,1.1712501049041748,1839838815.0,1.0075000524520874,,,,,,,,,0.8799971778993155,0.24375521481131293
adc,1839911264.0,1.0720000267028809,1839920298.0,-0.2547500133514404,1839929328.0,0.9021250605583192,1839938321.0,0.8083750605583191,,,,,,,,,0.2409951609042053,-0.053687760202904125
adc,1840011258.0,0.2326250076293945,1840020294.0,-0.2900000214576721,1840029331.0,0.1648750007152557,1840038443.0,0.5593750476837158,,,,,,,,,-0.6091040626484769,-0.08780026469768686
adc,1840111257.0,0.6200000047683716,1840120301.0,-0.2536250054836273,1840129323.0,0.3985000252723694,1840138544.0,0.4525000154972076,,,,,,,,,-0.23373598734951648,-0.05021714273605486
adc,1840211252.0,0.445125013589859,1840220290.0,-0.195125013589859,1840229324.0,0.4243750274181366,1840238406.0,0.5851250290870667,,,,,,,,,-0.42132030514447505,0.009316637260543777
adc,1840311270.0,1.6563750505447388,1840320303.0,-0.2063750028610229,1840329338.0,1.0996251106262207,1840338821.0,1.1256250143051147,,,,,,,,,0.7772070502311706,-0.0012865726540999267
adc,1840411254.0,1.6206250190734863,1840420283.0,-0.038000002503395,1840429317.0,1.761250138282776,1840438318.0,1.6683751344680786,,,,,,,,,0.7294706958788275,0.16717948764162657
adc,1840511255.0,-0.4512500166893005,1840520295.0,-0.4441250264644623,1840529330.0,0.0622500032186508,1840538536.0,0.6343750357627869,,,,,,,,,-1.3529011252805967,-0.23952888195241948
adc,1840611265.0,1.1815000772476196,1840620307.0,-0.2468750178813934,1840629343.0,0.4710000157356262,1840638799.0,0.6630000472068787,,,,,,,,,0.27153949845283504,-0.043604727099851866
adc,1840711258.0,0.5358750224113464,1840720296.0,-0.2385000139474868,1840729327.0,0.0032500000670552,1840738815.0,0.3236250281333923,,,,,,,,,-0.3796228171368124,-0.03732040605674428
adc,1840811260.0,1.7320001125335691,1840820297.0,0.0986250042915344,1840829335.0,0.6035000085830688,1840838582.0,0.8815000653266907,,,,,,,,,0.8141543919215538,0.2969631052550794
adc,1840911263.0,1.5885000228881836,1840920298.0,-0.1300000101327896,1840929336.0,1.607500076293945,1840938326.0,1.523875117301941,,,,,,,,,0.6716986293695271,0.06478421958678846
adc,1841011258.0,-0.0585000030696392,1841020292.0,-0.3335000276565552,1841029332.0,0.4942500293254852,1841038822.0,0.8880000710487366,,,,,,,,,-0.9709047464266274,-0.142930233643076
adc,1841111263.0,1.236375093460083,1841120302.0,-0.3287500143051147,1841129338.0,0.4488750100135803,1841138509.0,0.7001250386238098,,,,,,,,,0.3314340338775165,-0.14299848042350222
adc,1841211254.0,0.3255000114440918,1841220291.0,-0.2632500231266022,1841229325.0,0.0027500002179294,1841238351.0,0.3778750300407409,,,,,,,,,-0.5694188636273547,-0.0828651732730632
adc,1841311259.0,1.077125072479248,1841320297.0,-0.1486250013113021,1841329330.0,0.1111250072717666,1841338796.0,0.5201250314712524,,,,,,,,,0.1940952659967896,0.02589280410656139
adc,1841411254.0,1.82212507724762,1841420295.0,0.2115000039339065,1841429334.0,1.4141250848770142,1841438345.0,1.3921250104904177,,,,,,,,,0.9520287667826133,0.37968504879670945
adc,1841511253.0,0.6192500591278076,1841520291.0,-0.2177500128746032,1841529322.0,1.0908750295639038,1841538540.0,1.1666250228881836,,,,,,,,,-0.23775864065527308,-0.05634608062190494
adc,1841611260.0,0.7081250548362732,1841620299.0,-0.2507500052452087,1841629338.0,0.2272500097751617,1841638817.0,0.7041250467300415,,,,,,,,,-0.13652647869415974,-0.09657380146143582
adc,1841711248.0,-0.1142500042915344,1841720276.0,-0.2285000085830688,1841729308.0,0.0120000001043081,1841738379.0,0.3731250166893005,,,,,,,,,-0.9480746477387068,-0.08200355517218866
adc,1841811259.0,0.7586250305175781,1841820297.0,-0.1591250002384185,1841829328.0,0.0105000007897615,1841838549.0,0.6140000224113464,,,,,,,,,-0.06654597468841361,-0.020759459027060046
adc,1841911256.0,1.64900004863739,1841920292.0,0.0316250026226043,1841929326.0,1.1296250820159912,1841938315.0,1.1407500505447388,,,,,,,,,0.8298756649091567,0.16143029550552973
adc,1842011255.0,1.5627501010894775,1842020289.0,-0.1720000058412552,1842029330.0,1.7480000257492063,1842038315.0,1.5901250839233398,,,,,,,,,0.7468681504499354,-0.05112858834830149
adc,1842111266.0,-0.0530000030994415,1842120306.0,-0.1793750077486038,1842129342.0,0.1391250044107437,1842138331.0,0.6796250343322754,,,,,,,,,-0.8683983614529228,-0.06771221215826406
adc,1842211264.0,-0.1290000081062317,1842220299.0,-0.2363750040531158,1842229329.0,0.1511250138282776,1842238420.0,0.4430000185966491,,,,,,,,,-0.9463972158234848,-0.13404937328227606
adc,1842311259.0,0.6445000171661377,1842320288.0,-0.0825000032782554,1842329320.0,0.0035000001080334,1842338374.0,0.2596250176429748,,,,,,,,,-0.17690237670168774,0.010550739279911743
adc,1842411268.0,1.6915000677108765,1842420301.0,-0.0816250070929527,1842429338.0,0.8070000410079956,1842438384.0,0.643625020980835,,,,,,,,,0.8647058162129938,0.0024378730717559208
adc,1842511262.0,1.6653751134872437,1842520302.0,0.1380000114440918,1842529336.0,1.6528750658035278,1842538522.0,1.3352500200271606,,,,,,,,,0.8324882559943457,0.2136028102758944
adc,1842611256.0,0.2756250202655792,1842620298.0,-0.160625010728836,1842629334.0,0.3655000030994415,1842638821.0,0.8597500324249268,,,,,,,,,-0.5633857281856094,-0.09272017236127203
adc,1842711244.0,0.8925000429153442,1842720270.0,-0.2157500088214874,1842729300.0,0.4212500154972076,1842738346.0,0.5731250047683716,,,,,,,,,0.04791755328787643,-0.15457659868492898
adc,1842811250.0,0.2783749997615814,1842820291.0,-0.0122500006109476,1842829322.0,0.003000000026077,1842838329.0,0.4131250083446502,,,,,,,,,-0.5707763070057954,0.043310969507704106
adc,1842911249.0,0.9847500324249268,1842920287.0,-0.0953750014305114,1842929318.0,0.0877500027418136,1842938322.0,0.5671250224113464,,,,,,,,,0.1323264440268883,-0.044225853571572465
adc,1843011263.0,1.776750087738037,1843020300.0,0.2458750158548355,1843029333.0,1.4185000658035278,1843038319.0,1.1903750896453855,,,,,,,,,0.9224808217610752,0.29381008069781345
adc,1843111248.0,1.3302500247955322,1843120288.0,0.0937500074505806,1843129328.0,1.4032500982284546,1843138624.0,1.152500033378601,,,,,,,,,0.47553929573459797,0.1395760256739181
adc,1843211272.0,0.0846250057220459,1843220309.0,-0.1805000156164169,1843229345.0,0.2205000072717666,1843238838.0,0.4657500088214874,,,,,,,,,-0.7692682567984864,-0.1358543497767947
adc,1843311251.0,-0.2216250151395797,1843320285.0,-0.1362500041723251,1843329319.0,0.0048750001005828,1843338426.0,0.3956250250339508,,,,,,,,,-1.0736669167393662,-0.09209762230711703
adc,1843411255.0,0.7846250534057617,1843420289.0,-0.0927500054240226,1843429320.0,0.0035000001080334,1843438343.0,0.301250010728836,,,,,,,,,-0.06479398651757295,-0.04868338234414317
adc,1843511251.0,1.5123751163482666,1843520291.0,-0.0233750008046627,1843529323.0,0.9081250429153442,1843538387.0,0.8547500371932983,,,,,,,,,0.666075978697863,0.020726503851908454
adc,1843611257.0,1.5301250219345093,1843620292.0,0.0265000015497207,1843629328.0,1.5827500820159912,1843638395.0,1.357500076293945,,,,,,,,,0.6871584090701923,0.07049079703745184
adc,1843711267.0,0.1555000096559524,1843720310.0,-0.2573750019073486,1843729348.0,0.4353750348091125,1843738330.0,0.7285000085830688,,,,,,,,,-0.6842289777680763,-0.21386471828596082
adc,1843811250.0,0.6662500500679016,1843820286.0,-0.0732500031590461,1843829321.0,0.2335000038146972,1843838398.0,0.4291250109672546,,,,,,,,,-0.17068178533933456,-0.0307598128995841
adc,1843911263.0,0.609000027179718,1843920301.0,-0.1235000044107437,1843929338.0,0.0028750002384185,1843938539.0,0.3156250119209289,,,,,,,,,-0.22596656833645812,-0.08268239838712374
adc,1844011251.0,1.4223750829696655,1844020293.0,0.0621250011026859,1844029333.0,0.1651250123977661,1844038791.0,0.4048750102519989,,,,,,,,,0.5881073710809058,0.10055464735193402
adc,1844111252.0,1.6978750228881836,1844120289.0,0.2960000038146972,1844129326.0,1.614625096321106,1844138633.0,1.3606250286102295,,,,,,,,,0.8625799382796706,0.3313005232569757
adc,1844211249.0,0.9373750686645508,1844220282.0,-0.0875000059604644,1844229314.0,1.1601250171661377,1844238808.0,0.946000039577484,,,,,,,,,0.0988799574429009,-0.05607226923776418
adc,1844311263.0,0.6457500457763672,1844320291.0,-0.1300000101327896,1844329323.0,0.5897500514984131,1844338803.0,0.5973750352859497,,,,,,,,,-0.1984870423085623,-0.10317758048899088
adc,1844411263.0,-0.3822500109672546,1844420306.0,-0.0817500054836273,1844429339.0,0.08262500166893,1844438828.0,0.4592500329017639,,,,,,,,,-1.234983889041384,-0.060244152461132704
adc,1844511255.0,0.4245000183582306,1844520298.0,0.0293750017881393,1844529331.0,0.0037500001490116,1844538321.0,0.1262499988079071,,,,,,,,,-0.4394692072205938,0.044885614366450007
adc,1844611270.0,1.3157501220703125,1844620307.0,-0.0472500026226043,1844629344.0,0.0208750013262033,1844638789.0,0.2347500175237655,,,,,,,,,0.4380922396508112,-0.0383665807252023
adc,1844711261.0,0.9325000643730164,1844720303.0,-0.0216250009834766,1844729342.0,0.2836250066757202,1844738832.0,0.6078750491142273,,,,,,,,,0.039245768426833444,-0.019938300536660583
adc,1844811267.0,0.9510000348091124,1844820299.0,-0.0176250003278255,1844829336.0,0.3568750023841858,1844838814.0,0.7015000581741333,,,,,,,,,0.04099235961725914,-0.023627310806931867
adc,1844911258.0,1.0102500915527344,1844920296.0,0.0506250038743019,1844929336.0,1.033500075340271,1844938816.0,1.1682500839233398,,,,,,,,,0.08320289021915414,0.03652986819461315
adc,1845011260.0,1.2776250839233398,1845020295.0,0.0445000007748603,1845029328.0,1.0007500648498535,1845038321.0,1.3417500257492063,,,,,,,,,0.3341485713578407,0.022002180540083214
adc,1845111256.0,1.3410000801086426,1845120291.0,0.0598750039935112,1845129325.0,1.4391250610351562,1845138552.0,1.539875030517578,,,,,,,,,0.38254121472820024,0.028757227747691586
adc,1845211258.0,0.8203750252723694,1845220295.0,-0.0412500016391277,1845229329.0,1.489875078201294,1845238532.0,1.4610000848770142,,,,,,,,,-0.1509046789115116,-0.08112051726045903
adc,1845311252.0,0.7688750624656677,1845320290.0,0.0861250013113021,1845329323.0,1.4338750839233398,1845338535.0,1.4033750295639038,,,,,,,,,-0.21250558571158154,0.0374396066626686
adc,1845411254.0,0.9408750534057616,1845420291.0,0.0755000039935112,1845429326.0,1.3507500886917114,1845438790.0,1.5592501163482666,,,,,,,,,-0.047492051307413935,0.017990077480676978
adc,1845511259.0,1.0017499923706057,1845520298.0,0.090875007212162,1845529330.0,1.4846251010894775,1845538533.0,1.5761250257492063,,,,,,,,,0.009752238222064214,0.02456265687982055
adc,1845611257.0,0.9453750252723694,1845620300.0,0.0668750032782554,1845629336.0,1.6670000553131104,1845638318.0,1.7761250734329224,,,,,,,,,-0.046790520907152695,-0.008207070704298236
adc,1845711259.0,0.987250030040741,1845720297.0,0.0832500010728836,1845729325.0,1.8193750381469729,1845738303.0,1.810625076293945,,,,,,,,,-0.0016275379252436092,-0.000577737813221393
adc,1845811248.0,0.8702500462532043,1845820296.0,0.0792500004172325,1845829331.0,1.940000057220459,1845838328.0,1.9193750619888303,,,,,,,,,-0.11198803745283469,-0.013323099661895613
adc,1845911256.0,0.9241250157356262,1845920291.0,0.0956250056624412,1845929330.0,1.940000057220459,1845938389.0,1.8946250677108765,,,,,,,,,-0.04831179671743608,-0.005726372841127051
adc,1846011252.0,0.9881250262260436,1846020292.0,0.1165000051259994,1846029340.0,1.9542500972747805,1846038780.0,1.907500147819519,,,,,,,,,0.028382230280225434,0.006301067895020466
adc,1846111257.0,1.0958750247955322,1846120292.0,0.1330000013113021,1846129320.0,1.9426250457763672,1846138662.0,1.9717501401901243,,,,,,,,,0.1513726768815371,0.013850953441604114
adc,1846211249.0,0.9395000338554382,1846220281.0,0.1053750067949295,1846229319.0,2.0208749771118164,1846238799.0,2.064375162124634,,,,,,,,,0.01236224525248265,-0.022851319380918843
adc,1846311253.0,0.8891250491142273,1846320292.0,0.1261250078678131,1846329327.0,1.9855000972747805,1846338793.0,2.032500028610229,,,,,,,,,-0.019017868540084325,-0.011317289231567914
adc,1846411264.0,0.9420000314712524,1846420307.0,0.1430000066757202,1846429341.0,2.0336251258850098,1846438796.0,2.0435001850128174,,,,,,,,,0.05392798406789428,-0.003792502361747203
adc,1846511256.0,0.8426250219345093,1846520294.0,0.1552500128746032,1846529327.0,2.013625144958496,1846538820.0,2.0673751831054688,,,,,,,,,-0.024896293575604675,-0.0010055006980142986
adc,1846611253.0,0.8962500691413879,1846620289.0,0.1655000150203704,1846629325.0,2.020625114440918,1846638788.0,2.0466251373291016,,,,,,,,,0.04914727906532419,-0.0002937491521361191
adc,1846711255.0,0.8670000433921814,1846720296.0,0.1963750123977661,1846729331.0,2.0693750381469727,1846738769.0,2.0626251697540283,,,,,,,,,0.03958698280744659,0.021018861258416663
adc,1846811251.0,0.7467500567436218,1846820288.0,0.1926250159740448,1846829319.0,2.0371251106262207,1846838304.0,2.1378750801086426,,,,,,,,,-0.06224876983105702,0.007743362608189475
adc,1846911267.0,0.7500000596046448,1846920306.0,0.181750014424324,1846929342.0,1.9188750982284544,1846938825.0,2.111875057220459,,,,,,,,,-0.042322715817932344,-0.012553546453580656
adc,1847011252.0,0.7513750195503235,1847020289.0,0.1855000108480453,1847029322.0,1.6371251344680786,1847038805.0,2.000500202178955,,,,,,,,,-0.02635865782334196,-0.018053888118064482
adc,1847111253.0,0.6690000295639038,1847120288.0,0.2188750058412552,1847129323.0,1.5028750896453855,1847138437.0,1.8357501029968264,,,,,,,,,-0.09644464342158128,0.0063070810688195976
adc,1847211250.0,0.7362500429153442,1847220288.0,0.2283750176429748,1847229328.0,1.4298750162124634,1847238822.0,1.7388750314712524,,,,,,,,,-0.019272816674553293,0.007086351449800208
adc,1847311256.0,0.7766250371932983,1847320297.0,0.2288750112056732,1847329330.0,1.3640000820159912,1847338809.0,1.7236250638961792,,,,,,,,,0.028733428905705443,-0.0007963464289515942
adc,1847411252.0,0.7416250109672546,1847420290.0,0.2436250150203704,1847429322.0,1.298625111579895,1847438790.0,1.674375057220459,,,,,,,,,-0.0007199902771011443,0.0059375740735898
adc,1847511262.0,0.7668750286102295,1847520297.0,0.2445000112056732,1847529328.0,1.1857500076293943,1847538791.0,1.6386250257492063,,,,,,,,,0.028303078005210758,-0.0008277133615164855
adc,1847611255.0,0.752625048160553,1847620295.0,0.2528750002384186,1847629330.0,1.0912500619888306,1847638777.0,1.6190000772476196,,,,,,,,,0.01643858189059259,0.00027064015829529
adc,1847711262.0,0.7580000162124634,1847720302.0,0.2587500214576721,1847729339.0,1.156000018119812,1847738790.0,1.6326251029968262,,,,,,,,,0.023239677771298373,-0.000801395210534383
adc,1847811247.0,0.7466250061988831,1847820286.0,0.270000010728836,1847829323.0,1.0791250467300415,1847838334.0,1.6591250896453855,,,,,,,,,0.012770060099487293,0.003776075563797228
adc,1847911255.0,0.7455000281333923,1847920285.0,0.2848750054836273,1847929317.0,1.090000033378601,1847938396.0,1.5988750457763672,,,,,,,,,0.012450370416956267,0.012179598780338741
adc,1848011257.0,0.7120000123977661,1848020291.0,0.2997500002384186,1848029329.0,1.058000087738037,1848038345.0,1.602250099182129,,,,,,,,,-0.01996512068178953,0.020696321747930874
adc,1848111261.0,0.7661250233650208,1848120297.0,0.265375018119812,1848129328.0,1.1346250772476196,1848138551.0,1.639875054359436,,,,,,,,,0.035844411086686685,-0.020020394063883715
adc,1848211250.0,0.7442500591278076,1848220279.0,0.2939999997615814,1848229314.0,1.081375002861023,1848238366.0,1.6350001096725464,,,,,,,,,0.016505181044107985,0.0021805392100292635
adc,1848311255.0,0.7243750095367432,1848320289.0,0.2780000269412994,1848329323.0,0.9217500686645508,1848338797.0,1.5321251153945925,,,,,,,,,0.00019399537423479482,-0.02041979710522173
adc,1848411243.0,0.6857500076293945,1848420277.0,0.3148750066757202,1848429307.0,0.7926250100135803,1848438283.0,1.5172500610351562,,,,,,,,,-0.033735488809416826,0.009595974151597717
adc,1848511261.0,0.7172500491142273,1848520301.0,0.3023750185966491,1848529332.0,0.8637500405311584,1848538330.0,1.5816251039505005,,,,,,,,,0.0036274374805841426,-0.010087732696494368
adc,1848611257.0,0.705750048160553,1848620297.0,0.309125006198883,1848629327.0,0.8371250629425049,1848638773.0,1.534250020980835,,,,,,,,,-0.0008654758648369383,-0.010891177938736814
adc,1848711266.0,0.6913750171661377,1848720301.0,0.3260000050067901,1848729337.0,0.7973750233650208,1848738770.0,1.5120000839233398,,,,,,,,,-0.007160292959099068,-0.0019625656211388585
adc,1848811249.0,0.6961250305175781,1848820282.0,0.3400000035762787,1848829311.0,0.8108750581741333,1848838295.0,1.5420000553131104,,,,,,,,,0.006636019307951659,0.003696187208019411
adc,1848911261.0,0.6793750524520874,1848920298.0,0.3448750078678131,1848929331.0,0.8263750672340393,1848938802.0,1.542375087738037,,,,,,,,,-0.00023240171234755955,-0.00014803796039492717
adc,1849011256.0,0.6636250019073486,1849020298.0,0.3555000126361847,1849029331.0,0.6352500319480896,1849038544.0,1.443875074386597,,,,,,,,,-0.005408407402424969,0.0014113666723423897
adc,1849111260.0,0.6632500290870667,1849120304.0,0.3617500066757202,1849129345.0,0.6181250214576721,1849138328.0,1.5023751258850098,,,,,,,,,0.005339445770237688,-0.00170922470640986
adc,1849211253.0,0.6386250257492065,1849220293.0,0.3831250071525574,1849229328.0,0.7701250314712524,1849238802.0,1.5353751182556152,,,,,,,,,-0.007748902439732343,0.010036081409982462
adc,1849311263.0,0.6106250286102295,1849320296.0,0.3855000138282776,1849329332.0,0.7483750581741333,1849338809.0,1.53962504863739,,,,,,,,,-0.023916702826163497,0.002567631111029977
adc,1849411251.0,0.6322500109672546,1849420290.0,0.3961250185966491,1849429327.0,0.781125009059906,1849438779.0,1.5421251058578491,,,,,,,,,0.009740124049795698,0.003175980775256525
adc,1849511252.0,0.6188750267028809,1849520287.0,0.405875027179718,1849529318.0,0.8008750677108765,1849538341.0,1.5731251239776611,,,,,,,,,0.008526444685373216,0.0027688282591050387
adc,1849611247.0,0.5873750448226929,1849620287.0,0.4247500300407409,1849629323.0,0.7571250200271606,1849638805.0,1.555000066757202,,,,,,,,,-0.010726339283077237,0.011369281533606262
adc,1849711254.0,0.593500018119812,1849720289.0,0.4150000214576721,1849729324.0,0.7362500429153442,1849738803.0,1.540000081062317,,,,,,,,,0.007713543004630411,-0.00875939770399184
adc,1849811263.0,0.5745000243186951,1849820299.0,0.4298750162124634,1849829329.0,0.7873750329017639,1849838816.0,1.5467500686645508,,,,,,,,,0.0011003491046286278,-0.004362774138272332
adc,1849911257.0,0.5548750162124634,1849920303.0,0.4460000097751617,1849929338.0,0.7990000247955322,1849938802.0,1.565250039100647,,,,,,,,,-0.006043886474787298,0.0011816961430114823
adc,1850011258.0,0.5413750410079956,1850020295.0,0.4590000212192535,1850029335.0,0.8145000338554382,1850038818.0,1.5661250352859497,,,,,,,,,-0.006934713663220162,0.003492262862636326
adc,1850111270.0,0.5277500152587891,1850120304.0,0.4648750126361847,1850129334.0,0.7812500596046448,1850138387.0,1.5825001001358032,,,,,,,,,-0.00778188917421601,-0.0014394472558188621
adc,1850211264.0,0.5195000171661377,1850220306.0,0.468500018119812,1850229344.0,0.7242500185966492,1850238533.0,1.601750135421753,,,,,,,,,-0.003045937481386702,-0.00874567854325702
adc,1850311251.0,0.5295000076293945,1850320288.0,0.4806250333786011,1850329316.0,0.7978750467300415,1850338793.0,1.5947500467300415,,,,,,,,,0.020179771996189227,-0.00768044637978218
adc,1850411248.0,0.4991250336170196,1850420289.0,0.5066249966621399,1850429321.0,0.7377500534057617,1850438754.0,1.6095000505447388,,,,,,,,,0.0032881945185373723,0.007132002967998957
adc,1850511254.0,0.4911250174045563,1850520291.0,0.5126250386238098,1850529326.0,0.815000057220459,1850538332.0,1.627500057220459,,,,,,,,,0.009028957942669015,0.0018232131570473254
adc,1850611257.0,0.5038750171661377,1850620290.0,0.515500009059906,1850629322.0,0.7935000658035278,1850638317.0,1.624750018119812,,,,,,,,,0.035756522936021565,-0.006719963211743186
adc,1850711246.0,0.4436250329017639,1850720280.0,0.5330000519752502,1850729317.0,0.8290000557899475,1850738368.0,1.6356251239776611,,,,,,,,,-0.010319324616345896,-0.0007304502157264819
adc,1850811250.0,0.4158750176429748,1850820289.0,0.5542500019073486,1850829321.0,0.8327500224113464,1850838815.0,1.63937509059906,,,,,,,,,-0.023755013911435013,0.008937307932850923
adc,1850911242.0,0.4443750083446502,1850920277.0,0.5566250085830688,1850929312.0,0.8541250228881836,1850938310.0,1.6662501096725464,,,,,,,,,0.019132605036353383,-0.00031845809544414844
adc,1851011268.0,0.3876250088214874,1851020304.0,0.5627500414848328,1851029337.0,0.8460000157356262,1851038383.0,1.664875030517578,,,,,,,,,-0.023226912151090344,-0.005848861607035922
adc,1851111262.0,0.4036250114440918,1851120294.0,0.581250011920929,1851129329.0,0.8678750395774841,1851138552.0,1.6720000505447388,,,,,,,,,0.007099596944074742,0.0009943195933668622
adc,1851211255.0,0.3722500205039978,1851220295.0,0.5973750352859497,1851229336.0,0.8808750510215759,1851238362.0,1.6880000829696655,,,,,,,,,-0.010069578129706812,0.0054826731526495705
adc,1851311256.0,0.3626250028610229,1851320295.0,0.6058750152587891,1851329328.0,0.8832500576972961,1851338779.0,1.7025001049041748,,,,,,,,,-0.005650962138714841,0.0023848162643893746
adc,1851411245.0,0.3416250050067901,1851420284.0,0.6198750138282776,1851429318.0,0.8751250505447388,1851438784.0,1.702375054359436,,,,,,,,,-0.01279254648851949,0.004841251860728715
adc,1851511249.0,0.335750013589859,1851520290.0,0.6260000467300415,1851529324.0,0.9007500410079956,1851538525.0,1.7041250467300415,,,,,,,,,-0.004997829190698488,-0.0005108884585429065
adc,1851611256.0,0.3300000131130218,1851620290.0,0.6303750276565552,1851629321.0,0.9411250352859496,1851638754.0,1.708375096321106,,,,,,,,,0.002748235634919485,-0.007537533801582407
adc,1851711265.0,0.3360000252723694,1851720297.0,0.6493750214576721,1851729338.0,0.9472500681877136,1851738802.0,1.720250129699707,,,,,,,,,0.022101501804391223,0.00014320449829598484
adc,1851811256.0,0.2911249995231628,1851820297.0,0.6585000157356262,1851829329.0,0.9880000352859496,1851838804.0,1.7152501344680786,,,,,,,,,-0.009520412935053464,-0.001963541433488547
adc,1851911248.0,0.3025000095367431,1851920282.0,0.6681250333786011,1851929315.0,1.0073750019073486,1851938784.0,1.7238750457763672,,,,,,,,,0.015057690422485014,-0.003478814334247938
adc,1852011259.0,0.2642500102519989,1852020292.0,0.6811250448226929,1852029335.0,0.9406250715255736,1852038827.0,1.714500069618225,,,,,,,,,-0.009985864653243474,-0.0015247637571992043
adc,1852111262.0,0.2606250047683716,1852120300.0,0.6952500343322754,1852129334.0,0.9081250429153442,1852138535.0,1.7243751287460327,,,,,,,,,-0.00034812988322739874,0.0016502431678110628
adc,1852211253.0,0.2572500109672546,1852220287.0,0.7075000405311584,1852229315.0,0.915000021457672,1852238800.0,1.7286250591278076,,,,,,,,,0.009645486613410598,0.0030462342610935813
adc,1852311248.0,0.2343750149011612,1852320285.0,0.7172500491142273,1852329323.0,0.862125039100647,1852338809.0,1.7206250429153442,,,,,,,,,0.0002889958620241693,0.0020360043139173983
adc,1852411264.0,0.2201250046491623,1852420302.0,0.7252500057220459,1852429341.0,0.893625020980835,1852438328.0,1.730000138282776,,,,,,,,,-0.000255550678926862,-0.0006352965108756118
adc,1852511248.0,0.2087500095367431,1852520286.0,0.7367500066757202,1852529319.0,0.8966250419616699,1852538406.0,1.7243751287460327,,,,,,,,,0.0022912660610241143,0.0002748634238610026
adc,1852611257.0,0.1822500079870224,1852620292.0,0.7507500648498535,1852629326.0,0.8918750286102295,1852638537.0,1.7057501077651978,,,,,,,,,-0.010049026749664146,0.003756361364972407
adc,1852711254.0,0.1826250106096267,1852720294.0,0.7562500238418579,1852729336.0,0.8053750395774841,1852738800.0,1.698750138282776,,,,,,,,,0.004737427618378858,-0.001203063697025478
adc,1852811260.0,0.1633750051259994,1852820296.0,0.7666250467300415,1852829328.0,0.8283750414848328,1852838813.0,1.6977500915527344,,,,,,,,,0.00015694016291925518,-0.0012413256882811226
adc,1852911254.0,0.1447500139474868,1852920293.0,0.7802500128746033,1852929328.0,0.7876250147819519,1852938305.0,1.6191251277923584,,,,,,,,,-0.0035416730348045537,0.0020037449366894153
adc,1853011265.0,0.1125000044703483,1853020302.0,0.7907500267028809,1853029337.0,0.7367500066757202,1853038326.0,1.5421251058578491,,,,,,,,,-0.020617538633283285,0.002146505571699346
adc,1853111264.0,0.1217500045895576,1853120301.0,0.7976250648498535,1853129342.0,0.7331250309944153,1853138427.0,1.527000069618225,,,,,,,,,0.004036591064055885,-0.0013201108721798307
adc,1853211255.0,0.1125000044703483,1853220290.0,0.8092500567436218,1853229320.0,0.7592500448226929,1853238542.0,1.5462501049041748,,,,,,,,,0.010393042257935243,-2.2761611456807544e-05
adc,1853311270.0,0.090875007212162,1853320305.0,0.8176250457763672,1853329344.0,0.7067500352859497,1853338541.0,1.521125078201294,,,,,,,,,0.004537920223938654,-0.001955924325439249
adc,1853411269.0,0.0701250061392784,1853420298.0,0.827875018119812,1853429333.0,0.608625054359436,1853438556.0,1.4182500839233398,,,,,,,,,-0.00032997843453502805,-0.001980787057804184
adc,1853511269.0,0.0566250011324882,1853520307.0,0.8395000696182251,1853529343.0,0.5913750529289246,1853538584.0,1.4107500314712524,,,,,,,,,0.0021005544495150035,-0.0005743092418479371
adc,1853611259.0,0.0493750013411045,1853620292.0,0.8488750457763672,1853629331.0,0.59375,1853638817.0,1.398750066757202,,,,,,,,,0.010753985965471242,-0.0013294698365727722
adc,1853711256.0,0.0355000011622905,1853720285.0,0.8598750233650208,1853729320.0,0.6262500286102295,1853738804.0,1.4368751049041748,,,,,,,,,0.012670197694515677,-0.00033043196083033604
adc,1853811255.0,0.0166250001639127,1853820293.0,0.8653750419616699,1853829325.0,0.5631250143051147,1853838308.0,1.3983750343322754,,,,,,,,,0.009383022325917806,-0.004654253302562208
adc,1853911256.0,-0.0472500026226043,1853920290.0,0.878000020980835,1853929325.0,0.4637500345706939,1853938777.0,1.3027501106262207,,,,,,,,,-0.03920014734792507,-0.0016231847449485175
adc,1854011261.0,-0.0231250002980232,1854020295.0,0.8857500553131104,1854029333.0,0.4422500133514404,1854038335.0,1.2795000076293943,,,,,,,,,-0.00016815933564166483,-0.003182276817848602
adc,1854111253.0,-0.0338750034570694,1854120292.0,0.9001250267028809,1854129326.0,0.3961250185966491,1854138317.0,1.3146250247955322,,,,,,,,,0.003523939861814162,0.0022218136583263787
adc,1854211259.0,-0.0417500026524066,1854220294.0,0.906000018119812,1854229330.0,0.327750027179718,1854238323.0,1.318000078201294,,,,,,,,,0.009559274808285566,-0.0004874260135620898
adc,1854311251.0,-0.0734999999403953,1854320292.0,0.9177500605583192,1854329325.0,0.1771250069141388,1854338366.0,1.1943750381469729,,,,,,,,,-0.008862614272247112,0.003104834886400401
adc,1854411251.0,-0.0802500024437904,1854420282.0,0.9308750629425048,1854429318.0,0.1105000078678131,1854438299.0,1.143375039100647,,,,,,,,,-0.0028986047563970144,0.0085266866106983
adc,1854511257.0,-0.0807500034570694,1854520288.0,0.9356250166893004,1854529323.0,0.1481250077486038,1854538326.0,1.180750012397766,,,,,,,,,0.008689102080156094,0.006042615604742412
adc,1854611265.0,-0.1031250059604644,1854620297.0,0.9383750557899476,1854629334.0,0.1373750120401382,1854638320.0,1.2006250619888306,,,,,,,,,-0.0022170313557952326,0.0020277740847657556
adc,1854711267.0,-0.1276250034570694,1854720310.0,0.940375030040741,1854729345.0,0.132750004529953,1854738797.0,1.1446250677108765,,,,,,,,,-0.015840894339076476,-0.0022817883221045426
adc,1854811254.0,-0.1222500056028366,1854820291.0,0.9502500295639038,1854829325.0,0.1445000022649765,1854838304.0,1.2033751010894775,,,,,,,,,-0.00013979639225049183,0.001713471003290874
adc,1854911265.0,-0.1273750066757202,1854920304.0,0.95250004529953,1854929341.0,0.1535000056028366,1854938836.0,1.1690000295639038,,,,,,,,,0.004567601860922806,-0.0015204936086986556
adc,1855011252.0,-0.1355000138282776,1855020278.0,0.959375023841858,1855029314.0,0.1458750069141388,1855038804.0,1.1450001001358032,,,,,,,,,0.00584758673434621,0.00022784091750701848
adc,1855111256.0,-0.1431250125169754,1855120292.0,0.9642500281333924,1855129329.0,0.1415000110864639,1855138319.0,1.1243751049041748,,,,,,,,,0.007272402250449734,0.0002952849410080992
adc,1855211252.0,-0.1586250066757202,1855220282.0,0.9676250219345092,1855229316.0,0.1335000097751617,1855238369.0,1.0951250791549685,,,,,,,,,0.0005412721058335665,-0.000851659416547265
adc,1855311259.0,-0.1676250100135803,1855320298.0,0.971500039100647,1855329336.0,0.129375010728836,1855338809.0,1.139625072479248,,,,,,,,,0.00010192116429920926,-0.0012373332325170548
adc,1855411261.0,-0.1771250069141388,1855420294.0,0.9742500185966492,1855429336.0,0.1438750028610229,1855438802.0,1.1950000524520874,,,,,,,,,-0.0009772296966630463,-0.0024984903454171245
adc,1855511259.0,-0.1847500056028366,1855520297.0,0.9726250171661376,1855529332.0,0.1486250013113021,1855538320.0,1.178250074386597,,,,,,,,,-0.0002593014177784286,-0.007881546194985918
adc,1855611256.0,-0.19200000166893,1855620289.0,0.9811250567436218,1855629327.0,0.1370000094175338,1855638792.0,1.178125023841858,,,,,,,,,0.0008094588654704925,-0.0028665598722942298
adc,1855711258.0,-0.2027500122785568,1855720293.0,0.9852500557899476,1855729327.0,0.1267500072717666,1855738793.0,1.1733750104904177,,,,,,,,,-0.0016015517176609572,-0.0019177188856289349
adc,1855811261.0,-0.2120000123977661,1855820295.0,0.9883750677108764,1855829330.0,0.1555000096559524,1855838311.0,1.1668750047683716,,,,,,,,,-0.0024581377695185903,-0.0016101769408417288
adc,1855911254.0,-0.2203750163316726,1855920294.0,0.990125060081482,1855929327.0,0.1502500027418136,1855938823.0,1.1730000972747805,,,,,,,,,-0.0023621369124085146,-0.0022589106821299335
adc,1856011263.0,-0.2295000106096267,1856020300.0,0.9933750629425048,1856029336.0,0.1577500104904174,1856038831.0,1.1795001029968262,,,,,,,,,-0.002927038269421422,-0.0009235052786092081
adc,1856111255.0,-0.2356250137090683,1856120284.0,0.9960000514984132,1856129320.0,0.1742500066757202,1856138556.0,1.1816250085830688,,,,,,,,,-0.0004037036204071224,0.0003358842448603444
adc,1856211250.0,-0.2416250109672546,1856220286.0,0.9977500438690186,1856229319.0,0.1633750051259994,1856238397.0,1.173625111579895,,,,,,,,,0.002319103026436406,0.0013273572454908598
adc,1856311262.0,-0.2538750171661377,1856320302.0,0.9985000491142272,1856329336.0,0.1367500126361847,1856338753.0,1.146125078201294,,,,,,,,,-0.0011607422138732693,0.0019710586313180438
adc,1856411268.0,-0.2582499980926513,1856420307.0,1.0001250505447388,1856429338.0,0.1641250103712082,1856438771.0,1.147000074386597,,,,,,,,,0.003241361642143987,0.004168700362715648
adc,1856511261.0,-0.2660000026226043,1856520297.0,1.0008749961853027,1856529333.0,0.1635000109672546,1856538364.0,1.1568750143051147,,,,,,,,,0.004222245275596731,0.006174352200313283
adc,1856611262.0,-0.2738750278949737,1856620300.0,1.0001250505447388,1856629336.0,0.1797500103712082,1856638806.0,1.1843750476837158,,,,,,,,,0.0049675824212015,0.007342259676821363
adc,1856711274.0,-0.2803750038146972,1856720305.0,1.002000093460083,1856729338.0,0.1835000067949295,1856738771.0,1.2106250524520874,,,,,,,,,0.006904371871903851,0.011751054453139929
adc,1856811256.0,-0.288750022649765,1856820295.0,0.99937504529953,1856829332.0,0.1516250073909759,1856838823.0,1.211250066757202,,,,,,,,,0.006704189847164206,0.012206117285942394
adc,1856911261.0,-0.3113750219345093,1856920305.0,0.9721250534057616,1856929344.0,0.127250000834465,1856938807.0,1.248125076293945,,,,,,,,,-0.008087144979407022,-0.01150597200948358
adc,1857011255.0,-0.316875010728836,1857020293.0,0.9700000286102296,1857029328.0,0.1212500035762786,1857038816.0,1.2903751134872437,,,,,,,,,-0.006169944932317744,-0.00973685093890373
adc,1857111254.0,-0.3243750035762787,1857120285.0,0.9667500257492064,1857129319.0,0.1498750001192093,1857138346.0,1.3046250343322754,,,,,,,,,-0.0067357708524176645,-0.008843915348374426
adc,1857211250.0,-0.3268750011920929,1857220275.0,0.9670000672340392,1857229306.0,0.1162500083446502,1857238282.0,1.3165000677108765,,,,,,,,,-0.0028382371181226882,-0.004308279076295066
adc,1857311267.0,-0.3355000019073486,1857320305.0,0.9651250243186952,1857329340.0,0.0928750038146972,1857338787.0,1.2040001153945925,,,,,,,,,-0.005639999426281369,-0.001853330005535954
adc,1857411262.0,-0.3331250250339508,1857420299.0,0.9658750295639038,1857429325.0,0.0822500064969062,1857438812.0,1.1983751058578491,,,,,,,,,0.0019637875872520966,0.0031860713776119117
adc,1857511265.0,-0.3400000035762787,1857520303.0,0.9603750705718994,1857529336.0,0.0921250060200691,1857538313.0,1.209625005722046,,,,,,,,,-0.0002793884653807606,0.0018671781377904107
adc,1857611259.0,-0.3442500233650207,1857620293.0,0.952375054359436,1857629326.0,0.0837500020861625,1857638774.0,1.202625036239624,,,,,,,,,-0.00048101542549890716,-0.0021079978162919064
adc,1857711252.0,-0.3507500290870666,1857720287.0,0.9465000629425048,1857729323.0,0.0743750035762786,1857738770.0,1.1343750953674316,,,,,,,,,-0.0034888069346264484,-0.00414118565693008
adc,1857811264.0,-0.3526250123977661,1857820310.0,0.9445000290870668,1857829343.0,0.1156250089406967,1857838812.0,1.1238750219345093,,,,,,,,,-0.0023902857424876567,-0.0024881837587217076
adc,1857911260.0,-0.3416250050067901,1857920298.0,0.9500000476837158,1857929332.0,0.1310000121593475,1857938790.0,1.154125094413757,,,,,,,,,0.011108333471811815,0.00649029355995099
adc,1858011258.0,-0.3553750216960907,1858020291.0,0.9406250715255736,1858029326.0,0.0875000059604644,1858038535.0,1.1425000429153442,,,,,,,,,-0.0005717877851364062,0.0004511336943026057
adc,1858111254.0,-0.3517500162124634,1858120293.0,0.937000036239624,1858129330.0,0.0922500044107437,1858138313.0,1.1740000247955322,,,,,,,,,0.004739256234541673,6.593844939702066e-05
adc,1858211259.0,-0.3550000190734863,1858220294.0,0.9321250319480896,1858229330.0,0.1100000068545341,1858238609.0,1.1953750848770142,,,,,,,,,0.0028319775881682032,-0.0016074517583792099
adc,1858311246.0,-0.3583750128746032,1858320278.0,0.92787504196167,1858329313.0,0.0860000029206276,1858338326.0,1.1881250143051147,,,,,,,,,0.000490537996380669,-0.002629338343160165
adc,1858411254.0,-0.3605000078678131,1858420293.0,0.9236250519752502,1858429325.0,0.1067500039935112,1858438326.0,1.2203750610351562,,,,,,,,,-0.00088339715176657,-0.003557523114710919
adc,1858511261.0,-0.3603750169277191,1858520298.0,0.9222500324249268,1858529332.0,0.1147500053048133,1858538310.0,1.248125076293945,,,,,,,,,-0.0002707371588072669,-0.0014520181765193246
adc,1858611253.0,-0.3580000102519989,1858620288.0,0.9166250228881836,1858629324.0,0.156125009059906,1858638776.0,1.258500099182129,,,,,,,,,0.0023408020096595114,-0.003379698400023269
adc,1858711258.0,-0.3600000143051147,1858720293.0,0.9196250438690186,1858729330.0,0.1813750118017196,1858738782.0,1.27400004863739,,,,,,,,,0.00033295359901616424,0.0035811036537096034
adc,1858811257.0,-0.3613750040531158,1858820297.0,0.9173750281333924,1858829332.0,0.1907500028610229,1858838338.0,1.3016250133514404,,,,,,,,,-0.0012912235050266633,0.005586632443229095
adc,1858911258.0,-0.363750010728836,1858920300.0,0.9172500371932985,1858929337.0,0.2043750137090683,1858938797.0,1.2972500324249268,,,,,,,,,-0.00415550608875065,0.010025095441550048
adc,1859011265.0,-0.3596250116825104,1859020304.0,0.9093750715255736,1859029342.0,0.1961250156164169,1859038815.0,1.3157501220703125,,,,,,,,,-0.000758522583543838,0.007015164329598252
adc,1859111257.0,-0.3596250116825104,1859120285.0,0.9020000696182252,1859129318.0,0.1960000097751617,1859138314.0,1.3228750228881836,,,,,,,,,-0.0017222732740196293,0.00478152546192584
adc,1859211257.0,-0.3587500154972076,1859220294.0,0.8925000429153442,1859229333.0,0.1772500127553939,1859238808.0,1.3320000171661377,,,,,,,,,-0.002041044384503486,0.000657534718522975
adc,1859311266.0,-0.3561250269412994,1859320303.0,0.8842500448226929,1859329338.0,0.1517500132322311,1859338788.0,1.3337500095367432,,,,,,,,,-0.0008309609722704997,-0.00203550900718007
adc,1859411269.0,-0.3570000231266022,1859420310.0,0.8796250224113464,1859429345.0,0.1456250101327896,1859438835.0,1.2682501077651978,,,,,,,,,-0.003330150316352624,-0.0009828784530252048
adc,1859511249.0,-0.34825000166893,1859520290.0,0.8710000514984131,1859529321.0,0.1458750069141388,1859538316.0,1.28962504863739,,,,,,,,,0.00360044477836185,-0.00386986056759911
adc,1859611255.0,-0.3505000174045563,1859620296.0,0.8657500147819519,1859629328.0,0.1766250133514404,1859638820.0,1.308375120162964,,,,,,,,,-0.0006491819958758915,-0.0033757837205860763
adc,1859711262.0,-0.3510000109672546,1859720295.0,0.85875004529953,1859729331.0,0.1176250055432319,1859738326.0,1.2965000867843628,,,,,,,,,-0.0033143949336146067,-0.004668005457619636
adc,1859811251.0,-0.3380000293254852,1859820288.0,0.8496250510215759,1859829322.0,0.1453750133514404,1859838511.0,1.326250076293945,,,,,,,,,0.007367366892919743,-0.008148157222640728
adc,1859911257.0,-0.3426250219345093,1859920289.0,0.8473750352859497,1859929327.0,0.1977500021457672,1859938344.0,1.339875102043152,,,,,,,,,0.0002804994376997727,-0.004824405822317938
adc,1860011261.0,-0.3363750278949737,1860020300.0,0.8440000414848328,1860029344.0,0.230875015258789,1860038538.0,1.336750030517578,,,,,,,,,0.003930172595014915,-0.002686192198688548
adc,1860111263.0,-0.3371250033378601,1860120300.0,0.8400000333786011,1860129334.0,0.2945000231266022,1860138579.0,1.3602501153945925,,,,,,,,,0.0004422204378624287,-0.0012061996665463778
adc,1860211252.0,-0.3332500159740448,1860220288.0,0.8320000171661377,1860229323.0,0.293250024318695,1860238305.0,1.3718750476837158,,,,,,,,,0.0014383427188003294,-0.0037190711338488543
adc,1860311244.0,-0.3316250145435333,1860320284.0,0.8298750519752502,1860329313.0,0.3213750123977661,1860338315.0,1.3716250658035278,,,,,,,,,3.7391681252575736e-05,-0.00030184298519602033
adc,1860411255.0,-0.3298750221729278,1860420299.0,0.8290000557899475,1860429333.0,0.3330000042915344,1860438339.0,1.3818750381469729,,,,,,,,,-0.001393219478101715,0.004469359011421599
adc,1860511249.0,-0.3240000009536743,1860520287.0,0.8222500681877136,1860529317.0,0.4097500145435333,1860538342.0,1.3771250247955322,,,,,,,,,0.0011395817988457775,0.003512682262318212
adc,1860611253.0,-0.3232500255107879,1860620284.0,0.8168750405311584,1860629320.0,0.4111250340938568,1860638549.0,1.392625093460083,,,,,,,,,-0.0016185453355172365,0.004108754013176803
adc,1860711255.0,-0.3198750019073486,1860720284.0,0.8111250400543213,1860729317.0,0.4253750145435333,1860738801.0,1.389125108718872,,,,,,,,,-0.0019170707476467584,0.004520316121731288
adc,1860811256.0,-0.3150000274181366,1860820293.0,0.8047500252723694,1860829331.0,0.410625010728836,1860838813.0,1.4002500772476196,,,,,,,,,-0.000874274439606208,0.004488046853766113
adc,1860911259.0,-0.3106250166893005,1860920302.0,0.799750030040741,1860929337.0,0.4117500185966491,1860938806.0,1.4075000286102295,,,,,,,,,-0.00047572105761063124,0.005978854025012442
adc,1861011263.0,-0.3086250126361847,1861020299.0,0.7905000448226929,1861029331.0,0.3215000033378601,1861038310.0,1.4100000858306885,,,,,,,,,-0.002574107880247829,0.003311188407482124
adc,1861111264.0,-0.3040000200271606,1861120301.0,0.783875048160553,1861129330.0,0.2991250157356262,1861138313.0,1.4196250438690186,,,,,,,,,-0.002139433760761226,0.0032828868583856903
adc,1861211259.0,-0.2986250221729278,1861220294.0,0.7762500643730164,1861229332.0,0.2541249990463257,1861238820.0,1.4205000400543213,,,,,,,,,-0.0010102006285133808,0.002176266164034446
adc,1861311260.0,-0.293375015258789,1861320300.0,0.768500030040741,1861329334.0,0.2569999992847442,1861338517.0,1.4235000610351562,,,,,,,,,-2.046826483231303e-05,0.0007648913258954871
adc,1861411250.0,-0.2922500073909759,1861420284.0,0.7603750228881836,1861429311.0,0.2003750056028366,1861438291.0,1.421375036239624,,,,,,,,,-0.0031276234150470813,-0.0013029643367332387
adc,1861511253.0,-0.2870000004768371,1861520294.0,0.7540000081062317,1861529329.0,0.1613750010728836,1861538574.0,1.392625093460083,,,,,,,,,-0.002040723033854528,-0.0019956846359381764
adc,1861611264.0,-0.2787500023841858,1861620304.0,0.749250054359436,1861629335.0,0.1846250146627426,1861638804.0,1.3953750133514404,,,,,,,,,0.0021507660761975215,-0.0015143065950513532
adc,1861711252.0,-0.2817500233650207,1861720291.0,0.7412500381469727,1861729328.0,0.2003750056028366,1861738801.0,1.3946250677108765,,,,,,,,,-0.00477683275159466,-0.004784913639519342
adc,1861811257.0,-0.2697499990463257,1861820297.0,0.7366250157356262,1861829331.0,0.1833750158548355,1861838788.0,1.383125066757202,,,,,,,,,0.0034401457190850362,-0.00520200374183971
adc,1861911258.0,-0.2638750076293945,1861920297.0,0.7307500243186951,1861929330.0,0.1855000108480453,1861938316.0,1.3815001249313354,,,,,,,,,0.005674654797048385,-0.007374748755229071
adc,1862011251.0,-0.2573750019073486,1862020283.0,0.7233750224113464,1862029314.0,0.1986250132322311,1862038408.0,1.3872500658035278,,,,,,,,,0.008657496719867003,-0.011500980946390026
adc,1862111260.0,-0.2531250119209289,1862120292.0,0.7192500233650208,1862129319.0,0.1945000141859054,1862138618.0,1.3847500085830688,,,,,,,,,0.009476959038465073,-0.01274420237301288
adc,1862211259.0,-0.244250014424324,1862220290.0,0.7098750472068787,1862229327.0,0.1876250058412552,1862238316.0,1.3876250982284546,,,,,,,,,0.014955626896585352,-0.019489061778780407
adc,1862311259.0,-0.2630000114440918,1862320297.0,0.7391250133514404,1862329330.0,0.1968750059604644,1862338808.0,1.4123750925064087,,,,,,,,,-0.007221115474738622,0.012275133007224395
adc,1862411268.0,-0.2608750164508819,1862420304.0,0.7408750057220459,1862429331.0,0.2305000126361847,1862438376.0,1.4233750104904177,,,,,,,,,-0.008624874218795871,0.01656906842495508
adc,1862511265.0,-0.2536250054836273,1862520294.0,0.734125018119812,1862529326.0,0.2537500262260437,1862538328.0,1.4317500591278076,,,,,,,,,-0.005078006842417825,0.012536553842824778
adc,1862611253.0,-0.2522500157356262,1862620285.0,0.7262500524520874,1862629321.0,0.2713750004768371,1862638798.0,1.4267500638961792,,,,,,,,,-0.007647372655978635,0.00768341746984018
adc,1862711255.0,-0.2435000091791153,1862720292.0,0.7197500467300415,1862729331.0,0.2867500185966491,1862738798.0,1.4288750886917114,,,,,,,,,-0.0031385225535103057,0.004617947161433215
adc,1862811256.0,-0.2408750057220459,1862820293.0,0.7175000309944153,1862829327.0,0.3160000145435333,1862838311.0,1.4363750219345093,,,,,,,,,-0.005091478246223483,0.006294186930988535
adc,1862911273.0,-0.2316250056028366,1862920313.0,0.7120000123977661,1862929346.0,0.3288750052452087,1862938820.0,1.433625102043152,,,,,,,,,-0.0007780009050078768,0.005258034203874814
adc,1863011262.0,-0.228750005364418,1863020297.0,0.7015000581741333,1863029335.0,0.3396250307559967,1863038816.0,1.4408750534057615,,,,,,,,,-0.0032007751934341354,-0.0002283577196082482
adc,1863111267.0,-0.2187500149011612,1863120306.0,0.6956250071525574,1863129341.0,0.3443750143051147,1863138828.0,1.4436250925064087,,,,,,,,,0.001155678513162191,-0.0005597210990485723
adc,1863211260.0,-0.210875004529953,1863220302.0,0.6890000104904175,1863229331.0,0.4038750231266022,1863238823.0,1.44350004196167,,,,,,,,,0.003072694996674198,-0.0011576754473169109
adc,1863311260.0,-0.2082500159740448,1863320291.0,0.6798750162124634,1863329321.0,0.4392500221729278,1863338373.0,1.434000015258789,,,,,,,,,-0.0005311041442772318,-0.0038401512967517425
adc,1863411252.0,-0.2011250108480453,1863420289.0,0.6727500557899475,1863429325.0,0.476375013589859,1863438798.0,1.446000099182129,,,,,,,,,0.0001462134758507623,-0.004189126573486659
adc,1863511250.0,-0.1927500069141388,1863520294.0,0.6618750095367432,1863529332.0,0.4985000193119049,1863538528.0,1.415125012397766,,,,,,,,,0.0019103828208560574,-0.00804373606997898
adc,1863611256.0,-0.1828750073909759,1863620294.0,0.6601250171661377,1863629327.0,0.6077500581741333,1863638807.0,1.401750087738037,,,,,,,,,0.005066790192758032,-0.0026182400934804673
adc,1863711265.0,-0.1773750036954879,1863720305.0,0.6548750400543213,1863729338.0,0.721500039100647,1863738771.0,1.3973751068115234,,,,,,,,,0.0037917484172810267,-0.0006218487399934211
adc,1863811253.0,-0.1706250011920929,1863820282.0,0.643625020980835,1863829317.0,0.8332500457763672,1863838300.0,1.42062509059906,,,,,,,,,0.0037545345024398422,-0.004629264164267368
adc,1863911265.0,-0.1705000102519989,1863920310.0,0.6410000324249268,1863929342.0,0.8437500596046448,1863938804.0,1.436750054359436,,,,,,,,,-0.0028845698389210308,-7.765630284146171e-05
adc,1864011267.0,-0.1608750075101852,1864020308.0,0.6375000476837158,1864029348.0,0.8541250228881836,1864038492.0,1.448625087738037,,,,,,,,,2.480591013806011e-05,0.0034846262778144435
adc,1864111257.0,-0.1520000100135803,1864120292.0,0.6273750066757202,1864129321.0,0.8752500414848328,1864138396.0,1.4403750896453855,,,,,,,,,0.0022480188525561204,0.0002734702417956053
adc,1864211261.0,-0.1500000059604644,1864220294.0,0.6231250166893005,1864229326.0,0.8953750133514404,1864238390.0,1.4532500505447388,,,,,,,,,-0.0023337947714678646,0.0027686369927944765
adc,1864311265.0,-0.1431250125169754,1864320298.0,0.6151250004768372,1864329338.0,0.9156250357627868,1864338760.0,1.4158750772476196,,,,,,,,,-0.00197251420359567,0.0013372162287967598
adc,1864411243.0,-0.1353750079870224,1864420276.0,0.6060000061988831,1864429310.0,0.9503750205039978,1864438785.0,1.4375001192092896,,,,,,,,,-0.0006763791691777579,-0.001392652895807207
adc,1864511244.0,-0.1286250054836273,1864520280.0,0.5995000004768372,1864529313.0,0.9442500472068788,1864538371.0,1.4606250524520874,,,,,,,,,-0.0003333539215915186,-0.0016587966511903873
adc,1864611263.0,-0.1233750060200691,1864620301.0,0.5973750352859497,1864629341.0,0.9455000162124634,1864638813.0,1.4736250638961792,,,,,,,,,-0.0014594155071209324,0.002308249216390878
adc,1864711257.0,-0.1155000030994415,1864720292.0,0.5903750061988831,1864729325.0,0.952250063419342,1864738315.0,1.4938750267028809,,,,,,,,,5.294270066580906e-05,0.0012830675055647612
adc,1864811258.0,-0.1095000058412551,1864820298.0,0.5841250419616699,1864829329.0,0.9451250433921814,1864838353.0,1.4870001077651978,,,,,,,,,-0.00031404602423130545,0.0009188755081069957
adc,1864911246.0,-0.1042500063776969,1864920284.0,0.5752500295639038,1864929321.0,0.9611250162124634,1864938308.0,1.4950001239776611,,,,,,,,,-0.0014523899820557454,-0.0021296976138549693
adc,1865011258.0,-0.0966250076889991,1865020300.0,0.5712500214576721,1865029334.0,0.971125066280365,1865038326.0,1.496125102043152,,,,,,,,,-0.0002526348941814815,-0.0003327783106857904
adc,1865111261.0,-0.0878750011324882,1865120290.0,0.5670000314712524,1865129329.0,0.9811250567436218,1865138528.0,1.4897500276565552,,,,,,,,,0.002021650745725099,0.001213164941921856
adc,1865211262.0,-0.0825000032782554,1865220297.0,0.5602500438690186,1865229330.0,0.9808750748634338,1865238781.0,1.480375051498413,,,,,,,,,0.0008591428911064529,0.0002841479343549417
adc,1865311258.0,-0.077000007033348,1865320296.0,0.5536250472068787,1865329329.0,0.9850000739097596,1865338814.0,1.4812500476837158,,,,,,,,,-0.0002490069855699008,-0.0004722664359141054
adc,1865411262.0,-0.067500002682209,1865420296.0,0.549875020980835,1865429328.0,0.9950000643730164,1865438776.0,1.4876251220703125,,,,,,,,,0.002565928430504475,0.0017122769161292243
adc,1865511271.0,-0.0667500048875808,1865520307.0,0.5428750514984131,1865529335.0,0.9722500443458556,1865538564.0,1.486125111579895,,,,,,,,,-0.00344967887830001,0.000726540852290008
adc,1865611240.0,-0.0573750026524066,1865620280.0,0.5326250195503235,1865629316.0,0.9318750500679016,1865638317.0,1.477500081062317,,,,,,,,,-0.0009216898268578821,-0.003420879058173743
adc,1865711261.0,-0.0482500009238719,1865720292.0,0.5313750505447388,1865729326.0,0.9217500686645508,1865738554.0,1.4765000343322754,,,,,,,,,0.0012767886998173736,0.0015238481518148961
adc,1865811245.0,-0.0391250029206275,1865820279.0,0.5220000147819519,1865829312.0,0.987250030040741,1865838553.0,1.5005000829696655,,,,,,,,,0.003400385698407023,-0.001565577238861894
adc,1865911260.0,-0.0356250032782554,1865920300.0,0.518375039100647,1865929333.0,0.971750020980835,1865938576.0,1.508625030517578,,,,,,,,,-0.00016863245956189,0.0011802107128011051
adc,1866011262.0,-0.0316250026226043,1866020295.0,0.5120000243186951,1866029329.0,0.98375004529953,1866038540.0,1.511875033378601,,,,,,,,,-0.003295552189857978,0.0012511852589377889
adc,1866111254.0,-0.0225000008940696,1866120289.0,0.5042500495910645,1866129320.0,0.9731250405311584,1866138323.0,1.517625093460083,,,,,,,,,-0.0013434740970503303,8.900781616793965e-06
adc,1866211253.0,-0.0132500007748603,1866220287.0,0.4970000088214874,1866229324.0,0.9783750176429749,1866238807.0,1.5198750495910645,,,,,,,,,0.0007012742334241815,-0.0006881481446297474
adc,1866311257.0,-0.0075000002980232,1866320298.0,0.4925000369548797,1866329326.0,0.9821250438690186,1866338789.0,1.5180001258850098,,,,,,,,,-0.0007714513353176988,0.0013917693684493972
adc,1866411256.0,-0.0001250000059371,1866420294.0,0.484000027179718,1866429332.0,0.9822500348091124,1866438796.0,1.517625093460083,,,,,,,,,-0.0006214137498520776,-0.0005208712285417231
adc,1866511254.0,0.0088750002905726,1866520285.0,0.4776250123977661,1866529323.0,0.97712504863739,1866538313.0,1.5191251039505005,,,,,,,,,0.0011660482206702486,-0.00032039816782470314
adc,1866611250.0,0.0138750011101365,1866620295.0,0.4713750183582306,1866629327.0,0.9893750548362732,1866638415.0,1.515375018119812,,,,,,,,,-0.0010210423761850438,-2.4992800716320336e-05
adc,1866711259.0,0.0220000017434358,1866720296.0,0.4657500088214874,1866729332.0,1.00600004196167,1866738314.0,1.5142500400543213,,,,,,,,,-4.7386327624868055e-05,0.0008493221147609809
adc,1866811272.0,0.0297500006854534,1866820305.0,0.4592500329017639,1866829338.0,0.990500032901764,1866838315.0,1.511375069618225,,,,,,,,,0.0005935734972176154,0.0007898051456728555
adc,1866911256.0,0.0368750020861625,1866920295.0,0.4507500231266022,1866929325.0,0.9847500324249268,1866938542.0,1.5166250467300415,,,,,,,,,0.0006537971484403824,-0.001337383474261793
adc,1867011245.0,0.0451250039041042,1867020281.0,0.4426250159740448,1867029315.0,1.0047500133514404,1867038317.0,1.5127500295639038,,,,,,,,,0.0018800247836028502,-0.0031613598573648053
adc,1867111262.0,0.050500001758337,1867120295.0,0.4400000274181366,1867129328.0,1.0196250677108765,1867138559.0,1.5195000171661377,,,,,,,,,0.00026350728495156274,0.00044366687546781576
adc,1867211253.0,0.0565000027418136,1867220294.0,0.4313750267028808,1867229331.0,1.0048750638961792,1867238785.0,1.5287500619888306,,,,,,,,,-0.0007098479934075741,-0.002016678977713381
adc,1867311270.0,0.0657500028610229,1867320310.0,0.4301250278949737,1867329345.0,0.9887500405311584,1867338396.0,1.5352500677108765,,,,,,,,,0.0015660723818171182,0.0028427247411708027
adc,1867411253.0,0.0703750029206276,1867420293.0,0.4210000336170196,1867429329.0,1.0253750085830688,1867438819.0,1.5360000133514404,,,,,,,,,-0.0008063830510407072,-0.00021433979533826077
adc,1867511248.0,0.080375000834465,1867520282.0,0.413625031709671,1867529314.0,1.0446250438690186,1867538419.0,1.5311250686645508,,,,,,,,,0.002147790049667149,-0.0015465060382577338
adc,1867611269.0,0.0863750055432319,1867620309.0,0.4096250236034393,1867629344.0,1.0233750343322754,1867638833.0,1.5401251316070557,,,,,,,,,0.0010280643500818576,0.0004889192993428487
adc,1867711250.0,0.0935000032186508,1867720290.0,0.4011250138282776,1867729330.0,1.0311250686645508,1867738534.0,1.521875023841858,,,,,,,,,0.0009354496859929997,-0.0019654802973926855
adc,1867811260.0,0.0992500036954879,1867820294.0,0.3986250162124634,1867829329.0,1.0343750715255735,1867838532.0,1.5122500658035278,,,,,,,,,-0.000650150939652429,0.001606282441929598
adc,1867911262.0,0.1077500060200691,1867920298.0,0.3912500143051147,1867929333.0,1.0325000286102295,1867938798.0,1.5096250772476196,,,,,,,,,0.00038240336711472373,0.0003420860883785535
adc,1868011260.0,0.1156250089406967,1868020299.0,0.3857500255107879,1868029338.0,1.052625060081482,1868038556.0,1.5325000286102295,,,,,,,,,0.0006527737275851887,0.001000415597102954
adc,1868111244.0,0.1241250038146972,1868120278.0,0.3776250183582306,1868129309.0,1.071250081062317,1868138415.0,1.52162504196167,,,,,,,,,0.0014160932109649781,-0.0009158332024933734
adc,1868211257.0,0.1267500072717666,1868220293.0,0.3718750178813934,1868229327.0,1.0791250467300415,1868238383.0,1.5438750982284546,,,,,,,,,-0.0038105783505267563,-0.0004100200653048274
adc,1868311257.0,0.1343750059604644,1868320290.0,0.3678750097751617,1868329325.0,1.06850004196167,1868338801.0,1.5646250247955322,,,,,,,,,-0.004122660131783044,0.0018828012964186556
adc,1868411267.0,0.1435000002384185,1868420297.0,0.3642500042915344,1868429324.0,1.0789999961853027,1868438800.0,1.567750096321106,,,,,,,,,-0.002978364743534291,0.0045711085727499
adc,1868511259.0,0.1500000059604644,1868520301.0,0.3546250164508819,1868529332.0,1.055750012397766,1868538538.0,1.5605000257492063,,,,,,,,,-0.00445025826821307,0.0012576167614064082
adc,1868611261.0,0.1577500104904174,1868620299.0,0.3491250276565552,1868629333.0,1.077875018119812,1868638820.0,1.5540000200271606,,,,,,,,,-0.0046031717337689255,0.0020405542000376717
adc,1868711260.0,0.1663750112056732,1868720297.0,0.3407500088214874,1868729325.0,1.095500111579895,1868738815.0,1.555000066757202,,,,,,,,,-0.0037482952540368116,-0.00010945873325329098
adc,1868811252.0,0.1750000119209289,1868820285.0,0.3311250209808349,1868829318.0,1.0856250524520874,1868838295.0,1.5548750162124634,,,,,,,,,-0.002698368241034514,-0.003597055702353178
adc,1868911256.0,0.1813750118017196,1868920298.0,0.3267500102519989,1868929330.0,1.115875005722046,1868938788.0,1.560750126838684,,,,,,,,,-0.003648537377552276,-0.0019499072818980425
adc,1869011251.0,0.1976250112056732,1869020292.0,0.3178750276565552,1869029331.0,1.1343750953674316,1869038320.0,1.5735000371932983,,,,,,,,,0.005567716581987164,-0.004941180239449933
adc,1869111251.0,0.2221250087022781,1869120287.0,0.3158750236034393,1869129322.0,1.140375018119812,1869138406.0,1.577875018119812,,,,,,,,,0.02334828692149791,-0.0012127725302378367
adc,1869211256.0,0.2123750150203704,1869220299.0,0.3138750195503235,1869229337.0,1.2055000066757202,1869238325.0,1.5513750314712524,,,,,,,,,0.007193615211360112,0.0023513090801003424
adc,1869311258.0,0.2167500108480453,1869320291.0,0.312125027179718,1869329324.0,1.289500117301941,1869338809.0,1.6115000247955322,,,,,,,,,0.005454978152991712,0.0060007397180745665
adc,1869411258.0,0.2145000100135803,1869420294.0,0.3022500276565552,1869429332.0,1.324250102043152,1869438363.0,1.6721251010894775,,,,,,,,,-0.0026645254681389157,0.0013691802515568507
adc,1869511253.0,0.2172500044107437,1869520290.0,0.2905000150203705,1869529325.0,1.3701250553131104,1869538397.0,1.6953750848770142,,,,,,,,,-0.005606509365269898,-0.005275844170984621
adc,1869611255.0,0.2451250106096267,1869620292.0,0.2818750143051147,1869629320.0,1.3978750705718994,1869638792.0,1.7316250801086426,,,,,,,,,0.016673479928832113,-0.00890857020253507
adc,1869711254.0,0.2457500100135803,1869720291.0,0.2853749990463257,1869729329.0,1.483375072479248,1869738782.0,1.7493751049041748,,,,,,,,,0.011713226610936938,-0.0004962524796307223
adc,1869811268.0,0.2487500160932541,1869820311.0,0.2867500185966491,1869829343.0,1.4725000858306885,1869838785.0,1.7973750829696655,,,,,,,,,0.009052065513522306,0.005749221221118014
adc,1869911259.0,0.1697500050067901,1869920291.0,0.2757500112056732,1869929321.0,1.5522500276565552,1869938518.0,1.809625029563904,,,,,,,,,-0.07576113801738688,-0.00038110377546092013
adc,1870011263.0,0.2493750154972076,1870020299.0,0.2728750109672546,1870029338.0,1.5698751211166382,1870038321.0,1.8691251277923584,,,,,,,,,-0.0021610792840711483,0.0016543972943537937
adc,1870111257.0,0.2607500255107879,1870120292.0,0.2686250209808349,1870129321.0,1.5353751182556152,1870138334.0,1.895625114440918,,,,,,,,,0.0029383027636588586,0.00239517896401061
adc,1870211254.0,0.2715000212192535,1870220295.0,0.2572500109672546,1870229331.0,1.506375074386597,1870238323.0,1.9071251153945925,,,,,,,,,0.007145301179029784,-0.0038739328621290297
adc,1870311249.0,0.2805000245571136,1870320287.0,0.257500022649765,1870329324.0,1.5227500200271606,1870338801.0,1.8911250829696653,,,,,,,,,0.00933895525050114,0.0016252437667201778
adc,1870411256.0,0.2800000011920929,1870420298.0,0.2520000040531158,1870429332.0,1.5637500286102295,1870438793.0,1.8913750648498533,,,,,,,,,0.0017902873124454582,0.0015374131689552882
adc,1870511265.0,0.2877500057220459,1870520298.0,0.2471250146627426,1870529335.0,1.574000120162964,1870538535.0,1.8950001001358032,,,,,,,,,0.0022826111768359694,0.0022478843865071578
adc,1870611261.0,0.2960000038146972,1870620299.0,0.2407500147819519,1870629330.0,1.537500023841858,1870638788.0,1.8968751430511477,,,,,,,,,0.003106235478362345,0.001631863501507087
adc,1870711253.0,0.3041250109672546,1870720287.0,0.2331250160932541,1870729321.0,1.5681251287460327,1870738801.0,1.8753750324249268,,,,,,,,,0.003678861970841846,-7.021155692766949e-05
adc,1870811257.0,0.3126250207424164,1870820293.0,0.2267500162124633,1870829326.0,1.583875060081482,1870838797.0,1.8655000925064087,,,,,,,,,0.004541609963702321,-0.0003768662707613989
adc,1870911245.0,0.3215000033378601,1870920282.0,0.2202500104904174,1870929315.0,1.593250036239624,1870938297.0,1.8688751459121704,,,,,,,,,0.005731243406407403,-0.0006890794544323318
adc,1871011259.0,0.3237500190734863,1871020287.0,0.2160000056028366,1871029325.0,1.6166250705718994,1871038317.0,1.8592500686645508,,,,,,,,,0.00027878613895238914,0.0013367494232670227
adc,1871111251.0,0.3288750052452087,1871120287.0,0.2071250081062317,1871129323.0,1.6217501163482666,1871138328.0,1.886875033378601,,,,,,,,,-0.0022909439757100936,-0.0012088025017328507
adc,1871211261.0,0.3347500264644623,1871220294.0,0.202000007033348,1871229327.0,1.6220000982284546,1871238338.0,1.911500096321106,,,,,,,,,-0.004083288952097551,1.4463877935103021e-05
adc,1871311269.0,0.3447500169277191,1871320311.0,0.1982500106096267,1871329352.0,1.6011251211166382,1871338816.0,1.920125126838684,,,,,,,,,-0.001707488140261267,0.0025991898676127273
adc,1871411262.0,0.3556250035762787,1871420301.0,0.1890000104904174,1871429337.0,1.596000075340271,1871438792.0,1.924375057220459,,,,,,,,,0.0016004214091023556,-0.00035680562885747653
adc,1871511267.0,0.3566250205039978,1871520301.0,0.1830000132322311,1871529342.0,1.5913751125335691,1871538562.0,1.9210001230239868,,,,,,,,,-0.0048955778361644605,-0.00012287585603126697
adc,1871611264.0,0.3656250238418579,1871620304.0,0.1757500022649765,1871629337.0,1.5903750658035278,1871638775.0,1.9230000972747805,,,,,,,,,-0.0033048885857942826,-0.0012082756122001608
adc,1871711256.0,0.3765000104904175,1871720289.0,0.168375015258789,1871729323.0,1.6127500534057615,1871738801.0,1.9287500381469729,,,,,,,,,0.0002661156432514802,-0.0024852654757210706
adc,1871811253.0,0.3913750052452087,1871820289.0,0.1621250063180923,1871829324.0,1.6320000886917114,1871838809.0,1.9053751230239868,,,,,,,,,0.007964911477256954,-0.0026881103927632027
adc,1871911256.0,0.3911250233650207,1871920294.0,0.1568750143051147,1871929333.0,1.6260000467300415,1871938785.0,1.8825000524520876,,,,,,,,,0.0006931643440730017,-0.0019126190616907365
adc,1872011262.0,0.3925000131130218,1872020303.0,0.1515000015497207,1872029341.0,1.610875129699707,1872038553.0,1.8785001039505005,,,,,,,,,-0.004768363251606162,-0.001241971306461676
adc,1872111261.0,0.4008750319480896,1872120304.0,0.1466250121593475,1872129339.0,1.6407500505447388,1872138371.0,1.870250105857849,,,,,,,,,-0.0030100565970096237,1.7872961076117935e-06
adc,1872211256.0,0.4126250147819519,1872220295.0,0.1397500038146972,1872229330.0,1.6105000972747805,1872238798.0,1.8697501420974727,,,,,,,,,0.0023804763182831987,-0.0006199998411497381
adc,1872311255.0,0.4115000069141388,1872320293.0,0.1316250115633011,1872329327.0,1.6198750734329224,1872338817.0,1.88462507724762,,,,,,,,,-0.004807686982522628,-0.002290795379287381
adc,1872411257.0,0.4206250309944153,1872420291.0,0.1275000125169754,1872429321.0,1.6253750324249268,1872438794.0,1.892250061035156,,,,,,,,,-0.0014107433996613586,0.00030705712190662576
adc,1872511261.0,0.4287500083446502,1872520291.0,0.1233750060200691,1872529327.0,1.6485000848770142,1872538533.0,1.9010001420974727,,,,,,,,,0.0013574806185782241,0.0032381376983381324
adc,1872611247.0,0.433875024318695,1872620288.0,0.1133750081062316,1872629317.0,1.6527501344680786,1872638805.0,1.8913750648498533,,,,,,,,,0.0015281966242972906,0.0006846112942637075
adc,1872711254.0,0.4362500309944153,1872720294.0,0.1061250045895576,1872729326.0,1.6513750553131104,1872738813.0,1.8912501335144043,,,,,,,,,-0.0006253701249608616,0.0013170855770764031
adc,1872811260.0,0.4376250207424164,1872820288.0,0.0967500060796737,1872829324.0,1.5755001306533811,1872838609.0,1.91100013256073,,,,,,,,,-0.0033404313846451894,0.00029108835619992557
adc,1872911253.0,0.4456250071525574,1872920285.0,0.0872500017285347,1872929320.0,1.467250108718872,1872938318.0,1.860875129699707,,,,,,,,,0.0010080661661695418,-0.0003808042787307349
adc,1873011264.0,0.4662500321865082,1873020303.0,0.0841250047087669,1873029333.0,1.4391250610351562,1873038545.0,1.8547500371932983,,,,,,,,,0.018405756477961187,0.0057941833750436815
adc,1873111263.0,0.4613750278949737,1873120306.0,0.0683750063180923,1873129339.0,1.2476251125335691,1873138518.0,1.790000081062317,,,,,,,,,0.010697841926366884,-0.00021185180650108801
adc,1873211254.0,0.426125019788742,1873220301.0,0.0592500045895576,1873229332.0,0.9735000729560852,1873238769.0,1.6068750619888306,,,,,,,,,-0.027035603854381526,0.0008028455394524048
adc,1873311260.0,0.4378750324249267,1873320300.0,0.0492500029504299,1873329332.0,0.6636250019073486,1873338796.0,1.4832500219345093,,,,,,,,,-0.017478678136859754,0.00127115222740024
adc,1873411265.0,0.5033750534057617,1873420309.0,0.0416250005364418,1873429340.0,0.6237500309944153,1873438330.0,1.489875078201294,,,,,,,,,0.046047119404070684,0.004359613651295274
adc,1873511263.0,0.4588750302791595,1873520301.0,0.0261250007897615,1873529335.0,0.53062504529953,1873538571.0,1.323875069618225,,,,,,,,,-0.0002897863895562104,-0.00027803685311012904
