type,t0,adc0,t1,adc1,t2,adc2,t3,adc3,t4,acc_x,acc_y,acc_z,t5,gyro_x,gyro_y,gyro_z
mpu,,,,,,,,,1543134148.0,2352.0,15458.0,-25612.0,1543134148.0,-158.0,-323.0,10.0
mpu,,,,,,,,,1543233745.0,4598.0,15086.0,-26984.0,1543233745.0,-254.0,-673.0,5.0
mpu,,,,,,,,,1543333732.0,4674.0,16250.0,-26060.0,1543333732.0,-340.0,-592.0,87.0
mpu,,,,,,,,,1543433738.0,6710.0,14340.0,-26526.0,1543433738.0,-559.0,-879.0,88.0
mpu,,,,,,,,,1543534372.0,6798.0,13954.0,-24740.0,1543534372.0,-571.0,-510.0,94.0
mpu,,,,,,,,,1543633772.0,6168.0,13656.0,-24602.0,1543633772.0,-381.0,7.0,131.0
mpu,,,,,,,,,1543733736.0,6080.0,12820.0,-25392.0,1543733736.0,-137.0,161.0,153.0
mpu,,,,,,,,,1543833738.0,5586.0,11594.0,-24922.0,1543833738.0,128.0,296.0,151.0
mpu,,,,,,,,,1543934398.0,5338.0,11960.0,-25732.0,1543934398.0,273.0,-54.0,4.0
mpu,,,,,,,,,1544033733.0,4480.0,11878.0,-25264.0,1544033733.0,403.0,28.0,-238.0
mpu,,,,,,,,,1544133734.0,1212.0,10436.0,-26622.0,1544133734.0,505.0,-92.0,-476.0
mpu,,,,,,,,,1544233735.0,6424.0,11986.0,-26148.0,1544233735.0,676.0,13.0,-677.0
mpu,,,,,,,,,1544334358.0,952.0,14484.0,-26122.0,1544334358.0,739.0,297.0,-648.0
mpu,,,,,,,,,1544433743.0,470.0,14166.0,-30268.0,1544433743.0,950.0,176.0,-338.0
mpu,,,,,,,,,1544533739.0,604.0,15654.0,-30646.0,1544533739.0,984.0,-63.0,-297.0
mpu,,,,,,,,,1544633736.0,788.0,14496.0,-29018.0,1544633736.0,816.0,-232.0,-385.0
mpu,,,,,,,,,1544734362.0,1164.0,17870.0,-31312.0,1544734362.0,728.0,-242.0,-312.0
mpu,,,,,,,,,1544833751.0,1478.0,19334.0,-32768.0,1544833751.0,430.0,-134.0,-170.0
mpu,,,,,,,,,1544933734.0,798.0,18556.0,-32768.0,1544933734.0,128.0,-4.0,-71.0
mpu,,,,,,,,,1545033742.0,1300.0,23246.0,-32768.0,1545033742.0,-144.0,134.0,30.0
mpu,,,,,,,,,1545133925.0,-4512.0,24694.0,-32768.0,1545133925.0,-977.0,305.0,510.0
mpu,,,,,,,,,1545233747.0,8068.0,12858.0,-28384.0,1545233747.0,-1680.0,-230.0,690.0
mpu,,,,,,,,,1545333743.0,60.0,22246.0,-32768.0,1545333743.0,-1360.0,44.0,620.0
mpu,,,,,,,,,1545433748.0,4630.0,15732.0,-27898.0,1545433748.0,-1330.0,59.0,580.0
mpu,,,,,,,,,1545534361.0,3604.0,14716.0,-25922.0,1545534361.0,-1026.0,43.0,612.0
mpu,,,,,,,,,1545633745.0,4174.0,12922.0,-26238.0,1545633745.0,-419.0,-69.0,447.0
mpu,,,,,,,,,1545733739.0,5060.0,8034.0,-28518.0,1545733739.0,397.0,-43.0,48.0
mpu,,,,,,,,,1545833739.0,776.0,8994.0,-30420.0,1545833739.0,798.0,-26.0,-637.0
mpu,,,,,,,,,1545934589.0,1092.0,6006.0,-28026.0,1545934589.0,1062.0,127.0,-1141.0
mpu,,,,,,,,,1546033732.0,4108.0,12342.0,-27428.0,1546033732.0,1281.0,423.0,-591.0
mpu,,,,,,,,,1546133733.0,2998.0,15388.0,-26840.0,1546133733.0,1225.0,-155.0,-474.0
mpu,,,,,,,,,1546233739.0,3894.0,19856.0,-26732.0,1546233739.0,1085.0,-364.0,-383.0
mpu,,,,,,,,,1546334607.0,2568.0,24492.0,-32768.0,1546334607.0,744.0,-65.0,-264.0
mpu,,,,,,,,,1546433746.0,2324.0,25368.0,-32768.0,1546433746.0,-74.0,108.0,19.0
mpu,,,,,,,,,1546533743.0,1604.0,21688.0,-32768.0,1546533743.0,-1612.0,-82.0,780.0
mpu,,,,,,,,,1546633796.0,3524.0,23194.0,-27584.0,1546633796.0,-1883.0,116.0,1011.0
mpu,,,,,,,,,1546734814.0,3572.0,16628.0,-27558.0,1546734814.0,-1768.0,150.0,856.0
mpu,,,,,,,,,1546833743.0,4274.0,12994.0,-27966.0,1546833743.0,-1146.0,-42.0,660.0
mpu,,,,,,,,,1546933740.0,3060.0,8996.0,-28866.0,1546933740.0,-89.0,30.0,245.0
mpu,,,,,,,,,1547033728.0,2066.0,3118.0,-31094.0,1547033728.0,896.0,-57.0,-379.0
mpu,,,,,,,,,1547134208.0,4964.0,5638.0,-28648.0,1547134208.0,1216.0,-60.0,-1131.0
mpu,,,,,,,,,1547233745.0,2680.0,11394.0,-26546.0,1547233745.0,1315.0,400.0,-954.0
mpu,,,,,,,,,1547333730.0,4392.0,16576.0,-24742.0,1547333730.0,1472.0,56.0,-550.0
mpu,,,,,,,,,1547433737.0,3144.0,26810.0,-31152.0,1547433737.0,1278.0,-392.0,-379.0
mpu,,,,,,,,,1547534131.0,-1922.0,26160.0,-32768.0,1547534131.0,479.0,14.0,-111.0
mpu,,,,,,,,,1547633745.0,-574.0,26530.0,-32768.0,1547633745.0,-1097.0,30.0,524.0
mpu,,,,,,,,,1547733731.0,2838.0,21506.0,-31164.0,1547733731.0,-2141.0,201.0,1162.0
mpu,,,,,,,,,1547833734.0,2386.0,20024.0,-26402.0,1547833734.0,-2001.0,269.0,914.0
mpu,,,,,,,,,1547934255.0,1504.0,13878.0,-25032.0,1547934255.0,-1371.0,-48.0,753.0
mpu,,,,,,,,,1548033734.0,5338.0,7240.0,-28506.0,1548033734.0,-201.0,-167.0,268.0
mpu,,,,,,,,,1548133735.0,274.0,2244.0,-30826.0,1548133735.0,858.0,-51.0,-472.0
mpu,,,,,,,,,1548233736.0,4460.0,3582.0,-28852.0,1548233736.0,1310.0,-34.0,-1200.0
mpu,,,,,,,,,1548333844.0,2342.0,10972.0,-29448.0,1548333844.0,1458.0,490.0,-975.0
mpu,,,,,,,,,1548433760.0,6428.0,17318.0,-26414.0,1548433760.0,1476.0,1.0,-478.0
mpu,,,,,,,,,1548533732.0,470.0,27034.0,-32410.0,1548533732.0,1241.0,-372.0,-301.0
mpu,,,,,,,,,1548633763.0,-1068.0,29590.0,-32768.0,1548633763.0,258.0,33.0,-4.0
mpu,,,,,,,,,1548733833.0,-1990.0,26024.0,-32768.0,1548733833.0,-1524.0,15.0,717.0
mpu,,,,,,,,,1548833776.0,1590.0,21298.0,-31730.0,1548833776.0,-2337.0,177.0,1234.0
mpu,,,,,,,,,1548933740.0,3310.0,15340.0,-28220.0,1548933740.0,-1900.0,162.0,951.0
mpu,,,,,,,,,1549033731.0,2088.0,9674.0,-28148.0,1549033731.0,-924.0,-23.0,603.0
mpu,,,,,,,,,1549133864.0,2992.0,3180.0,-29668.0,1549133864.0,381.0,-134.0,-66.0
mpu,,,,,,,,,1549233747.0,3262.0,2838.0,-28246.0,1549233747.0,1149.0,-136.0,-945.0
mpu,,,,,,,,,1549333735.0,854.0,3350.0,-29646.0,1549333735.0,1431.0,164.0,-1193.0
mpu,,,,,,,,,1549433736.0,4026.0,12234.0,-25990.0,1549433736.0,1536.0,261.0,-721.0
mpu,,,,,,,,,1549534094.0,4812.0,24468.0,-27858.0,1549534094.0,1445.0,-190.0,-418.0
mpu,,,,,,,,,1549633744.0,3358.0,28420.0,-32768.0,1549633744.0,657.0,-168.0,-173.0
mpu,,,,,,,,,1549733735.0,-334.0,29036.0,-32768.0,1549733735.0,-908.0,-62.0,427.0
mpu,,,,,,,,,1549833731.0,234.0,23616.0,-31734.0,1549833731.0,-2232.0,213.0,1226.0
mpu,,,,,,,,,1549934113.0,2404.0,17396.0,-30334.0,1549934113.0,-2062.0,262.0,1116.0
mpu,,,,,,,,,1550033733.0,3550.0,10780.0,-29076.0,1550033733.0,-1276.0,-3.0,745.0
mpu,,,,,,,,,1550133738.0,2894.0,4580.0,-28736.0,1550133738.0,54.0,-92.0,134.0
mpu,,,,,,,,,1550233792.0,-2970.0,1390.0,-30586.0,1550233792.0,1025.0,-296.0,-798.0
mpu,,,,,,,,,1550334413.0,3714.0,2830.0,-25894.0,1550334413.0,1446.0,86.0,-1316.0
mpu,,,,,,,,,1550433745.0,5442.0,11754.0,-24542.0,1550433745.0,1597.0,366.0,-814.0
mpu,,,,,,,,,1550533736.0,3966.0,23204.0,-27730.0,1550533736.0,1526.0,-9.0,-509.0
mpu,,,,,,,,,1550633735.0,1148.0,29686.0,-32768.0,1550633735.0,866.0,-262.0,-197.0
mpu,,,,,,,,,1550734135.0,-928.0,31124.0,-32768.0,1550734135.0,-724.0,-26.0,381.0
mpu,,,,,,,,,1550833774.0,-928.0,31124.0,-32768.0,1550833774.0,-724.0,-26.0,381.0
mpu,,,,,,,,,1550933737.0,2340.0,23930.0,-30244.0,1550933737.0,-2343.0,221.0,1250.0
mpu,,,,,,,,,1551033736.0,2424.0,18824.0,-31192.0,1551033736.0,-2210.0,220.0,1158.0
mpu,,,,,,,,,1551134103.0,3000.0,10232.0,-27652.0,1551134103.0,-1338.0,46.0,752.0
mpu,,,,,,,,,1551233743.0,2528.0,4026.0,-28878.0,1551233743.0,43.0,-127.0,95.0
mpu,,,,,,,,,1551333735.0,-2468.0,738.0,-29882.0,1551333735.0,1095.0,-299.0,-794.0
mpu,,,,,,,,,1551433738.0,4548.0,3200.0,-24796.0,1551433738.0,1475.0,105.0,-1295.0
mpu,,,,,,,,,1551533800.0,7412.0,13440.0,-19890.0,1551533800.0,1580.0,385.0,-853.0
mpu,,,,,,,,,1551633748.0,3622.0,25748.0,-28160.0,1551633748.0,1501.0,-108.0,-522.0
mpu,,,,,,,,,1551733744.0,824.0,28370.0,-32768.0,1551733744.0,838.0,-271.0,-201.0
mpu,,,,,,,,,1551833736.0,-2386.0,31662.0,-32768.0,1551833736.0,-740.0,26.0,388.0
mpu,,,,,,,,,1551934420.0,1980.0,23480.0,-31252.0,1551934420.0,-2386.0,154.0,1196.0
mpu,,,,,,,,,1552033730.0,2280.0,17718.0,-30026.0,1552033730.0,-2204.0,207.0,1110.0
mpu,,,,,,,,,1552133734.0,512.0,10846.0,-27706.0,1552133734.0,-1214.0,50.0,867.0
mpu,,,,,,,,,1552233738.0,4060.0,5214.0,-29922.0,1552233738.0,214.0,-235.0,196.0
mpu,,,,,,,,,1552334354.0,-354.0,2116.0,-27250.0,1552334354.0,1097.0,-164.0,-870.0
mpu,,,,,,,,,1552433746.0,2152.0,1406.0,-27140.0,1552433746.0,1459.0,112.0,-1352.0
mpu,,,,,,,,,1552533743.0,5072.0,14210.0,-23970.0,1552533743.0,1561.0,378.0,-848.0
mpu,,,,,,,,,1552633742.0,6462.0,27212.0,-28040.0,1552633742.0,1484.0,-173.0,-472.0
mpu,,,,,,,,,1552734416.0,-96.0,28824.0,-32768.0,1552734416.0,638.0,-182.0,-91.0
mpu,,,,,,,,,1552833750.0,-3226.0,29458.0,-32768.0,1552833750.0,-1152.0,-26.0,587.0
mpu,,,,,,,,,1552933740.0,678.0,22762.0,-31264.0,1552933740.0,-2456.0,309.0,1308.0
mpu,,,,,,,,,1553033741.0,1720.0,15392.0,-29476.0,1553033741.0,-2011.0,182.0,1112.0
mpu,,,,,,,,,1553133789.0,2102.0,11280.0,-27512.0,1553133789.0,-870.0,2.0,711.0
mpu,,,,,,,,,1553233745.0,2876.0,2164.0,-30356.0,1553233745.0,485.0,-289.0,-179.0
mpu,,,,,,,,,1553333760.0,4398.0,-1696.0,-32768.0,1553333760.0,1221.0,-151.0,-1229.0
mpu,,,,,,,,,1553433736.0,4832.0,6668.0,-23844.0,1553433736.0,1535.0,284.0,-1257.0
mpu,,,,,,,,,1553534306.0,5404.0,19404.0,-23710.0,1553534306.0,1632.0,270.0,-698.0
mpu,,,,,,,,,1553633743.0,2540.0,27562.0,-31250.0,1553633743.0,1347.0,-377.0,-348.0
mpu,,,,,,,,,1553733737.0,2686.0,30572.0,-32768.0,1553733737.0,39.0,23.0,127.0
mpu,,,,,,,,,1553833743.0,-112.0,26116.0,-32768.0,1553833743.0,-1962.0,-41.0,977.0
mpu,,,,,,,,,1553933821.0,3802.0,23766.0,-26654.0,1553933821.0,-2462.0,2.0,1420.0
mpu,,,,,,,,,1554033738.0,3634.0,8768.0,-32768.0,1554033738.0,-2082.0,-12.0,1525.0
mpu,,,,,,,,,1554133740.0,4680.0,8638.0,-23094.0,1554133740.0,-238.0,317.0,458.0
mpu,,,,,,,,,1554233739.0,-410.0,-1536.0,-32768.0,1554233739.0,789.0,-518.0,-760.0
mpu,,,,,,,,,1554333836.0,6774.0,1900.0,-26812.0,1554333836.0,1315.0,-261.0,-1627.0
mpu,,,,,,,,,1554433750.0,8036.0,11758.0,-20716.0,1554433750.0,1586.0,490.0,-1141.0
mpu,,,,,,,,,1554533728.0,4938.0,25848.0,-22184.0,1554533728.0,1672.0,36.0,-646.0
mpu,,,,,,,,,1554633732.0,-1992.0,31202.0,-27546.0,1554633732.0,761.0,-396.0,-136.0
mpu,,,,,,,,,1554733873.0,3580.0,29582.0,-32768.0,1554733873.0,-975.0,-2.0,594.0
mpu,,,,,,,,,1554833745.0,2394.0,25794.0,-30556.0,1554833745.0,-2304.0,308.0,1369.0
mpu,,,,,,,,,1554933736.0,3508.0,17412.0,-27980.0,1554933736.0,-2070.0,126.0,1251.0
mpu,,,,,,,,,1555033743.0,3696.0,9616.0,-26090.0,1555033743.0,-1067.0,-22.0,751.0
mpu,,,,,,,,,1555133794.0,1542.0,270.0,-31182.0,1555133794.0,517.0,62.0,-226.0
mpu,,,,,,,,,1555233752.0,4038.0,-1510.0,-32768.0,1555233752.0,1257.0,-289.0,-1169.0
mpu,,,,,,,,,1555333734.0,5280.0,4028.0,-31228.0,1555333734.0,1658.0,370.0,-1307.0
mpu,,,,,,,,,1555433738.0,4894.0,18610.0,-20932.0,1555433738.0,1741.0,324.0,-783.0
mpu,,,,,,,,,1555533801.0,4800.0,28332.0,-26070.0,1555533801.0,1300.0,-494.0,-363.0
mpu,,,,,,,,,1555633742.0,686.0,31614.0,-32768.0,1555633742.0,-105.0,-78.0,197.0
mpu,,,,,,,,,1555733741.0,-146.0,26874.0,-30326.0,1555733741.0,-1816.0,77.0,1066.0
mpu,,,,,,,,,1555833734.0,1338.0,19204.0,-30076.0,1555833734.0,-2438.0,316.0,1330.0
mpu,,,,,,,,,1555933799.0,964.0,12752.0,-27308.0,1555933799.0,-1568.0,48.0,1078.0
mpu,,,,,,,,,1556033733.0,2806.0,4838.0,-27596.0,1556033733.0,-181.0,-13.0,309.0
mpu,,,,,,,,,1556133737.0,-516.0,-346.0,-28726.0,1556133737.0,1002.0,-133.0,-797.0
mpu,,,,,,,,,1556233741.0,5032.0,180.0,-22100.0,1556233741.0,1499.0,97.0,-1368.0
mpu,,,,,,,,,1556333810.0,3876.0,16220.0,-22296.0,1556333810.0,1655.0,498.0,-961.0
mpu,,,,,,,,,1556433743.0,5646.0,25598.0,-23852.0,1556433743.0,1579.0,-131.0,-581.0
mpu,,,,,,,,,1556533729.0,60.0,28954.0,-32768.0,1556533729.0,692.0,-322.0,-61.0
mpu,,,,,,,,,1556633735.0,52.0,30270.0,-32768.0,1556633735.0,-1021.0,130.0,599.0
mpu,,,,,,,,,1556733852.0,3910.0,25346.0,-31352.0,1556733852.0,-2340.0,293.0,1316.0
mpu,,,,,,,,,1556833744.0,1888.0,15528.0,-31156.0,1556833744.0,-2077.0,185.0,1156.0
mpu,,,,,,,,,1556933736.0,3364.0,9620.0,-24980.0,1556933736.0,-1041.0,-46.0,611.0
mpu,,,,,,,,,1557033732.0,3908.0,992.0,-31416.0,1557033732.0,439.0,-286.0,-270.0
mpu,,,,,,,,,1557133747.0,2984.0,-632.0,-32768.0,1557133747.0,1229.0,-195.0,-1122.0
mpu,,,,,,,,,1557233740.0,4158.0,5704.0,-23224.0,1557233740.0,1642.0,452.0,-1195.0
mpu,,,,,,,,,1557333734.0,1190.0,18070.0,-21204.0,1557333734.0,1672.0,296.0,-809.0
mpu,,,,,,,,,1557433739.0,5824.0,29038.0,-29858.0,1557433739.0,1313.0,-507.0,-358.0
mpu,,,,,,,,,1557533741.0,1242.0,30064.0,-32768.0,1557533741.0,34.0,78.0,164.0
mpu,,,,,,,,,1557633733.0,-2332.0,25608.0,-32768.0,1557633733.0,-1975.0,214.0,1048.0
mpu,,,,,,,,,1557733740.0,1692.0,19052.0,-31474.0,1557733740.0,-2385.0,235.0,1287.0
mpu,,,,,,,,,1557833744.0,2640.0,12240.0,-27884.0,1557833744.0,-1680.0,70.0,966.0
mpu,,,,,,,,,1557933741.0,1900.0,5384.0,-27946.0,1557933741.0,-264.0,-98.0,259.0
mpu,,,,,,,,,1558033727.0,-2730.0,156.0,-32344.0,1558033727.0,979.0,-315.0,-718.0
mpu,,,,,,,,,1558133732.0,5666.0,-538.0,-24148.0,1558133732.0,1529.0,122.0,-1396.0
mpu,,,,,,,,,1558233734.0,5376.0,13748.0,-25010.0,1558233734.0,1685.0,438.0,-950.0
mpu,,,,,,,,,1558333752.0,6342.0,26442.0,-22532.0,1558333752.0,1590.0,-135.0,-493.0
mpu,,,,,,,,,1558433737.0,780.0,30066.0,-32768.0,1558433737.0,659.0,-293.0,-96.0
mpu,,,,,,,,,1558533736.0,2372.0,29674.0,-32768.0,1558533736.0,-1102.0,64.0,615.0
mpu,,,,,,,,,1558633736.0,2988.0,25006.0,-32768.0,1558633736.0,-2437.0,269.0,1260.0
mpu,,,,,,,,,1558733758.0,2474.0,15360.0,-28736.0,1558733758.0,-2074.0,187.0,1154.0
mpu,,,,,,,,,1558833734.0,3398.0,10044.0,-25984.0,1558833734.0,-877.0,-20.0,660.0
mpu,,,,,,,,,1558933731.0,2630.0,464.0,-31320.0,1558933731.0,523.0,-351.0,-232.0
mpu,,,,,,,,,1559033728.0,3288.0,-3278.0,-32768.0,1559033728.0,1354.0,-181.0,-1187.0
mpu,,,,,,,,,1559133751.0,1598.0,9968.0,-27968.0,1559133751.0,1608.0,398.0,-1270.0
mpu,,,,,,,,,1559233740.0,15094.0,18752.0,-24428.0,1559233740.0,1660.0,41.0,-642.0
mpu,,,,,,,,,1559333730.0,3298.0,29498.0,-30356.0,1559333730.0,1160.0,-261.0,-333.0
mpu,,,,,,,,,1559433735.0,-2248.0,32604.0,-32768.0,1559433735.0,-286.0,46.0,272.0
mpu,,,,,,,,,1559533747.0,-1180.0,24742.0,-32096.0,1559533747.0,-2081.0,149.0,1111.0
mpu,,,,,,,,,1559633751.0,3582.0,21346.0,-29332.0,1559633751.0,-2289.0,284.0,1253.0
mpu,,,,,,,,,1559733740.0,2198.0,11418.0,-27486.0,1559733740.0,-1567.0,43.0,871.0
mpu,,,,,,,,,1559833738.0,-52.0,2122.0,-27468.0,1559833738.0,-66.0,-74.0,169.0
mpu,,,,,,,,,1559933749.0,-2762.0,-572.0,-30518.0,1559933749.0,1088.0,-300.0,-849.0
mpu,,,,,,,,,1560033732.0,3320.0,1440.0,-27542.0,1560033732.0,1622.0,184.0,-1432.0
mpu,,,,,,,,,1560133741.0,9784.0,13402.0,-17508.0,1560133741.0,1681.0,419.0,-916.0
mpu,,,,,,,,,1560233735.0,5902.0,28192.0,-28554.0,1560233735.0,1527.0,-144.0,-442.0
mpu,,,,,,,,,1560333748.0,-2332.0,31418.0,-31242.0,1560333748.0,469.0,-288.0,-72.0
mpu,,,,,,,,,1560433762.0,-158.0,29166.0,-32768.0,1560433762.0,-1454.0,113.0,734.0
mpu,,,,,,,,,1560533737.0,4460.0,23446.0,-30134.0,1560533737.0,-2586.0,238.0,1349.0
mpu,,,,,,,,,1560633730.0,2504.0,15174.0,-26900.0,1560633730.0,-1929.0,150.0,1092.0
mpu,,,,,,,,,1560733743.0,2644.0,7958.0,-27052.0,1560733743.0,-654.0,-59.0,529.0
mpu,,,,,,,,,1560833735.0,1432.0,218.0,-32040.0,1560833735.0,727.0,-327.0,-446.0
mpu,,,,,,,,,1560933734.0,5610.0,-2508.0,-32768.0,1560933734.0,1463.0,-113.0,-1337.0
mpu,,,,,,,,,1561033758.0,4048.0,11426.0,-21046.0,1561033758.0,1629.0,548.0,-1157.0
mpu,,,,,,,,,1561133744.0,1688.0,21708.0,-24334.0,1561133744.0,1692.0,68.0,-583.0
mpu,,,,,,,,,1561233734.0,3224.0,28570.0,-30702.0,1561233734.0,1040.0,-408.0,-188.0
mpu,,,,,,,,,1561333751.0,360.0,31792.0,-32768.0,1561333751.0,-541.0,-109.0,355.0
mpu,,,,,,,,,1561433758.0,2410.0,24274.0,-32702.0,1561433758.0,-2202.0,404.0,1225.0
mpu,,,,,,,,,1561533750.0,3994.0,18644.0,-29194.0,1561533750.0,-2243.0,186.0,1288.0
mpu,,,,,,,,,1561633736.0,2800.0,11632.0,-27754.0,1561633736.0,-1373.0,67.0,783.0
mpu,,,,,,,,,1561733737.0,2780.0,2878.0,-30366.0,1561733737.0,112.0,-70.0,-9.0
mpu,,,,,,,,,1561833760.0,922.0,-1480.0,-26774.0,1561833760.0,1205.0,-267.0,-969.0
mpu,,,,,,,,,1561933738.0,1604.0,4590.0,-24162.0,1561933738.0,1699.0,201.0,-1223.0
mpu,,,,,,,,,1562033731.0,4278.0,14666.0,-25022.0,1562033731.0,1675.0,385.0,-761.0
mpu,,,,,,,,,1562133739.0,4684.0,26974.0,-26430.0,1562133739.0,1404.0,-229.0,-450.0
mpu,,,,,,,,,1562233769.0,-734.0,30132.0,-32768.0,1562233769.0,279.0,-268.0,-36.0
mpu,,,,,,,,,1562333728.0,-1796.0,28412.0,-32442.0,1562333728.0,-1605.0,-51.0,837.0
mpu,,,,,,,,,1562433730.0,3320.0,22462.0,-30578.0,1562433730.0,-2537.0,89.0,1388.0
mpu,,,,,,,,,1562533729.0,3864.0,13102.0,-27120.0,1562533729.0,-1811.0,263.0,1044.0
mpu,,,,,,,,,1562633736.0,4714.0,9494.0,-29044.0,1562633736.0,-512.0,103.0,452.0
mpu,,,,,,,,,1562733733.0,886.0,-1448.0,-31724.0,1562733733.0,878.0,-349.0,-421.0
mpu,,,,,,,,,1562833731.0,2912.0,-642.0,-32288.0,1562833731.0,1569.0,-80.0,-1314.0
mpu,,,,,,,,,1562933731.0,7188.0,11602.0,-20338.0,1562933731.0,1632.0,504.0,-1106.0
mpu,,,,,,,,,1563033731.0,6552.0,21904.0,-22282.0,1563033731.0,1646.0,-165.0,-581.0
mpu,,,,,,,,,1563133730.0,1224.0,29350.0,-32768.0,1563133730.0,926.0,-207.0,-218.0
mpu,,,,,,,,,1563233730.0,764.0,32767.0,-32768.0,1563233730.0,-814.0,-5.0,413.0
mpu,,,,,,,,,1563333726.0,3584.0,24508.0,-32238.0,1563333726.0,-2412.0,232.0,1337.0
mpu,,,,,,,,,1563433734.0,4586.0,18058.0,-29678.0,1563433734.0,-2164.0,152.0,1284.0
mpu,,,,,,,,,1563533731.0,4036.0,10468.0,-27810.0,1563533731.0,-1212.0,217.0,674.0
mpu,,,,,,,,,1563633731.0,-100.0,1650.0,-28712.0,1563633731.0,240.0,-178.0,-120.0
mpu,,,,,,,,,1563733732.0,3924.0,-724.0,-28830.0,1563733732.0,1311.0,-196.0,-1053.0
mpu,,,,,,,,,1563833733.0,734.0,2576.0,-31732.0,1563833733.0,1728.0,223.0,-1188.0
mpu,,,,,,,,,1563933728.0,8322.0,15330.0,-21006.0,1563933728.0,1698.0,300.0,-832.0
mpu,,,,,,,,,1564033731.0,3802.0,29506.0,-30040.0,1564033731.0,1301.0,-337.0,-441.0
mpu,,,,,,,,,1564133730.0,-266.0,31364.0,-32768.0,1564133730.0,120.0,-134.0,85.0
mpu,,,,,,,,,1564233727.0,-72.0,27282.0,-32738.0,1564233727.0,-1821.0,200.0,940.0
mpu,,,,,,,,,1564333727.0,2832.0,19780.0,-30238.0,1564333727.0,-2562.0,224.0,1425.0
mpu,,,,,,,,,1564433730.0,2080.0,12430.0,-26858.0,1564433730.0,-1751.0,190.0,978.0
mpu,,,,,,,,,1564533729.0,3428.0,6076.0,-27614.0,1564533729.0,-349.0,-94.0,326.0
mpu,,,,,,,,,1564633730.0,1006.0,-498.0,-31946.0,1564633730.0,1012.0,-337.0,-601.0
mpu,,,,,,,,,1564733732.0,4430.0,52.0,-26794.0,1564733732.0,1589.0,16.0,-1421.0
mpu,,,,,,,,,1564833731.0,6350.0,13288.0,-24748.0,1564833731.0,1678.0,400.0,-997.0
mpu,,,,,,,,,1564933729.0,3158.0,24734.0,-24510.0,1564933729.0,1567.0,-86.0,-552.0
mpu,,,,,,,,,1565033729.0,-1032.0,30094.0,-32358.0,1565033729.0,713.0,-299.0,-169.0
mpu,,,,,,,,,1565133732.0,754.0,30256.0,-32768.0,1565133732.0,-1067.0,30.0,581.0
mpu,,,,,,,,,1565233731.0,4056.0,25396.0,-31328.0,1565233731.0,-2464.0,188.0,1299.0
mpu,,,,,,,,,1565333730.0,2292.0,16750.0,-27844.0,1565333730.0,-2115.0,276.0,1106.0
mpu,,,,,,,,,1565433729.0,672.0,9294.0,-23854.0,1565433729.0,-995.0,-33.0,629.0
mpu,,,,,,,,,1565533730.0,1738.0,1206.0,-30478.0,1565533730.0,576.0,-195.0,-209.0
mpu,,,,,,,,,1565633735.0,4398.0,-2354.0,-32768.0,1565633735.0,1407.0,-225.0,-1136.0
mpu,,,,,,,,,1565733733.0,3162.0,6562.0,-22722.0,1565733733.0,1656.0,482.0,-1239.0
mpu,,,,,,,,,1565833739.0,9060.0,20826.0,-21500.0,1565833739.0,1646.0,197.0,-681.0
mpu,,,,,,,,,1565933731.0,3134.0,31512.0,-32470.0,1565933731.0,1295.0,-384.0,-303.0
mpu,,,,,,,,,1566033729.0,1534.0,31234.0,-32768.0,1566033729.0,-100.0,-107.0,182.0
mpu,,,,,,,,,1566133731.0,270.0,24810.0,-32768.0,1566133731.0,-2121.0,6.0,1054.0
mpu,,,,,,,,,1566233738.0,1294.0,19354.0,-32308.0,1566233738.0,-2403.0,230.0,1290.0
mpu,,,,,,,,,1566333723.0,2512.0,10904.0,-26966.0,1566333723.0,-1619.0,70.0,1018.0
mpu,,,,,,,,,1566433735.0,2008.0,5058.0,-27718.0,1566433735.0,-203.0,-129.0,294.0
mpu,,,,,,,,,1566533733.0,-2952.0,-902.0,-32768.0,1566533733.0,1037.0,-205.0,-781.0
mpu,,,,,,,,,1566633733.0,3622.0,1088.0,-24262.0,1566633733.0,1564.0,128.0,-1393.0
mpu,,,,,,,,,1566733732.0,5294.0,13204.0,-22186.0,1566733732.0,1770.0,435.0,-966.0
mpu,,,,,,,,,1566833743.0,5422.0,26740.0,-23602.0,1566833743.0,1556.0,-122.0,-513.0
mpu,,,,,,,,,1566933731.0,2150.0,30846.0,-32768.0,1566933731.0,696.0,-289.0,-141.0
mpu,,,,,,,,,1567033723.0,-3808.0,29980.0,-32768.0,1567033723.0,-1151.0,46.0,605.0
mpu,,,,,,,,,1567133729.0,2256.0,25792.0,-31910.0,1567133729.0,-2538.0,304.0,1338.0
mpu,,,,,,,,,1567233728.0,1790.0,16662.0,-25734.0,1567233728.0,-2135.0,113.0,1139.0
mpu,,,,,,,,,1567333724.0,-728.0,8622.0,-24808.0,1567333724.0,-880.0,-7.0,630.0
mpu,,,,,,,,,1567433731.0,2318.0,-304.0,-30692.0,1567433731.0,625.0,-332.0,-259.0
mpu,,,,,,,,,1567533727.0,2600.0,-2166.0,-32768.0,1567533727.0,1494.0,-84.0,-1233.0
mpu,,,,,,,,,1567633734.0,5912.0,9902.0,-23014.0,1567633734.0,1705.0,431.0,-1169.0
mpu,,,,,,,,,1567733731.0,9638.0,24236.0,-17068.0,1567733731.0,1642.0,129.0,-705.0
mpu,,,,,,,,,1567833723.0,256.0,30274.0,-31302.0,1567833723.0,1053.0,-345.0,-281.0
mpu,,,,,,,,,1567933731.0,1354.0,31444.0,-32768.0,1567933731.0,-482.0,-59.0,378.0
mpu,,,,,,,,,1568033722.0,786.0,26854.0,-32768.0,1568033722.0,-2234.0,142.0,1169.0
mpu,,,,,,,,,1568133724.0,3248.0,19276.0,-27762.0,1568133724.0,-2344.0,140.0,1252.0
mpu,,,,,,,,,1568233736.0,3230.0,11174.0,-27672.0,1568233736.0,-1386.0,79.0,794.0
mpu,,,,,,,,,1568333733.0,1122.0,3246.0,-30268.0,1568333733.0,144.0,-88.0,61.0
mpu,,,,,,,,,1568433732.0,-2144.0,-822.0,-27792.0,1568433732.0,1287.0,-219.0,-909.0
mpu,,,,,,,,,1568533730.0,2434.0,3460.0,-25260.0,1568533730.0,1655.0,188.0,-1281.0
mpu,,,,,,,,,1568633731.0,4408.0,15878.0,-22322.0,1568633731.0,1672.0,311.0,-875.0
mpu,,,,,,,,,1568733736.0,5172.0,26352.0,-27704.0,1568733736.0,1449.0,-321.0,-463.0
mpu,,,,,,,,,1568833734.0,-186.0,29958.0,-32768.0,1568833734.0,294.0,-184.0,10.0
mpu,,,,,,,,,1568933729.0,730.0,28184.0,-32768.0,1568933729.0,-1671.0,44.0,870.0
mpu,,,,,,,,,1569033727.0,2898.0,22548.0,-31664.0,1569033727.0,-2531.0,209.0,1392.0
mpu,,,,,,,,,1569133733.0,1408.0,13282.0,-27316.0,1569133733.0,-1842.0,233.0,1055.0
mpu,,,,,,,,,1569233727.0,3090.0,5744.0,-28696.0,1569233727.0,-467.0,-66.0,408.0
mpu,,,,,,,,,1569333728.0,494.0,58.0,-31930.0,1569333728.0,955.0,-254.0,-513.0
mpu,,,,,,,,,1569433737.0,5570.0,-650.0,-28058.0,1569433737.0,1618.0,-32.0,-1322.0
mpu,,,,,,,,,1569533730.0,8366.0,11780.0,-24638.0,1569533730.0,1659.0,428.0,-1064.0
mpu,,,,,,,,,1569633731.0,5394.0,22752.0,-25082.0,1569633731.0,1561.0,-95.0,-632.0
mpu,,,,,,,,,1569733728.0,644.0,30158.0,-32768.0,1569733728.0,822.0,-270.0,-197.0
mpu,,,,,,,,,1569833728.0,1872.0,32767.0,-32768.0,1569833728.0,-900.0,-49.0,459.0
mpu,,,,,,,,,1569933731.0,1078.0,27756.0,-27842.0,1569933731.0,-2545.0,242.0,1242.0
mpu,,,,,,,,,1570033729.0,1348.0,16872.0,-28950.0,1570033729.0,-2178.0,89.0,1233.0
mpu,,,,,,,,,1570133729.0,2858.0,10378.0,-26328.0,1570133729.0,-987.0,88.0,720.0
mpu,,,,,,,,,1570233729.0,1440.0,1008.0,-30408.0,1570233729.0,470.0,-229.0,-217.0
mpu,,,,,,,,,1570333729.0,3566.0,-4562.0,-32768.0,1570333729.0,1402.0,-208.0,-1154.0
mpu,,,,,,,,,1570433722.0,5610.0,10402.0,-20766.0,1570433722.0,1763.0,407.0,-1184.0
mpu,,,,,,,,,1570533725.0,4918.0,18528.0,-24132.0,1570533725.0,1722.0,211.0,-710.0
mpu,,,,,,,,,1570633728.0,1178.0,30746.0,-29896.0,1570633728.0,1220.0,-607.0,-354.0
mpu,,,,,,,,,1570733734.0,-826.0,32767.0,-32768.0,1570733734.0,-288.0,-57.0,297.0
mpu,,,,,,,,,1570833740.0,-3164.0,24770.0,-32496.0,1570833740.0,-2180.0,265.0,1189.0
mpu,,,,,,,,,1570933732.0,2896.0,19522.0,-29718.0,1570933732.0,-2358.0,283.0,1318.0
mpu,,,,,,,,,1571033734.0,1504.0,11652.0,-26732.0,1571033734.0,-1542.0,91.0,914.0
mpu,,,,,,,,,1571133727.0,2464.0,3048.0,-28206.0,1571133727.0,-40.0,-170.0,74.0
mpu,,,,,,,,,1571233729.0,584.0,-684.0,-26372.0,1571233729.0,1191.0,-201.0,-945.0
mpu,,,,,,,,,1571333734.0,2934.0,3016.0,-26532.0,1571333734.0,1744.0,235.0,-1297.0
mpu,,,,,,,,,1571433734.0,4380.0,14872.0,-21470.0,1571433734.0,1683.0,313.0,-839.0
mpu,,,,,,,,,1571533727.0,4202.0,27348.0,-25900.0,1571533727.0,1372.0,-214.0,-473.0
mpu,,,,,,,,,1571633726.0,-396.0,32568.0,-32768.0,1571633726.0,238.0,-126.0,54.0
mpu,,,,,,,,,1571733732.0,-888.0,27320.0,-32768.0,1571733732.0,-1794.0,-81.0,912.0
mpu,,,,,,,,,1571833729.0,4742.0,21398.0,-30264.0,1571833729.0,-2395.0,-1.0,1407.0
mpu,,,,,,,,,1571933730.0,2318.0,11318.0,-30944.0,1571933730.0,-1758.0,125.0,1235.0
mpu,,,,,,,,,1572033724.0,3782.0,7196.0,-29626.0,1572033724.0,-391.0,-61.0,393.0
mpu,,,,,,,,,1572133728.0,136.0,-946.0,-32028.0,1572133728.0,945.0,-200.0,-655.0
mpu,,,,,,,,,1572233728.0,3090.0,32.0,-31240.0,1572233728.0,1556.0,50.0,-1480.0
mpu,,,,,,,,,1572333733.0,7636.0,12402.0,-20284.0,1572333733.0,1642.0,504.0,-1105.0
mpu,,,,,,,,,1572433725.0,3486.0,28646.0,-23510.0,1572433725.0,1573.0,42.0,-631.0
mpu,,,,,,,,,1572533734.0,42.0,31334.0,-32768.0,1572533734.0,638.0,-483.0,-122.0
mpu,,,,,,,,,1572633732.0,2044.0,29526.0,-32768.0,1572633732.0,-1135.0,115.0,684.0
mpu,,,,,,,,,1572733732.0,2134.0,23970.0,-29686.0,1572733732.0,-2467.0,299.0,1339.0
mpu,,,,,,,,,1572833730.0,3112.0,16098.0,-28216.0,1572833730.0,-2077.0,69.0,1125.0
mpu,,,,,,,,,1572933730.0,1036.0,7326.0,-26610.0,1572933730.0,-943.0,62.0,547.0
mpu,,,,,,,,,1573033730.0,2930.0,876.0,-31290.0,1573033730.0,582.0,-202.0,-274.0
mpu,,,,,,,,,1573133721.0,5130.0,-3392.0,-32768.0,1573133721.0,1470.0,-133.0,-1228.0
mpu,,,,,,,,,1573233726.0,4108.0,7820.0,-27796.0,1573233726.0,1724.0,446.0,-1112.0
mpu,,,,,,,,,1573333725.0,7016.0,20080.0,-21628.0,1573333725.0,1746.0,185.0,-640.0
mpu,,,,,,,,,1573433731.0,1724.0,29266.0,-31646.0,1573433731.0,1103.0,-384.0,-271.0
mpu,,,,,,,,,1573533729.0,-1122.0,32290.0,-32768.0,1573533729.0,-567.0,-169.0,303.0
mpu,,,,,,,,,1573633733.0,-706.0,25060.0,-30778.0,1573633733.0,-2192.0,178.0,1202.0
mpu,,,,,,,,,1573733729.0,2320.0,19216.0,-30302.0,1573733729.0,-2291.0,292.0,1245.0
mpu,,,,,,,,,1573833728.0,3240.0,9184.0,-26730.0,1573833728.0,-1395.0,22.0,846.0
mpu,,,,,,,,,1573933728.0,2952.0,3588.0,-31024.0,1573933728.0,174.0,-94.0,27.0
mpu,,,,,,,,,1574033731.0,586.0,-2994.0,-26716.0,1574033731.0,1303.0,-221.0,-995.0
mpu,,,,,,,,,1574133728.0,1656.0,4336.0,-26472.0,1574133728.0,1642.0,147.0,-1341.0
mpu,,,,,,,,,1574233733.0,4202.0,16160.0,-23704.0,1574233733.0,1700.0,378.0,-854.0
mpu,,,,,,,,,1574333731.0,4164.0,28588.0,-31388.0,1574333731.0,1455.0,-328.0,-455.0
mpu,,,,,,,,,1574433725.0,-1446.0,32322.0,-32768.0,1574433725.0,137.0,-185.0,72.0
mpu,,,,,,,,,1574533727.0,-762.0,26980.0,-31054.0,1574533727.0,-1817.0,142.0,990.0
mpu,,,,,,,,,1574633730.0,2010.0,21046.0,-31470.0,1574633730.0,-2480.0,248.0,1363.0
mpu,,,,,,,,,1574733732.0,1872.0,11364.0,-27590.0,1574733732.0,-1719.0,62.0,1041.0
mpu,,,,,,,,,1574833723.0,4078.0,2586.0,-30042.0,1574833723.0,-384.0,-486.0,176.0
mpu,,,,,,,,,1574933730.0,-3608.0,2314.0,-31104.0,1574933730.0,914.0,-92.0,-1038.0
mpu,,,,,,,,,1575033734.0,6024.0,-922.0,-30444.0,1575033734.0,1999.0,658.0,-1369.0
mpu,,,,,,,,,1575133729.0,4570.0,16438.0,-14362.0,1575133729.0,2278.0,192.0,-1017.0
mpu,,,,,,,,,1575233728.0,4036.0,27932.0,-32768.0,1575233728.0,2116.0,-884.0,-777.0
mpu,,,,,,,,,1575333731.0,-5674.0,32767.0,-32768.0,1575333731.0,310.0,149.0,-92.0
mpu,,,,,,,,,1575433729.0,-1476.0,25816.0,-32768.0,1575433729.0,-2625.0,252.0,1692.0
mpu,,,,,,,,,1575533725.0,10964.0,25292.0,-31562.0,1575533725.0,-2699.0,325.0,1579.0
mpu,,,,,,,,,1575633731.0,-5438.0,6784.0,-25726.0,1575633731.0,-1696.0,470.0,793.0
mpu,,,,,,,,,1575733729.0,206.0,-8318.0,-32768.0,1575733729.0,40.0,-880.0,-350.0
mpu,,,,,,,,,1575833732.0,9016.0,-3108.0,-25714.0,1575833732.0,1860.0,769.0,-1642.0
mpu,,,,,,,,,1575933728.0,16768.0,15466.0,-19254.0,1575933728.0,2832.0,-218.0,-1081.0
mpu,,,,,,,,,1576033730.0,-910.0,32767.0,-32418.0,1576033730.0,1870.0,-619.0,-897.0
mpu,,,,,,,,,1576133732.0,2458.0,32767.0,-32768.0,1576133732.0,38.0,293.0,149.0
mpu,,,,,,,,,1576233731.0,1734.0,23620.0,-28610.0,1576233731.0,-3212.0,362.0,2115.0
mpu,,,,,,,,,1576333735.0,832.0,18518.0,-32768.0,1576333735.0,-2530.0,362.0,1860.0
mpu,,,,,,,,,1576433729.0,-2716.0,-5382.0,-32768.0,1576433729.0,-802.0,345.0,484.0
mpu,,,,,,,,,1576533728.0,-14892.0,-9800.0,-32768.0,1576533728.0,1280.0,-107.0,-1476.0
mpu,,,,,,,,,1576633723.0,7820.0,7856.0,-19888.0,1576633723.0,2975.0,359.0,-1647.0
mpu,,,,,,,,,1576733729.0,9472.0,32767.0,-24626.0,1576733729.0,2126.0,-1097.0,-859.0
mpu,,,,,,,,,1576833730.0,3712.0,32767.0,-32768.0,1576833730.0,189.0,297.0,45.0
mpu,,,,,,,,,1576933729.0,-3944.0,20378.0,-32768.0,1576933729.0,-3277.0,284.0,2101.0
mpu,,,,,,,,,1577033728.0,12052.0,13190.0,-32768.0,1577033728.0,-2719.0,-181.0,1725.0
mpu,,,,,,,,,1577133726.0,-10610.0,-8704.0,-32768.0,1577133726.0,-488.0,328.0,134.0
mpu,,,,,,,,,1577233736.0,-946.0,-13316.0,-32768.0,1577233736.0,1803.0,206.0,-1810.0
mpu,,,,,,,,,1577333729.0,21738.0,26872.0,-19474.0,1577333729.0,2912.0,-88.0,-1592.0
mpu,,,,,,,,,1577433730.0,1300.0,32767.0,-31102.0,1577433730.0,1667.0,-513.0,-580.0
mpu,,,,,,,,,1577533730.0,-6894.0,32767.0,-32768.0,1577533730.0,-1398.0,417.0,1012.0
mpu,,,,,,,,,1577633730.0,3452.0,27850.0,-31778.0,1577633730.0,-3486.0,217.0,2416.0
mpu,,,,,,,,,1577733731.0,722.0,-3840.0,-32768.0,1577733731.0,-1631.0,145.0,1042.0
mpu,,,,,,,,,1577833723.0,-13926.0,-17352.0,-30556.0,1577833723.0,1143.0,18.0,-1158.0
mpu,,,,,,,,,1577933728.0,-5436.0,-9926.0,-29274.0,1577933728.0,2706.0,331.0,-2237.0
mpu,,,,,,,,,1578033733.0,3602.0,32767.0,-26840.0,1578033733.0,2493.0,-612.0,-905.0
mpu,,,,,,,,,1578133726.0,-2738.0,32767.0,-32768.0,1578133726.0,-398.0,385.0,469.0
mpu,,,,,,,,,1578233728.0,-578.0,30266.0,-32768.0,1578233728.0,-3510.0,261.0,2304.0
mpu,,,,,,,,,1578333728.0,3744.0,160.0,-29974.0,1578333728.0,-2370.0,88.0,1510.0
mpu,,,,,,,,,1578433732.0,-7966.0,-12444.0,-32768.0,1578433732.0,748.0,181.0,-826.0
mpu,,,,,,,,,1578533721.0,9476.0,-11276.0,-20200.0,1578533721.0,2695.0,164.0,-2111.0
mpu,,,,,,,,,1578633734.0,8648.0,32767.0,-26048.0,1578633734.0,2539.0,-533.0,-1057.0
mpu,,,,,,,,,1578733732.0,4354.0,32767.0,-32768.0,1578733732.0,6.0,372.0,339.0
mpu,,,,,,,,,1578833723.0,210.0,32767.0,-32768.0,1578833723.0,-3297.0,314.0,2190.0
mpu,,,,,,,,,1578933729.0,3184.0,4420.0,-32768.0,1578933729.0,-2450.0,107.0,1674.0
mpu,,,,,,,,,1579033737.0,-8664.0,-15772.0,-32768.0,1579033737.0,571.0,-16.0,-713.0
mpu,,,,,,,,,1579133718.0,14636.0,-13356.0,-18540.0,1579133718.0,2664.0,164.0,-2173.0
mpu,,,,,,,,,1579233733.0,7840.0,32767.0,-26702.0,1579233733.0,2545.0,-467.0,-1285.0
mpu,,,,,,,,,1579333733.0,4240.0,32767.0,-32768.0,1579333733.0,-5.0,383.0,451.0
mpu,,,,,,,,,1579433733.0,-3388.0,32186.0,-32768.0,1579433733.0,-3425.0,350.0,2189.0
mpu,,,,,,,,,1579533722.0,2496.0,2288.0,-32768.0,1579533722.0,-2360.0,-30.0,1596.0
mpu,,,,,,,,,1579633746.0,-8602.0,-20494.0,-32768.0,1579633746.0,851.0,40.0,-902.0
mpu,,,,,,,,,1579733729.0,12562.0,-8850.0,-17436.0,1579733729.0,2676.0,240.0,-2196.0
mpu,,,,,,,,,1579833728.0,8132.0,32767.0,-32254.0,1579833728.0,2385.0,-611.0,-1125.0
mpu,,,,,,,,,1579933728.0,3682.0,32767.0,-32768.0,1579933728.0,-437.0,417.0,674.0
mpu,,,,,,,,,1580033723.0,-1076.0,32710.0,-32768.0,1580033723.0,-3483.0,402.0,2224.0
mpu,,,,,,,,,1580133735.0,4158.0,-5478.0,-32768.0,1580133735.0,-1976.0,-44.0,1272.0
mpu,,,,,,,,,1580233729.0,-13456.0,-17812.0,-32768.0,1580233729.0,1185.0,-63.0,-1237.0
mpu,,,,,,,,,1580333725.0,1286.0,-3036.0,-10054.0,1580333725.0,2846.0,452.0,-2226.0
mpu,,,,,,,,,1580433728.0,7608.0,32767.0,-32768.0,1580433728.0,2089.0,-796.0,-789.0
mpu,,,,,,,,,1580533736.0,-6928.0,32767.0,-32768.0,1580533736.0,-1147.0,538.0,947.0
mpu,,,,,,,,,1580633728.0,-1740.0,24124.0,-32768.0,1580633728.0,-3687.0,483.0,2475.0
mpu,,,,,,,,,1580733729.0,-2992.0,-14748.0,-32768.0,1580733729.0,-1441.0,-81.0,862.0
mpu,,,,,,,,,1580833731.0,-3444.0,-26362.0,-32768.0,1580833731.0,1872.0,62.0,-1845.0
mpu,,,,,,,,,1580933731.0,11838.0,18922.0,-1878.0,1580933731.0,3062.0,209.0,-2103.0
mpu,,,,,,,,,1581033733.0,5156.0,32767.0,-31736.0,1581033733.0,1512.0,-683.0,-353.0
mpu,,,,,,,,,1581133727.0,876.0,32767.0,-32768.0,1581133727.0,-2165.0,394.0,1575.0
mpu,,,,,,,,,1581233731.0,-1766.0,18300.0,-32768.0,1581233731.0,-3324.0,270.0,2318.0
mpu,,,,,,,,,1581333729.0,-8644.0,-24440.0,-32768.0,1581333729.0,-516.0,-145.0,51.0
mpu,,,,,,,,,1581433723.0,16504.0,-17186.0,-17690.0,1581433723.0,2341.0,199.0,-2288.0
mpu,,,,,,,,,1581533731.0,27060.0,32767.0,-18342.0,1581533731.0,2724.0,-442.0,-1481.0
mpu,,,,,,,,,1581633721.0,1690.0,32767.0,-32768.0,1581633721.0,465.0,206.0,174.0
mpu,,,,,,,,,1581733730.0,-9212.0,31840.0,-32768.0,1581733730.0,-3077.0,535.0,2193.0
mpu,,,,,,,,,1581833727.0,472.0,6380.0,-32768.0,1581833727.0,-2713.0,-39.0,1745.0
mpu,,,,,,,,,1581933728.0,-11852.0,-19318.0,-32768.0,1581933728.0,759.0,19.0,-903.0
mpu,,,,,,,,,1582033722.0,23062.0,-9410.0,-12648.0,1582033722.0,2832.0,74.0,-2337.0
mpu,,,,,,,,,1582133731.0,18766.0,32767.0,-32768.0,1582133731.0,2319.0,-380.0,-1059.0
mpu,,,,,,,,,1582233733.0,-10300.0,32767.0,-32768.0,1582233733.0,-860.0,425.0,976.0
mpu,,,,,,,,,1582333727.0,1698.0,32030.0,-32768.0,1582333727.0,-3502.0,158.0,2455.0
mpu,,,,,,,,,1582433728.0,-3222.0,-15974.0,-32768.0,1582433728.0,-1492.0,-25.0,938.0
mpu,,,,,,,,,1582533732.0,-7112.0,-23534.0,-32768.0,1582533732.0,1932.0,282.0,-1812.0
mpu,,,,,,,,,1582633729.0,12324.0,16112.0,-4696.0,1582633729.0,2715.0,142.0,-2006.0
mpu,,,,,,,,,1582733727.0,6596.0,32767.0,-32768.0,1582733727.0,1261.0,-575.0,-270.0
mpu,,,,,,,,,1582833732.0,-4490.0,32767.0,-32768.0,1582833732.0,-2232.0,654.0,1669.0
mpu,,,,,,,,,1582933730.0,-168.0,18780.0,-32768.0,1582933730.0,-3108.0,145.0,2119.0
mpu,,,,,,,,,1583033738.0,-13330.0,-27502.0,-32768.0,1583033738.0,-192.0,-80.0,-195.0
mpu,,,,,,,,,1583133728.0,22786.0,-17090.0,-30314.0,1583133728.0,2551.0,24.0,-2240.0
mpu,,,,,,,,,1583233725.0,25038.0,32767.0,-25706.0,1583233725.0,2543.0,-429.0,-1445.0
mpu,,,,,,,,,1583333731.0,6784.0,32767.0,-32768.0,1583333731.0,95.0,255.0,339.0
mpu,,,,,,,,,1583433733.0,148.0,29134.0,-32768.0,1583433733.0,-3149.0,416.0,2323.0
mpu,,,,,,,,,1583533743.0,2484.0,916.0,-32768.0,1583533743.0,-2247.0,114.0,1605.0
mpu,,,,,,,,,1583633729.0,-15140.0,-19400.0,-32768.0,1583633729.0,1086.0,-113.0,-1142.0
mpu,,,,,,,,,1583733727.0,5660.0,-7264.0,-7078.0,1583733727.0,2739.0,221.0,-2355.0
mpu,,,,,,,,,1583833733.0,6486.0,32767.0,-32768.0,1583833733.0,1897.0,-735.0,-837.0
mpu,,,,,,,,,1583933730.0,-4028.0,32767.0,-32768.0,1583933730.0,-1305.0,572.0,1185.0
mpu,,,,,,,,,1584033732.0,-5434.0,26478.0,-32768.0,1584033732.0,-3385.0,361.0,2432.0
mpu,,,,,,,,,1584133732.0,-5642.0,-20124.0,-32768.0,1584133732.0,-1092.0,-258.0,554.0
mpu,,,,,,,,,1584233728.0,3754.0,-23528.0,-32768.0,1584233728.0,2147.0,130.0,-2182.0
mpu,,,,,,,,,1584333729.0,16940.0,32767.0,-9710.0,1584333729.0,2746.0,136.0,-1902.0
mpu,,,,,,,,,1584433727.0,-10526.0,32767.0,-32768.0,1584433727.0,932.0,-307.0,-171.0
mpu,,,,,,,,,1584533735.0,-3284.0,32767.0,-32768.0,1584533735.0,-2775.0,450.0,2053.0
mpu,,,,,,,,,1584633722.0,-2092.0,11900.0,-32768.0,1584633722.0,-3014.0,109.0,1986.0
mpu,,,,,,,,,1584733729.0,-11536.0,-17702.0,-32768.0,1584733729.0,322.0,-97.0,-478.0
mpu,,,,,,,,,1584833731.0,23572.0,-15624.0,-17898.0,1584833731.0,2764.0,142.0,-2310.0
mpu,,,,,,,,,1584933726.0,12168.0,32767.0,-28320.0,1584933726.0,2248.0,-192.0,-1182.0
mpu,,,,,,,,,1585033739.0,-4136.0,32767.0,-32768.0,1585033739.0,-543.0,295.0,714.0
mpu,,,,,,,,,1585133732.0,-3416.0,31500.0,-32768.0,1585133732.0,-3323.0,178.0,2383.0
mpu,,,,,,,,,1585233734.0,1258.0,-10664.0,-32768.0,1585233734.0,-1759.0,-35.0,1061.0
mpu,,,,,,,,,1585333729.0,-19774.0,-23734.0,-32768.0,1585333729.0,1796.0,248.0,-1591.0
mpu,,,,,,,,,1585433729.0,7886.0,6026.0,228.0,1585433729.0,2810.0,219.0,-2076.0
mpu,,,,,,,,,1585533727.0,4140.0,32767.0,-31756.0,1585533727.0,1417.0,-781.0,-461.0
mpu,,,,,,,,,1585633731.0,-3130.0,32767.0,-32768.0,1585633731.0,-1915.0,640.0,1536.0
mpu,,,,,,,,,1585733732.0,-3354.0,22888.0,-32768.0,1585733732.0,-3274.0,205.0,2201.0
mpu,,,,,,,,,1585833730.0,-9676.0,-23728.0,-32768.0,1585833730.0,-502.0,-224.0,203.0
mpu,,,,,,,,,1585933722.0,18868.0,-22642.0,-23396.0,1585933722.0,2466.0,242.0,-2150.0
mpu,,,,,,,,,1586033730.0,23918.0,32767.0,-14412.0,1586033730.0,2573.0,-131.0,-1658.0
mpu,,,,,,,,,1586133729.0,1710.0,32767.0,-32768.0,1586133729.0,407.0,-157.0,53.0
mpu,,,,,,,,,1586233734.0,-3238.0,31956.0,-32768.0,1586233734.0,-3037.0,561.0,2159.0
mpu,,,,,,,,,1586333727.0,-258.0,6878.0,-32768.0,1586333727.0,-2631.0,58.0,1749.0
mpu,,,,,,,,,1586433728.0,-14360.0,-16944.0,-32768.0,1586433728.0,885.0,-9.0,-933.0
mpu,,,,,,,,,1586533727.0,16988.0,-12276.0,-11008.0,1586533727.0,2846.0,96.0,-2282.0
mpu,,,,,,,,,1586633735.0,9836.0,32767.0,-32768.0,1586633735.0,2149.0,-479.0,-1047.0
mpu,,,,,,,,,1586733732.0,-9776.0,32767.0,-32768.0,1586733732.0,-1082.0,635.0,995.0
mpu,,,,,,,,,1586833732.0,3004.0,28156.0,-32768.0,1586833732.0,-3510.0,242.0,2418.0
mpu,,,,,,,,,1586933731.0,-3084.0,-16960.0,-32768.0,1586933731.0,-1319.0,32.0,740.0
mpu,,,,,,,,,1587033732.0,-4542.0,-22396.0,-32768.0,1587033732.0,1999.0,132.0,-1902.0
mpu,,,,,,,,,1587133731.0,6108.0,14756.0,-3098.0,1587133731.0,2813.0,305.0,-1803.0
mpu,,,,,,,,,1587233732.0,-6324.0,32767.0,-31776.0,1587233732.0,1122.0,-672.0,-288.0
mpu,,,,,,,,,1587333728.0,-1526.0,32767.0,-32768.0,1587333728.0,-2458.0,600.0,1833.0
mpu,,,,,,,,,1587433728.0,-4702.0,13726.0,-32768.0,1587433728.0,-3046.0,294.0,2161.0
mpu,,,,,,,,,1587533730.0,-10644.0,-23308.0,-32768.0,1587533730.0,192.0,-308.0,-295.0
mpu,,,,,,,,,1587633739.0,20724.0,-19020.0,-28694.0,1587633739.0,2628.0,37.0,-2426.0
mpu,,,,,,,,,1587733736.0,18990.0,32767.0,-32768.0,1587733736.0,2386.0,-459.0,-1394.0
mpu,,,,,,,,,1587833725.0,-2364.0,32767.0,-32768.0,1587833725.0,-167.0,536.0,517.0
mpu,,,,,,,,,1587933723.0,794.0,28292.0,-32768.0,1587933723.0,-3510.0,375.0,2403.0
mpu,,,,,,,,,1588033720.0,5060.0,-3790.0,-32768.0,1588033720.0,-2094.0,-169.0,1381.0
mpu,,,,,,,,,1588133735.0,-19850.0,-25978.0,-32768.0,1588133735.0,1579.0,197.0,-1397.0
mpu,,,,,,,,,1588233733.0,6988.0,2614.0,-3624.0,1588233733.0,2784.0,176.0,-2172.0
mpu,,,,,,,,,1588333733.0,11062.0,32767.0,-32768.0,1588333733.0,1637.0,-652.0,-624.0
mpu,,,,,,,,,1588433734.0,-5140.0,32767.0,-32768.0,1588433734.0,-1706.0,584.0,1334.0
mpu,,,,,,,,,1588533726.0,-4268.0,25268.0,-32768.0,1588533726.0,-3407.0,151.0,2255.0
mpu,,,,,,,,,1588633727.0,-11106.0,-26706.0,-32768.0,1588633727.0,-557.0,-42.0,250.0
mpu,,,,,,,,,1588733731.0,7754.0,-18126.0,-32768.0,1588733731.0,2507.0,36.0,-2125.0
mpu,,,,,,,,,1588833731.0,13822.0,32767.0,-11940.0,1588833731.0,2705.0,-97.0,-1675.0
mpu,,,,,,,,,1588933733.0,-3300.0,32767.0,-32768.0,1588933733.0,407.0,-125.0,187.0
mpu,,,,,,,,,1589033730.0,-914.0,32767.0,-32768.0,1589033730.0,-2972.0,407.0,2129.0
mpu,,,,,,,,,1589133728.0,1272.0,4054.0,-32768.0,1589133728.0,-2658.0,211.0,1760.0
mpu,,,,,,,,,1589233727.0,-12838.0,-15940.0,-32768.0,1589233727.0,711.0,-232.0,-743.0
mpu,,,,,,,,,1589333727.0,21726.0,-12642.0,-19056.0,1589333727.0,2711.0,-33.0,-2367.0
mpu,,,,,,,,,1589433728.0,30822.0,32767.0,-32768.0,1589433728.0,2029.0,-399.0,-976.0
mpu,,,,,,,,,1589533737.0,-14926.0,32767.0,-32768.0,1589533737.0,-689.0,303.0,658.0
mpu,,,,,,,,,1589633735.0,-4538.0,26500.0,-32768.0,1589633735.0,-3402.0,227.0,2302.0
mpu,,,,,,,,,1589733728.0,-2954.0,-9814.0,-32768.0,1589733728.0,-1699.0,-112.0,971.0
mpu,,,,,,,,,1589833728.0,-18584.0,-25374.0,-32768.0,1589833728.0,1817.0,153.0,-1545.0
mpu,,,,,,,,,1589933730.0,6722.0,9904.0,942.0,1589933730.0,2811.0,410.0,-1877.0
mpu,,,,,,,,,1590033726.0,4816.0,32767.0,-28980.0,1590033726.0,1433.0,-759.0,-566.0
mpu,,,,,,,,,1590133732.0,5588.0,32767.0,-32768.0,1590133732.0,-1793.0,455.0,1434.0
mpu,,,,,,,,,1590233732.0,-378.0,24216.0,-32768.0,1590233732.0,-3328.0,210.0,2183.0
mpu,,,,,,,,,1590333731.0,-5884.0,-21274.0,-32768.0,1590333731.0,-529.0,-150.0,384.0
mpu,,,,,,,,,1590433727.0,13680.0,-20924.0,-28506.0,1590433727.0,2477.0,180.0,-2102.0
mpu,,,,,,,,,1590533731.0,14380.0,32767.0,-15694.0,1590533731.0,2620.0,-130.0,-1694.0
mpu,,,,,,,,,1590633729.0,-3008.0,32767.0,-32352.0,1590633729.0,677.0,53.0,-6.0
mpu,,,,,,,,,1590733731.0,-3274.0,32767.0,-32768.0,1590733731.0,-2738.0,379.0,1898.0
mpu,,,,,,,,,1590833727.0,-2778.0,13572.0,-32768.0,1590833727.0,-3005.0,4.0,1866.0
mpu,,,,,,,,,1590933721.0,-8588.0,-18192.0,-32768.0,1590933721.0,438.0,-38.0,-472.0
mpu,,,,,,,,,1591033729.0,20444.0,-13412.0,-26130.0,1591033729.0,2612.0,56.0,-2284.0
mpu,,,,,,,,,1591133734.0,32767.0,32767.0,-32768.0,1591133734.0,2308.0,-302.0,-1129.0
mpu,,,,,,,,,1591233729.0,3116.0,32767.0,-32768.0,1591233729.0,-86.0,227.0,417.0
mpu,,,,,,,,,1591333730.0,-5372.0,32767.0,-32768.0,1591333730.0,-3184.0,293.0,2227.0
mpu,,,,,,,,,1591433727.0,2524.0,-234.0,-32462.0,1591433727.0,-2147.0,187.0,1557.0
mpu,,,,,,,,,1591533730.0,-10898.0,-20392.0,-32768.0,1591533730.0,1212.0,-202.0,-1097.0
mpu,,,,,,,,,1591633727.0,12188.0,-5678.0,-10732.0,1591633727.0,2662.0,172.0,-2322.0
mpu,,,,,,,,,1591733730.0,5636.0,32767.0,-31448.0,1591733730.0,2050.0,-386.0,-882.0
mpu,,,,,,,,,1591833731.0,-1726.0,32767.0,-32768.0,1591833731.0,-1050.0,259.0,929.0
mpu,,,,,,,,,1591933731.0,708.0,29222.0,-32768.0,1591933731.0,-3435.0,303.0,2442.0
mpu,,,,,,,,,1592033728.0,874.0,-10036.0,-32768.0,1592033728.0,-1488.0,-41.0,918.0
mpu,,,,,,,,,1592133727.0,-16102.0,-23526.0,-32232.0,1592133727.0,1886.0,80.0,-1696.0
mpu,,,,,,,,,1592233727.0,3310.0,8152.0,-1234.0,1592233727.0,2661.0,327.0,-1982.0
mpu,,,,,,,,,1592333727.0,4656.0,32767.0,-29386.0,1592333727.0,1436.0,-620.0,-539.0
mpu,,,,,,,,,1592433728.0,-4566.0,32767.0,-32768.0,1592433728.0,-1892.0,568.0,1554.0
mpu,,,,,,,,,1592533726.0,-3478.0,21866.0,-32768.0,1592533726.0,-3237.0,336.0,2278.0
mpu,,,,,,,,,1592633735.0,-5822.0,-20124.0,-32768.0,1592633735.0,-784.0,-403.0,183.0
mpu,,,,,,,,,1592733730.0,2078.0,-23136.0,-32768.0,1592733730.0,2255.0,457.0,-2177.0
mpu,,,,,,,,,1592833731.0,18940.0,32767.0,-12040.0,1592833731.0,2656.0,106.0,-1700.0
mpu,,,,,,,,,1592933726.0,-1816.0,32767.0,-32768.0,1592933726.0,848.0,-460.0,-26.0
mpu,,,,,,,,,1593033731.0,-5106.0,32767.0,-32768.0,1593033731.0,-2642.0,483.0,1941.0
mpu,,,,,,,,,1593133730.0,-2390.0,13440.0,-32768.0,1593133730.0,-2902.0,54.0,1997.0
mpu,,,,,,,,,1593233728.0,-10080.0,-19838.0,-32768.0,1593233728.0,384.0,-136.0,-425.0
mpu,,,,,,,,,1593333731.0,24250.0,-17198.0,-22664.0,1593333731.0,2645.0,211.0,-2274.0
mpu,,,,,,,,,1593433738.0,15360.0,32767.0,-24318.0,1593433738.0,2319.0,-206.0,-1272.0
mpu,,,,,,,,,1593533730.0,-5322.0,32767.0,-32768.0,1593533730.0,-127.0,-22.0,461.0
mpu,,,,,,,,,1593633726.0,-1046.0,32767.0,-32768.0,1593633726.0,-3264.0,286.0,2321.0
mpu,,,,,,,,,1593733727.0,5470.0,-1208.0,-32768.0,1593733727.0,-2122.0,30.0,1517.0
mpu,,,,,,,,,1593833729.0,-9620.0,-19368.0,-32768.0,1593833729.0,1276.0,-30.0,-1163.0
mpu,,,,,,,,,1593933733.0,16186.0,-4282.0,-20348.0,1593933733.0,2607.0,60.0,-2296.0
mpu,,,,,,,,,1594033727.0,6764.0,32767.0,-29896.0,1594033727.0,1981.0,-546.0,-834.0
mpu,,,,,,,,,1594133730.0,-5750.0,32767.0,-32768.0,1594133730.0,-1008.0,333.0,893.0
mpu,,,,,,,,,1594233730.0,-4284.0,28902.0,-32768.0,1594233730.0,-3417.0,277.0,2398.0
mpu,,,,,,,,,1594333733.0,-202.0,-9546.0,-32768.0,1594333733.0,-1464.0,-90.0,922.0
mpu,,,,,,,,,1594433733.0,-17638.0,-25738.0,-32768.0,1594433733.0,1845.0,145.0,-1557.0
mpu,,,,,,,,,1594533732.0,-2122.0,7124.0,680.0,1594533732.0,2531.0,340.0,-2127.0
mpu,,,,,,,,,1594633729.0,6240.0,32767.0,-32322.0,1594633729.0,1610.0,-818.0,-584.0
mpu,,,,,,,,,1594733736.0,4794.0,32767.0,-32768.0,1594733736.0,-1818.0,490.0,1508.0
mpu,,,,,,,,,1594833727.0,504.0,25174.0,-32768.0,1594833727.0,-3332.0,399.0,2270.0
mpu,,,,,,,,,1594933730.0,-5660.0,-15082.0,-32768.0,1594933730.0,-687.0,-165.0,332.0
mpu,,,,,,,,,1595033735.0,5396.0,-26884.0,-27382.0,1595033735.0,2355.0,258.0,-2124.0
mpu,,,,,,,,,1595133728.0,6940.0,32767.0,-4994.0,1595133728.0,2632.0,217.0,-1717.0
mpu,,,,,,,,,1595233726.0,-2664.0,32767.0,-32768.0,1595233726.0,922.0,-470.0,-73.0
mpu,,,,,,,,,1595333730.0,-4184.0,32767.0,-32768.0,1595333730.0,-2613.0,331.0,1850.0
mpu,,,,,,,,,1595433731.0,-662.0,14266.0,-32768.0,1595433731.0,-2919.0,139.0,2082.0
mpu,,,,,,,,,1595533731.0,-7686.0,-22528.0,-32768.0,1595533731.0,139.0,-107.0,-332.0
mpu,,,,,,,,,1595633735.0,17092.0,-17536.0,-25474.0,1595633735.0,2508.0,131.0,-2215.0
mpu,,,,,,,,,1595733733.0,21388.0,32767.0,-23014.0,1595733733.0,2433.0,-153.0,-1271.0
mpu,,,,,,,,,1595833735.0,-2254.0,32767.0,-32768.0,1595833735.0,210.0,91.0,227.0
mpu,,,,,,,,,1595933730.0,-2614.0,31948.0,-32768.0,1595933730.0,-3037.0,379.0,2168.0
mpu,,,,,,,,,1596033730.0,-2990.0,9194.0,-32768.0,1596033730.0,-2504.0,141.0,1710.0
mpu,,,,,,,,,1596133728.0,-11138.0,-19736.0,-32768.0,1596133728.0,855.0,-108.0,-804.0
mpu,,,,,,,,,1596233731.0,29324.0,-10768.0,-25988.0,1596233731.0,2601.0,-21.0,-2231.0
mpu,,,,,,,,,1596333728.0,11370.0,32767.0,-25498.0,1596333728.0,2186.0,-298.0,-1169.0
mpu,,,,,,,,,1596433729.0,-4408.0,32767.0,-32768.0,1596433729.0,-434.0,159.0,620.0
mpu,,,,,,,,,1596533731.0,-2650.0,28696.0,-32768.0,1596533731.0,-3316.0,387.0,2352.0
mpu,,,,,,,,,1596633724.0,3814.0,-4396.0,-32768.0,1596633724.0,-1911.0,144.0,1284.0
mpu,,,,,,,,,1596733733.0,-9166.0,-19432.0,-32768.0,1596733733.0,1399.0,-198.0,-1141.0
mpu,,,,,,,,,1596833736.0,16564.0,-720.0,-16614.0,1596833736.0,2485.0,-43.0,-2305.0
mpu,,,,,,,,,1596933734.0,5404.0,32767.0,-26986.0,1596933734.0,1806.0,-91.0,-756.0
mpu,,,,,,,,,1597033726.0,5614.0,32767.0,-32768.0,1597033726.0,-981.0,222.0,857.0
mpu,,,,,,,,,1597133731.0,-3602.0,25550.0,-32768.0,1597133731.0,-3375.0,364.0,2285.0
mpu,,,,,,,,,1597233727.0,836.0,-4994.0,-32768.0,1597233727.0,-1517.0,43.0,982.0
mpu,,,,,,,,,1597333730.0,-9578.0,-23356.0,-32768.0,1597333730.0,1794.0,-211.0,-1496.0
mpu,,,,,,,,,1597433734.0,6092.0,8344.0,-2204.0,1597433734.0,2569.0,378.0,-2068.0
mpu,,,,,,,,,1597533729.0,4324.0,32767.0,-29142.0,1597533729.0,1762.0,-521.0,-763.0
mpu,,,,,,,,,1597633734.0,-10320.0,32767.0,-32768.0,1597633734.0,-1409.0,331.0,1232.0
mpu,,,,,,,,,1597733732.0,2296.0,26756.0,-32768.0,1597733732.0,-3522.0,413.0,2339.0
mpu,,,,,,,,,1597833724.0,-3852.0,-15686.0,-32768.0,1597833724.0,-1081.0,-44.0,594.0
mpu,,,,,,,,,1597933730.0,-4482.0,-23302.0,-32768.0,1597933730.0,1960.0,7.0,-1863.0
mpu,,,,,,,,,1598033726.0,9290.0,17944.0,-5150.0,1598033726.0,2700.0,330.0,-1786.0
mpu,,,,,,,,,1598133731.0,1446.0,32767.0,-30578.0,1598133731.0,1336.0,-667.0,-411.0
mpu,,,,,,,,,1598233722.0,-9042.0,32767.0,-32768.0,1598233722.0,-2047.0,458.0,1551.0
mpu,,,,,,,,,1598333728.0,-246.0,20556.0,-32768.0,1598333728.0,-3165.0,245.0,2291.0
mpu,,,,,,,,,1598433722.0,-6280.0,-17488.0,-32768.0,1598433722.0,-504.0,-96.0,170.0
mpu,,,,,,,,,1598533730.0,7958.0,-18428.0,-29786.0,1598533730.0,2198.0,48.0,-2147.0
mpu,,,,,,,,,1598633733.0,13980.0,32767.0,-10738.0,1598633733.0,2426.0,187.0,-1614.0
mpu,,,,,,,,,1598733727.0,-3060.0,32767.0,-28970.0,1598733727.0,813.0,-483.0,-30.0
mpu,,,,,,,,,1598833725.0,-11394.0,32767.0,-30626.0,1598833725.0,-2481.0,429.0,1868.0
mpu,,,,,,,,,1598933732.0,-986.0,15678.0,-32522.0,1598933732.0,-2893.0,238.0,2032.0
mpu,,,,,,,,,1599033728.0,-5552.0,-22344.0,-32768.0,1599033728.0,156.0,-150.0,-288.0
mpu,,,,,,,,,1599133728.0,15762.0,-15326.0,-26424.0,1599133728.0,2462.0,64.0,-2280.0
mpu,,,,,,,,,1599233733.0,19686.0,32767.0,-21150.0,1599233733.0,2446.0,-36.0,-1441.0
mpu,,,,,,,,,1599333729.0,-5376.0,32767.0,-32768.0,1599333729.0,349.0,-128.0,182.0
mpu,,,,,,,,,1599433731.0,-2218.0,32767.0,-32768.0,1599433731.0,-3086.0,400.0,2251.0
mpu,,,,,,,,,1599533734.0,-2032.0,398.0,-32768.0,1599533734.0,-2697.0,362.0,1926.0
mpu,,,,,,,,,1599633728.0,-1260.0,-9938.0,-32768.0,1599633728.0,614.0,-268.0,-628.0
mpu,,,,,,,,,1599733727.0,13834.0,-11088.0,-16116.0,1599733727.0,2459.0,-347.0,-2543.0
mpu,,,,,,,,,1599833730.0,2028.0,32767.0,-14456.0,1599833730.0,1994.0,-333.0,-1369.0
mpu,,,,,,,,,1599933734.0,-3894.0,32767.0,-32768.0,1599933734.0,-269.0,-159.0,605.0
mpu,,,,,,,,,1600033732.0,-3606.0,32767.0,-31950.0,1600033732.0,-3095.0,475.0,2537.0
mpu,,,,,,,,,1600133724.0,2566.0,-1204.0,-32768.0,1600133724.0,-1818.0,348.0,1461.0
mpu,,,,,,,,,1600233726.0,-8532.0,-19626.0,-32768.0,1600233726.0,1433.0,157.0,-1035.0
mpu,,,,,,,,,1600333732.0,22466.0,-3032.0,-17128.0,1600333732.0,2747.0,104.0,-2234.0
mpu,,,,,,,,,1600433726.0,10452.0,32767.0,-32298.0,1600433726.0,2073.0,-325.0,-871.0
mpu,,,,,,,,,1600533735.0,-4742.0,32767.0,-32768.0,1600533735.0,-985.0,247.0,931.0
mpu,,,,,,,,,1600633727.0,1238.0,26786.0,-32768.0,1600633727.0,-3395.0,425.0,2441.0
mpu,,,,,,,,,1600733732.0,128.0,-9836.0,-32768.0,1600733732.0,-1496.0,-21.0,958.0
mpu,,,,,,,,,1600833733.0,-18686.0,-21484.0,-32768.0,1600833733.0,1718.0,16.0,-1579.0
mpu,,,,,,,,,1600933731.0,8044.0,3768.0,-3634.0,1600933731.0,2587.0,159.0,-2114.0
mpu,,,,,,,,,1601033724.0,3334.0,32767.0,-30238.0,1601033724.0,1560.0,-560.0,-608.0
mpu,,,,,,,,,1601133735.0,-8750.0,32767.0,-32768.0,1601133735.0,-1584.0,446.0,1333.0
mpu,,,,,,,,,1601233729.0,994.0,28050.0,-32768.0,1601233729.0,-3262.0,353.0,2323.0
mpu,,,,,,,,,1601333726.0,-5440.0,-14740.0,-32768.0,1601333726.0,-970.0,-5.0,445.0
mpu,,,,,,,,,1601433729.0,-11134.0,-22452.0,-28914.0,1601433729.0,2022.0,90.0,-1872.0
mpu,,,,,,,,,1601533727.0,9710.0,19788.0,-2204.0,1601533727.0,2691.0,218.0,-1782.0
mpu,,,,,,,,,1601633731.0,782.0,32767.0,-27454.0,1601633731.0,1128.0,-694.0,-369.0
mpu,,,,,,,,,1601733731.0,-3018.0,32767.0,-32768.0,1601733731.0,-2157.0,403.0,1644.0
mpu,,,,,,,,,1601833728.0,-290.0,20982.0,-32768.0,1601833728.0,-3091.0,282.0,2202.0
mpu,,,,,,,,,1601933727.0,-7982.0,-20016.0,-32768.0,1601933727.0,-385.0,-88.0,139.0
mpu,,,,,,,,,1602033731.0,4616.0,-22670.0,-32768.0,1602033731.0,2272.0,59.0,-2087.0
mpu,,,,,,,,,1602133732.0,15510.0,32767.0,-9522.0,1602133732.0,2462.0,58.0,-1780.0
mpu,,,,,,,,,1602233728.0,-9158.0,32767.0,-32510.0,1602233728.0,716.0,-513.0,-11.0
mpu,,,,,,,,,1602333733.0,1324.0,32767.0,-32768.0,1602333733.0,-2560.0,485.0,2051.0
mpu,,,,,,,,,1602433734.0,-630.0,10730.0,-31104.0,1602433734.0,-2735.0,405.0,1937.0
mpu,,,,,,,,,1602533726.0,-9550.0,-19754.0,-32768.0,1602533726.0,187.0,-204.0,-307.0
mpu,,,,,,,,,1602633732.0,12802.0,-12188.0,-21478.0,1602633732.0,2487.0,8.0,-2209.0
mpu,,,,,,,,,1602733735.0,15784.0,32767.0,-15316.0,1602733735.0,2300.0,67.0,-1356.0
mpu,,,,,,,,,1602833729.0,-1724.0,32767.0,-32768.0,1602833729.0,156.0,-242.0,172.0
mpu,,,,,,,,,1602933730.0,1646.0,32767.0,-32768.0,1602933730.0,-2897.0,343.0,2186.0
mpu,,,,,,,,,1603033732.0,518.0,7602.0,-31656.0,1603033732.0,-2439.0,228.0,1801.0
mpu,,,,,,,,,1603133728.0,-9196.0,-22506.0,-32768.0,1603133728.0,604.0,-317.0,-725.0
mpu,,,,,,,,,1603233727.0,17540.0,-9416.0,-17480.0,1603233727.0,2464.0,108.0,-2343.0
mpu,,,,,,,,,1603333734.0,15140.0,32767.0,-23680.0,1603333734.0,2155.0,-147.0,-1224.0
mpu,,,,,,,,,1603433728.0,780.0,32767.0,-32768.0,1603433728.0,-110.0,-57.0,443.0
mpu,,,,,,,,,1603533729.0,3392.0,32767.0,-32768.0,1603533729.0,-3041.0,415.0,2402.0
mpu,,,,,,,,,1603633730.0,4454.0,-3230.0,-32768.0,1603633730.0,-2151.0,383.0,1464.0
mpu,,,,,,,,,1603733732.0,-15140.0,-12158.0,-29058.0,1603733732.0,1127.0,-343.0,-797.0
mpu,,,,,,,,,1603833734.0,10902.0,-10264.0,-17110.0,1603833734.0,2412.0,-49.0,-2558.0
mpu,,,,,,,,,1603933731.0,10942.0,32767.0,-25560.0,1603933731.0,1853.0,-475.0,-1014.0
mpu,,,,,,,,,1604033729.0,-3370.0,32767.0,-32768.0,1604033729.0,-474.0,354.0,856.0
mpu,,,,,,,,,1604133730.0,1462.0,29374.0,-32768.0,1604133730.0,-3136.0,61.0,2358.0
mpu,,,,,,,,,1604233731.0,3406.0,-1968.0,-31468.0,1604233731.0,-1799.0,83.0,1337.0
mpu,,,,,,,,,1604333731.0,-9890.0,-12598.0,-32768.0,1604333731.0,1403.0,183.0,-1083.0
mpu,,,,,,,,,1604433727.0,17058.0,2154.0,-19740.0,1604433727.0,2275.0,106.0,-2113.0
mpu,,,,,,,,,1604533726.0,3100.0,31432.0,-21754.0,1604533726.0,1430.0,300.0,-896.0
mpu,,,,,,,,,1604633726.0,-420.0,32767.0,-24180.0,1604633726.0,150.0,-495.0,-126.0
mpu,,,,,,,,,1604733728.0,-10564.0,32767.0,-32768.0,1604733728.0,-1733.0,223.0,1531.0
mpu,,,,,,,,,1604833732.0,5216.0,19424.0,-26590.0,1604833732.0,-2408.0,430.0,1715.0
mpu,,,,,,,,,1604933736.0,-6838.0,6740.0,-30500.0,1604933736.0,-1066.0,-145.0,1032.0
mpu,,,,,,,,,1605033726.0,-4140.0,-9184.0,-32464.0,1605033726.0,1478.0,-357.0,-1087.0
mpu,,,,,,,,,1605133727.0,17456.0,5312.0,-25826.0,1605133727.0,1908.0,-228.0,-1739.0
mpu,,,,,,,,,1605233728.0,3016.0,20952.0,-23380.0,1605233728.0,1293.0,641.0,-940.0
mpu,,,,,,,,,1605333735.0,6880.0,25976.0,-27174.0,1605333735.0,604.0,-276.0,-548.0
mpu,,,,,,,,,1605433728.0,-138.0,29250.0,-32768.0,1605433728.0,-181.0,64.0,94.0
mpu,,,,,,,,,1605533729.0,-2740.0,20178.0,-32768.0,1605533729.0,-1037.0,13.0,756.0
mpu,,,,,,,,,1605633727.0,3048.0,13752.0,-28120.0,1605633727.0,-1074.0,170.0,745.0
mpu,,,,,,,,,1605733731.0,6240.0,12766.0,-27200.0,1605733731.0,-861.0,-119.0,600.0
mpu,,,,,,,,,1605833726.0,4622.0,13354.0,-26526.0,1605833726.0,-613.0,41.0,327.0
mpu,,,,,,,,,1605933722.0,4462.0,16834.0,-24702.0,1605933722.0,-391.0,123.0,228.0
mpu,,,,,,,,,1606033728.0,6242.0,14544.0,-23256.0,1606033728.0,-453.0,3.0,376.0
mpu,,,,,,,,,1606133732.0,6430.0,13328.0,-23696.0,1606133732.0,-550.0,-28.0,524.0
mpu,,,,,,,,,1606233734.0,7382.0,11682.0,-23174.0,1606233734.0,-448.0,-109.0,454.0
mpu,,,,,,,,,1606333728.0,6740.0,8852.0,-23632.0,1606333728.0,-197.0,-39.0,183.0
mpu,,,,,,,,,1606433726.0,6894.0,8036.0,-24054.0,1606433726.0,156.0,-36.0,-135.0
mpu,,,,,,,,,1606533733.0,6050.0,8666.0,-23720.0,1606533733.0,467.0,86.0,-389.0
mpu,,,,,,,,,1606633730.0,5632.0,11244.0,-23628.0,1606633730.0,560.0,-41.0,-318.0
mpu,,,,,,,,,1606733737.0,5318.0,11960.0,-24576.0,1606733737.0,537.0,28.0,-231.0
mpu,,,,,,,,,1606833730.0,4424.0,12086.0,-27478.0,1606833730.0,586.0,60.0,-175.0
mpu,,,,,,,,,1606933732.0,4346.0,13122.0,-26656.0,1606933732.0,642.0,74.0,-266.0
mpu,,,,,,,,,1607033727.0,7370.0,13992.0,-23816.0,1607033727.0,633.0,3.0,-385.0
mpu,,,,,,,,,1607133735.0,5316.0,21414.0,-25876.0,1607133735.0,220.0,-9.0,-259.0
mpu,,,,,,,,,1607233728.0,4790.0,14570.0,-26378.0,1607233728.0,-231.0,-32.0,-63.0
mpu,,,,,,,,,1607333725.0,3632.0,11886.0,-28342.0,1607333725.0,-233.0,59.0,92.0
mpu,,,,,,,,,1607433736.0,4160.0,14584.0,-27782.0,1607433736.0,3.0,49.0,33.0
mpu,,,,,,,,,1607533731.0,5186.0,15976.0,-26220.0,1607533731.0,83.0,37.0,-23.0
mpu,,,,,,,,,1607633726.0,4492.0,14240.0,-27408.0,1607633726.0,-86.0,7.0,-2.0
mpu,,,,,,,,,1607733728.0,4492.0,14240.0,-27408.0,1607733728.0,-86.0,7.0,-2.0
mpu,,,,,,,,,1607833725.0,4060.0,13982.0,-27376.0,1607833725.0,-94.0,24.0,-67.0
mpu,,,,,,,,,1607933735.0,3898.0,14842.0,-26688.0,1607933735.0,-25.0,33.0,-123.0
mpu,,,,,,,,,1608033724.0,4040.0,15378.0,-26070.0,1608033724.0,-39.0,23.0,-91.0
mpu,,,,,,,,,1608133724.0,3762.0,14626.0,-26344.0,1608133724.0,-73.0,16.0,-19.0
mpu,,,,,,,,,1608233731.0,3744.0,14220.0,-26844.0,1608233731.0,-55.0,8.0,28.0
mpu,,,,,,,,,1608333733.0,4036.0,14596.0,-26632.0,1608333733.0,-8.0,8.0,37.0
mpu,,,,,,,,,1608433730.0,4360.0,14814.0,-26494.0,1608433730.0,4.0,7.0,17.0
mpu,,,,,,,,,1608533727.0,4284.0,14572.0,-26644.0,1608533727.0,-21.0,1.0,5.0
mpu,,,,,,,,,1608633725.0,3990.0,14652.0,-26390.0,1608633725.0,-26.0,6.0,-20.0
mpu,,,,,,,,,1608733731.0,3822.0,14562.0,-26422.0,1608733731.0,-25.0,4.0,-29.0
mpu,,,,,,,,,1608833736.0,3796.0,14644.0,-26266.0,1608833736.0,-13.0,9.0,-25.0
mpu,,,,,,,,,1608933726.0,3958.0,14688.0,-26162.0,1608933726.0,-15.0,8.0,-18.0
mpu,,,,,,,,,1609033730.0,3780.0,14752.0,-26352.0,1609033730.0,-18.0,9.0,-11.0
mpu,,,,,,,,,1609133730.0,3814.0,14496.0,-26122.0,1609133730.0,-26.0,5.0,1.0
mpu,,,,,,,,,1609233733.0,3888.0,14358.0,-26212.0,1609233733.0,-25.0,6.0,0.0
mpu,,,,,,,,,1609333733.0,3932.0,14516.0,-26378.0,1609333733.0,-9.0,6.0,-13.0
mpu,,,,,,,,,1609433732.0,4026.0,14816.0,-26382.0,1609433732.0,-8.0,7.0,-7.0
mpu,,,,,,,,,1609533727.0,4100.0,14548.0,-26660.0,1609533727.0,-6.0,3.0,-1.0
mpu,,,,,,,,,1609633730.0,3840.0,14642.0,-26154.0,1609633730.0,7.0,8.0,-4.0
mpu,,,,,,,,,1609733725.0,3714.0,14302.0,-26036.0,1609733725.0,-2.0,6.0,2.0
mpu,,,,,,,,,1609833730.0,3878.0,14536.0,-26246.0,1609833730.0,-1.0,5.0,7.0
mpu,,,,,,,,,1609933726.0,3654.0,14570.0,-26314.0,1609933726.0,14.0,5.0,-1.0
mpu,,,,,,,,,1610033730.0,3838.0,14646.0,-26126.0,1610033730.0,28.0,9.0,-10.0
mpu,,,,,,,,,1610133729.0,3920.0,14788.0,-25968.0,1610133729.0,17.0,10.0,-2.0
mpu,,,,,,,,,1610233730.0,3628.0,14374.0,-25988.0,1610233730.0,-5.0,0.0,8.0
mpu,,,,,,,,,1610333728.0,3682.0,14450.0,-26328.0,1610333728.0,2.0,3.0,-4.0
mpu,,,,,,,,,1610433724.0,3434.0,13830.0,-27048.0,1610433724.0,18.0,6.0,-12.0
mpu,,,,,,,,,1610533733.0,2328.0,11106.0,-29646.0,1610533733.0,161.0,6.0,-85.0
mpu,,,,,,,,,1610633734.0,1090.0,7938.0,-29584.0,1610633734.0,586.0,24.0,-340.0
mpu,,,,,,,,,1610733732.0,5080.0,9876.0,-23806.0,1610733732.0,915.0,11.0,-534.0
mpu,,,,,,,,,1610833725.0,9498.0,21320.0,-20426.0,1610833725.0,742.0,-116.0,-305.0
mpu,,,,,,,,,1610933728.0,1232.0,24958.0,-30434.0,1610933728.0,356.0,-15.0,46.0
mpu,,,,,,,,,1611033725.0,2588.0,22054.0,-32430.0,1611033725.0,-432.0,120.0,455.0
mpu,,,,,,,,,1611133728.0,4572.0,20968.0,-28118.0,1611133728.0,-1093.0,-61.0,772.0
mpu,,,,,,,,,1611233731.0,3804.0,24382.0,-23312.0,1611233731.0,-1567.0,83.0,1028.0
mpu,,,,,,,,,1611333729.0,3626.0,11876.0,-23966.0,1611333729.0,-1421.0,119.0,916.0
mpu,,,,,,,,,1611433726.0,5414.0,12324.0,-23980.0,1611433726.0,-768.0,-5.0,656.0
mpu,,,,,,,,,1611533728.0,5942.0,8802.0,-24114.0,1611533728.0,-24.0,-83.0,152.0
mpu,,,,,,,,,1611633732.0,5942.0,6714.0,-26632.0,1611633732.0,657.0,-164.0,-395.0
mpu,,,,,,,,,1611733730.0,3452.0,6680.0,-27424.0,1611733730.0,966.0,-138.0,-823.0
mpu,,,,,,,,,1611833726.0,4778.0,8866.0,-25776.0,1611833726.0,1068.0,51.0,-946.0
mpu,,,,,,,,,1611933722.0,5646.0,12188.0,-23638.0,1611933722.0,894.0,177.0,-905.0
mpu,,,,,,,,,1612033727.0,5252.0,17116.0,-24984.0,1612033727.0,733.0,254.0,-691.0
mpu,,,,,,,,,1612133736.0,2192.0,21322.0,-28896.0,1612133736.0,693.0,99.0,-418.0
mpu,,,,,,,,,1612233735.0,2454.0,22134.0,-31086.0,1612233735.0,379.0,-346.0,-112.0
mpu,,,,,,,,,1612333733.0,1014.0,22526.0,-32768.0,1612333733.0,-250.0,-147.0,209.0
mpu,,,,,,,,,1612433733.0,1912.0,20578.0,-31154.0,1612433733.0,-878.0,-15.0,656.0
mpu,,,,,,,,,1612533731.0,5278.0,18938.0,-28974.0,1612533731.0,-1237.0,181.0,940.0
mpu,,,,,,,,,1612633730.0,4392.0,16372.0,-24938.0,1612633730.0,-1309.0,292.0,775.0
mpu,,,,,,,,,1612733735.0,8140.0,12324.0,-26524.0,1612733735.0,-1207.0,-117.0,625.0
mpu,,,,,,,,,1612833729.0,3484.0,10436.0,-27736.0,1612833729.0,-761.0,143.0,481.0
mpu,,,,,,,,,1612933728.0,4476.0,9586.0,-23610.0,1612933728.0,85.0,-25.0,90.0
mpu,,,,,,,,,1613033730.0,4990.0,6244.0,-25898.0,1613033730.0,649.0,-236.0,-373.0
mpu,,,,,,,,,1613133732.0,5464.0,7214.0,-30764.0,1613133732.0,952.0,-136.0,-834.0
mpu,,,,,,,,,1613233736.0,3324.0,9334.0,-28724.0,1613233736.0,1102.0,249.0,-988.0
mpu,,,,,,,,,1613333732.0,1366.0,11968.0,-27306.0,1613333732.0,1056.0,351.0,-801.0
mpu,,,,,,,,,1613433727.0,5298.0,16718.0,-25504.0,1613433727.0,1068.0,117.0,-575.0
mpu,,,,,,,,,1613533729.0,2814.0,20426.0,-29074.0,1613533729.0,1092.0,-300.0,-416.0
mpu,,,,,,,,,1613633729.0,1044.0,21056.0,-30998.0,1613633729.0,828.0,-217.0,-194.0
mpu,,,,,,,,,1613733728.0,-2424.0,24330.0,-32768.0,1613733728.0,284.0,70.0,-5.0
mpu,,,,,,,,,1613833730.0,-736.0,25324.0,-32768.0,1613833730.0,-835.0,97.0,498.0
mpu,,,,,,,,,1613933739.0,7906.0,17718.0,-32080.0,1613933739.0,-1723.0,-73.0,938.0
mpu,,,,,,,,,1614033728.0,1906.0,16622.0,-25396.0,1614033728.0,-1524.0,542.0,691.0
mpu,,,,,,,,,1614133728.0,312.0,16414.0,-27732.0,1614133728.0,-1346.0,-25.0,742.0
mpu,,,,,,,,,1614233735.0,3214.0,13862.0,-26490.0,1614233735.0,-827.0,-181.0,613.0
mpu,,,,,,,,,1614333732.0,4954.0,7878.0,-25900.0,1614333732.0,-53.0,-199.0,345.0
mpu,,,,,,,,,1614433733.0,4862.0,5450.0,-28862.0,1614433733.0,481.0,-250.0,-340.0
mpu,,,,,,,,,1614533728.0,2242.0,6448.0,-30900.0,1614533728.0,794.0,12.0,-1161.0
mpu,,,,,,,,,1614633729.0,1210.0,8192.0,-29198.0,1614633729.0,1138.0,448.0,-1054.0
mpu,,,,,,,,,1614733729.0,3386.0,16144.0,-23190.0,1614733729.0,1400.0,332.0,-643.0
mpu,,,,,,,,,1614833724.0,4716.0,18248.0,-26012.0,1614833724.0,1357.0,-498.0,-540.0
mpu,,,,,,,,,1614933729.0,6022.0,21964.0,-30906.0,1614933729.0,1045.0,-273.0,-314.0
mpu,,,,,,,,,1615033727.0,2402.0,23808.0,-32768.0,1615033727.0,415.0,106.0,-106.0
mpu,,,,,,,,,1615133733.0,-5178.0,28532.0,-32768.0,1615133733.0,-733.0,32.0,453.0
mpu,,,,,,,,,1615233735.0,4142.0,19822.0,-27938.0,1615233735.0,-1966.0,-180.0,1087.0
mpu,,,,,,,,,1615333732.0,6816.0,17244.0,-32192.0,1615333732.0,-1797.0,-142.0,842.0
mpu,,,,,,,,,1615433732.0,-610.0,17856.0,-26440.0,1615433732.0,-1378.0,585.0,957.0
mpu,,,,,,,,,1615533723.0,4412.0,10408.0,-26740.0,1615533723.0,-723.0,-71.0,737.0
mpu,,,,,,,,,1615633726.0,4166.0,7876.0,-26560.0,1615633726.0,362.0,57.0,230.0
mpu,,,,,,,,,1615733737.0,1636.0,5672.0,-28892.0,1615733737.0,798.0,-202.0,-641.0
mpu,,,,,,,,,1615833733.0,1886.0,4910.0,-32768.0,1615833733.0,1056.0,189.0,-1385.0
mpu,,,,,,,,,1615933730.0,3062.0,12356.0,-27584.0,1615933730.0,1370.0,562.0,-883.0
mpu,,,,,,,,,1616033735.0,4204.0,14962.0,-24402.0,1616033735.0,1512.0,-230.0,-478.0
mpu,,,,,,,,,1616133734.0,5858.0,23904.0,-29606.0,1616133734.0,1123.0,-411.0,-365.0
mpu,,,,,,,,,1616233730.0,-3726.0,29484.0,-32750.0,1616233730.0,351.0,43.0,-35.0
mpu,,,,,,,,,1616333727.0,1124.0,25376.0,-32768.0,1616333727.0,-1206.0,12.0,681.0
mpu,,,,,,,,,1616433731.0,6026.0,25130.0,-28984.0,1616433731.0,-2040.0,119.0,1204.0
mpu,,,,,,,,,1616533727.0,2838.0,17320.0,-26384.0,1616533727.0,-1931.0,214.0,994.0
mpu,,,,,,,,,1616633731.0,898.0,13972.0,-24788.0,1616633731.0,-1283.0,114.0,834.0
mpu,,,,,,,,,1616733732.0,4506.0,7500.0,-27496.0,1616733732.0,-235.0,-228.0,343.0
mpu,,,,,,,,,1616833729.0,446.0,3040.0,-29132.0,1616833729.0,758.0,-62.0,-435.0
mpu,,,,,,,,,1616933735.0,4282.0,2962.0,-30054.0,1616933735.0,1162.0,-93.0,-1217.0
mpu,,,,,,,,,1617033735.0,3086.0,11330.0,-27122.0,1617033735.0,1373.0,511.0,-1140.0
mpu,,,,,,,,,1617133726.0,4500.0,14644.0,-23604.0,1617133726.0,1535.0,291.0,-595.0
mpu,,,,,,,,,1617233726.0,6570.0,24604.0,-27998.0,1617233726.0,1322.0,-362.0,-390.0
mpu,,,,,,,,,1617333735.0,558.0,29144.0,-32768.0,1617333735.0,435.0,-49.0,-50.0
mpu,,,,,,,,,1617433722.0,-2548.0,26976.0,-32768.0,1617433722.0,-1254.0,-14.0,735.0
mpu,,,,,,,,,1617533731.0,2458.0,22622.0,-30742.0,1617533731.0,-2272.0,89.0,1314.0
mpu,,,,,,,,,1617633730.0,4642.0,15804.0,-27756.0,1617633730.0,-1995.0,115.0,1096.0
mpu,,,,,,,,,1617733734.0,4584.0,10882.0,-27498.0,1617733734.0,-1201.0,94.0,755.0
mpu,,,,,,,,,1617833732.0,5456.0,6140.0,-27358.0,1617833732.0,53.0,-31.0,225.0
mpu,,,,,,,,,1617933734.0,198.0,2574.0,-32008.0,1617933734.0,966.0,-337.0,-657.0
mpu,,,,,,,,,1618033721.0,4948.0,3444.0,-25726.0,1618033721.0,1282.0,46.0,-1374.0
mpu,,,,,,,,,1618133732.0,9716.0,13504.0,-21690.0,1618133732.0,1486.0,438.0,-1002.0
mpu,,,,,,,,,1618233737.0,3828.0,20248.0,-23100.0,1618233737.0,1442.0,286.0,-526.0
mpu,,,,,,,,,1618333729.0,5648.0,27322.0,-32768.0,1618333729.0,1018.0,-306.0,-322.0
mpu,,,,,,,,,1618433730.0,2042.0,28178.0,-32768.0,1618433730.0,-56.0,-21.0,158.0
mpu,,,,,,,,,1618533726.0,1400.0,25966.0,-29344.0,1618533726.0,-1639.0,88.0,930.0
mpu,,,,,,,,,1618633735.0,4164.0,21428.0,-28900.0,1618633735.0,-2177.0,84.0,1241.0
mpu,,,,,,,,,1618733729.0,4504.0,15092.0,-25390.0,1618733729.0,-1784.0,60.0,902.0
mpu,,,,,,,,,1618833732.0,3166.0,10218.0,-25086.0,1618833732.0,-815.0,-52.0,493.0
mpu,,,,,,,,,1618933733.0,4116.0,4164.0,-29780.0,1618933733.0,479.0,-154.0,-66.0
mpu,,,,,,,,,1619033731.0,4820.0,2544.0,-31912.0,1619033731.0,1093.0,-257.0,-906.0
mpu,,,,,,,,,1619133732.0,1676.0,3442.0,-30810.0,1619133732.0,1378.0,286.0,-1226.0
mpu,,,,,,,,,1619233729.0,6118.0,12854.0,-25692.0,1619233729.0,1366.0,396.0,-829.0
mpu,,,,,,,,,1619333728.0,2098.0,24188.0,-23072.0,1619333728.0,1283.0,128.0,-532.0
mpu,,,,,,,,,1619433733.0,-1684.0,28740.0,-32768.0,1619433733.0,824.0,-424.0,-215.0
mpu,,,,,,,,,1619533728.0,28.0,29574.0,-32768.0,1619533728.0,-422.0,-63.0,348.0
mpu,,,,,,,,,1619633736.0,52.0,23744.0,-32768.0,1619633736.0,-1981.0,217.0,1176.0
mpu,,,,,,,,,1619733732.0,4126.0,16418.0,-27516.0,1619733732.0,-2105.0,128.0,1095.0
mpu,,,,,,,,,1619833732.0,9136.0,14236.0,-29152.0,1619833732.0,-1484.0,-256.0,782.0
mpu,,,,,,,,,1619933731.0,2754.0,8274.0,-26962.0,1619933731.0,-404.0,155.0,343.0
mpu,,,,,,,,,1620033724.0,2038.0,2122.0,-28696.0,1620033724.0,686.0,-225.0,-342.0
mpu,,,,,,,,,1620133736.0,-32.0,3408.0,-32768.0,1620133736.0,1262.0,-93.0,-1086.0
mpu,,,,,,,,,1620233724.0,4856.0,8034.0,-22954.0,1620233724.0,1445.0,370.0,-1146.0
mpu,,,,,,,,,1620333729.0,3756.0,14324.0,-23166.0,1620333729.0,1403.0,369.0,-753.0
mpu,,,,,,,,,1620433726.0,3486.0,24612.0,-26296.0,1620433726.0,1220.0,-240.0,-439.0
mpu,,,,,,,,,1620533735.0,1852.0,30408.0,-30560.0,1620533735.0,475.0,-148.0,-21.0
mpu,,,,,,,,,1620633731.0,-3860.0,26082.0,-31564.0,1620633731.0,-1146.0,70.0,701.0
mpu,,,,,,,,,1620733725.0,418.0,22876.0,-28472.0,1620733725.0,-2082.0,228.0,1270.0
mpu,,,,,,,,,1620833731.0,2652.0,14786.0,-26608.0,1620833731.0,-1988.0,177.0,999.0
mpu,,,,,,,,,1620933732.0,3094.0,12984.0,-25988.0,1620933732.0,-1200.0,-155.0,669.0
mpu,,,,,,,,,1621033728.0,3408.0,3446.0,-26956.0,1621033728.0,90.0,-58.0,84.0
mpu,,,,,,,,,1621133725.0,64.0,1998.0,-30176.0,1621133725.0,1058.0,-226.0,-684.0
mpu,,,,,,,,,1621233728.0,4034.0,2998.0,-27796.0,1621233728.0,1324.0,119.0,-1350.0
mpu,,,,,,,,,1621333734.0,6150.0,13048.0,-21228.0,1621333734.0,1427.0,371.0,-948.0
mpu,,,,,,,,,1621433736.0,2968.0,19972.0,-24080.0,1621433736.0,1368.0,100.0,-495.0
mpu,,,,,,,,,1621533728.0,5744.0,28628.0,-29788.0,1621533728.0,918.0,-328.0,-210.0
mpu,,,,,,,,,1621633730.0,-3050.0,30360.0,-32768.0,1621633730.0,-270.0,-16.0,225.0
mpu,,,,,,,,,1621733736.0,-968.0,24466.0,-32768.0,1621733736.0,-1822.0,145.0,1054.0
mpu,,,,,,,,,1621833727.0,1082.0,19228.0,-26420.0,1621833727.0,-2092.0,264.0,1185.0
mpu,,,,,,,,,1621933729.0,3936.0,13624.0,-27910.0,1621933729.0,-1594.0,-56.0,956.0
mpu,,,,,,,,,1622033728.0,1726.0,9090.0,-26000.0,1622033728.0,-483.0,-25.0,438.0
mpu,,,,,,,,,1622133730.0,3190.0,2658.0,-30866.0,1622133730.0,699.0,-284.0,-311.0
mpu,,,,,,,,,1622233729.0,6466.0,904.0,-32768.0,1622233729.0,1205.0,-178.0,-1217.0
mpu,,,,,,,,,1622333724.0,3688.0,8656.0,-21622.0,1622333724.0,1414.0,476.0,-1177.0
mpu,,,,,,,,,1622433740.0,7018.0,15672.0,-20264.0,1622433740.0,1425.0,285.0,-692.0
mpu,,,,,,,,,1622533728.0,5718.0,25376.0,-29736.0,1622533728.0,1224.0,-96.0,-418.0
mpu,,,,,,,,,1622633732.0,1528.0,28898.0,-32768.0,1622633732.0,390.0,-223.0,-18.0
mpu,,,,,,,,,1622733735.0,404.0,27298.0,-32768.0,1622733735.0,-1195.0,-36.0,702.0
mpu,,,,,,,,,1622833724.0,4374.0,23308.0,-27876.0,1622833724.0,-2218.0,210.0,1271.0
mpu,,,,,,,,,1622933731.0,2980.0,15798.0,-28090.0,1622933731.0,-1899.0,41.0,1089.0
mpu,,,,,,,,,1623033736.0,2864.0,12136.0,-25818.0,1623033736.0,-1071.0,-59.0,746.0
mpu,,,,,,,,,1623133728.0,2918.0,3732.0,-27918.0,1623133728.0,210.0,-104.0,84.0
mpu,,,,,,,,,1623233727.0,-1142.0,3672.0,-28688.0,1623233727.0,1085.0,-306.0,-760.0
mpu,,,,,,,,,1623333735.0,1490.0,2876.0,-26938.0,1623333735.0,1367.0,141.0,-1358.0
mpu,,,,,,,,,1623433730.0,6474.0,12946.0,-22518.0,1623433730.0,1411.0,447.0,-916.0
mpu,,,,,,,,,1623533730.0,4814.0,20450.0,-22738.0,1623533730.0,1291.0,172.0,-534.0
mpu,,,,,,,,,1623633727.0,2362.0,26680.0,-31180.0,1623633727.0,799.0,-389.0,-255.0
mpu,,,,,,,,,1623733733.0,1508.0,30056.0,-32768.0,1623733733.0,-365.0,-101.0,280.0
mpu,,,,,,,,,1623833730.0,2320.0,23974.0,-32768.0,1623833730.0,-1839.0,101.0,1081.0
mpu,,,,,,,,,1623933737.0,1088.0,17632.0,-28496.0,1623933737.0,-2040.0,270.0,1149.0
mpu,,,,,,,,,1624033726.0,3264.0,13258.0,-27534.0,1624033726.0,-1520.0,-98.0,924.0
mpu,,,,,,,,,1624133728.0,1686.0,8642.0,-27178.0,1624133728.0,-474.0,-19.0,409.0
mpu,,,,,,,,,1624233731.0,2266.0,2460.0,-29808.0,1624233731.0,679.0,-215.0,-362.0
mpu,,,,,,,,,1624333729.0,8564.0,1890.0,-31482.0,1624333729.0,1209.0,-196.0,-1197.0
mpu,,,,,,,,,1624433736.0,2612.0,8644.0,-25330.0,1624433736.0,1379.0,425.0,-1155.0
mpu,,,,,,,,,1624533723.0,2666.0,13800.0,-24196.0,1624533723.0,1384.0,324.0,-675.0
mpu,,,,,,,,,1624633725.0,5466.0,25046.0,-25644.0,1624633725.0,1167.0,-41.0,-395.0
mpu,,,,,,,,,1624733731.0,-1552.0,29702.0,-29948.0,1624733731.0,398.0,-272.0,-51.0
mpu,,,,,,,,,1624833737.0,-882.0,27296.0,-31216.0,1624833737.0,-1047.0,5.0,639.0
mpu,,,,,,,,,1624933731.0,3660.0,23372.0,-29294.0,1624933731.0,-2051.0,182.0,1184.0
mpu,,,,,,,,,1625033736.0,4066.0,16472.0,-27520.0,1625033736.0,-1902.0,144.0,1035.0
mpu,,,,,,,,,1625133735.0,2796.0,11688.0,-26184.0,1625133735.0,-1172.0,-108.0,724.0
mpu,,,,,,,,,1625233730.0,3868.0,3910.0,-28334.0,1625233730.0,4.0,-121.0,165.0
mpu,,,,,,,,,1625333730.0,960.0,2736.0,-31542.0,1625333730.0,969.0,-244.0,-582.0
mpu,,,,,,,,,1625433724.0,2672.0,2586.0,-27854.0,1625433724.0,1339.0,91.0,-1312.0
mpu,,,,,,,,,1625533732.0,5202.0,12110.0,-22396.0,1625533732.0,1447.0,446.0,-970.0
mpu,,,,,,,,,1625633734.0,4294.0,18542.0,-21646.0,1625633734.0,1309.0,103.0,-543.0
mpu,,,,,,,,,1625733735.0,366.0,26068.0,-30814.0,1625733735.0,922.0,-280.0,-379.0
mpu,,,,,,,,,1625833726.0,-1316.0,29980.0,-32768.0,1625833726.0,-23.0,-81.0,112.0
mpu,,,,,,,,,1625933732.0,1460.0,26016.0,-29786.0,1625933732.0,-1577.0,-7.0,854.0
mpu,,,,,,,,,1626033729.0,840.0,18660.0,-27966.0,1626033729.0,-2132.0,381.0,1216.0
mpu,,,,,,,,,1626133728.0,3138.0,15960.0,-24882.0,1626133728.0,-1678.0,96.0,963.0
mpu,,,,,,,,,1626233731.0,3196.0,10354.0,-26306.0,1626233731.0,-732.0,-303.0,594.0
mpu,,,,,,,,,1626333727.0,3876.0,4596.0,-29946.0,1626333727.0,509.0,-148.0,-64.0
mpu,,,,,,,,,1626433731.0,1266.0,2656.0,-29894.0,1626433731.0,1131.0,-128.0,-1031.0
mpu,,,,,,,,,1626533729.0,1246.0,4952.0,-26902.0,1626533729.0,1385.0,227.0,-1223.0
mpu,,,,,,,,,1626633730.0,6322.0,12778.0,-22054.0,1626633730.0,1338.0,295.0,-854.0
mpu,,,,,,,,,1626733729.0,3172.0,23588.0,-23992.0,1626733729.0,1213.0,86.0,-510.0
mpu,,,,,,,,,1626833730.0,1846.0,28422.0,-30700.0,1626833730.0,648.0,-282.0,-117.0
mpu,,,,,,,,,1626933730.0,-196.0,28842.0,-32768.0,1626933730.0,-645.0,-32.0,448.0
mpu,,,,,,,,,1627033727.0,1662.0,22570.0,-31286.0,1627033727.0,-1986.0,137.0,1090.0
mpu,,,,,,,,,1627133731.0,738.0,18440.0,-27384.0,1627133731.0,-2007.0,334.0,1041.0
mpu,,,,,,,,,1627233728.0,4196.0,12336.0,-26054.0,1627233728.0,-1401.0,-240.0,830.0
mpu,,,,,,,,,1627333730.0,3358.0,6742.0,-27170.0,1627333730.0,-237.0,-58.0,379.0
mpu,,,,,,,,,1627433732.0,2502.0,2034.0,-29394.0,1627433732.0,898.0,-281.0,-346.0
mpu,,,,,,,,,1627533730.0,4976.0,3358.0,-31684.0,1627533730.0,1298.0,-98.0,-1132.0
mpu,,,,,,,,,1627633730.0,5768.0,10364.0,-22114.0,1627633730.0,1356.0,366.0,-1099.0
mpu,,,,,,,,,1627733732.0,5642.0,16130.0,-24854.0,1627733732.0,1267.0,216.0,-731.0
mpu,,,,,,,,,1627833735.0,1834.0,25546.0,-28458.0,1627833735.0,1111.0,-108.0,-464.0
mpu,,,,,,,,,1627933729.0,2578.0,28302.0,-32768.0,1627933729.0,420.0,-170.0,-21.0
mpu,,,,,,,,,1628033737.0,-454.0,28060.0,-30676.0,1628033737.0,-1192.0,-11.0,664.0
mpu,,,,,,,,,1628133729.0,3812.0,21510.0,-28268.0,1628133729.0,-2179.0,195.0,1219.0
mpu,,,,,,,,,1628233727.0,3176.0,15254.0,-29506.0,1628233727.0,-2040.0,71.0,1126.0
mpu,,,,,,,,,1628333732.0,4528.0,9906.0,-25318.0,1628333732.0,-1072.0,-47.0,707.0
mpu,,,,,,,,,1628433730.0,3664.0,6882.0,-24634.0,1628433730.0,216.0,55.0,11.0
mpu,,,,,,,,,1628533731.0,368.0,2370.0,-28104.0,1628533731.0,978.0,-489.0,-761.0
mpu,,,,,,,,,1628633734.0,3664.0,2670.0,-28030.0,1628633734.0,1381.0,153.0,-1291.0
mpu,,,,,,,,,1628733733.0,3714.0,13488.0,-21482.0,1628733733.0,1465.0,400.0,-931.0
mpu,,,,,,,,,1628833730.0,1896.0,18914.0,-23812.0,1628833730.0,1389.0,65.0,-524.0
mpu,,,,,,,,,1628933737.0,3946.0,27554.0,-26380.0,1628933737.0,867.0,-306.0,-269.0
mpu,,,,,,,,,1629033724.0,-1326.0,30474.0,-32768.0,1629033724.0,-383.0,27.0,287.0
mpu,,,,,,,,,1629133725.0,16.0,23724.0,-30726.0,1629133725.0,-1954.0,22.0,1060.0
mpu,,,,,,,,,1629233734.0,3970.0,17860.0,-27876.0,1629233734.0,-2115.0,-23.0,1208.0
mpu,,,,,,,,,1629333729.0,2202.0,14068.0,-27022.0,1629333729.0,-1477.0,117.0,976.0
mpu,,,,,,,,,1629433732.0,2024.0,5580.0,-26512.0,1629433732.0,-500.0,-112.0,469.0
mpu,,,,,,,,,1629533731.0,2282.0,3274.0,-30054.0,1629533731.0,687.0,-195.0,-415.0
mpu,,,,,,,,,1629633727.0,3046.0,2218.0,-30192.0,1629633727.0,1281.0,-5.0,-1325.0
mpu,,,,,,,,,1629733734.0,6396.0,8770.0,-26120.0,1629733734.0,1505.0,435.0,-1125.0
mpu,,,,,,,,,1629833734.0,2762.0,16816.0,-22606.0,1629833734.0,1493.0,320.0,-709.0
mpu,,,,,,,,,1629933733.0,2764.0,27954.0,-30530.0,1629933733.0,1213.0,-181.0,-434.0
mpu,,,,,,,,,1630033728.0,-3594.0,29256.0,-32768.0,1630033728.0,300.0,-177.0,94.0
mpu,,,,,,,,,1630133730.0,-1306.0,25656.0,-32022.0,1630133730.0,-1446.0,90.0,851.0
mpu,,,,,,,,,1630233729.0,4118.0,20694.0,-31716.0,1630233729.0,-2349.0,-6.0,1270.0
mpu,,,,,,,,,1630333727.0,1594.0,16070.0,-24040.0,1630333727.0,-1893.0,79.0,1052.0
mpu,,,,,,,,,1630433733.0,3646.0,10510.0,-25608.0,1630433733.0,-856.0,-4.0,611.0
mpu,,,,,,,,,1630533726.0,1984.0,3856.0,-28966.0,1630533726.0,446.0,-64.0,-61.0
mpu,,,,,,,,,1630633729.0,6174.0,694.0,-30806.0,1630633729.0,1204.0,-272.0,-996.0
mpu,,,,,,,,,1630733727.0,1734.0,4984.0,-24592.0,1630733727.0,1480.0,250.0,-1276.0
mpu,,,,,,,,,1630833724.0,7932.0,15726.0,-23670.0,1630833724.0,1486.0,450.0,-802.0
mpu,,,,,,,,,1630933730.0,2298.0,22364.0,-25688.0,1630933730.0,1288.0,25.0,-480.0
mpu,,,,,,,,,1631033730.0,-564.0,29084.0,-32768.0,1631033730.0,567.0,-319.0,-121.0
mpu,,,,,,,,,1631133730.0,-1476.0,27744.0,-32768.0,1631133730.0,-939.0,-82.0,577.0
mpu,,,,,,,,,1631233732.0,686.0,24296.0,-30896.0,1631233732.0,-2228.0,123.0,1230.0
mpu,,,,,,,,,1631333728.0,1534.0,15620.0,-25478.0,1631333728.0,-2010.0,148.0,1117.0
mpu,,,,,,,,,1631433732.0,3362.0,11148.0,-26128.0,1631433732.0,-1228.0,16.0,737.0
mpu,,,,,,,,,1631533728.0,2844.0,3642.0,-27354.0,1631533728.0,93.0,-40.0,100.0
mpu,,,,,,,,,1631633724.0,-454.0,2688.0,-26528.0,1631633724.0,1080.0,-307.0,-747.0
mpu,,,,,,,,,1631733736.0,4508.0,2372.0,-26714.0,1631733736.0,1522.0,107.0,-1296.0
mpu,,,,,,,,,1631833736.0,6560.0,12310.0,-22308.0,1631833736.0,1526.0,360.0,-935.0
mpu,,,,,,,,,1631933725.0,3026.0,21124.0,-23816.0,1631933725.0,1334.0,173.0,-489.0
mpu,,,,,,,,,1632033726.0,1798.0,27480.0,-32768.0,1632033726.0,801.0,-233.0,-193.0
mpu,,,,,,,,,1632133723.0,1088.0,28170.0,-32768.0,1632133723.0,-489.0,-66.0,335.0
mpu,,,,,,,,,1632233735.0,-1008.0,23468.0,-32752.0,1632233735.0,-2009.0,99.0,1117.0
mpu,,,,,,,,,1632333730.0,3246.0,17838.0,-29090.0,1632333730.0,-2125.0,122.0,1153.0
mpu,,,,,,,,,1632433726.0,2816.0,11666.0,-27416.0,1632433726.0,-1464.0,111.0,888.0
mpu,,,,,,,,,1632533730.0,3708.0,6258.0,-26294.0,1632533730.0,-287.0,-86.0,326.0
mpu,,,,,,,,,1632633738.0,1996.0,1486.0,-29166.0,1632633738.0,844.0,-305.0,-505.0
mpu,,,,,,,,,1632733728.0,3766.0,1764.0,-29644.0,1632733728.0,1362.0,-118.0,-1292.0
mpu,,,,,,,,,1632833724.0,6558.0,9842.0,-25608.0,1632833724.0,1509.0,481.0,-1058.0
mpu,,,,,,,,,1632933731.0,2708.0,16334.0,-22144.0,1632933731.0,1454.0,234.0,-655.0
mpu,,,,,,,,,1633033727.0,4326.0,26994.0,-27060.0,1633033727.0,1140.0,-265.0,-435.0
mpu,,,,,,,,,1633133745.0,8.0,30162.0,-32768.0,1633133745.0,116.0,-97.0,73.0
mpu,,,,,,,,,1633233727.0,104.0,28994.0,-28164.0,1633233727.0,-1531.0,84.0,870.0
mpu,,,,,,,,,1633333728.0,5196.0,20060.0,-31316.0,1633333728.0,-2360.0,-100.0,1352.0
mpu,,,,,,,,,1633433725.0,3846.0,13726.0,-27854.0,1633433725.0,-1799.0,109.0,1052.0
mpu,,,,,,,,,1633533727.0,3212.0,9580.0,-26450.0,1633533727.0,-709.0,-58.0,555.0
mpu,,,,,,,,,1633633726.0,3396.0,2526.0,-28886.0,1633633726.0,515.0,-75.0,-200.0
mpu,,,,,,,,,1633733727.0,4738.0,516.0,-31450.0,1633733727.0,1235.0,-248.0,-1153.0
mpu,,,,,,,,,1633833736.0,1628.0,7080.0,-25022.0,1633833736.0,1472.0,433.0,-1249.0
mpu,,,,,,,,,1633933732.0,5180.0,15282.0,-24116.0,1633933732.0,1503.0,402.0,-738.0
mpu,,,,,,,,,1634033728.0,6792.0,25528.0,-26070.0,1634033728.0,1272.0,-132.0,-433.0
mpu,,,,,,,,,1634133732.0,2678.0,30520.0,-31376.0,1634133732.0,502.0,-192.0,-30.0
mpu,,,,,,,,,1634233729.0,-1864.0,27290.0,-30460.0,1634233729.0,-1175.0,52.0,671.0
mpu,,,,,,,,,1634333726.0,3710.0,23344.0,-29482.0,1634333726.0,-2323.0,114.0,1302.0
mpu,,,,,,,,,1634433734.0,3224.0,15024.0,-29218.0,1634433734.0,-2013.0,98.0,1072.0
mpu,,,,,,,,,1634533730.0,4336.0,10720.0,-26588.0,1634533730.0,-1088.0,-43.0,676.0
mpu,,,,,,,,,1634633726.0,4756.0,2252.0,-27396.0,1634633726.0,256.0,-144.0,0.0
mpu,,,,,,,,,1634733736.0,5248.0,-2246.0,-32768.0,1634733736.0,1098.0,-424.0,-1085.0
mpu,,,,,,,,,1634833736.0,5140.0,7996.0,-31024.0,1634833736.0,1585.0,670.0,-1487.0
mpu,,,,,,,,,1634933731.0,6270.0,15106.0,-22502.0,1634933731.0,2005.0,145.0,-753.0
mpu,,,,,,,,,1635033736.0,1828.0,25518.0,-28108.0,1635033736.0,1570.0,-731.0,-648.0
mpu,,,,,,,,,1635133736.0,2824.0,30516.0,-32768.0,1635133736.0,466.0,154.0,-34.0
mpu,,,,,,,,,1635233732.0,1446.0,27198.0,-32768.0,1635233732.0,-1800.0,45.0,1119.0
mpu,,,,,,,,,1635333738.0,10232.0,21610.0,-32768.0,1635333738.0,-2409.0,197.0,1491.0
mpu,,,,,,,,,1635433726.0,-4106.0,15258.0,-21576.0,1635433726.0,-1761.0,788.0,1037.0
mpu,,,,,,,,,1635533734.0,5662.0,4332.0,-32768.0,1635533734.0,-678.0,-823.0,414.0
mpu,,,,,,,,,1635633730.0,-1806.0,-5374.0,-32768.0,1635633730.0,880.0,-97.0,-827.0
mpu,,,,,,,,,1635733733.0,2752.0,4304.0,-29504.0,1635733733.0,1854.0,689.0,-1726.0
mpu,,,,,,,,,1635833732.0,15776.0,18118.0,-21126.0,1635833732.0,2485.0,-410.0,-911.0
mpu,,,,,,,,,1635933732.0,3510.0,31136.0,-31038.0,1635933732.0,1708.0,-278.0,-689.0
mpu,,,,,,,,,1636033731.0,-5924.0,32767.0,-32768.0,1636033731.0,-406.0,218.0,329.0
mpu,,,,,,,,,1636133729.0,5878.0,21124.0,-29230.0,1636133729.0,-3022.0,29.0,1789.0
mpu,,,,,,,,,1636233730.0,722.0,19586.0,-24784.0,1636233730.0,-2302.0,468.0,1458.0
mpu,,,,,,,,,1636333729.0,1080.0,3380.0,-32768.0,1636333729.0,-1078.0,-113.0,691.0
mpu,,,,,,,,,1636433727.0,-248.0,-5016.0,-32768.0,1636433727.0,775.0,-333.0,-701.0
mpu,,,,,,,,,1636533730.0,2916.0,-5918.0,-30144.0,1636533730.0,2018.0,523.0,-2008.0
mpu,,,,,,,,,1636633731.0,16384.0,28536.0,-26358.0,1636633731.0,2593.0,-229.0,-1129.0
mpu,,,,,,,,,1636733729.0,-194.0,32422.0,-32768.0,1636733729.0,1545.0,-23.0,-447.0
mpu,,,,,,,,,1636833733.0,-5186.0,32767.0,-32768.0,1636833733.0,-1339.0,8.0,837.0
mpu,,,,,,,,,1636933728.0,3606.0,22822.0,-28292.0,1636933728.0,-3282.0,375.0,2066.0
mpu,,,,,,,,,1637033729.0,-2528.0,11598.0,-28210.0,1637033729.0,-2036.0,263.0,1321.0
mpu,,,,,,,,,1637133731.0,-1088.0,-4720.0,-32768.0,1637133731.0,-64.0,-292.0,103.0
mpu,,,,,,,,,1637233729.0,-5442.0,-13528.0,-32768.0,1637233729.0,1711.0,90.0,-1682.0
mpu,,,,,,,,,1637333730.0,9242.0,15210.0,-14746.0,1637333730.0,2365.0,363.0,-1791.0
mpu,,,,,,,,,1637433727.0,7826.0,32767.0,-28680.0,1637433727.0,2227.0,-527.0,-614.0
mpu,,,,,,,,,1637533733.0,1692.0,32767.0,-32768.0,1637533733.0,-204.0,131.0,257.0
mpu,,,,,,,,,1637633730.0,126.0,23660.0,-30794.0,1637633730.0,-3285.0,349.0,2051.0
mpu,,,,,,,,,1637733726.0,3190.0,11474.0,-29532.0,1637733726.0,-2410.0,134.0,1600.0
mpu,,,,,,,,,1637833729.0,-5186.0,-2868.0,-32768.0,1637833729.0,-296.0,115.0,207.0
mpu,,,,,,,,,1637933729.0,574.0,-15512.0,-32768.0,1637933729.0,1606.0,-172.0,-1629.0
mpu,,,,,,,,,1638033724.0,3948.0,12924.0,-13798.0,1638033724.0,2326.0,487.0,-1786.0
mpu,,,,,,,,,1638133735.0,4260.0,32767.0,-26056.0,1638133735.0,2019.0,-672.0,-602.0
mpu,,,,,,,,,1638233731.0,-1474.0,32767.0,-32768.0,1638233731.0,-591.0,296.0,659.0
mpu,,,,,,,,,1638333730.0,498.0,27130.0,-31758.0,1638333730.0,-3334.0,163.0,1978.0
mpu,,,,,,,,,1638433726.0,2324.0,10740.0,-29230.0,1638433726.0,-2269.0,77.0,1482.0
mpu,,,,,,,,,1638533736.0,-6274.0,-10062.0,-32768.0,1638533736.0,203.0,37.0,-263.0
mpu,,,,,,,,,1638633731.0,2186.0,-13980.0,-32768.0,1638633731.0,2120.0,78.0,-1829.0
mpu,,,,,,,,,1638733731.0,12600.0,24942.0,-11148.0,1638733731.0,2442.0,373.0,-1472.0
mpu,,,,,,,,,1638833729.0,-110.0,32767.0,-30766.0,1638833729.0,1535.0,-449.0,-370.0
mpu,,,,,,,,,1638933729.0,-2742.0,32767.0,-32768.0,1638933729.0,-1527.0,209.0,1114.0
mpu,,,,,,,,,1639033729.0,3406.0,26934.0,-31840.0,1639033729.0,-3376.0,39.0,1988.0
mpu,,,,,,,,,1639133728.0,-980.0,624.0,-30726.0,1639133728.0,-1630.0,96.0,1146.0
mpu,,,,,,,,,1639233734.0,-5416.0,-16102.0,-32768.0,1639233734.0,1089.0,-88.0,-781.0
mpu,,,,,,,,,1639333728.0,13628.0,-3488.0,-22498.0,1639333728.0,2210.0,256.0,-1995.0
mpu,,,,,,,,,1639433731.0,18848.0,32767.0,-23966.0,1639433731.0,2333.0,-92.0,-1157.0
mpu,,,,,,,,,1639533728.0,1768.0,32767.0,-32768.0,1639533728.0,651.0,-51.0,74.0
mpu,,,,,,,,,1639633727.0,-6096.0,32767.0,-32768.0,1639633727.0,-2647.0,242.0,1681.0
mpu,,,,,,,,,1639733727.0,1440.0,18566.0,-32768.0,1639733727.0,-2877.0,93.0,1898.0
mpu,,,,,,,,,1639833730.0,-1646.0,-7124.0,-32768.0,1639833730.0,-500.0,-117.0,330.0
mpu,,,,,,,,,1639933723.0,-2568.0,-18712.0,-31940.0,1639933723.0,1872.0,146.0,-1682.0
mpu,,,,,,,,,1640033731.0,5312.0,9210.0,-8028.0,1640033731.0,2359.0,440.0,-1726.0
mpu,,,,,,,,,1640133726.0,3670.0,32767.0,-31846.0,1640133726.0,1842.0,-698.0,-724.0
mpu,,,,,,,,,1640233734.0,54.0,32767.0,-32768.0,1640233734.0,-944.0,234.0,958.0
mpu,,,,,,,,,1640333730.0,2392.0,26810.0,-32768.0,1640333730.0,-3395.0,352.0,2084.0
mpu,,,,,,,,,1640433726.0,2948.0,3216.0,-32520.0,1640433726.0,-1924.0,-74.0,1258.0
mpu,,,,,,,,,1640533735.0,-7266.0,-15212.0,-32768.0,1640533735.0,863.0,29.0,-868.0
mpu,,,,,,,,,1640633724.0,9626.0,-5886.0,-22180.0,1640633724.0,2323.0,213.0,-1962.0
mpu,,,,,,,,,1640733735.0,16410.0,32767.0,-22452.0,1640733735.0,2370.0,-26.0,-1176.0
mpu,,,,,,,,,1640833729.0,3020.0,32767.0,-32768.0,1640833729.0,576.0,-93.0,135.0
mpu,,,,,,,,,1640933729.0,-4856.0,32767.0,-32768.0,1640933729.0,-2700.0,393.0,1761.0
mpu,,,,,,,,,1641033730.0,454.0,16058.0,-32768.0,1641033730.0,-2854.0,37.0,1856.0
mpu,,,,,,,,,1641133731.0,-4080.0,-6952.0,-32768.0,1641133731.0,-425.0,-80.0,149.0
mpu,,,,,,,,,1641233730.0,1808.0,-19432.0,-31068.0,1641233730.0,1965.0,95.0,-1820.0
mpu,,,,,,,,,1641333732.0,5154.0,19532.0,-9464.0,1641333732.0,2357.0,481.0,-1571.0
mpu,,,,,,,,,1641433727.0,512.0,32767.0,-30184.0,1641433727.0,1569.0,-634.0,-469.0
mpu,,,,,,,,,1641533730.0,-1780.0,32767.0,-32768.0,1641533730.0,-1262.0,208.0,1122.0
mpu,,,,,,,,,1641633731.0,1724.0,26860.0,-32768.0,1641633731.0,-3205.0,293.0,2090.0
mpu,,,,,,,,,1641733731.0,2154.0,-1620.0,-32274.0,1641733731.0,-1533.0,71.0,1001.0
mpu,,,,,,,,,1641833731.0,-4206.0,-15016.0,-32768.0,1641833731.0,1117.0,-174.0,-1102.0
mpu,,,,,,,,,1641933737.0,14536.0,-3488.0,-20748.0,1641933737.0,2346.0,262.0,-1978.0
mpu,,,,,,,,,1642033736.0,15612.0,32767.0,-26150.0,1642033736.0,2145.0,-111.0,-1016.0
mpu,,,,,,,,,1642133730.0,3774.0,32767.0,-32768.0,1642133730.0,136.0,-42.0,334.0
mpu,,,,,,,,,1642233735.0,-4384.0,32767.0,-32768.0,1642233735.0,-2729.0,365.0,1863.0
mpu,,,,,,,,,1642333730.0,1126.0,14448.0,-32768.0,1642333730.0,-2624.0,-5.0,1709.0
mpu,,,,,,,,,1642433736.0,-3174.0,-12066.0,-32768.0,1642433736.0,-119.0,-26.0,-141.0
mpu,,,,,,,,,1642533731.0,838.0,-13698.0,-32768.0,1642533731.0,2165.0,23.0,-1946.0
mpu,,,,,,,,,1642633728.0,7868.0,28094.0,-7762.0,1642633728.0,2466.0,501.0,-1621.0
mpu,,,,,,,,,1642733728.0,362.0,32767.0,-27234.0,1642733728.0,1331.0,-633.0,-329.0
mpu,,,,,,,,,1642833730.0,-1086.0,32767.0,-32768.0,1642833730.0,-1656.0,414.0,1339.0
mpu,,,,,,,,,1642933735.0,2612.0,24846.0,-32768.0,1642933735.0,-3254.0,163.0,2124.0
mpu,,,,,,,,,1643033728.0,-794.0,-5728.0,-32506.0,1643033728.0,-1272.0,88.0,792.0
mpu,,,,,,,,,1643133733.0,-11034.0,-15506.0,-32768.0,1643133733.0,1472.0,-79.0,-1277.0
mpu,,,,,,,,,1643233730.0,8998.0,160.0,-11858.0,1643233730.0,2344.0,285.0,-1927.0
mpu,,,,,,,,,1643333730.0,4726.0,32767.0,-27638.0,1643333730.0,1965.0,-466.0,-985.0
mpu,,,,,,,,,1643433729.0,4312.0,32767.0,-32768.0,1643433729.0,-404.0,157.0,671.0
mpu,,,,,,,,,1643533732.0,2160.0,30940.0,-32768.0,1643533732.0,-3048.0,367.0,2040.0
mpu,,,,,,,,,1643633727.0,1748.0,8466.0,-30310.0,1643633727.0,-2187.0,116.0,1509.0
mpu,,,,,,,,,1643733725.0,-5468.0,-14650.0,-32768.0,1643733725.0,474.0,-130.0,-535.0
mpu,,,,,,,,,1643833732.0,12358.0,-13208.0,-32768.0,1643833732.0,2243.0,27.0,-2065.0
mpu,,,,,,,,,1643933724.0,10442.0,32767.0,-11306.0,1643933724.0,2390.0,390.0,-1316.0
mpu,,,,,,,,,1644033731.0,470.0,32767.0,-31874.0,1644033731.0,851.0,-349.0,-40.0
mpu,,,,,,,,,1644133730.0,-7422.0,32767.0,-32768.0,1644133730.0,-2267.0,369.0,1670.0
mpu,,,,,,,,,1644233725.0,818.0,19208.0,-32710.0,1644233725.0,-2978.0,89.0,1967.0
mpu,,,,,,,,,1644333731.0,-3126.0,-7904.0,-32768.0,1644333731.0,-693.0,-92.0,283.0
mpu,,,,,,,,,1644433728.0,-3136.0,-20302.0,-26460.0,1644433728.0,1922.0,68.0,-1713.0
mpu,,,,,,,,,1644533727.0,7822.0,14378.0,-8250.0,1644533727.0,2383.0,403.0,-1646.0
mpu,,,,,,,,,1644633727.0,7980.0,32767.0,-30684.0,1644633727.0,1526.0,-674.0,-663.0
mpu,,,,,,,,,1644733742.0,-922.0,32767.0,-32768.0,1644733742.0,-1184.0,260.0,1035.0
mpu,,,,,,,,,1644833733.0,1238.0,28634.0,-32768.0,1644833733.0,-3165.0,273.0,2147.0
mpu,,,,,,,,,1644933723.0,3960.0,-1834.0,-30440.0,1644933723.0,-1601.0,48.0,1001.0
mpu,,,,,,,,,1645033729.0,-7660.0,-12614.0,-32768.0,1645033729.0,1124.0,-73.0,-1096.0
mpu,,,,,,,,,1645133727.0,12520.0,-5622.0,-18352.0,1645133727.0,2324.0,94.0,-2039.0
mpu,,,,,,,,,1645233732.0,17298.0,32767.0,-26092.0,1645233732.0,2129.0,-145.0,-1129.0
mpu,,,,,,,,,1645333730.0,216.0,32767.0,-32768.0,1645333730.0,110.0,48.0,418.0
mpu,,,,,,,,,1645433732.0,-4820.0,32767.0,-32016.0,1645433732.0,-2927.0,383.0,1934.0
mpu,,,,,,,,,1645533730.0,618.0,9682.0,-29794.0,1645533730.0,-2518.0,189.0,1668.0
mpu,,,,,,,,,1645633729.0,-5750.0,-14182.0,-32768.0,1645633729.0,182.0,-317.0,-319.0
mpu,,,,,,,,,1645733728.0,11878.0,-14802.0,-29390.0,1645733728.0,2259.0,76.0,-2007.0
mpu,,,,,,,,,1645833724.0,11660.0,32767.0,-12656.0,1645833724.0,2471.0,320.0,-1472.0
mpu,,,,,,,,,1645933731.0,-1760.0,32767.0,-28148.0,1645933731.0,1087.0,-457.0,-297.0
mpu,,,,,,,,,1646033731.0,-12126.0,32767.0,-32768.0,1646033731.0,-2276.0,418.0,1717.0
mpu,,,,,,,,,1646133724.0,114.0,16372.0,-29822.0,1646133724.0,-3187.0,242.0,2060.0
mpu,,,,,,,,,1646233733.0,-5004.0,-8164.0,-32768.0,1646233733.0,-631.0,-50.0,365.0
mpu,,,,,,,,,1646333727.0,2176.0,-25048.0,-32768.0,1646333727.0,2000.0,-185.0,-1928.0
mpu,,,,,,,,,1646433729.0,6464.0,30300.0,-8240.0,1646433729.0,2592.0,672.0,-1705.0
mpu,,,,,,,,,1646533730.0,-4888.0,32767.0,-27218.0,1646533730.0,1450.0,-854.0,-482.0
mpu,,,,,,,,,1646633729.0,-3534.0,32767.0,-32768.0,1646633729.0,-1721.0,377.0,1442.0
mpu,,,,,,,,,1646733726.0,-848.0,21062.0,-32768.0,1646733726.0,-3323.0,302.0,2200.0
mpu,,,,,,,,,1646833730.0,-5616.0,-10306.0,-32768.0,1646833730.0,-923.0,23.0,474.0
mpu,,,,,,,,,1646933728.0,-4828.0,-20814.0,-32768.0,1646933728.0,1885.0,116.0,-1728.0
mpu,,,,,,,,,1647033724.0,7168.0,15820.0,-2544.0,1647033724.0,2717.0,412.0,-1757.0
mpu,,,,,,,,,1647133731.0,2130.0,32767.0,-29462.0,1647133731.0,1526.0,-876.0,-592.0
mpu,,,,,,,,,1647233727.0,-11366.0,32767.0,-32768.0,1647233727.0,-1700.0,483.0,1394.0
mpu,,,,,,,,,1647333730.0,488.0,24130.0,-32768.0,1647333730.0,-3425.0,133.0,2216.0
mpu,,,,,,,,,1647433734.0,-4830.0,-12618.0,-32768.0,1647433734.0,-1103.0,69.0,546.0
mpu,,,,,,,,,1647533733.0,-6622.0,-21134.0,-32684.0,1647533733.0,1902.0,152.0,-1761.0
mpu,,,,,,,,,1647633733.0,7442.0,13168.0,-4544.0,1647633733.0,2676.0,409.0,-1721.0
mpu,,,,,,,,,1647733730.0,2368.0,32767.0,-27774.0,1647733730.0,1470.0,-782.0,-513.0
mpu,,,,,,,,,1647833729.0,692.0,32767.0,-32768.0,1647833729.0,-1654.0,467.0,1431.0
mpu,,,,,,,,,1647933732.0,-2520.0,24900.0,-30600.0,1647933732.0,-3317.0,130.0,2217.0
mpu,,,,,,,,,1648033729.0,-3496.0,-13078.0,-32768.0,1648033729.0,-978.0,1.0,423.0
mpu,,,,,,,,,1648133729.0,-9730.0,-21324.0,-26686.0,1648133729.0,2011.0,429.0,-1757.0
mpu,,,,,,,,,1648233732.0,11054.0,15144.0,-4394.0,1648233732.0,2537.0,198.0,-1690.0
mpu,,,,,,,,,1648333730.0,3306.0,32767.0,-28368.0,1648333730.0,1365.0,-705.0,-448.0
mpu,,,,,,,,,1648433731.0,-3358.0,32767.0,-32768.0,1648433731.0,-1686.0,388.0,1417.0
mpu,,,,,,,,,1648533727.0,-490.0,23250.0,-32768.0,1648533727.0,-3208.0,212.0,2179.0
mpu,,,,,,,,,1648633735.0,-4040.0,-10176.0,-32768.0,1648633735.0,-888.0,48.0,551.0
mpu,,,,,,,,,1648733730.0,-4860.0,-21236.0,-26488.0,1648733730.0,2051.0,60.0,-1780.0
mpu,,,,,,,,,1648833727.0,1974.0,12684.0,-7602.0,1648833727.0,2517.0,346.0,-1769.0
mpu,,,,,,,,,1648933732.0,2654.0,32767.0,-25848.0,1648933732.0,1410.0,-778.0,-549.0
mpu,,,,,,,,,1649033733.0,-332.0,32767.0,-32768.0,1649033733.0,-1769.0,490.0,1473.0
mpu,,,,,,,,,1649133734.0,-3828.0,24396.0,-32256.0,1649133734.0,-3303.0,181.0,2139.0
mpu,,,,,,,,,1649233730.0,-5000.0,-10350.0,-32768.0,1649233730.0,-964.0,-53.0,488.0
mpu,,,,,,,,,1649333728.0,1780.0,-24378.0,-32768.0,1649333728.0,2051.0,33.0,-1912.0
mpu,,,,,,,,,1649433729.0,8298.0,16576.0,-2746.0,1649433729.0,2569.0,468.0,-1797.0
mpu,,,,,,,,,1649533726.0,1582.0,32767.0,-27430.0,1649533726.0,1406.0,-775.0,-459.0
mpu,,,,,,,,,1649633732.0,-5160.0,32767.0,-32768.0,1649633732.0,-1803.0,522.0,1599.0
mpu,,,,,,,,,1649733735.0,446.0,21694.0,-32768.0,1649733735.0,-3217.0,177.0,2200.0
mpu,,,,,,,,,1649833723.0,-5342.0,-12238.0,-32768.0,1649833723.0,-875.0,3.0,338.0
mpu,,,,,,,,,1649933725.0,3454.0,-24624.0,-32768.0,1649933725.0,1985.0,35.0,-1987.0
mpu,,,,,,,,,1650033724.0,6768.0,24524.0,-3940.0,1650033724.0,2655.0,518.0,-1657.0
mpu,,,,,,,,,1650133727.0,-938.0,32767.0,-29756.0,1650133727.0,1255.0,-805.0,-375.0
mpu,,,,,,,,,1650233729.0,-5654.0,32767.0,-32768.0,1650233729.0,-2001.0,466.0,1621.0
mpu,,,,,,,,,1650333732.0,470.0,22016.0,-32768.0,1650333732.0,-3242.0,130.0,2198.0
mpu,,,,,,,,,1650433728.0,-7326.0,-13520.0,-32768.0,1650433728.0,-580.0,7.0,142.0
mpu,,,,,,,,,1650533732.0,-7934.0,-22422.0,-19730.0,1650533732.0,2253.0,185.0,-2016.0
mpu,,,,,,,,,1650633732.0,10232.0,27326.0,-1722.0,1650633732.0,2288.0,124.0,-1535.0
mpu,,,,,,,,,1650733736.0,-2604.0,32767.0,-32768.0,1650733736.0,1013.0,-712.0,-250.0
mpu,,,,,,,,,1650833725.0,-6932.0,32767.0,-28300.0,1650833725.0,-2270.0,408.0,1840.0
mpu,,,,,,,,,1650933728.0,-2000.0,15912.0,-31268.0,1650933728.0,-2853.0,407.0,2035.0
mpu,,,,,,,,,1651033730.0,-8230.0,-14476.0,-32768.0,1651033730.0,-181.0,-184.0,-39.0
mpu,,,,,,,,,1651133722.0,11834.0,-17232.0,-25186.0,1651133722.0,2389.0,135.0,-2131.0
mpu,,,,,,,,,1651233722.0,13454.0,32767.0,-8698.0,1651233722.0,2375.0,331.0,-1457.0
mpu,,,,,,,,,1651333727.0,-4016.0,32767.0,-30860.0,1651333727.0,669.0,-517.0,-71.0
mpu,,,,,,,,,1651433724.0,-5730.0,32767.0,-32768.0,1651433724.0,-2430.0,298.0,1898.0
mpu,,,,,,,,,1651533737.0,1500.0,10412.0,-32768.0,1651533737.0,-2827.0,249.0,1950.0
mpu,,,,,,,,,1651633738.0,-10096.0,-15716.0,-32768.0,1651633738.0,8.0,-94.0,-231.0
mpu,,,,,,,,,1651733725.0,13994.0,-19910.0,-31408.0,1651733725.0,2362.0,-76.0,-2308.0
mpu,,,,,,,,,1651833727.0,18812.0,32767.0,-16686.0,1651833727.0,2485.0,209.0,-1382.0
mpu,,,,,,,,,1651933732.0,-3958.0,32767.0,-32768.0,1651933732.0,441.0,-265.0,102.0
mpu,,,,,,,,,1652033723.0,-11044.0,32767.0,-28956.0,1652033723.0,-2769.0,256.0,2048.0
mpu,,,,,,,,,1652133732.0,208.0,9824.0,-31332.0,1652133732.0,-2741.0,138.0,1851.0
mpu,,,,,,,,,1652233728.0,-9066.0,-17276.0,-32768.0,1652233728.0,346.0,-24.0,-357.0
mpu,,,,,,,,,1652333732.0,23910.0,-19306.0,-30686.0,1652333732.0,2491.0,44.0,-2236.0
mpu,,,,,,,,,1652433728.0,17716.0,32767.0,-19498.0,1652433728.0,2350.0,133.0,-1318.0
mpu,,,,,,,,,1652533735.0,1540.0,32767.0,-32768.0,1652533735.0,236.0,-260.0,193.0
mpu,,,,,,,,,1652633732.0,-2944.0,32767.0,-32768.0,1652633732.0,-2876.0,363.0,2217.0
mpu,,,,,,,,,1652733724.0,-1032.0,6108.0,-32768.0,1652733724.0,-2448.0,231.0,1769.0
mpu,,,,,,,,,1652833730.0,-8194.0,-17800.0,-32768.0,1652833730.0,562.0,-79.0,-702.0
mpu,,,,,,,,,1652933732.0,22466.0,-18838.0,-32768.0,1652933732.0,2411.0,-114.0,-2308.0
mpu,,,,,,,,,1653033731.0,15476.0,32767.0,-23960.0,1653033731.0,2239.0,30.0,-1159.0
mpu,,,,,,,,,1653133731.0,-1182.0,32767.0,-32768.0,1653133731.0,114.0,-78.0,307.0
mpu,,,,,,,,,1653233733.0,-1798.0,32218.0,-32768.0,1653233733.0,-3040.0,334.0,2262.0
mpu,,,,,,,,,1653333729.0,3578.0,4768.0,-31910.0,1653333729.0,-2283.0,119.0,1632.0
mpu,,,,,,,,,1653433729.0,-10008.0,-17000.0,-32768.0,1653433729.0,847.0,-149.0,-870.0
mpu,,,,,,,,,1653533737.0,17988.0,-12226.0,-25668.0,1653533737.0,2466.0,78.0,-2258.0
mpu,,,,,,,,,1653633731.0,16420.0,32767.0,-26160.0,1653633731.0,2135.0,-105.0,-1096.0
mpu,,,,,,,,,1653733731.0,2064.0,32767.0,-32768.0,1653733731.0,-292.0,51.0,617.0
mpu,,,,,,,,,1653833730.0,-1942.0,30802.0,-32768.0,1653833730.0,-3226.0,388.0,2292.0
mpu,,,,,,,,,1653933733.0,4892.0,-1610.0,-32768.0,1653933733.0,-2071.0,72.0,1301.0
mpu,,,,,,,,,1654033721.0,-8852.0,-15128.0,-32768.0,1654033721.0,1112.0,-39.0,-1066.0
mpu,,,,,,,,,1654133730.0,18000.0,-8280.0,-9292.0,1654133730.0,2603.0,148.0,-2162.0
mpu,,,,,,,,,1654233732.0,15270.0,32767.0,-28668.0,1654233732.0,2078.0,-445.0,-999.0
mpu,,,,,,,,,1654333731.0,6686.0,32767.0,-32768.0,1654333731.0,-623.0,219.0,845.0
mpu,,,,,,,,,1654433732.0,-1980.0,31052.0,-32768.0,1654433732.0,-3290.0,371.0,2331.0
mpu,,,,,,,,,1654533728.0,2756.0,-5536.0,-32768.0,1654533728.0,-1770.0,22.0,1200.0
mpu,,,,,,,,,1654633741.0,-15460.0,-22898.0,-32768.0,1654633741.0,1458.0,-12.0,-1413.0
mpu,,,,,,,,,1654733730.0,9050.0,2270.0,-5412.0,1654733730.0,2693.0,425.0,-2174.0
mpu,,,,,,,,,1654833731.0,5404.0,32767.0,-28984.0,1654833731.0,1858.0,-928.0,-830.0
mpu,,,,,,,,,1654933734.0,502.0,32767.0,-32768.0,1654933734.0,-1195.0,532.0,1213.0
mpu,,,,,,,,,1655033724.0,250.0,27386.0,-32768.0,1655033724.0,-3531.0,353.0,2376.0
mpu,,,,,,,,,1655133725.0,-3166.0,-10910.0,-32768.0,1655133725.0,-1278.0,-56.0,734.0
mpu,,,,,,,,,1655233729.0,-9388.0,-24532.0,-23978.0,1655233729.0,1993.0,125.0,-1835.0
mpu,,,,,,,,,1655333732.0,6318.0,18422.0,-2998.0,1655333732.0,2671.0,373.0,-1815.0
mpu,,,,,,,,,1655433729.0,2760.0,32767.0,-28366.0,1655433729.0,1299.0,-778.0,-461.0
mpu,,,,,,,,,1655533733.0,-5772.0,32767.0,-32768.0,1655533733.0,-1911.0,452.0,1604.0
mpu,,,,,,,,,1655633724.0,-2150.0,21276.0,-32768.0,1655633724.0,-3205.0,207.0,2152.0
mpu,,,,,,,,,1655733730.0,-5406.0,-23270.0,-32768.0,1655733730.0,-571.0,-103.0,114.0
mpu,,,,,,,,,1655833729.0,11112.0,-18604.0,-32696.0,1655833729.0,2320.0,160.0,-2220.0
mpu,,,,,,,,,1655933734.0,17448.0,32767.0,-7700.0,1655933734.0,2717.0,330.0,-1552.0
mpu,,,,,,,,,1656033726.0,-6986.0,32767.0,-32768.0,1656033726.0,855.0,-446.0,-45.0
mpu,,,,,,,,,1656133732.0,-4882.0,32767.0,-32768.0,1656133732.0,-2771.0,484.0,2129.0
mpu,,,,,,,,,1656233728.0,-646.0,13290.0,-32768.0,1656233728.0,-2970.0,179.0,1934.0
mpu,,,,,,,,,1656333732.0,-12132.0,-19958.0,-32768.0,1656333732.0,263.0,-189.0,-574.0
mpu,,,,,,,,,1656433731.0,24404.0,-13932.0,-22610.0,1656433731.0,2572.0,63.0,-2247.0
mpu,,,,,,,,,1656533732.0,22110.0,32767.0,-26916.0,1656533732.0,2449.0,11.0,-1086.0
mpu,,,,,,,,,1656633731.0,1100.0,32767.0,-32768.0,1656633731.0,-238.0,24.0,478.0
mpu,,,,,,,,,1656733726.0,5058.0,31386.0,-32768.0,1656733726.0,-3279.0,403.0,2295.0
mpu,,,,,,,,,1656833734.0,3234.0,-3272.0,-32768.0,1656833734.0,-2199.0,93.0,1254.0
mpu,,,,,,,,,1656933731.0,-12656.0,-18632.0,-32768.0,1656933731.0,1252.0,-167.0,-1236.0
mpu,,,,,,,,,1657033731.0,14176.0,-5290.0,-17232.0,1657033731.0,2746.0,196.0,-2191.0
mpu,,,,,,,,,1657133729.0,10618.0,32767.0,-27772.0,1657133729.0,1975.0,-263.0,-676.0
mpu,,,,,,,,,1657233737.0,1380.0,32767.0,-32768.0,1657233737.0,-1134.0,259.0,1033.0
mpu,,,,,,,,,1657333730.0,-3850.0,27452.0,-32768.0,1657333730.0,-3395.0,290.0,2344.0
mpu,,,,,,,,,1657433734.0,-3946.0,-11220.0,-32768.0,1657433734.0,-1325.0,-20.0,754.0
mpu,,,,,,,,,1657533728.0,-16790.0,-25818.0,-29572.0,1657533728.0,2088.0,3.0,-1763.0
mpu,,,,,,,,,1657633729.0,3812.0,14474.0,-2582.0,1657633729.0,2588.0,426.0,-1995.0
mpu,,,,,,,,,1657733728.0,3322.0,32767.0,-30678.0,1657733728.0,1332.0,-611.0,-404.0
mpu,,,,,,,,,1657833730.0,-4978.0,32767.0,-32768.0,1657833730.0,-2142.0,458.0,1577.0
mpu,,,,,,,,,1657933728.0,-6038.0,19282.0,-28948.0,1657933728.0,-3243.0,154.0,2159.0
mpu,,,,,,,,,1658033726.0,-7910.0,-25370.0,-32768.0,1658033726.0,-303.0,-169.0,27.0
mpu,,,,,,,,,1658133729.0,16108.0,-15776.0,-23360.0,1658133729.0,2473.0,43.0,-2199.0
mpu,,,,,,,,,1658233725.0,17772.0,32767.0,-12760.0,1658233725.0,2454.0,127.0,-1537.0
mpu,,,,,,,,,1658333733.0,-5550.0,32767.0,-32768.0,1658333733.0,312.0,-323.0,194.0
mpu,,,,,,,,,1658433734.0,-5008.0,32767.0,-32768.0,1658433734.0,-2864.0,300.0,2147.0
mpu,,,,,,,,,1658533730.0,-1232.0,9706.0,-31942.0,1658533730.0,-2529.0,246.0,1742.0
mpu,,,,,,,,,1658633732.0,-9262.0,-21884.0,-32768.0,1658633732.0,740.0,-188.0,-705.0
mpu,,,,,,,,,1658733732.0,27594.0,-12016.0,-21946.0,1658733732.0,2612.0,64.0,-2378.0
mpu,,,,,,,,,1658833727.0,16286.0,32767.0,-27656.0,1658833727.0,2397.0,-25.0,-1044.0
mpu,,,,,,,,,1658933731.0,1842.0,32767.0,-32768.0,1658933731.0,-453.0,-29.0,582.0
mpu,,,,,,,,,1659033731.0,106.0,29944.0,-32768.0,1659033731.0,-3416.0,420.0,2455.0
mpu,,,,,,,,,1659133728.0,3742.0,-6686.0,-32768.0,1659133728.0,-1893.0,17.0,1219.0
mpu,,,,,,,,,1659233725.0,-11866.0,-19556.0,-32768.0,1659233725.0,1400.0,0.0,-1447.0
mpu,,,,,,,,,1659333731.0,10922.0,-2838.0,-4638.0,1659333731.0,2723.0,281.0,-2076.0
mpu,,,,,,,,,1659433726.0,1774.0,32767.0,-23178.0,1659433726.0,1628.0,-588.0,-688.0
mpu,,,,,,,,,1659533735.0,3438.0,32767.0,-32768.0,1659533735.0,-1498.0,406.0,1339.0
mpu,,,,,,,,,1659633732.0,-964.0,26874.0,-32768.0,1659633732.0,-3268.0,347.0,2353.0
mpu,,,,,,,,,1659733731.0,-6712.0,-17450.0,-32768.0,1659733731.0,-818.0,-34.0,505.0
mpu,,,,,,,,,1659833728.0,1668.0,-21550.0,-32768.0,1659833728.0,2073.0,-13.0,-2073.0
mpu,,,,,,,,,1659933733.0,11778.0,24890.0,-1726.0,1659933733.0,2671.0,394.0,-1751.0
mpu,,,,,,,,,1660033730.0,-2378.0,32767.0,-32768.0,1660033730.0,991.0,-798.0,-331.0
mpu,,,,,,,,,1660133734.0,-4918.0,32767.0,-32768.0,1660133734.0,-2481.0,663.0,1941.0
mpu,,,,,,,,,1660233729.0,-3076.0,16558.0,-32768.0,1660233729.0,-3027.0,172.0,2100.0
mpu,,,,,,,,,1660333734.0,-10808.0,-24762.0,-32768.0,1660333734.0,161.0,-271.0,-299.0
mpu,,,,,,,,,1660433737.0,20096.0,-17430.0,-19264.0,1660433737.0,2525.0,105.0,-2302.0
mpu,,,,,,,,,1660533729.0,17464.0,32767.0,-22556.0,1660533729.0,2416.0,66.0,-1284.0
mpu,,,,,,,,,1660633729.0,-1126.0,32767.0,-32768.0,1660633729.0,-96.0,-110.0,363.0
mpu,,,,,,,,,1660733729.0,-5028.0,32767.0,-32768.0,1660733729.0,-3237.0,310.0,2302.0
mpu,,,,,,,,,1660833729.0,664.0,-1822.0,-32768.0,1660833729.0,-2190.0,106.0,1472.0
mpu,,,,,,,,,1660933735.0,-11804.0,-20486.0,-32768.0,1660933735.0,1379.0,-141.0,-1180.0
mpu,,,,,,,,,1661033731.0,15050.0,-2866.0,-14764.0,1661033731.0,2721.0,219.0,-2203.0
mpu,,,,,,,,,1661133727.0,5722.0,32767.0,-29138.0,1661133727.0,1863.0,-582.0,-867.0
mpu,,,,,,,,,1661233732.0,-4066.0,32767.0,-32768.0,1661233732.0,-1200.0,309.0,1081.0
mpu,,,,,,,,,1661333729.0,-2410.0,26944.0,-32768.0,1661333729.0,-3373.0,474.0,2441.0
mpu,,,,,,,,,1661433729.0,-3786.0,-13950.0,-32768.0,1661433729.0,-1054.0,-8.0,788.0
mpu,,,,,,,,,1661533729.0,-12430.0,-23936.0,-25354.0,1661533729.0,2018.0,-32.0,-1949.0
mpu,,,,,,,,,1661633734.0,2302.0,26020.0,-3136.0,1661633734.0,2612.0,412.0,-1887.0
mpu,,,,,,,,,1661733725.0,-658.0,32767.0,-30520.0,1661733725.0,1049.0,-785.0,-242.0
mpu,,,,,,,,,1661833734.0,-4680.0,32767.0,-32768.0,1661833734.0,-2392.0,445.0,1835.0
mpu,,,,,,,,,1661933727.0,-930.0,14854.0,-32768.0,1661933727.0,-3048.0,333.0,2024.0
mpu,,,,,,,,,1662033728.0,-9070.0,-22408.0,-32768.0,1662033728.0,122.0,-202.0,-234.0
mpu,,,,,,,,,1662133726.0,15568.0,-19958.0,-25220.0,1662133726.0,2587.0,23.0,-2367.0
mpu,,,,,,,,,1662233726.0,18778.0,32767.0,-21794.0,1662233726.0,2363.0,-73.0,-1227.0
mpu,,,,,,,,,1662333734.0,-1758.0,32767.0,-32768.0,1662333734.0,-110.0,260.0,475.0
mpu,,,,,,,,,1662433732.0,-1340.0,32767.0,-32768.0,1662433732.0,-3277.0,158.0,2221.0
mpu,,,,,,,,,1662533727.0,2106.0,-870.0,-32768.0,1662533727.0,-2305.0,10.0,1301.0
mpu,,,,,,,,,1662633731.0,-9586.0,-20868.0,-32768.0,1662633731.0,1334.0,45.0,-1095.0
mpu,,,,,,,,,1662733729.0,15400.0,-4132.0,-18176.0,1662733729.0,2762.0,106.0,-2263.0
mpu,,,,,,,,,1662833727.0,13992.0,32767.0,-32316.0,1662833727.0,1931.0,-348.0,-746.0
mpu,,,,,,,,,1662933732.0,3340.0,32767.0,-32768.0,1662933732.0,-1169.0,299.0,1025.0
mpu,,,,,,,,,1663033729.0,-1926.0,28742.0,-32768.0,1663033729.0,-3385.0,309.0,2407.0
mpu,,,,,,,,,1663133728.0,-834.0,-15620.0,-32768.0,1663133728.0,-1198.0,-9.0,851.0
mpu,,,,,,,,,1663233733.0,-7456.0,-23768.0,-27012.0,1663233733.0,2119.0,177.0,-1818.0
mpu,,,,,,,,,1663333735.0,10384.0,13898.0,-4670.0,1663333735.0,2606.0,280.0,-1798.0
mpu,,,,,,,,,1663433729.0,5002.0,32767.0,-30170.0,1663433729.0,981.0,-861.0,-432.0
mpu,,,,,,,,,1663533730.0,-5576.0,32767.0,-32768.0,1663533730.0,-2117.0,473.0,1742.0
mpu,,,,,,,,,1663633734.0,-3760.0,18256.0,-32768.0,1663633734.0,-3067.0,391.0,2113.0
mpu,,,,,,,,,1663733728.0,-9454.0,-24012.0,-32768.0,1663733728.0,-81.0,-188.0,-124.0
mpu,,,,,,,,,1663833729.0,11782.0,-17218.0,-26090.0,1663833729.0,2546.0,112.0,-2297.0
mpu,,,,,,,,,1663933731.0,10596.0,32767.0,-12230.0,1663933731.0,2409.0,-61.0,-1403.0
mpu,,,,,,,,,1664033726.0,-3662.0,32767.0,-32768.0,1664033726.0,158.0,-165.0,226.0
mpu,,,,,,,,,1664133727.0,-980.0,32767.0,-32768.0,1664133727.0,-2984.0,343.0,2218.0
mpu,,,,,,,,,1664233735.0,-1378.0,3698.0,-32164.0,1664233735.0,-2429.0,236.0,1673.0
mpu,,,,,,,,,1664333733.0,-9516.0,-18754.0,-32768.0,1664333733.0,942.0,-152.0,-842.0
mpu,,,,,,,,,1664433732.0,25892.0,-10556.0,-19104.0,1664433732.0,2669.0,30.0,-2279.0
mpu,,,,,,,,,1664533731.0,23136.0,32767.0,-30336.0,1664533731.0,2013.0,-134.0,-874.0
mpu,,,,,,,,,1664633733.0,-4144.0,32767.0,-32768.0,1664633733.0,-629.0,15.0,574.0
mpu,,,,,,,,,1664733731.0,7526.0,32767.0,-24970.0,1664733731.0,-3309.0,335.0,2147.0
mpu,,,,,,,,,1664833728.0,9022.0,-4212.0,-24884.0,1664833728.0,-1869.0,-61.0,1277.0
mpu,,,,,,,,,1664933726.0,-8874.0,-16186.0,-32768.0,1664933726.0,1747.0,9.0,-1166.0
mpu,,,,,,,,,1665033731.0,-8874.0,-16186.0,-32768.0,1665033731.0,1747.0,9.0,-1166.0
mpu,,,,,,,,,1665133728.0,22218.0,480.0,-21872.0,1665133728.0,2321.0,-19.0,-2058.0
mpu,,,,,,,,,1665233730.0,15754.0,32767.0,-25066.0,1665233730.0,1444.0,268.0,-499.0
mpu,,,,,,,,,1665333726.0,3334.0,32767.0,-32768.0,1665333726.0,-831.0,-142.0,476.0
mpu,,,,,,,,,1665433734.0,232.0,18948.0,-29552.0,1665433734.0,-2583.0,223.0,1415.0
mpu,,,,,,,,,1665533728.0,9718.0,15504.0,-32768.0,1665533728.0,-1452.0,-37.0,1341.0
mpu,,,,,,,,,1665633737.0,8362.0,4410.0,-25272.0,1665633737.0,-469.0,-29.0,740.0
mpu,,,,,,,,,1665733735.0,4208.0,7764.0,-32768.0,1665733735.0,150.0,-132.0,190.0
mpu,,,,,,,,,1665833731.0,9218.0,5562.0,-23930.0,1665833731.0,554.0,4.0,-322.0
mpu,,,,,,,,,1665933732.0,5686.0,9706.0,-22390.0,1665933732.0,329.0,69.0,-378.0
mpu,,,,,,,,,1666033734.0,7458.0,7968.0,-24444.0,1666033734.0,-195.0,-18.0,-21.0
mpu,,,,,,,,,1666133729.0,7674.0,10602.0,-23832.0,1666133729.0,-611.0,82.0,286.0
mpu,,,,,,,,,1666233725.0,8676.0,16748.0,-22376.0,1666233725.0,-488.0,-125.0,62.0
mpu,,,,,,,,,1666333727.0,5488.0,14826.0,-21868.0,1666333727.0,-195.0,120.0,-302.0
mpu,,,,,,,,,1666433725.0,5822.0,11018.0,-22384.0,1666433725.0,25.0,-26.0,-118.0
mpu,,,,,,,,,1666533735.0,6880.0,9464.0,-22978.0,1666533735.0,183.0,-8.0,44.0
mpu,,,,,,,,,1666633732.0,7084.0,9264.0,-23280.0,1666633732.0,184.0,2.0,55.0
mpu,,,,,,,,,1666733736.0,7234.0,11212.0,-23260.0,1666733736.0,24.0,-2.0,92.0
mpu,,,,,,,,,1666833730.0,6884.0,11876.0,-23074.0,1666833730.0,-91.0,-2.0,16.0
mpu,,,,,,,,,1666933736.0,7026.0,11130.0,-23218.0,1666933736.0,-95.0,6.0,-141.0
mpu,,,,,,,,,1667033733.0,6206.0,11036.0,-22700.0,1667033733.0,-63.0,55.0,-161.0
mpu,,,,,,,,,1667133729.0,6026.0,11484.0,-22700.0,1667133729.0,-31.0,11.0,-79.0
mpu,,,,,,,,,1667233726.0,6538.0,11114.0,-22594.0,1667233726.0,16.0,9.0,-19.0
mpu,,,,,,,,,1667333727.0,6340.0,11718.0,-22926.0,1667333727.0,50.0,1.0,55.0
mpu,,,,,,,,,1667433732.0,6272.0,14902.0,-24010.0,1667433732.0,146.0,21.0,-7.0
mpu,,,,,,,,,1667533728.0,6214.0,10934.0,-24132.0,1667533728.0,457.0,-7.0,-185.0
mpu,,,,,,,,,1667633728.0,2810.0,9668.0,-28836.0,1667633728.0,784.0,-99.0,-453.0
mpu,,,,,,,,,1667733733.0,278.0,9236.0,-29094.0,1667733733.0,1073.0,2.0,-613.0
mpu,,,,,,,,,1667833736.0,4958.0,7264.0,-27150.0,1667833736.0,1270.0,225.0,-689.0
mpu,,,,,,,,,1667933724.0,5916.0,12964.0,-25586.0,1667933724.0,1008.0,82.0,-650.0
mpu,,,,,,,,,1668033727.0,5392.0,19152.0,-26078.0,1668033727.0,756.0,-133.0,-582.0
mpu,,,,,,,,,1668133730.0,4192.0,27538.0,-31202.0,1668133730.0,421.0,-59.0,-201.0
mpu,,,,,,,,,1668233733.0,1712.0,26910.0,-32758.0,1668233733.0,-496.0,136.0,445.0
mpu,,,,,,,,,1668333731.0,3414.0,22506.0,-32768.0,1668333731.0,-1554.0,-20.0,1068.0
mpu,,,,,,,,,1668433730.0,6468.0,19972.0,-27488.0,1668433730.0,-1818.0,16.0,1160.0
mpu,,,,,,,,,1668533730.0,3004.0,15560.0,-27980.0,1668533730.0,-1520.0,118.0,980.0
mpu,,,,,,,,,1668633732.0,3612.0,7636.0,-27582.0,1668633732.0,-496.0,1.0,332.0
mpu,,,,,,,,,1668733730.0,966.0,-3398.0,-32768.0,1668733730.0,1033.0,-224.0,-755.0
mpu,,,,,,,,,1668833728.0,7788.0,-148.0,-27842.0,1668833728.0,1856.0,-2.0,-1569.0
mpu,,,,,,,,,1668933730.0,7228.0,8374.0,-18668.0,1668933730.0,1549.0,287.0,-1133.0
mpu,,,,,,,,,1669033730.0,3844.0,32767.0,-29546.0,1669033730.0,1148.0,13.0,-598.0
mpu,,,,,,,,,1669133729.0,-800.0,32767.0,-32768.0,1669133729.0,7.0,90.0,161.0
mpu,,,,,,,,,1669233729.0,-246.0,24066.0,-32454.0,1669233729.0,-1606.0,142.0,1146.0
mpu,,,,,,,,,1669333721.0,6482.0,23392.0,-28002.0,1669333721.0,-2180.0,-73.0,1411.0
mpu,,,,,,,,,1669433729.0,-2292.0,10226.0,-32768.0,1669433729.0,-1756.0,-80.0,1071.0
mpu,,,,,,,,,1669533730.0,5514.0,-3272.0,-29306.0,1669533730.0,40.0,14.0,9.0
mpu,,,,,,,,,1669633727.0,1252.0,214.0,-30652.0,1669633727.0,1286.0,-206.0,-944.0
mpu,,,,,,,,,1669733730.0,-462.0,-2512.0,-32768.0,1669733730.0,1633.0,163.0,-1493.0
mpu,,,,,,,,,1669833730.0,8436.0,18464.0,-19574.0,1669833730.0,1493.0,529.0,-987.0
mpu,,,,,,,,,1669933737.0,6068.0,28964.0,-24586.0,1669933737.0,1070.0,-115.0,-486.0
mpu,,,,,,,,,1670033724.0,-2828.0,27352.0,-32246.0,1670033724.0,33.0,-263.0,128.0
mpu,,,,,,,,,1670133726.0,570.0,27956.0,-32768.0,1670133726.0,-1402.0,140.0,960.0
mpu,,,,,,,,,1670233724.0,2260.0,20774.0,-28132.0,1670233724.0,-2163.0,306.0,1303.0
mpu,,,,,,,,,1670333728.0,1972.0,13856.0,-27936.0,1670333728.0,-1680.0,14.0,1078.0
mpu,,,,,,,,,1670433726.0,4104.0,2780.0,-28386.0,1670433726.0,-396.0,-265.0,333.0
mpu,,,,,,,,,1670533734.0,1094.0,-2848.0,-32768.0,1670533734.0,1092.0,-377.0,-876.0
mpu,,,,,,,,,1670633731.0,-3532.0,2228.0,-23698.0,1670633731.0,1885.0,279.0,-1817.0
mpu,,,,,,,,,1670733730.0,4130.0,20714.0,-26948.0,1670733730.0,2284.0,437.0,-1100.0
mpu,,,,,,,,,1670833728.0,5438.0,23444.0,-30442.0,1670833728.0,1646.0,-504.0,-522.0
mpu,,,,,,,,,1670933728.0,3214.0,29986.0,-32768.0,1670933728.0,322.0,-41.0,-118.0
mpu,,,,,,,,,1671033732.0,-864.0,32767.0,-32768.0,1671033732.0,-1535.0,184.0,908.0
mpu,,,,,,,,,1671133730.0,4900.0,22640.0,-25068.0,1671133730.0,-2426.0,731.0,1457.0
mpu,,,,,,,,,1671233726.0,230.0,18120.0,-27764.0,1671233726.0,-1821.0,286.0,1012.0
mpu,,,,,,,,,1671333726.0,1598.0,7562.0,-27948.0,1671333726.0,-722.0,-12.0,626.0
mpu,,,,,,,,,1671433736.0,1946.0,590.0,-32768.0,1671433736.0,631.0,-439.0,-400.0
mpu,,,,,,,,,1671533723.0,6174.0,-602.0,-32768.0,1671533723.0,1560.0,-97.0,-1247.0
mpu,,,,,,,,,1671633730.0,5046.0,7170.0,-24462.0,1671633730.0,1725.0,287.0,-1171.0
mpu,,,,,,,,,1671733730.0,5990.0,24398.0,-24142.0,1671733730.0,1605.0,205.0,-878.0
mpu,,,,,,,,,1671833728.0,-1978.0,31568.0,-32194.0,1671833728.0,1088.0,-245.0,-472.0
mpu,,,,,,,,,1671933728.0,-742.0,32767.0,-32768.0,1671933728.0,-686.0,243.0,491.0
mpu,,,,,,,,,1672033731.0,3322.0,23412.0,-29866.0,1672033731.0,-2500.0,206.0,1273.0
mpu,,,,,,,,,1672133728.0,2654.0,17972.0,-26442.0,1672133728.0,-2401.0,315.0,1132.0
mpu,,,,,,,,,1672233721.0,2358.0,9848.0,-32768.0,1672233721.0,-1615.0,-52.0,906.0
mpu,,,,,,,,,1672333733.0,706.0,1676.0,-29612.0,1672333733.0,384.0,-473.0,102.0
mpu,,,,,,,,,1672433724.0,204.0,-2090.0,-32768.0,1672433724.0,1448.0,-563.0,-953.0
mpu,,,,,,,,,1672533733.0,3092.0,6276.0,-25726.0,1672533733.0,1705.0,453.0,-1309.0
mpu,,,,,,,,,1672633732.0,8440.0,19766.0,-22736.0,1672633732.0,1621.0,166.0,-994.0
mpu,,,,,,,,,1672733733.0,824.0,30334.0,-31896.0,1672733733.0,1299.0,-177.0,-660.0
mpu,,,,,,,,,1672833732.0,804.0,27796.0,-32768.0,1672833732.0,-51.0,295.0,286.0
mpu,,,,,,,,,1672933731.0,-2208.0,27260.0,-32768.0,1672933731.0,-2002.0,178.0,927.0
mpu,,,,,,,,,1673033732.0,-884.0,19600.0,-32182.0,1673033732.0,-2566.0,-117.0,1062.0
mpu,,,,,,,,,1673133733.0,3596.0,12488.0,-28262.0,1673133733.0,-1815.0,-24.0,663.0
mpu,,,,,,,,,1673233733.0,1646.0,5388.0,-27930.0,1673233733.0,-286.0,-85.0,368.0
mpu,,,,,,,,,1673333730.0,-954.0,-1374.0,-32768.0,1673333730.0,986.0,-414.0,-627.0
mpu,,,,,,,,,1673433732.0,1886.0,2692.0,-29062.0,1673433732.0,1689.0,199.0,-1259.0
mpu,,,,,,,,,1673533732.0,4948.0,11768.0,-23014.0,1673533732.0,1785.0,420.0,-890.0
mpu,,,,,,,,,1673633729.0,7048.0,27764.0,-24076.0,1673633729.0,1650.0,-109.0,-580.0
mpu,,,,,,,,,1673733730.0,-1370.0,28964.0,-32768.0,1673733730.0,711.0,-93.0,-199.0
mpu,,,,,,,,,1673833724.0,726.0,31644.0,-32768.0,1673833724.0,-1242.0,139.0,643.0
mpu,,,,,,,,,1673933733.0,1940.0,24530.0,-30044.0,1673933733.0,-2668.0,146.0,1222.0
mpu,,,,,,,,,1674033730.0,1834.0,14330.0,-25528.0,1674033730.0,-2207.0,58.0,925.0
mpu,,,,,,,,,1674133724.0,1442.0,9092.0,-26380.0,1674133724.0,-885.0,-10.0,564.0
mpu,,,,,,,,,1674233725.0,3176.0,-888.0,-31234.0,1674233725.0,634.0,-438.0,-156.0
mpu,,,,,,,,,1674333729.0,248.0,-684.0,-32768.0,1674333729.0,1497.0,-166.0,-1130.0
mpu,,,,,,,,,1674433730.0,5062.0,9534.0,-26984.0,1674433730.0,1781.0,543.0,-1073.0
mpu,,,,,,,,,1674533728.0,6992.0,22016.0,-23694.0,1674533728.0,1695.0,193.0,-651.0
mpu,,,,,,,,,1674633733.0,-472.0,31356.0,-30862.0,1674633733.0,1135.0,-324.0,-359.0
mpu,,,,,,,,,1674733729.0,4482.0,32068.0,-32768.0,1674733729.0,-453.0,121.0,325.0
mpu,,,,,,,,,1674833727.0,594.0,23482.0,-31416.0,1674833727.0,-2345.0,177.0,1135.0
mpu,,,,,,,,,1674933730.0,3398.0,20044.0,-32768.0,1674933730.0,-2429.0,132.0,1054.0
mpu,,,,,,,,,1675033731.0,1658.0,11026.0,-28730.0,1675033731.0,-1460.0,142.0,683.0
mpu,,,,,,,,,1675133732.0,584.0,3948.0,-30218.0,1675133732.0,71.0,-392.0,132.0
mpu,,,,,,,,,1675233734.0,2716.0,-2352.0,-29342.0,1675233734.0,1271.0,-332.0,-897.0
mpu,,,,,,,,,1675333735.0,4890.0,4732.0,-25368.0,1675333735.0,1747.0,214.0,-1199.0
mpu,,,,,,,,,1675433726.0,4172.0,14490.0,-22534.0,1675433726.0,1722.0,489.0,-815.0
mpu,,,,,,,,,1675533725.0,6778.0,30698.0,-29540.0,1675533725.0,1431.0,-321.0,-562.0
mpu,,,,,,,,,1675633727.0,-1640.0,27834.0,-32768.0,1675633727.0,290.0,-36.0,14.0
mpu,,,,,,,,,1675733727.0,2776.0,30366.0,-32768.0,1675733727.0,-1761.0,152.0,952.0
mpu,,,,,,,,,1675833732.0,-2246.0,18892.0,-30980.0,1675833732.0,-2638.0,364.0,1255.0
mpu,,,,,,,,,1675933732.0,1422.0,12538.0,-26436.0,1675933732.0,-1885.0,86.0,856.0
mpu,,,,,,,,,1676033728.0,2442.0,5298.0,-27890.0,1676033728.0,-395.0,-348.0,341.0
mpu,,,,,,,,,1676133730.0,-2404.0,-1838.0,-32768.0,1676133730.0,1007.0,-425.0,-544.0
mpu,,,,,,,,,1676233727.0,8098.0,510.0,-27220.0,1676233727.0,1697.0,73.0,-1303.0
mpu,,,,,,,,,1676333726.0,5412.0,14888.0,-23262.0,1676333726.0,1754.0,555.0,-977.0
mpu,,,,,,,,,1676433726.0,3286.0,27332.0,-26892.0,1676433726.0,1497.0,-46.0,-659.0
mpu,,,,,,,,,1676533729.0,-500.0,30842.0,-32768.0,1676533729.0,735.0,-205.0,-101.0
mpu,,,,,,,,,1676633733.0,1554.0,31924.0,-32768.0,1676633733.0,-1264.0,80.0,674.0
mpu,,,,,,,,,1676733731.0,7010.0,25818.0,-32768.0,1676733731.0,-2627.0,244.0,1184.0
mpu,,,,,,,,,1676833730.0,782.0,15914.0,-25414.0,1676833730.0,-2228.0,117.0,923.0
mpu,,,,,,,,,1676933733.0,4512.0,6894.0,-26182.0,1676933733.0,-842.0,-257.0,490.0
mpu,,,,,,,,,1677033730.0,1562.0,1190.0,-32618.0,1677033730.0,688.0,-359.0,-242.0
mpu,,,,,,,,,1677133727.0,3260.0,-522.0,-28950.0,1677133727.0,1666.0,-3.0,-1148.0
mpu,,,,,,,,,1677233728.0,4784.0,11596.0,-20254.0,1677233728.0,1786.0,439.0,-1049.0
mpu,,,,,,,,,1677333726.0,4806.0,22784.0,-24332.0,1677333726.0,1609.0,112.0,-689.0
mpu,,,,,,,,,1677433725.0,1708.0,31840.0,-32768.0,1677433725.0,1084.0,-247.0,-314.0
mpu,,,,,,,,,1677533732.0,72.0,32767.0,-32768.0,1677533732.0,-674.0,127.0,414.0
mpu,,,,,,,,,1677633730.0,-172.0,25486.0,-31792.0,1677633730.0,-2528.0,277.0,1135.0
mpu,,,,,,,,,1677733731.0,4572.0,17688.0,-29396.0,1677733731.0,-2429.0,71.0,1025.0
mpu,,,,,,,,,1677833729.0,2596.0,7780.0,-28382.0,1677833729.0,-1274.0,-122.0,649.0
mpu,,,,,,,,,1677933731.0,936.0,3442.0,-31906.0,1677933731.0,301.0,-417.0,-44.0
mpu,,,,,,,,,1678033730.0,4210.0,-1934.0,-32768.0,1678033730.0,1540.0,-103.0,-1038.0
mpu,,,,,,,,,1678133727.0,2930.0,7670.0,-23394.0,1678133727.0,1831.0,467.0,-1100.0
mpu,,,,,,,,,1678233731.0,9144.0,20946.0,-20528.0,1678233731.0,1666.0,184.0,-723.0
mpu,,,,,,,,,1678333732.0,5254.0,32168.0,-32768.0,1678333732.0,1270.0,-390.0,-452.0
mpu,,,,,,,,,1678433735.0,-2182.0,30378.0,-32768.0,1678433735.0,-220.0,163.0,253.0
mpu,,,,,,,,,1678533732.0,-3684.0,26064.0,-32768.0,1678533732.0,-2227.0,197.0,1103.0
mpu,,,,,,,,,1678633726.0,1306.0,20894.0,-32092.0,1678633726.0,-2523.0,162.0,1134.0
mpu,,,,,,,,,1678733736.0,1098.0,9418.0,-26562.0,1678733736.0,-1545.0,89.0,667.0
mpu,,,,,,,,,1678833731.0,1520.0,3106.0,-30848.0,1678833731.0,47.0,-472.0,97.0
mpu,,,,,,,,,1678933732.0,1610.0,-1984.0,-28284.0,1678933732.0,1321.0,-209.0,-901.0
mpu,,,,,,,,,1679033734.0,4746.0,4242.0,-26008.0,1679033734.0,1826.0,255.0,-1151.0
mpu,,,,,,,,,1679133731.0,6158.0,15928.0,-23756.0,1679133731.0,1702.0,432.0,-817.0
mpu,,,,,,,,,1679233732.0,2578.0,31132.0,-31812.0,1679233732.0,1457.0,-281.0,-520.0
mpu,,,,,,,,,1679333725.0,-4994.0,28414.0,-32768.0,1679333725.0,143.0,-11.0,111.0
mpu,,,,,,,,,1679433735.0,-1010.0,26978.0,-32768.0,1679433735.0,-1937.0,43.0,967.0
mpu,,,,,,,,,1679533726.0,626.0,21924.0,-30794.0,1679533726.0,-2604.0,189.0,1219.0
mpu,,,,,,,,,1679633726.0,2196.0,11458.0,-24990.0,1679633726.0,-1814.0,222.0,815.0
mpu,,,,,,,,,1679733727.0,944.0,5678.0,-29934.0,1679733727.0,-295.0,-380.0,313.0
mpu,,,,,,,,,1679833730.0,-1556.0,-2790.0,-32422.0,1679833730.0,1141.0,-305.0,-608.0
mpu,,,,,,,,,1679933730.0,5372.0,2654.0,-24452.0,1679933730.0,1782.0,182.0,-1261.0
mpu,,,,,,,,,1680033729.0,6410.0,12068.0,-22372.0,1680033729.0,1784.0,341.0,-878.0
mpu,,,,,,,,,1680133724.0,4774.0,29638.0,-27752.0,1680133724.0,1492.0,-134.0,-656.0
mpu,,,,,,,,,1680233733.0,-4306.0,29228.0,-32768.0,1680233733.0,507.0,-26.0,-119.0
mpu,,,,,,,,,1680333726.0,-1140.0,29802.0,-32768.0,1680333726.0,-1497.0,53.0,745.0
mpu,,,,,,,,,1680433737.0,2138.0,24050.0,-26010.0,1680433737.0,-2616.0,314.0,1259.0
mpu,,,,,,,,,1680533727.0,1784.0,14668.0,-25824.0,1680533727.0,-2100.0,106.0,896.0
mpu,,,,,,,,,1680633727.0,3172.0,5190.0,-28448.0,1680633727.0,-636.0,-354.0,464.0
mpu,,,,,,,,,1680733732.0,660.0,-638.0,-32768.0,1680733732.0,917.0,-335.0,-393.0
mpu,,,,,,,,,1680833736.0,3574.0,202.0,-32524.0,1680833736.0,1842.0,55.0,-1212.0
mpu,,,,,,,,,1680933728.0,8784.0,13400.0,-20678.0,1680933728.0,1777.0,392.0,-1050.0
mpu,,,,,,,,,1681033733.0,4380.0,25148.0,-25654.0,1681033733.0,1531.0,-127.0,-700.0
mpu,,,,,,,,,1681133735.0,-1802.0,30186.0,-32768.0,1681133735.0,879.0,-68.0,-241.0
mpu,,,,,,,,,1681233727.0,-2590.0,30900.0,-32768.0,1681233727.0,-1000.0,92.0,518.0
mpu,,,,,,,,,1681333731.0,2602.0,24142.0,-30760.0,1681333731.0,-2616.0,212.0,1219.0
mpu,,,,,,,,,1681433732.0,1576.0,16280.0,-27988.0,1681433732.0,-2338.0,164.0,917.0
mpu,,,,,,,,,1681533724.0,2994.0,9046.0,-26988.0,1681533724.0,-1130.0,-167.0,590.0
mpu,,,,,,,,,1681633726.0,1822.0,500.0,-31024.0,1681633726.0,477.0,-346.0,-104.0
mpu,,,,,,,,,1681733733.0,2174.0,-1802.0,-32768.0,1681733733.0,1604.0,-69.0,-937.0
mpu,,,,,,,,,1681833724.0,5176.0,8794.0,-23472.0,1681833724.0,1878.0,380.0,-1001.0
mpu,,,,,,,,,1681933731.0,7736.0,21304.0,-19370.0,1681933731.0,1662.0,256.0,-754.0
mpu,,,,,,,,,1682033725.0,1860.0,31384.0,-32768.0,1682033725.0,1257.0,-462.0,-402.0
mpu,,,,,,,,,1682133735.0,1304.0,31814.0,-32768.0,1682133735.0,-301.0,2.0,248.0
mpu,,,,,,,,,1682233737.0,256.0,24716.0,-32768.0,1682233737.0,-2309.0,-56.0,1261.0
mpu,,,,,,,,,1682333733.0,1768.0,17394.0,-28378.0,1682333733.0,-2388.0,364.0,1191.0
mpu,,,,,,,,,1682433731.0,306.0,11258.0,-27912.0,1682433731.0,-1461.0,293.0,723.0
mpu,,,,,,,,,1682533733.0,50.0,3710.0,-30434.0,1682533733.0,11.0,-384.0,178.0
mpu,,,,,,,,,1682633729.0,534.0,-3038.0,-27436.0,1682633729.0,1300.0,-221.0,-854.0
mpu,,,,,,,,,1682733736.0,3946.0,5652.0,-24254.0,1682733736.0,1718.0,105.0,-1195.0
mpu,,,,,,,,,1682833731.0,4744.0,14406.0,-20754.0,1682833731.0,1717.0,514.0,-917.0
mpu,,,,,,,,,1682933733.0,3794.0,29984.0,-30050.0,1682933733.0,1437.0,-458.0,-511.0
mpu,,,,,,,,,1683033734.0,-2526.0,28992.0,-32768.0,1683033734.0,227.0,239.0,12.0
mpu,,,,,,,,,1683133734.0,-2072.0,27340.0,-32768.0,1683133734.0,-1844.0,-73.0,929.0
mpu,,,,,,,,,1683233730.0,3352.0,21586.0,-31624.0,1683233730.0,-2577.0,192.0,1291.0
mpu,,,,,,,,,1683333726.0,1098.0,12740.0,-24694.0,1683333726.0,-1768.0,385.0,828.0
mpu,,,,,,,,,1683433724.0,2716.0,6008.0,-28830.0,1683433724.0,-314.0,-396.0,371.0
mpu,,,,,,,,,1683533729.0,-1206.0,-2092.0,-32768.0,1683533729.0,1033.0,-386.0,-503.0
mpu,,,,,,,,,1683633733.0,6296.0,2582.0,-28208.0,1683633733.0,1664.0,31.0,-1254.0
mpu,,,,,,,,,1683733729.0,2938.0,10724.0,-19474.0,1683733729.0,1713.0,400.0,-1080.0
mpu,,,,,,,,,1683833730.0,5926.0,26218.0,-26982.0,1683833730.0,1525.0,-143.0,-626.0
mpu,,,,,,,,,1683933730.0,282.0,30818.0,-32768.0,1683933730.0,669.0,0.0,-118.0
mpu,,,,,,,,,1684033727.0,3164.0,30724.0,-32768.0,1684033727.0,-1266.0,1.0,614.0
mpu,,,,,,,,,1684133731.0,3144.0,25046.0,-31224.0,1684133731.0,-2607.0,18.0,1232.0
mpu,,,,,,,,,1684233737.0,1704.0,13488.0,-28466.0,1684233737.0,-2136.0,200.0,983.0
mpu,,,,,,,,,1684333730.0,3492.0,8020.0,-28054.0,1684333730.0,-857.0,-29.0,463.0
mpu,,,,,,,,,1684433730.0,1462.0,-278.0,-32438.0,1684433730.0,664.0,-423.0,-235.0
mpu,,,,,,,,,1684533730.0,1386.0,-530.0,-32768.0,1684533730.0,1631.0,-55.0,-1174.0
mpu,,,,,,,,,1684633733.0,6210.0,10104.0,-22870.0,1684633733.0,1822.0,501.0,-1021.0
mpu,,,,,,,,,1684733732.0,6020.0,22174.0,-26750.0,1684733732.0,1573.0,126.0,-692.0
mpu,,,,,,,,,1684833727.0,1472.0,31904.0,-29700.0,1684833727.0,1114.0,-297.0,-315.0
mpu,,,,,,,,,1684933738.0,3388.0,31200.0,-32768.0,1684933738.0,-496.0,1.0,335.0
mpu,,,,,,,,,1685033728.0,778.0,27036.0,-32768.0,1685033728.0,-2391.0,291.0,1127.0
mpu,,,,,,,,,1685133731.0,2762.0,18268.0,-31750.0,1685133731.0,-2478.0,199.0,968.0
mpu,,,,,,,,,1685233728.0,1046.0,6786.0,-27878.0,1685233728.0,-1502.0,-7.0,557.0
mpu,,,,,,,,,1685333724.0,1256.0,2656.0,-29948.0,1685333724.0,102.0,-389.0,-16.0
mpu,,,,,,,,,1685433730.0,1488.0,-2848.0,-31526.0,1685433730.0,1409.0,-145.0,-904.0
mpu,,,,,,,,,1685533727.0,3582.0,4478.0,-25740.0,1685533727.0,1821.0,303.0,-1024.0
mpu,,,,,,,,,1685633731.0,4566.0,16810.0,-20494.0,1685633731.0,1733.0,434.0,-746.0
mpu,,,,,,,,,1685733737.0,4804.0,31510.0,-32768.0,1685733737.0,1559.0,-402.0,-480.0
mpu,,,,,,,,,1685833729.0,-848.0,29180.0,-32768.0,1685833729.0,195.0,138.0,50.0
mpu,,,,,,,,,1685933731.0,-1270.0,28128.0,-32768.0,1685933731.0,-1966.0,80.0,1029.0
mpu,,,,,,,,,1686033729.0,4330.0,19656.0,-32768.0,1686033729.0,-2698.0,238.0,1213.0
mpu,,,,,,,,,1686133731.0,-230.0,12728.0,-25798.0,1686133731.0,-1842.0,156.0,850.0
mpu,,,,,,,,,1686233734.0,3440.0,5010.0,-28436.0,1686233734.0,-331.0,-408.0,387.0
mpu,,,,,,,,,1686333734.0,-2428.0,-778.0,-31760.0,1686333734.0,1023.0,-323.0,-558.0
mpu,,,,,,,,,1686433732.0,8372.0,976.0,-29612.0,1686433732.0,1664.0,71.0,-1271.0
mpu,,,,,,,,,1686533729.0,5962.0,12840.0,-20526.0,1686533729.0,1753.0,526.0,-906.0
mpu,,,,,,,,,1686633735.0,5120.0,28180.0,-26074.0,1686633735.0,1569.0,-49.0,-614.0
mpu,,,,,,,,,1686733732.0,240.0,29984.0,-32768.0,1686733732.0,718.0,-236.0,-147.0
mpu,,,,,,,,,1686833731.0,-82.0,32020.0,-32768.0,1686833731.0,-1155.0,24.0,597.0
mpu,,,,,,,,,1686933728.0,2686.0,25110.0,-31218.0,1686933728.0,-2640.0,254.0,1190.0
mpu,,,,,,,,,1687033725.0,2212.0,15926.0,-28252.0,1687033725.0,-2296.0,244.0,870.0
mpu,,,,,,,,,1687133732.0,2628.0,7848.0,-28412.0,1687133732.0,-1047.0,-121.0,440.0
mpu,,,,,,,,,1687233730.0,1736.0,-1050.0,-31042.0,1687233730.0,570.0,-382.0,-306.0
mpu,,,,,,,,,1687333726.0,-954.0,-664.0,-32768.0,1687333726.0,1646.0,-123.0,-1076.0
mpu,,,,,,,,,1687433730.0,4138.0,8174.0,-24678.0,1687433730.0,1938.0,446.0,-937.0
mpu,,,,,,,,,1687533724.0,7564.0,23878.0,-22332.0,1687533724.0,1769.0,124.0,-596.0
mpu,,,,,,,,,1687633722.0,1956.0,31252.0,-32768.0,1687633722.0,1171.0,-244.0,-359.0
mpu,,,,,,,,,1687733728.0,-1940.0,31644.0,-32768.0,1687733728.0,-543.0,85.0,304.0
mpu,,,,,,,,,1687833733.0,-926.0,23688.0,-32334.0,1687833733.0,-2493.0,207.0,1162.0
mpu,,,,,,,,,1687933733.0,2940.0,19684.0,-31336.0,1687933733.0,-2417.0,152.0,1101.0
mpu,,,,,,,,,1688033728.0,1968.0,9796.0,-26494.0,1688033728.0,-1348.0,98.0,688.0
mpu,,,,,,,,,1688133732.0,2706.0,2598.0,-29800.0,1688133732.0,237.0,-437.0,30.0
mpu,,,,,,,,,1688233731.0,2600.0,-1566.0,-32768.0,1688233731.0,1389.0,-262.0,-949.0
mpu,,,,,,,,,1688333734.0,2614.0,5412.0,-26466.0,1688333734.0,1721.0,404.0,-1149.0
mpu,,,,,,,,,1688433728.0,5972.0,15208.0,-20376.0,1688433728.0,1612.0,313.0,-797.0
mpu,,,,,,,,,1688533726.0,1242.0,31996.0,-31174.0,1688533726.0,1266.0,-445.0,-545.0
mpu,,,,,,,,,1688633730.0,-1802.0,31488.0,-32768.0,1688633730.0,142.0,25.0,123.0
mpu,,,,,,,,,1688733727.0,-1614.0,25582.0,-32768.0,1688733727.0,-1936.0,285.0,1067.0
mpu,,,,,,,,,1688833735.0,-470.0,23000.0,-29934.0,1688833735.0,-2504.0,265.0,1160.0
mpu,,,,,,,,,1688933733.0,2118.0,10846.0,-24452.0,1688933733.0,-1822.0,3.0,759.0
mpu,,,,,,,,,1689033729.0,106.0,5254.0,-29660.0,1689033729.0,-307.0,-352.0,252.0
mpu,,,,,,,,,1689133737.0,-1048.0,-1842.0,-28162.0,1689133737.0,1149.0,-372.0,-681.0
mpu,,,,,,,,,1689233723.0,6020.0,1524.0,-29618.0,1689233723.0,1786.0,178.0,-1219.0
mpu,,,,,,,,,1689333726.0,3506.0,12048.0,-22064.0,1689333726.0,1750.0,371.0,-876.0
mpu,,,,,,,,,1689433731.0,4174.0,29354.0,-29302.0,1689433731.0,1477.0,-112.0,-617.0
mpu,,,,,,,,,1689533738.0,-2508.0,30886.0,-32768.0,1689533738.0,598.0,-44.0,-101.0
mpu,,,,,,,,,1689633728.0,2720.0,31416.0,-32768.0,1689633728.0,-1422.0,-5.0,723.0
mpu,,,,,,,,,1689733734.0,7672.0,23214.0,-32768.0,1689733734.0,-2569.0,157.0,1214.0
mpu,,,,,,,,,1689833734.0,442.0,14058.0,-27370.0,1689833734.0,-2121.0,257.0,933.0
mpu,,,,,,,,,1689933735.0,2198.0,6094.0,-27560.0,1689933735.0,-603.0,-225.0,559.0
mpu,,,,,,,,,1690033736.0,1048.0,-486.0,-32768.0,1690033736.0,868.0,-420.0,-318.0
mpu,,,,,,,,,1690133730.0,2798.0,594.0,-29348.0,1690133730.0,1617.0,-98.0,-1327.0
mpu,,,,,,,,,1690233734.0,4930.0,10828.0,-25206.0,1690233734.0,1734.0,454.0,-1040.0
mpu,,,,,,,,,1690333727.0,6898.0,25336.0,-25782.0,1690333727.0,1618.0,147.0,-538.0
mpu,,,,,,,,,1690433727.0,-198.0,32030.0,-32768.0,1690433727.0,880.0,-46.0,-273.0
mpu,,,,,,,,,1690533734.0,670.0,31544.0,-32768.0,1690533734.0,-1006.0,-2.0,469.0
mpu,,,,,,,,,1690633729.0,3400.0,24062.0,-31806.0,1690633729.0,-2593.0,168.0,1210.0
mpu,,,,,,,,,1690733732.0,2240.0,15958.0,-29352.0,1690733732.0,-2296.0,25.0,898.0
mpu,,,,,,,,,1690833738.0,3568.0,8688.0,-29910.0,1690833738.0,-1134.0,-117.0,457.0
mpu,,,,,,,,,1690933727.0,1538.0,434.0,-31076.0,1690933727.0,403.0,-284.0,-277.0
mpu,,,,,,,,,1691033732.0,2596.0,-264.0,-32528.0,1691033732.0,1464.0,-142.0,-1076.0
mpu,,,,,,,,,1691133726.0,4386.0,7736.0,-22200.0,1691133726.0,1858.0,512.0,-953.0
mpu,,,,,,,,,1691233731.0,5052.0,17580.0,-23644.0,1691233731.0,1719.0,242.0,-575.0
mpu,,,,,,,,,1691333726.0,2344.0,30340.0,-32768.0,1691333726.0,1256.0,-227.0,-384.0
mpu,,,,,,,,,1691433735.0,3274.0,31900.0,-32768.0,1691433735.0,-270.0,92.0,210.0
mpu,,,,,,,,,1691533731.0,538.0,26412.0,-32768.0,1691533731.0,-2261.0,288.0,1061.0
mpu,,,,,,,,,1691633732.0,1618.0,19038.0,-32646.0,1691633732.0,-2506.0,95.0,994.0
mpu,,,,,,,,,1691733734.0,1238.0,8496.0,-29312.0,1691733734.0,-1512.0,-10.0,724.0
mpu,,,,,,,,,1691833731.0,2340.0,4184.0,-30766.0,1691833731.0,80.0,-457.0,203.0
mpu,,,,,,,,,1691933730.0,3706.0,-3158.0,-30194.0,1691933730.0,1357.0,-246.0,-900.0
mpu,,,,,,,,,1692033729.0,4270.0,7048.0,-26512.0,1692033729.0,1801.0,249.0,-1127.0
mpu,,,,,,,,,1692133736.0,8704.0,15816.0,-19700.0,1692133736.0,1732.0,274.0,-788.0
mpu,,,,,,,,,1692233731.0,2598.0,31496.0,-31428.0,1692233731.0,1418.0,-175.0,-543.0
mpu,,,,,,,,,1692333743.0,-232.0,30366.0,-32768.0,1692333743.0,169.0,176.0,18.0
mpu,,,,,,,,,1692433731.0,-240.0,30776.0,-30222.0,1692433731.0,-1860.0,250.0,942.0
mpu,,,,,,,,,1692533725.0,2892.0,21108.0,-30270.0,1692533725.0,-2693.0,39.0,1173.0
mpu,,,,,,,,,1692633731.0,292.0,12926.0,-26652.0,1692633731.0,-1830.0,144.0,767.0
mpu,,,,,,,,,1692733731.0,1316.0,5850.0,-29314.0,1692733731.0,-303.0,-353.0,265.0
mpu,,,,,,,,,1692833726.0,-1666.0,-2354.0,-28738.0,1692833726.0,1102.0,-400.0,-679.0
mpu,,,,,,,,,1692933732.0,5792.0,3622.0,-25000.0,1692933732.0,1776.0,157.0,-1227.0
mpu,,,,,,,,,1693033727.0,5776.0,13328.0,-21228.0,1693033727.0,1793.0,296.0,-821.0
mpu,,,,,,,,,1693133733.0,7968.0,28096.0,-28098.0,1693133733.0,1507.0,-89.0,-552.0
mpu,,,,,,,,,1693233734.0,-2476.0,30944.0,-32768.0,1693233734.0,572.0,118.0,-178.0
mpu,,,,,,,,,1693333731.0,146.0,31050.0,-32768.0,1693333731.0,-1484.0,53.0,717.0
mpu,,,,,,,,,1693433726.0,3442.0,21360.0,-27190.0,1693433726.0,-2648.0,221.0,1198.0
mpu,,,,,,,,,1693533729.0,2016.0,15416.0,-27986.0,1693533729.0,-2135.0,141.0,810.0
mpu,,,,,,,,,1693633736.0,2352.0,6772.0,-29652.0,1693633736.0,-786.0,-310.0,417.0
mpu,,,,,,,,,1693733728.0,66.0,-368.0,-32030.0,1693733728.0,740.0,-322.0,-327.0
mpu,,,,,,,,,1693833734.0,2064.0,470.0,-28802.0,1693833734.0,1642.0,-107.0,-1182.0
mpu,,,,,,,,,1693933728.0,8270.0,12584.0,-24118.0,1693933728.0,1762.0,402.0,-1014.0
mpu,,,,,,,,,1694033725.0,3734.0,23380.0,-27694.0,1694033725.0,1622.0,69.0,-639.0
mpu,,,,,,,,,1694133723.0,574.0,29666.0,-32768.0,1694133723.0,1024.0,-132.0,-249.0
mpu,,,,,,,,,1694233729.0,-396.0,32767.0,-30876.0,1694233729.0,-785.0,162.0,423.0
mpu,,,,,,,,,1694333731.0,3084.0,25450.0,-32768.0,1694333731.0,-2496.0,85.0,1224.0
mpu,,,,,,,,,1694433728.0,3284.0,16740.0,-32760.0,1694433728.0,-2291.0,219.0,1017.0
mpu,,,,,,,,,1694533731.0,2972.0,7786.0,-28026.0,1694533731.0,-1186.0,58.0,606.0
mpu,,,,,,,,,1694633732.0,2406.0,2934.0,-31058.0,1694633732.0,374.0,-462.0,-16.0
mpu,,,,,,,,,1694733727.0,4206.0,-2398.0,-32582.0,1694733727.0,1481.0,-171.0,-1064.0
mpu,,,,,,,,,1694833721.0,5620.0,9124.0,-25994.0,1694833721.0,1780.0,330.0,-1065.0
mpu,,,,,,,,,1694933732.0,4132.0,17508.0,-23710.0,1694933732.0,1620.0,255.0,-764.0
mpu,,,,,,,,,1695033737.0,2542.0,30176.0,-30706.0,1695033737.0,1266.0,-359.0,-444.0
mpu,,,,,,,,,1695133731.0,-138.0,30280.0,-32768.0,1695133731.0,-114.0,158.0,188.0
mpu,,,,,,,,,1695233732.0,82.0,25986.0,-32768.0,1695233732.0,-2164.0,103.0,1064.0
mpu,,,,,,,,,1695333735.0,2982.0,19304.0,-32768.0,1695333735.0,-2526.0,227.0,1096.0
mpu,,,,,,,,,1695433727.0,840.0,11964.0,-24698.0,1695433727.0,-1706.0,268.0,673.0
mpu,,,,,,,,,1695533729.0,1948.0,6020.0,-29218.0,1695533729.0,-194.0,-432.0,249.0
mpu,,,,,,,,,1695633728.0,-2518.0,-2590.0,-28490.0,1695633728.0,1175.0,-322.0,-688.0
mpu,,,,,,,,,1695733723.0,4594.0,3792.0,-26842.0,1695733723.0,1729.0,179.0,-1209.0
mpu,,,,,,,,,1695833730.0,5084.0,10860.0,-21302.0,1695833730.0,1728.0,395.0,-863.0
mpu,,,,,,,,,1695933728.0,5064.0,27044.0,-26022.0,1695933728.0,1652.0,-357.0,-639.0
mpu,,,,,,,,,1696033727.0,-2064.0,32767.0,-32768.0,1696033727.0,790.0,-88.0,-309.0
mpu,,,,,,,,,1696133725.0,-1662.0,25366.0,-32768.0,1696133725.0,-1820.0,-219.0,942.0
mpu,,,,,,,,,1696233731.0,9172.0,26338.0,-31310.0,1696233731.0,-2505.0,14.0,1382.0
mpu,,,,,,,,,1696333733.0,1228.0,13956.0,-30262.0,1696333733.0,-2042.0,72.0,1035.0
mpu,,,,,,,,,1696433729.0,-3284.0,3934.0,-32768.0,1696433729.0,-645.0,-337.0,100.0
mpu,,,,,,,,,1696533732.0,4006.0,-2654.0,-32768.0,1696533732.0,1100.0,246.0,-644.0
mpu,,,,,,,,,1696633733.0,5524.0,3102.0,-32768.0,1696633733.0,2152.0,726.0,-1321.0
mpu,,,,,,,,,1696733732.0,9254.0,21650.0,-21258.0,1696733732.0,2404.0,-470.0,-840.0
mpu,,,,,,,,,1696833731.0,3562.0,27140.0,-31308.0,1696833731.0,1266.0,-436.0,-480.0
mpu,,,,,,,,,1696933729.0,-6694.0,32767.0,-32768.0,1696933729.0,-737.0,-11.0,496.0
mpu,,,,,,,,,1697033736.0,6838.0,18942.0,-28922.0,1697033736.0,-3086.0,328.0,1843.0
mpu,,,,,,,,,1697133730.0,-2958.0,17402.0,-24974.0,1697133730.0,-2422.0,572.0,1386.0
mpu,,,,,,,,,1697233730.0,1376.0,3504.0,-31076.0,1697233730.0,-935.0,-262.0,656.0
mpu,,,,,,,,,1697333731.0,-4212.0,-6392.0,-32768.0,1697333731.0,884.0,-587.0,-876.0
mpu,,,,,,,,,1697433730.0,4672.0,650.0,-32174.0,1697433730.0,2074.0,608.0,-1923.0
mpu,,,,,,,,,1697533732.0,12426.0,22300.0,-16160.0,1697533732.0,2328.0,-405.0,-1103.0
mpu,,,,,,,,,1697633732.0,3728.0,32767.0,-32768.0,1697633732.0,1270.0,-63.0,-298.0
mpu,,,,,,,,,1697733732.0,-7898.0,32767.0,-32768.0,1697733732.0,-1529.0,67.0,916.0
mpu,,,,,,,,,1697833735.0,7428.0,22970.0,-31720.0,1697833735.0,-3165.0,237.0,1984.0
mpu,,,,,,,,,1697933733.0,3090.0,6834.0,-32768.0,1697933733.0,-1837.0,173.0,1174.0
mpu,,,,,,,,,1698033727.0,-2014.0,-7706.0,-32768.0,1698033727.0,343.0,-173.0,-183.0
mpu,,,,,,,,,1698133731.0,-380.0,-10496.0,-32768.0,1698133731.0,1905.0,-15.0,-1937.0
mpu,,,,,,,,,1698233729.0,5888.0,20602.0,-11226.0,1698233729.0,2409.0,445.0,-1535.0
mpu,,,,,,,,,1698333733.0,3232.0,32767.0,-29532.0,1698333733.0,1744.0,-576.0,-481.0
mpu,,,,,,,,,1698433739.0,-3792.0,32767.0,-32768.0,1698433739.0,-1020.0,168.0,757.0
mpu,,,,,,,,,1698533731.0,4468.0,26392.0,-31746.0,1698533731.0,-3309.0,183.0,2047.0
mpu,,,,,,,,,1698633734.0,378.0,8908.0,-31152.0,1698633734.0,-2046.0,228.0,1383.0
mpu,,,,,,,,,1698733732.0,-6244.0,-6602.0,-32768.0,1698733732.0,286.0,12.0,-209.0
mpu,,,,,,,,,1698833730.0,3762.0,-11488.0,-32768.0,1698833730.0,2053.0,-91.0,-1810.0
mpu,,,,,,,,,1698933729.0,5216.0,19602.0,-12876.0,1698933729.0,2347.0,503.0,-1502.0
mpu,,,,,,,,,1699033729.0,-890.0,32767.0,-27514.0,1699033729.0,1583.0,-711.0,-548.0
mpu,,,,,,,,,1699133727.0,-752.0,32767.0,-32768.0,1699133727.0,-1129.0,280.0,958.0
mpu,,,,,,,,,1699233731.0,252.0,24856.0,-29162.0,1699233731.0,-3357.0,223.0,1990.0
mpu,,,,,,,,,1699333732.0,1206.0,4506.0,-30064.0,1699333732.0,-1851.0,123.0,1254.0
mpu,,,,,,,,,1699433726.0,-3986.0,-10444.0,-32768.0,1699433726.0,684.0,-139.0,-423.0
mpu,,,,,,,,,1699533727.0,8992.0,-9970.0,-28238.0,1699533727.0,2233.0,98.0,-1959.0
mpu,,,,,,,,,1699633731.0,7864.0,29562.0,-11918.0,1699633731.0,2364.0,190.0,-1405.0
mpu,,,,,,,,,1699733740.0,2206.0,32767.0,-32768.0,1699733740.0,1209.0,-293.0,-246.0
mpu,,,,,,,,,1699833733.0,-250.0,32767.0,-32768.0,1699833733.0,-1895.0,104.0,1278.0
mpu,,,,,,,,,1699933727.0,3282.0,22882.0,-32768.0,1699933727.0,-3244.0,223.0,2076.0
mpu,,,,,,,,,1700033731.0,544.0,-264.0,-32768.0,1700033731.0,-1292.0,172.0,933.0
mpu,,,,,,,,,1700133730.0,-6846.0,-14332.0,-32768.0,1700133730.0,1223.0,-244.0,-991.0
mpu,,,,,,,,,1700233732.0,11750.0,-3318.0,-19620.0,1700233732.0,2356.0,264.0,-1981.0
mpu,,,,,,,,,1700333730.0,11104.0,32767.0,-26128.0,1700333730.0,2268.0,-139.0,-1082.0
mpu,,,,,,,,,1700433729.0,-520.0,32767.0,-32768.0,1700433729.0,318.0,-23.0,109.0
mpu,,,,,,,,,1700533740.0,-5610.0,31804.0,-32768.0,1700533740.0,-2747.0,268.0,1734.0
mpu,,,,,,,,,1700633731.0,3332.0,16526.0,-32310.0,1700633731.0,-2817.0,-54.0,1776.0
mpu,,,,,,,,,1700733732.0,-2492.0,-5868.0,-32768.0,1700733732.0,-486.0,75.0,209.0
mpu,,,,,,,,,1700833731.0,-3736.0,-16742.0,-30966.0,1700833731.0,1908.0,48.0,-1457.0
mpu,,,,,,,,,1700933733.0,7304.0,11522.0,-10740.0,1700933733.0,2295.0,425.0,-1641.0
mpu,,,,,,,,,1701033732.0,4946.0,32767.0,-30474.0,1701033732.0,1925.0,-444.0,-746.0
mpu,,,,,,,,,1701133737.0,1368.0,32767.0,-32768.0,1701133737.0,-651.0,97.0,778.0
mpu,,,,,,,,,1701233732.0,3762.0,28922.0,-32664.0,1701233732.0,-3274.0,376.0,1948.0
mpu,,,,,,,,,1701333731.0,2140.0,7684.0,-30946.0,1701333731.0,-2195.0,108.0,1396.0
mpu,,,,,,,,,1701433732.0,-4752.0,-10552.0,-32768.0,1701433732.0,401.0,-249.0,-408.0
mpu,,,,,,,,,1701533719.0,6822.0,-12808.0,-32768.0,1701533719.0,2165.0,-109.0,-1973.0
mpu,,,,,,,,,1701633732.0,10926.0,28358.0,-12874.0,1701633732.0,2332.0,489.0,-1389.0
mpu,,,,,,,,,1701733731.0,-5930.0,32767.0,-27676.0,1701733731.0,1176.0,-461.0,-314.0
mpu,,,,,,,,,1701833725.0,-52.0,32767.0,-32768.0,1701833725.0,-1870.0,150.0,1282.0
mpu,,,,,,,,,1701933731.0,2924.0,22498.0,-32768.0,1701933731.0,-3248.0,30.0,1978.0
mpu,,,,,,,,,1702033728.0,572.0,-2436.0,-32768.0,1702033728.0,-1190.0,-46.0,888.0
mpu,,,,,,,,,1702133728.0,-3644.0,-17162.0,-32768.0,1702133728.0,1438.0,-77.0,-1075.0
mpu,,,,,,,,,1702233729.0,14336.0,-1520.0,-25868.0,1702233729.0,2273.0,263.0,-1870.0
mpu,,,,,,,,,1702333727.0,6990.0,32767.0,-22712.0,1702333727.0,2009.0,197.0,-1028.0
mpu,,,,,,,,,1702433736.0,-2304.0,32767.0,-32768.0,1702433736.0,-44.0,-443.0,214.0
mpu,,,,,,,,,1702533729.0,-500.0,32767.0,-32768.0,1702533729.0,-2715.0,151.0,1833.0
mpu,,,,,,,,,1702633731.0,2888.0,9096.0,-29194.0,1702633731.0,-2651.0,235.0,1746.0
mpu,,,,,,,,,1702733726.0,-3262.0,-2718.0,-30358.0,1702733726.0,-216.0,-117.0,251.0
mpu,,,,,,,,,1702833729.0,-1244.0,-17596.0,-32768.0,1702833729.0,1995.0,-151.0,-1710.0
mpu,,,,,,,,,1702933738.0,11322.0,12398.0,-15810.0,1702933738.0,2281.0,121.0,-1750.0
mpu,,,,,,,,,1703033731.0,-13294.0,32767.0,-11344.0,1703033731.0,1350.0,-572.0,-672.0
mpu,,,,,,,,,1703133734.0,5746.0,32767.0,-32768.0,1703133734.0,-954.0,85.0,898.0
mpu,,,,,,,,,1703233731.0,-702.0,28408.0,-32768.0,1703233731.0,-2938.0,397.0,2033.0
mpu,,,,,,,,,1703333735.0,148.0,4026.0,-31034.0,1703333735.0,-1738.0,133.0,1286.0
mpu,,,,,,,,,1703433732.0,-4254.0,-12056.0,-32768.0,1703433732.0,711.0,-214.0,-595.0
mpu,,,,,,,,,1703533733.0,14074.0,-8868.0,-26798.0,1703533733.0,2155.0,169.0,-2164.0
mpu,,,,,,,,,1703633728.0,14708.0,32767.0,-14800.0,1703633728.0,2416.0,203.0,-1355.0
mpu,,,,,,,,,1703733731.0,3772.0,32767.0,-32768.0,1703733731.0,927.0,-391.0,-192.0
mpu,,,,,,,,,1703833737.0,-8114.0,32767.0,-32768.0,1703833737.0,-2192.0,342.0,1643.0
mpu,,,,,,,,,1703933731.0,3466.0,19898.0,-32768.0,1703933731.0,-2975.0,329.0,2074.0
mpu,,,,,,,,,1704033726.0,-644.0,-6728.0,-32768.0,1704033726.0,-843.0,-85.0,643.0
mpu,,,,,,,,,1704133733.0,-16220.0,-15490.0,-26856.0,1704133733.0,1466.0,72.0,-1485.0
mpu,,,,,,,,,1704233728.0,4444.0,1730.0,-15934.0,1704233728.0,2369.0,447.0,-1923.0
mpu,,,,,,,,,1704333733.0,3918.0,32767.0,-26420.0,1704333733.0,2177.0,-657.0,-855.0
mpu,,,,,,,,,1704433735.0,3718.0,32767.0,-32768.0,1704433735.0,-397.0,122.0,581.0
mpu,,,,,,,,,1704533730.0,-4948.0,29096.0,-32768.0,1704533730.0,-3283.0,614.0,2084.0
mpu,,,,,,,,,1704633727.0,2026.0,7088.0,-30068.0,1704633727.0,-2251.0,37.0,1525.0
mpu,,,,,,,,,1704733735.0,-6734.0,-12924.0,-32768.0,1704733735.0,370.0,-170.0,-411.0
mpu,,,,,,,,,1704833729.0,8162.0,-15564.0,-31180.0,1704833729.0,2283.0,31.0,-2001.0
mpu,,,,,,,,,1704933735.0,10596.0,32767.0,-17324.0,1704933735.0,2429.0,345.0,-1373.0
mpu,,,,,,,,,1705033732.0,-348.0,32767.0,-29640.0,1705033732.0,875.0,-397.0,-150.0
mpu,,,,,,,,,1705133726.0,-3480.0,32767.0,-32768.0,1705133726.0,-2153.0,113.0,1530.0
mpu,,,,,,,,,1705233727.0,-912.0,21728.0,-31672.0,1705233727.0,-3131.0,150.0,2067.0
mpu,,,,,,,,,1705333725.0,-2244.0,-9222.0,-32768.0,1705333725.0,-855.0,-44.0,436.0
mpu,,,,,,,,,1705433729.0,-12006.0,-20430.0,-32768.0,1705433729.0,1722.0,-88.0,-1633.0
mpu,,,,,,,,,1705533729.0,5744.0,8468.0,-9272.0,1705533729.0,2345.0,466.0,-1921.0
mpu,,,,,,,,,1705633734.0,3248.0,32767.0,-25332.0,1705633734.0,1910.0,-291.0,-619.0
mpu,,,,,,,,,1705733731.0,-592.0,32767.0,-32768.0,1705733731.0,-682.0,-16.0,749.0
mpu,,,,,,,,,1705833729.0,326.0,28698.0,-32278.0,1705833729.0,-3211.0,379.0,2151.0
mpu,,,,,,,,,1705933740.0,466.0,3736.0,-29156.0,1705933740.0,-2003.0,115.0,1410.0
mpu,,,,,,,,,1706033730.0,-4438.0,-16004.0,-32768.0,1706033730.0,748.0,-213.0,-613.0
mpu,,,,,,,,,1706133734.0,16158.0,-10452.0,-29736.0,1706133734.0,2309.0,149.0,-2112.0
mpu,,,,,,,,,1706233728.0,12606.0,32767.0,-15860.0,1706233728.0,2354.0,362.0,-1228.0
mpu,,,,,,,,,1706333735.0,-2110.0,32767.0,-31528.0,1706333735.0,589.0,-449.0,-48.0
mpu,,,,,,,,,1706433726.0,-5488.0,32767.0,-30868.0,1706433726.0,-2442.0,358.0,1767.0
mpu,,,,,,,,,1706533726.0,2890.0,19082.0,-32768.0,1706533726.0,-2885.0,291.0,1883.0
mpu,,,,,,,,,1706633728.0,-3616.0,-9612.0,-32768.0,1706633728.0,-527.0,-276.0,249.0
mpu,,,,,,,,,1706733733.0,-1880.0,-19080.0,-28024.0,1706733733.0,1885.0,-7.0,-1780.0
mpu,,,,,,,,,1706833729.0,6554.0,14286.0,-9648.0,1706833729.0,2398.0,473.0,-1662.0
mpu,,,,,,,,,1706933732.0,2300.0,32767.0,-29582.0,1706933732.0,1610.0,-500.0,-583.0
mpu,,,,,,,,,1707033730.0,-2560.0,32767.0,-32768.0,1707033730.0,-1094.0,208.0,939.0
mpu,,,,,,,,,1707133730.0,142.0,26078.0,-32768.0,1707133730.0,-3331.0,423.0,2075.0
mpu,,,,,,,,,1707233731.0,3776.0,-510.0,-32764.0,1707233731.0,-1746.0,-95.0,1055.0
mpu,,,,,,,,,1707333735.0,-4984.0,-15106.0,-32768.0,1707333735.0,993.0,-318.0,-976.0
mpu,,,,,,,,,1707433731.0,13396.0,-2064.0,-24468.0,1707433731.0,2382.0,251.0,-2026.0
mpu,,,,,,,,,1707533727.0,9016.0,32767.0,-18502.0,1707533727.0,2174.0,229.0,-1051.0
mpu,,,,,,,,,1707633728.0,1686.0,32767.0,-32768.0,1707633728.0,249.0,-393.0,103.0
mpu,,,,,,,,,1707733734.0,-5914.0,32767.0,-29520.0,1707733734.0,-2627.0,272.0,1798.0
mpu,,,,,,,,,1707833726.0,3532.0,13228.0,-31276.0,1707833726.0,-2823.0,29.0,1725.0
mpu,,,,,,,,,1707933732.0,-5132.0,-8226.0,-32768.0,1707933732.0,-301.0,-112.0,15.0
mpu,,,,,,,,,1708033727.0,2018.0,-16934.0,-32768.0,1708033727.0,1972.0,28.0,-1968.0
mpu,,,,,,,,,1708133727.0,10256.0,16652.0,-9004.0,1708133727.0,2349.0,599.0,-1549.0
mpu,,,,,,,,,1708233730.0,7870.0,32767.0,-32184.0,1708233730.0,1490.0,-572.0,-391.0
mpu,,,,,,,,,1708333730.0,-2246.0,32767.0,-32768.0,1708333730.0,-1184.0,81.0,1062.0
mpu,,,,,,,,,1708433734.0,-2.0,25832.0,-31860.0,1708433734.0,-3224.0,353.0,2149.0
mpu,,,,,,,,,1708533728.0,-540.0,-1670.0,-32170.0,1708533728.0,-1563.0,10.0,1027.0
mpu,,,,,,,,,1708633733.0,-4214.0,-13148.0,-32768.0,1708633733.0,1183.0,-77.0,-969.0
mpu,,,,,,,,,1708733732.0,14338.0,-4820.0,-24558.0,1708733732.0,2353.0,187.0,-1948.0
mpu,,,,,,,,,1708833730.0,10268.0,32767.0,-18002.0,1708833730.0,2177.0,320.0,-1045.0
mpu,,,,,,,,,1708933733.0,-298.0,32767.0,-32768.0,1708933733.0,312.0,-407.0,171.0
mpu,,,,,,,,,1709033730.0,-856.0,32767.0,-31522.0,1709033730.0,-2636.0,309.0,1829.0
mpu,,,,,,,,,1709133729.0,-942.0,13408.0,-31934.0,1709133729.0,-2765.0,162.0,1844.0
mpu,,,,,,,,,1709233726.0,-4894.0,-7066.0,-32768.0,1709233726.0,-324.0,-155.0,24.0
mpu,,,,,,,,,1709333736.0,2766.0,-14956.0,-30556.0,1709333736.0,2028.0,7.0,-1821.0
mpu,,,,,,,,,1709433731.0,9150.0,18722.0,-10444.0,1709433731.0,2355.0,530.0,-1560.0
mpu,,,,,,,,,1709533725.0,12178.0,32767.0,-32768.0,1709533725.0,1515.0,-485.0,-505.0
mpu,,,,,,,,,1709633725.0,526.0,32767.0,-32768.0,1709633725.0,-1178.0,-22.0,946.0
mpu,,,,,,,,,1709733736.0,-1016.0,27842.0,-32768.0,1709733736.0,-3257.0,457.0,2052.0
mpu,,,,,,,,,1709833725.0,416.0,-1492.0,-30724.0,1709833725.0,-1745.0,-108.0,1071.0
mpu,,,,,,,,,1709933727.0,-7166.0,-13844.0,-32768.0,1709933727.0,1107.0,-173.0,-1030.0
mpu,,,,,,,,,1710033728.0,14466.0,-8054.0,-21356.0,1710033728.0,2461.0,156.0,-1982.0
mpu,,,,,,,,,1710133727.0,5460.0,32767.0,-20070.0,1710133727.0,2383.0,378.0,-1120.0
mpu,,,,,,,,,1710233727.0,400.0,32767.0,-32768.0,1710233727.0,305.0,-348.0,262.0
mpu,,,,,,,,,1710333730.0,-4718.0,31678.0,-30116.0,1710333730.0,-2930.0,506.0,1926.0
mpu,,,,,,,,,1710433732.0,860.0,12886.0,-32768.0,1710433732.0,-2761.0,7.0,1805.0
mpu,,,,,,,,,1710533732.0,-6048.0,-10320.0,-32768.0,1710533732.0,-124.0,-163.0,-129.0
mpu,,,,,,,,,1710633729.0,8314.0,-15140.0,-31830.0,1710633729.0,2169.0,33.0,-1900.0
mpu,,,,,,,,,1710733734.0,13320.0,25498.0,-10332.0,1710733734.0,2428.0,502.0,-1471.0
mpu,,,,,,,,,1710833731.0,11264.0,32767.0,-32768.0,1710833731.0,1272.0,-628.0,-441.0
mpu,,,,,,,,,1710933734.0,-3592.0,32767.0,-32768.0,1710933734.0,-1692.0,251.0,1326.0
mpu,,,,,,,,,1711033728.0,2498.0,24288.0,-32768.0,1711033728.0,-3257.0,304.0,2088.0
mpu,,,,,,,,,1711133734.0,-2148.0,-4392.0,-32768.0,1711133734.0,-1178.0,-106.0,761.0
mpu,,,,,,,,,1711233731.0,-2616.0,-24150.0,-32768.0,1711233731.0,1635.0,-257.0,-1298.0
mpu,,,,,,,,,1711333731.0,16234.0,6118.0,-16268.0,1711333731.0,2255.0,178.0,-1995.0
mpu,,,,,,,,,1711433731.0,10990.0,32767.0,-26098.0,1711433731.0,1975.0,-13.0,-916.0
mpu,,,,,,,,,1711533731.0,2782.0,32767.0,-32768.0,1711533731.0,-604.0,-135.0,632.0
mpu,,,,,,,,,1711633728.0,-76.0,32767.0,-32768.0,1711633728.0,-3186.0,544.0,2193.0
mpu,,,,,,,,,1711733728.0,178.0,1872.0,-28662.0,1711733728.0,-2041.0,88.0,1425.0
mpu,,,,,,,,,1711833728.0,-4178.0,-16652.0,-32768.0,1711833728.0,833.0,-340.0,-702.0
mpu,,,,,,,,,1711933726.0,19982.0,-10026.0,-32742.0,1711933726.0,2316.0,158.0,-2111.0
mpu,,,,,,,,,1712033729.0,11994.0,32767.0,-19614.0,1712033729.0,2292.0,113.0,-1264.0
mpu,,,,,,,,,1712133725.0,-812.0,32767.0,-32768.0,1712133725.0,456.0,-119.0,110.0
mpu,,,,,,,,,1712233729.0,-8738.0,32767.0,-32768.0,1712233729.0,-2696.0,385.0,1805.0
mpu,,,,,,,,,1712333729.0,-70.0,13658.0,-32082.0,1712333729.0,-2813.0,208.0,1859.0
mpu,,,,,,,,,1712433728.0,-5900.0,-11610.0,-32768.0,1712433728.0,-117.0,-271.0,10.0
mpu,,,,,,,,,1712533727.0,5964.0,-16218.0,-32448.0,1712533727.0,2096.0,-25.0,-2024.0
mpu,,,,,,,,,1712633723.0,5560.0,29276.0,-11358.0,1712633723.0,2471.0,503.0,-1499.0
mpu,,,,,,,,,1712733730.0,8070.0,32767.0,-32768.0,1712733730.0,1197.0,-577.0,-311.0
mpu,,,,,,,,,1712833729.0,-6138.0,32767.0,-32768.0,1712833729.0,-1842.0,327.0,1373.0
mpu,,,,,,,,,1712933733.0,-1136.0,20332.0,-31328.0,1712933733.0,-3235.0,448.0,2102.0
mpu,,,,,,,,,1713033731.0,-1144.0,-4616.0,-32768.0,1713033731.0,-1053.0,-218.0,602.0
mpu,,,,,,,,,1713133729.0,-11746.0,-19464.0,-25710.0,1713133729.0,1703.0,-202.0,-1511.0
mpu,,,,,,,,,1713233734.0,6218.0,3752.0,-14688.0,1713233734.0,2432.0,351.0,-1948.0
mpu,,,,,,,,,1713333730.0,5518.0,32767.0,-28904.0,1713333730.0,1864.0,-558.0,-903.0
mpu,,,,,,,,,1713433725.0,1580.0,32767.0,-32768.0,1713433725.0,-786.0,235.0,883.0
mpu,,,,,,,,,1713533725.0,-2262.0,27228.0,-32768.0,1713533725.0,-3424.0,455.0,2148.0
mpu,,,,,,,,,1713633732.0,2756.0,2774.0,-30206.0,1713633732.0,-1836.0,76.0,1301.0
mpu,,,,,,,,,1713733729.0,-3976.0,-19572.0,-32768.0,1713733729.0,1086.0,-396.0,-930.0
mpu,,,,,,,,,1713833728.0,13822.0,-3502.0,-20010.0,1713833728.0,2376.0,275.0,-2062.0
mpu,,,,,,,,,1713933735.0,16054.0,32767.0,-26260.0,1713933735.0,2291.0,-154.0,-1111.0
mpu,,,,,,,,,1714033734.0,2562.0,32767.0,-32768.0,1714033734.0,159.0,25.0,271.0
mpu,,,,,,,,,1714133727.0,-8352.0,32767.0,-30612.0,1714133727.0,-2998.0,557.0,2013.0
mpu,,,,,,,,,1714233727.0,354.0,11184.0,-31612.0,1714233727.0,-2614.0,64.0,1713.0
mpu,,,,,,,,,1714333723.0,-7172.0,-17386.0,-32768.0,1714333723.0,280.0,-168.0,-399.0
mpu,,,,,,,,,1714433738.0,12884.0,-17244.0,-32354.0,1714433738.0,2311.0,0.0,-2073.0
mpu,,,,,,,,,1714533733.0,10846.0,32767.0,-11256.0,1714533733.0,2510.0,394.0,-1346.0
mpu,,,,,,,,,1714633732.0,-660.0,32767.0,-32768.0,1714633732.0,768.0,-508.0,-149.0
mpu,,,,,,,,,1714733724.0,-8208.0,32767.0,-32768.0,1714733724.0,-2506.0,488.0,1794.0
mpu,,,,,,,,,1714833728.0,102.0,16680.0,-32768.0,1714833728.0,-2983.0,115.0,1933.0
mpu,,,,,,,,,1714933726.0,-6382.0,-12774.0,-32768.0,1714933726.0,-302.0,-192.0,112.0
mpu,,,,,,,,,1715033729.0,2254.0,-15852.0,-32768.0,1715033729.0,2177.0,-65.0,-1985.0
mpu,,,,,,,,,1715133733.0,9312.0,27124.0,-6190.0,1715133733.0,2527.0,522.0,-1530.0
mpu,,,,,,,,,1715233730.0,-3166.0,32767.0,-25574.0,1715233730.0,1046.0,-777.0,-402.0
mpu,,,,,,,,,1715333732.0,-5474.0,32767.0,-32768.0,1715333732.0,-1992.0,386.0,1607.0
mpu,,,,,,,,,1715433733.0,1672.0,21288.0,-31590.0,1715433733.0,-3145.0,216.0,2110.0
mpu,,,,,,,,,1715533730.0,-5686.0,-15418.0,-32768.0,1715533730.0,-798.0,-297.0,426.0
mpu,,,,,,,,,1715633729.0,2926.0,-22244.0,-28768.0,1715633729.0,1985.0,45.0,-2120.0
mpu,,,,,,,,,1715733726.0,16548.0,32767.0,-9758.0,1715733726.0,2913.0,453.0,-1845.0
mpu,,,,,,,,,1715833727.0,-1714.0,32767.0,-32554.0,1715833727.0,1704.0,-622.0,-551.0
mpu,,,,,,,,,1715933734.0,-9276.0,32767.0,-32768.0,1715933734.0,-2073.0,285.0,1504.0
mpu,,,,,,,,,1716033728.0,-1948.0,16448.0,-26100.0,1716033728.0,-3598.0,279.0,2589.0
mpu,,,,,,,,,1716133729.0,-10692.0,-20688.0,-32768.0,1716133729.0,-551.0,1.0,298.0
mpu,,,,,,,,,1716233734.0,13468.0,-20770.0,-32478.0,1716233734.0,2051.0,108.0,-2257.0
mpu,,,,,,,,,1716333728.0,22026.0,32767.0,-13758.0,1716333728.0,2892.0,7.0,-1500.0
mpu,,,,,,,,,1716433730.0,-550.0,32767.0,-32768.0,1716433730.0,784.0,-359.0,-198.0
mpu,,,,,,,,,1716533728.0,-8124.0,32767.0,-32768.0,1716533728.0,-2955.0,333.0,2146.0
mpu,,,,,,,,,1716633735.0,5314.0,2284.0,-32768.0,1716633735.0,-2855.0,285.0,2036.0
mpu,,,,,,,,,1716733732.0,-8562.0,-15964.0,-32768.0,1716733732.0,519.0,-112.0,-525.0
mpu,,,,,,,,,1716833730.0,12522.0,-10232.0,-22478.0,1716833730.0,2913.0,530.0,-2343.0
mpu,,,,,,,,,1716933728.0,10008.0,32767.0,-21296.0,1716933728.0,2443.0,-817.0,-1084.0
mpu,,,,,,,,,1717033726.0,-6860.0,32767.0,-32768.0,1717033726.0,-480.0,240.0,587.0
mpu,,,,,,,,,1717133731.0,1120.0,25602.0,-32768.0,1717133731.0,-3750.0,340.0,2802.0
mpu,,,,,,,,,1717233730.0,-13976.0,-24432.0,-32768.0,1717233730.0,-1566.0,51.0,860.0
mpu,,,,,,,,,1717333735.0,-8488.0,-21462.0,-32768.0,1717333735.0,1984.0,257.0,-2173.0
mpu,,,,,,,,,1717433737.0,29542.0,32767.0,-21588.0,1717433737.0,3255.0,-172.0,-1765.0
mpu,,,,,,,,,1717533729.0,4232.0,32767.0,-32768.0,1717533729.0,532.0,-414.0,-18.0
mpu,,,,,,,,,1717633735.0,-2984.0,32767.0,-32768.0,1717633735.0,-2997.0,457.0,2334.0
mpu,,,,,,,,,1717733725.0,2534.0,-2752.0,-31610.0,1717733725.0,-2600.0,367.0,1965.0
mpu,,,,,,,,,1717833735.0,-25602.0,-22196.0,-32768.0,1717833735.0,1203.0,31.0,-1274.0
mpu,,,,,,,,,1717933729.0,2594.0,3394.0,-1838.0,1717933729.0,3174.0,492.0,-2308.0
mpu,,,,,,,,,1718033729.0,2886.0,32767.0,-26570.0,1718033729.0,1432.0,-1172.0,-533.0
mpu,,,,,,,,,1718133729.0,-11492.0,32767.0,-31092.0,1718133729.0,-2194.0,590.0,1851.0
mpu,,,,,,,,,1718233728.0,-5116.0,12948.0,-30676.0,1718233728.0,-3208.0,521.0,2319.0
mpu,,,,,,,,,1718333734.0,-20260.0,-26386.0,-32768.0,1718333734.0,437.0,-112.0,-560.0
mpu,,,,,,,,,1718433729.0,20922.0,-10760.0,-15036.0,1718433729.0,3076.0,270.0,-2498.0
mpu,,,,,,,,,1718533728.0,13260.0,32767.0,-28114.0,1718533728.0,1933.0,-820.0,-907.0
mpu,,,,,,,,,1718633734.0,12594.0,32767.0,-32768.0,1718633734.0,-1582.0,594.0,1405.0
mpu,,,,,,,,,1718733732.0,-8372.0,21698.0,-32768.0,1718733732.0,-3404.0,409.0,2618.0
mpu,,,,,,,,,1718833726.0,-20304.0,-31822.0,-32768.0,1718833726.0,-249.0,-100.0,-228.0
mpu,,,,,,,,,1718933728.0,32020.0,-22818.0,-16586.0,1718933728.0,2853.0,151.0,-2682.0
mpu,,,,,,,,,1719033723.0,26320.0,32767.0,-32768.0,1719033723.0,2290.0,-398.0,-1001.0
mpu,,,,,,,,,1719133727.0,-11548.0,32767.0,-32342.0,1719133727.0,-1327.0,344.0,1211.0
mpu,,,,,,,,,1719233726.0,-7310.0,24676.0,-32768.0,1719233726.0,-3395.0,361.0,2559.0
mpu,,,,,,,,,1719333730.0,-11116.0,-32768.0,-32768.0,1719333730.0,-581.0,-137.0,256.0
mpu,,,,,,,,,1719433734.0,16138.0,-15636.0,-14550.0,1719433734.0,2848.0,192.0,-2637.0
mpu,,,,,,,,,1719533728.0,19916.0,32767.0,-17896.0,1719533728.0,2471.0,-442.0,-1284.0
mpu,,,,,,,,,1719633725.0,-5110.0,32767.0,-32768.0,1719633725.0,-879.0,-56.0,915.0
mpu,,,,,,,,,1719733730.0,-8224.0,29138.0,-32768.0,1719733730.0,-3397.0,531.0,2597.0
mpu,,,,,,,,,1719833728.0,-7276.0,-28018.0,-32768.0,1719833728.0,-1010.0,-162.0,647.0
mpu,,,,,,,,,1719933725.0,8842.0,-29574.0,-30854.0,1719933725.0,2601.0,84.0,-2581.0
mpu,,,,,,,,,1720033733.0,14858.0,32767.0,-16360.0,1720033733.0,2568.0,-390.0,-1600.0
mpu,,,,,,,,,1720133731.0,116.0,32767.0,-32768.0,1720133731.0,-440.0,-84.0,758.0
mpu,,,,,,,,,1720233724.0,-5136.0,32767.0,-32768.0,1720233724.0,-3261.0,596.0,2580.0
mpu,,,,,,,,,1720333726.0,-3902.0,-18830.0,-32768.0,1720333726.0,-1450.0,-109.0,883.0
mpu,,,,,,,,,1720433731.0,-6712.0,-29770.0,-20922.0,1720433731.0,2377.0,24.0,-2246.0
mpu,,,,,,,,,1720533730.0,21604.0,32767.0,-6644.0,1720533730.0,2669.0,42.0,-1849.0
mpu,,,,,,,,,1720633731.0,1744.0,32767.0,-32768.0,1720633731.0,15.0,-248.0,462.0
mpu,,,,,,,,,1720733731.0,-3386.0,32767.0,-32768.0,1720733731.0,-3044.0,603.0,2384.0
mpu,,,,,,,,,1720833728.0,1638.0,-4640.0,-32768.0,1720833728.0,-2058.0,-91.0,1339.0
mpu,,,,,,,,,1720933726.0,-13338.0,-32768.0,-32768.0,1720933726.0,1964.0,22.0,-1736.0
mpu,,,,,,,,,1721033730.0,15324.0,11868.0,2056.0,1721033730.0,2836.0,326.0,-2223.0
mpu,,,,,,,,,1721133727.0,4504.0,32767.0,-32768.0,1721133727.0,700.0,-893.0,-163.0
mpu,,,,,,,,,1721233734.0,3348.0,32767.0,-32768.0,1721233734.0,-2702.0,759.0,2308.0
mpu,,,,,,,,,1721333737.0,-8384.0,7618.0,-32226.0,1721333737.0,-2566.0,470.0,1926.0
mpu,,,,,,,,,1721433734.0,-13454.0,-32768.0,-32768.0,1721433734.0,1274.0,-296.0,-1346.0
mpu,,,,,,,,,1721533728.0,17980.0,8312.0,-12660.0,1721533728.0,2723.0,-125.0,-2685.0
mpu,,,,,,,,,1721633730.0,580.0,32767.0,-24132.0,1721633730.0,1315.0,-379.0,-316.0
mpu,,,,,,,,,1721733722.0,6454.0,32767.0,-32768.0,1721733722.0,-2215.0,466.0,1879.0
mpu,,,,,,,,,1721833728.0,-6456.0,16416.0,-32768.0,1721833728.0,-3040.0,444.0,2150.0
mpu,,,,,,,,,1721933730.0,-19254.0,-28188.0,-32768.0,1721933730.0,761.0,-214.0,-468.0
mpu,,,,,,,,,1722033733.0,32767.0,-11372.0,-23964.0,1722033733.0,2803.0,41.0,-2671.0
mpu,,,,,,,,,1722133726.0,7808.0,32767.0,-22062.0,1722133726.0,1953.0,-403.0,-864.0
mpu,,,,,,,,,1722233734.0,-7926.0,32767.0,-31360.0,1722233734.0,-1532.0,604.0,1332.0
mpu,,,,,,,,,1722333736.0,-10402.0,22038.0,-29468.0,1722333736.0,-3353.0,304.0,2420.0
mpu,,,,,,,,,1722433729.0,-11982.0,-32768.0,-32768.0,1722433729.0,-240.0,-162.0,115.0
mpu,,,,,,,,,1722533726.0,-11982.0,-32768.0,-32768.0,1722533726.0,-240.0,-162.0,115.0
mpu,,,,,,,,,1722633728.0,9966.0,-16748.0,-24116.0,1722633728.0,2601.0,-111.0,-2731.0
mpu,,,,,,,,,1722733733.0,11714.0,32767.0,-17636.0,1722733733.0,2253.0,-98.0,-1229.0
mpu,,,,,,,,,1722833729.0,-11788.0,32767.0,-32768.0,1722833729.0,-871.0,217.0,937.0
mpu,,,,,,,,,1722933728.0,-8280.0,31232.0,-32768.0,1722933728.0,-3430.0,331.0,2563.0
mpu,,,,,,,,,1723033737.0,-5860.0,-17498.0,-32768.0,1723033737.0,-1045.0,-57.0,769.0
mpu,,,,,,,,,1723133726.0,-4512.0,-26802.0,-18000.0,1723133726.0,2549.0,-109.0,-2245.0
mpu,,,,,,,,,1723233732.0,13726.0,32767.0,3132.0,1723233732.0,2267.0,-68.0,-1892.0
mpu,,,,,,,,,1723333729.0,-4354.0,32767.0,-32768.0,1723333729.0,77.0,-97.0,397.0
mpu,,,,,,,,,1723433728.0,-3412.0,32767.0,-32768.0,1723433728.0,-2965.0,491.0,2440.0
mpu,,,,,,,,,1723533735.0,-3892.0,234.0,-32768.0,1723533735.0,-1943.0,178.0,1340.0
mpu,,,,,,,,,1723633735.0,-10738.0,-32768.0,-32768.0,1723633735.0,1878.0,-344.0,-1603.0
mpu,,,,,,,,,1723733731.0,9488.0,14634.0,-2930.0,1723733731.0,2687.0,295.0,-2405.0
mpu,,,,,,,,,1723833723.0,5658.0,32767.0,-32768.0,1723833723.0,955.0,-605.0,-230.0
mpu,,,,,,,,,1723933731.0,5046.0,32767.0,-32768.0,1723933731.0,-2608.0,639.0,2137.0
mpu,,,,,,,,,1724033732.0,-4916.0,8888.0,-32768.0,1724033732.0,-2861.0,263.0,2071.0
mpu,,,,,,,,,1724133730.0,-13704.0,-27854.0,-32768.0,1724133730.0,1083.0,-78.0,-797.0
mpu,,,,,,,,,1724233734.0,28836.0,-5462.0,-25008.0,1724233734.0,2809.0,-36.0,-2620.0
mpu,,,,,,,,,1724333732.0,13214.0,32767.0,-27414.0,1724333732.0,1660.0,-578.0,-723.0
mpu,,,,,,,,,1724433727.0,-632.0,32767.0,-32768.0,1724433727.0,-1674.0,509.0,1373.0
mpu,,,,,,,,,1724533730.0,-5438.0,26508.0,-32768.0,1724533730.0,-3199.0,304.0,2427.0
mpu,,,,,,,,,1724633733.0,-5288.0,-32768.0,-32768.0,1724633733.0,-200.0,-173.0,46.0
mpu,,,,,,,,,1724733726.0,6738.0,-21102.0,-27802.0,1724733726.0,2752.0,350.0,-2493.0
mpu,,,,,,,,,1724833724.0,14042.0,32767.0,-18896.0,1724833724.0,2244.0,-440.0,-1312.0
mpu,,,,,,,,,1724933727.0,-7144.0,32767.0,-32768.0,1724933727.0,-495.0,85.0,705.0
mpu,,,,,,,,,1725033733.0,-3614.0,-5552.0,-32768.0,1725033733.0,-1683.0,438.0,1036.0
mpu,,,,,,,,,1725133728.0,2086.0,21758.0,-32768.0,1725133728.0,-332.0,227.0,-96.0
mpu,,,,,,,,,1725233727.0,740.0,12720.0,-26968.0,1725233727.0,450.0,1.0,-398.0
mpu,,,,,,,,,1725333731.0,444.0,16834.0,-32104.0,1725333731.0,750.0,89.0,-127.0
mpu,,,,,,,,,1725433734.0,1058.0,21712.0,-32548.0,1725433734.0,1224.0,124.0,-559.0
mpu,,,,,,,,,1725533731.0,-206.0,19442.0,-29256.0,1725533731.0,916.0,8.0,-709.0
mpu,,,,,,,,,1725633729.0,2006.0,18358.0,-29394.0,1725633729.0,-150.0,9.0,-112.0
mpu,,,,,,,,,1725733731.0,1976.0,9496.0,-27244.0,1725733731.0,-217.0,-51.0,-43.0
mpu,,,,,,,,,1725833735.0,928.0,15452.0,-31168.0,1725833735.0,33.0,43.0,18.0
mpu,,,,,,,,,1725933727.0,268.0,17546.0,-32694.0,1725933727.0,130.0,24.0,-27.0
mpu,,,,,,,,,1726033725.0,-146.0,17434.0,-32768.0,1726033725.0,67.0,-11.0,-23.0
mpu,,,,,,,,,1726133729.0,-1450.0,18256.0,-32768.0,1726133729.0,42.0,12.0,-28.0
mpu,,,,,,,,,1726233727.0,-412.0,17044.0,-32768.0,1726233727.0,35.0,25.0,7.0
mpu,,,,,,,,,1726333736.0,400.0,16298.0,-31606.0,1726333736.0,-17.0,-25.0,-26.0
mpu,,,,,,,,,1726433729.0,672.0,16292.0,-32516.0,1726433729.0,-11.0,-26.0,-20.0
mpu,,,,,,,,,1726533728.0,98.0,16138.0,-32768.0,1726533728.0,-1.0,5.0,10.0
mpu,,,,,,,,,1726633732.0,-584.0,16938.0,-32768.0,1726633732.0,-9.0,-13.0,0.0
mpu,,,,,,,,,1726733738.0,-1322.0,17248.0,-32768.0,1726733738.0,-1.0,-14.0,-17.0
mpu,,,,,,,,,1726833735.0,-530.0,16890.0,-32706.0,1726833735.0,1.0,-4.0,-14.0
mpu,,,,,,,,,1726933722.0,-628.0,16930.0,-32142.0,1726933722.0,-8.0,8.0,-21.0
mpu,,,,,,,,,1727033733.0,-514.0,16454.0,-32066.0,1727033733.0,-22.0,6.0,-9.0
mpu,,,,,,,,,1727133732.0,-544.0,16688.0,-32368.0,1727133732.0,-25.0,8.0,11.0
mpu,,,,,,,,,1727233729.0,-828.0,16550.0,-32434.0,1727233729.0,-13.0,15.0,13.0
mpu,,,,,,,,,1727333729.0,-718.0,16800.0,-32768.0,1727333729.0,9.0,15.0,5.0
mpu,,,,,,,,,1727433729.0,72.0,16668.0,-32768.0,1727433729.0,12.0,8.0,4.0
mpu,,,,,,,,,1727533729.0,406.0,16726.0,-32376.0,1727533729.0,-2.0,14.0,7.0
mpu,,,,,,,,,1727633727.0,144.0,16478.0,-31872.0,1727633727.0,-9.0,24.0,24.0
mpu,,,,,,,,,1727733726.0,-336.0,16268.0,-32086.0,1727733726.0,-14.0,3.0,28.0
mpu,,,,,,,,,1727833726.0,-132.0,16764.0,-32768.0,1727833726.0,-2.0,-7.0,10.0
mpu,,,,,,,,,1727933733.0,520.0,16606.0,-32116.0,1727933733.0,-15.0,-4.0,15.0
mpu,,,,,,,,,1728033736.0,-156.0,16498.0,-32396.0,1728033736.0,-12.0,5.0,24.0
mpu,,,,,,,,,1728133732.0,54.0,16668.0,-32674.0,1728133732.0,-10.0,26.0,27.0
mpu,,,,,,,,,1728233727.0,452.0,16294.0,-31412.0,1728233727.0,26.0,-38.0,36.0
mpu,,,,,,,,,1728333733.0,1026.0,16286.0,-31280.0,1728333733.0,99.0,-59.0,7.0
mpu,,,,,,,,,1728433732.0,128.0,17240.0,-32604.0,1728433732.0,230.0,-94.0,-65.0
mpu,,,,,,,,,1728533729.0,-640.0,16486.0,-32768.0,1728533729.0,410.0,-63.0,-183.0
mpu,,,,,,,,,1728633728.0,-1054.0,16134.0,-32768.0,1728633728.0,571.0,-126.0,-309.0
mpu,,,,,,,,,1728733735.0,-2376.0,16836.0,-32768.0,1728733735.0,802.0,35.0,-451.0
mpu,,,,,,,,,1728833727.0,-2326.0,16484.0,-32768.0,1728833727.0,497.0,97.0,-245.0
mpu,,,,,,,,,1728933725.0,-1796.0,16136.0,-32768.0,1728933725.0,-137.0,-58.0,51.0
mpu,,,,,,,,,1729033726.0,-1382.0,15860.0,-32768.0,1729033726.0,-301.0,-77.0,150.0
mpu,,,,,,,,,1729133729.0,-1116.0,16240.0,-32768.0,1729133729.0,-97.0,-9.0,46.0
mpu,,,,,,,,,1729233739.0,-1970.0,16520.0,-32768.0,1729233739.0,71.0,44.0,-47.0
mpu,,,,,,,,,1729333733.0,-1986.0,16182.0,-32768.0,1729333733.0,-3.0,20.0,-14.0
mpu,,,,,,,,,1729433728.0,-1814.0,16090.0,-32768.0,1729433728.0,-27.0,-2.0,5.0
mpu,,,,,,,,,1729533729.0,-1534.0,16550.0,-32768.0,1729533729.0,-13.0,4.0,2.0
mpu,,,,,,,,,1729633730.0,-1458.0,16310.0,-32768.0,1729633730.0,-8.0,14.0,11.0
mpu,,,,,,,,,1729733728.0,-1554.0,16274.0,-32768.0,1729733728.0,-50.0,14.0,27.0
mpu,,,,,,,,,1729833733.0,-1150.0,16302.0,-32768.0,1729833733.0,-81.0,-2.0,47.0
mpu,,,,,,,,,1729933729.0,-1250.0,16472.0,-32768.0,1729933729.0,-64.0,2.0,37.0
mpu,,,,,,,,,1730033730.0,-580.0,16512.0,-32768.0,1730033730.0,-66.0,-14.0,42.0
mpu,,,,,,,,,1730133732.0,-848.0,16694.0,-32768.0,1730133732.0,-172.0,26.0,128.0
mpu,,,,,,,,,1730233734.0,742.0,17436.0,-32768.0,1730233734.0,-417.0,-12.0,318.0
mpu,,,,,,,,,1730333730.0,-394.0,18748.0,-32768.0,1730333730.0,-805.0,-17.0,579.0
mpu,,,,,,,,,1730433725.0,888.0,15852.0,-32646.0,1730433725.0,-1074.0,25.0,730.0
mpu,,,,,,,,,1730533731.0,2328.0,16696.0,-28546.0,1730533731.0,-806.0,20.0,525.0
mpu,,,,,,,,,1730633733.0,5684.0,17110.0,-27152.0,1730633733.0,-699.0,26.0,515.0
mpu,,,,,,,,,1730733730.0,3528.0,18898.0,-27190.0,1730733730.0,-972.0,184.0,665.0
mpu,,,,,,,,,1730833733.0,3790.0,17612.0,-26834.0,1730833733.0,-1168.0,123.0,756.0
mpu,,,,,,,,,1730933732.0,3780.0,14032.0,-23856.0,1730933732.0,-1041.0,48.0,722.0
mpu,,,,,,,,,1731033729.0,6142.0,12436.0,-24868.0,1731033729.0,-657.0,-116.0,573.0
mpu,,,,,,,,,1731133725.0,5814.0,7860.0,-25256.0,1731133725.0,32.0,-145.0,156.0
mpu,,,,,,,,,1731233734.0,5992.0,5632.0,-27394.0,1731233734.0,711.0,-183.0,-391.0
mpu,,,,,,,,,1731333735.0,3408.0,9076.0,-23518.0,1731333735.0,917.0,40.0,-798.0
mpu,,,,,,,,,1731433728.0,-658.0,10088.0,-30550.0,1731433728.0,937.0,116.0,-740.0
mpu,,,,,,,,,1731533731.0,6428.0,8344.0,-24966.0,1731533731.0,1216.0,175.0,-807.0
mpu,,,,,,,,,1731633729.0,2436.0,14442.0,-28074.0,1731633729.0,886.0,-7.0,-564.0
mpu,,,,,,,,,1731733731.0,4400.0,19520.0,-25136.0,1731733731.0,653.0,-106.0,-501.0
mpu,,,,,,,,,1731833729.0,3596.0,25726.0,-30582.0,1731833729.0,288.0,-29.0,-155.0
mpu,,,,,,,,,1731933727.0,390.0,26930.0,-32768.0,1731933727.0,-540.0,12.0,412.0
mpu,,,,,,,,,1732033731.0,-1792.0,20232.0,-32434.0,1732033731.0,-1379.0,101.0,980.0
mpu,,,,,,,,,1732133721.0,6500.0,16432.0,-24648.0,1732133721.0,-1398.0,167.0,984.0
mpu,,,,,,,,,1732233727.0,3520.0,17186.0,-30122.0,1732233727.0,-1379.0,-56.0,1009.0
mpu,,,,,,,,,1732333731.0,8562.0,13232.0,-22532.0,1732333731.0,-879.0,31.0,652.0
mpu,,,,,,,,,1732433733.0,5904.0,7062.0,-25500.0,1732433733.0,-97.0,-114.0,201.0
mpu,,,,,,,,,1732533730.0,5700.0,4520.0,-27850.0,1732533730.0,703.0,-286.0,-463.0
mpu,,,,,,,,,1732633725.0,2782.0,7532.0,-24258.0,1732633725.0,1042.0,28.0,-961.0
mpu,,,,,,,,,1732733728.0,1718.0,9004.0,-30468.0,1732733728.0,1081.0,110.0,-934.0
mpu,,,,,,,,,1732833731.0,10276.0,12356.0,-18298.0,1732833731.0,1209.0,231.0,-834.0
mpu,,,,,,,,,1732933730.0,5716.0,20544.0,-26826.0,1732933730.0,828.0,-2.0,-542.0
mpu,,,,,,,,,1733033729.0,4830.0,20050.0,-27138.0,1733033729.0,469.0,15.0,-394.0
mpu,,,,,,,,,1733133733.0,3860.0,25152.0,-30792.0,1733133733.0,41.0,-320.0,-67.0
mpu,,,,,,,,,1733233724.0,2232.0,23030.0,-32768.0,1733233724.0,-678.0,-99.0,423.0
mpu,,,,,,,,,1733333737.0,3120.0,18796.0,-31924.0,1733333737.0,-1255.0,99.0,937.0
mpu,,,,,,,,,1733433732.0,3234.0,18972.0,-28360.0,1733433732.0,-1390.0,361.0,919.0
mpu,,,,,,,,,1733533729.0,4994.0,17040.0,-24136.0,1733533729.0,-1263.0,82.0,777.0
mpu,,,,,,,,,1733633732.0,5650.0,9084.0,-24740.0,1733633732.0,-627.0,-179.0,473.0
mpu,,,,,,,,,1733733730.0,5038.0,9356.0,-26528.0,1733733730.0,264.0,-176.0,-50.0
mpu,,,,,,,,,1733833726.0,4726.0,4926.0,-30322.0,1733833726.0,1038.0,-148.0,-665.0
mpu,,,,,,,,,1733933727.0,2368.0,8228.0,-31458.0,1733933727.0,1296.0,224.0,-1288.0
mpu,,,,,,,,,1734033737.0,-420.0,12530.0,-32768.0,1734033737.0,1259.0,478.0,-1169.0
mpu,,,,,,,,,1734133736.0,5736.0,13180.0,-30240.0,1734133736.0,1424.0,-178.0,-705.0
mpu,,,,,,,,,1734233729.0,1018.0,17776.0,-27874.0,1734233729.0,1050.0,-511.0,-554.0
mpu,,,,,,,,,1734333732.0,6230.0,24176.0,-32768.0,1734333732.0,717.0,-164.0,-308.0
mpu,,,,,,,,,1734433732.0,-2404.0,25122.0,-32768.0,1734433732.0,94.0,-28.0,-64.0
mpu,,,,,,,,,1734533731.0,-3724.0,27156.0,-32768.0,1734533731.0,-1249.0,282.0,772.0
mpu,,,,,,,,,1734633734.0,6834.0,19748.0,-32768.0,1734633734.0,-1986.0,311.0,1080.0
mpu,,,,,,,,,1734733727.0,-1430.0,13466.0,-26708.0,1734733727.0,-1889.0,575.0,853.0
mpu,,,,,,,,,1734833732.0,4968.0,14156.0,-28008.0,1734833732.0,-1211.0,-177.0,799.0
mpu,,,,,,,,,1734933728.0,-782.0,11514.0,-24116.0,1734933728.0,-312.0,27.0,641.0
mpu,,,,,,,,,1735033731.0,-756.0,1666.0,-32768.0,1735033731.0,459.0,-580.0,-218.0
mpu,,,,,,,,,1735133739.0,-3588.0,9462.0,-31602.0,1735133739.0,936.0,-147.0,-1121.0
mpu,,,,,,,,,1735233729.0,4778.0,6996.0,-29132.0,1735233729.0,1368.0,435.0,-909.0
mpu,,,,,,,,,1735333729.0,4172.0,10558.0,-27288.0,1735333729.0,1347.0,241.0,-637.0
mpu,,,,,,,,,1735433732.0,13748.0,18854.0,-32768.0,1735433732.0,1340.0,-218.0,-608.0
mpu,,,,,,,,,1735533735.0,5054.0,24540.0,-32768.0,1735533735.0,967.0,-246.0,-359.0
mpu,,,,,,,,,1735633729.0,-6384.0,31264.0,-32768.0,1735633729.0,-122.0,262.0,103.0
mpu,,,,,,,,,1735733730.0,158.0,21794.0,-32768.0,1735733730.0,-1958.0,322.0,1215.0
mpu,,,,,,,,,1735833726.0,1076.0,18750.0,-29570.0,1735833726.0,-2197.0,-89.0,956.0
mpu,,,,,,,,,1735933725.0,2450.0,10466.0,-23024.0,1735933725.0,-1816.0,259.0,658.0
mpu,,,,,,,,,1736033735.0,-1614.0,12222.0,-28342.0,1736033735.0,-762.0,-177.0,440.0
mpu,,,,,,,,,1736133728.0,2698.0,5588.0,-32508.0,1736133728.0,314.0,-221.0,-16.0
mpu,,,,,,,,,1736233736.0,5938.0,5544.0,-32768.0,1736233736.0,1110.0,-148.0,-998.0
mpu,,,,,,,,,1736333730.0,540.0,6162.0,-27886.0,1736333730.0,1545.0,382.0,-1174.0
mpu,,,,,,,,,1736433728.0,7146.0,17032.0,-21924.0,1736433728.0,1639.0,372.0,-586.0
mpu,,,,,,,,,1736533729.0,6282.0,24112.0,-27958.0,1736533729.0,1444.0,-260.0,-511.0
mpu,,,,,,,,,1736633723.0,3452.0,28058.0,-32768.0,1736633723.0,686.0,3.0,-164.0
mpu,,,,,,,,,1736733729.0,-4012.0,28946.0,-32768.0,1736733729.0,-1060.0,212.0,582.0
mpu,,,,,,,,,1736833733.0,6446.0,21644.0,-31520.0,1736833733.0,-2407.0,131.0,1257.0
mpu,,,,,,,,,1736933732.0,-410.0,18042.0,-28834.0,1736933732.0,-2119.0,267.0,1072.0
mpu,,,,,,,,,1737033728.0,3744.0,12398.0,-26342.0,1737033728.0,-1382.0,-16.0,758.0
mpu,,,,,,,,,1737133733.0,3576.0,5244.0,-28820.0,1737133733.0,-82.0,-305.0,177.0
mpu,,,,,,,,,1737233733.0,-1838.0,184.0,-22332.0,1737233733.0,1090.0,-202.0,-783.0
mpu,,,,,,,,,1737333725.0,1452.0,3240.0,-25494.0,1737333725.0,1613.0,236.0,-1328.0
mpu,,,,,,,,,1737433729.0,1532.0,12196.0,-24796.0,1737433729.0,1646.0,385.0,-758.0
mpu,,,,,,,,,1737533736.0,4866.0,21196.0,-23380.0,1737533736.0,1306.0,-170.0,-511.0
mpu,,,,,,,,,1737633732.0,1260.0,31184.0,-32768.0,1737633732.0,771.0,-264.0,-257.0
mpu,,,,,,,,,1737733727.0,-374.0,30514.0,-32768.0,1737733727.0,-962.0,103.0,638.0
mpu,,,,,,,,,1737833729.0,-26.0,20552.0,-31960.0,1737833729.0,-2329.0,240.0,1346.0
mpu,,,,,,,,,1737933731.0,4650.0,20050.0,-31810.0,1737933731.0,-2094.0,254.0,1299.0
mpu,,,,,,,,,1738033727.0,4270.0,7710.0,-24564.0,1738033727.0,-1255.0,18.0,693.0
mpu,,,,,,,,,1738133727.0,1626.0,3332.0,-29776.0,1738133727.0,71.0,-221.0,-162.0
mpu,,,,,,,,,1738233724.0,5198.0,-1310.0,-32768.0,1738233724.0,1173.0,-159.0,-1072.0
mpu,,,,,,,,,1738333731.0,2990.0,6098.0,-26272.0,1738333731.0,1644.0,290.0,-1041.0
mpu,,,,,,,,,1738433730.0,7788.0,13878.0,-20414.0,1738433730.0,1492.0,127.0,-767.0
mpu,,,,,,,,,1738533726.0,5512.0,24332.0,-21174.0,1738533726.0,1026.0,-57.0,-461.0
mpu,,,,,,,,,1738633734.0,-2074.0,30918.0,-32768.0,1738633734.0,156.0,-130.0,155.0
mpu,,,,,,,,,1738733729.0,3264.0,26476.0,-29258.0,1738733729.0,-1481.0,181.0,897.0
mpu,,,,,,,,,1738833727.0,7128.0,22820.0,-32768.0,1738833727.0,-2156.0,-66.0,1225.0
mpu,,,,,,,,,1738933730.0,2230.0,15542.0,-26004.0,1738933730.0,-1745.0,319.0,979.0
mpu,,,,,,,,,1739033729.0,1758.0,7038.0,-27786.0,1739033729.0,-594.0,-30.0,304.0
mpu,,,,,,,,,1739133725.0,1846.0,-1670.0,-31942.0,1739133725.0,940.0,-256.0,-489.0
mpu,,,,,,,,,1739233738.0,3620.0,-1712.0,-32768.0,1739233738.0,1561.0,14.0,-1354.0
mpu,,,,,,,,,1739333731.0,6600.0,10686.0,-20986.0,1739333731.0,1527.0,429.0,-1011.0
mpu,,,,,,,,,1739433728.0,6734.0,22692.0,-23464.0,1739433728.0,1443.0,31.0,-592.0
mpu,,,,,,,,,1739533726.0,4216.0,32682.0,-31378.0,1739533726.0,705.0,-241.0,-151.0
mpu,,,,,,,,,1739633729.0,800.0,31190.0,-32768.0,1739633729.0,-855.0,-132.0,602.0
mpu,,,,,,,,,1739733729.0,1796.0,24944.0,-30186.0,1739733729.0,-2321.0,204.0,1250.0
mpu,,,,,,,,,1739833729.0,2990.0,16784.0,-24888.0,1739833729.0,-2063.0,213.0,1175.0
mpu,,,,,,,,,1739933728.0,3322.0,8706.0,-28050.0,1739933728.0,-980.0,-25.0,585.0
mpu,,,,,,,,,1740033739.0,1810.0,840.0,-31308.0,1740033739.0,639.0,-184.0,-250.0
mpu,,,,,,,,,1740133734.0,3610.0,-2748.0,-32768.0,1740133734.0,1608.0,-332.0,-1165.0
mpu,,,,,,,,,1740233726.0,2030.0,8516.0,-24632.0,1740233726.0,1617.0,447.0,-1124.0
mpu,,,,,,,,,1740333734.0,8128.0,18408.0,-22132.0,1740333734.0,1484.0,84.0,-700.0
mpu,,,,,,,,,1740433734.0,320.0,30810.0,-29348.0,1740433734.0,1031.0,-234.0,-445.0
mpu,,,,,,,,,1740533727.0,-2500.0,31552.0,-32768.0,1740533727.0,-421.0,-307.0,357.0
mpu,,,,,,,,,1740633734.0,6222.0,27340.0,-28904.0,1740633734.0,-2049.0,267.0,1380.0
mpu,,,,,,,,,1740733728.0,2064.0,17630.0,-31522.0,1740733728.0,-2284.0,311.0,1372.0
mpu,,,,,,,,,1740833734.0,1186.0,10278.0,-25868.0,1740833734.0,-1436.0,184.0,695.0
mpu,,,,,,,,,1740933734.0,1228.0,2508.0,-28946.0,1740933734.0,58.0,-226.0,-212.0
mpu,,,,,,,,,1741033741.0,4366.0,-3486.0,-26902.0,1741033741.0,1435.0,-239.0,-969.0
mpu,,,,,,,,,1741133727.0,3890.0,7592.0,-28436.0,1741133727.0,1805.0,270.0,-1174.0
mpu,,,,,,,,,1741233723.0,6036.0,14208.0,-18724.0,1741233723.0,1615.0,115.0,-838.0
mpu,,,,,,,,,1741333727.0,4248.0,30148.0,-25748.0,1741333727.0,1138.0,-332.0,-503.0
mpu,,,,,,,,,1741433733.0,-644.0,31350.0,-32768.0,1741433733.0,13.0,-204.0,169.0
mpu,,,,,,,,,1741533731.0,1204.0,28240.0,-31720.0,1741533731.0,-1723.0,149.0,1243.0
mpu,,,,,,,,,1741633732.0,4972.0,21250.0,-28410.0,1741633732.0,-2286.0,289.0,1431.0
mpu,,,,,,,,,1741733732.0,2152.0,13452.0,-27356.0,1741733732.0,-1700.0,207.0,991.0
mpu,,,,,,,,,1741833728.0,2980.0,1290.0,-28088.0,1741833728.0,-180.0,-28.0,103.0
mpu,,,,,,,,,1741933732.0,-2890.0,-1370.0,-29864.0,1741933732.0,1272.0,-251.0,-752.0
mpu,,,,,,,,,1742033725.0,4174.0,5700.0,-29236.0,1742033725.0,1762.0,128.0,-1280.0
mpu,,,,,,,,,1742133732.0,8654.0,12978.0,-21072.0,1742133732.0,1661.0,205.0,-937.0
mpu,,,,,,,,,1742233728.0,7158.0,27692.0,-25742.0,1742233728.0,1153.0,-454.0,-630.0
mpu,,,,,,,,,1742333730.0,-1048.0,31690.0,-32768.0,1742333730.0,160.0,-171.0,-17.0
mpu,,,,,,,,,1742433727.0,1992.0,29026.0,-32740.0,1742433727.0,-1412.0,194.0,963.0
mpu,,,,,,,,,1742533736.0,2254.0,22634.0,-30052.0,1742533736.0,-2229.0,262.0,1409.0
mpu,,,,,,,,,1742633731.0,2692.0,14338.0,-29484.0,1742633731.0,-1821.0,125.0,1144.0
mpu,,,,,,,,,1742733730.0,3810.0,4734.0,-28618.0,1742733730.0,-424.0,79.0,338.0
mpu,,,,,,,,,1742833737.0,264.0,-2804.0,-32420.0,1742833737.0,993.0,-271.0,-573.0
mpu,,,,,,,,,1742933733.0,-1606.0,1226.0,-32304.0,1742933733.0,1525.0,80.0,-1289.0
mpu,,,,,,,,,1743033730.0,2146.0,8318.0,-18802.0,1743033730.0,1732.0,428.0,-1075.0
mpu,,,,,,,,,1743133729.0,8854.0,24520.0,-20806.0,1743133729.0,1392.0,151.0,-443.0
mpu,,,,,,,,,1743233727.0,2452.0,32620.0,-32768.0,1743233727.0,397.0,-133.0,-140.0
mpu,,,,,,,,,1743333725.0,2314.0,32764.0,-32768.0,1743333725.0,-1285.0,-216.0,691.0
mpu,,,,,,,,,1743433731.0,-13244.0,12602.0,-32768.0,1743433731.0,-2418.0,269.0,1348.0
mpu,,,,,,,,,1743533729.0,2068.0,17352.0,-31146.0,1743533729.0,-1876.0,183.0,1216.0
mpu,,,,,,,,,1743633731.0,1444.0,4012.0,-25878.0,1743633731.0,-732.0,-49.0,508.0
mpu,,,,,,,,,1743733733.0,2318.0,258.0,-32768.0,1743733733.0,781.0,-399.0,-453.0
mpu,,,,,,,,,1743833729.0,2868.0,-1406.0,-32768.0,1743833729.0,1614.0,-161.0,-1236.0
mpu,,,,,,,,,1743933729.0,6978.0,9792.0,-18050.0,1743933729.0,1627.0,383.0,-1254.0
mpu,,,,,,,,,1744033733.0,5302.0,22584.0,-23070.0,1744033733.0,1264.0,127.0,-738.0
mpu,,,,,,,,,1744133729.0,4382.0,32767.0,-28728.0,1744133729.0,553.0,-362.0,-303.0
mpu,,,,,,,,,1744233729.0,1810.0,27930.0,-32768.0,1744233729.0,-917.0,-60.0,709.0
mpu,,,,,,,,,1744333725.0,822.0,23524.0,-31492.0,1744333725.0,-2071.0,336.0,1370.0
mpu,,,,,,,,,1744433732.0,5634.0,20318.0,-24480.0,1744433732.0,-2041.0,-158.0,1310.0
mpu,,,,,,,,,1744533729.0,3784.0,9636.0,-27162.0,1744533729.0,-958.0,83.0,592.0
mpu,,,,,,,,,1744633729.0,2080.0,-692.0,-30362.0,1744633729.0,547.0,-9.0,-382.0
mpu,,,,,,,,,1744733727.0,1964.0,-1516.0,-32768.0,1744733727.0,1568.0,-168.0,-1235.0
mpu,,,,,,,,,1744833724.0,6246.0,8224.0,-22360.0,1744833724.0,1733.0,300.0,-1138.0
mpu,,,,,,,,,1744933727.0,11008.0,20356.0,-23840.0,1744933727.0,1417.0,121.0,-742.0
mpu,,,,,,,,,1745033727.0,-326.0,29694.0,-26772.0,1745033727.0,822.0,-108.0,-525.0
mpu,,,,,,,,,1745133731.0,2768.0,31584.0,-32768.0,1745133731.0,-438.0,-120.0,452.0
mpu,,,,,,,,,1745233727.0,6142.0,24166.0,-27896.0,1745233727.0,-1955.0,306.0,1274.0
mpu,,,,,,,,,1745333728.0,5284.0,19904.0,-30768.0,1745333728.0,-2108.0,123.0,1330.0
mpu,,,,,,,,,1745433737.0,2600.0,9678.0,-25596.0,1745433737.0,-1327.0,152.0,729.0
mpu,,,,,,,,,1745533725.0,3170.0,3306.0,-28790.0,1745533725.0,36.0,-258.0,-56.0
mpu,,,,,,,,,1745633732.0,-3510.0,-2156.0,-29104.0,1745633732.0,1382.0,-275.0,-875.0
mpu,,,,,,,,,1745733727.0,2796.0,3086.0,-27946.0,1745733727.0,1701.0,1.0,-1236.0
mpu,,,,,,,,,1745833734.0,4952.0,11696.0,-19646.0,1745833734.0,1394.0,272.0,-1034.0
mpu,,,,,,,,,1745933732.0,5676.0,28582.0,-26806.0,1745933732.0,945.0,-113.0,-734.0
mpu,,,,,,,,,1746033726.0,608.0,29052.0,-32768.0,1746033726.0,170.0,-140.0,44.0
mpu,,,,,,,,,1746133726.0,444.0,24348.0,-32320.0,1746133726.0,-1332.0,48.0,927.0
mpu,,,,,,,,,1746233731.0,-604.0,20340.0,-32768.0,1746233731.0,-2174.0,338.0,1372.0
mpu,,,,,,,,,1746333730.0,4086.0,14562.0,-27282.0,1746333730.0,-1857.0,120.0,1012.0
mpu,,,,,,,,,1746433729.0,3232.0,6722.0,-26732.0,1746433729.0,-636.0,-186.0,395.0
mpu,,,,,,,,,1746533728.0,2966.0,242.0,-30954.0,1746533728.0,795.0,-295.0,-395.0
mpu,,,,,,,,,1746633730.0,5272.0,-3000.0,-32768.0,1746633730.0,1573.0,-221.0,-1217.0
mpu,,,,,,,,,1746733727.0,5932.0,10102.0,-19696.0,1746733727.0,1556.0,400.0,-1161.0
mpu,,,,,,,,,1746833730.0,6628.0,18068.0,-21986.0,1746833730.0,1287.0,316.0,-696.0
mpu,,,,,,,,,1746933732.0,2316.0,30674.0,-28450.0,1746933732.0,925.0,-35.0,-238.0
mpu,,,,,,,,,1747033731.0,1854.0,31320.0,-32532.0,1747033731.0,-363.0,-234.0,404.0
mpu,,,,,,,,,1747133726.0,1850.0,20948.0,-29426.0,1747133726.0,-1959.0,27.0,1043.0
mpu,,,,,,,,,1747233731.0,2840.0,21018.0,-27742.0,1747233731.0,-2132.0,311.0,1099.0
mpu,,,,,,,,,1747333735.0,1858.0,13372.0,-25092.0,1747333735.0,-1568.0,127.0,755.0
mpu,,,,,,,,,1747433728.0,2196.0,4970.0,-27284.0,1747433728.0,-174.0,-252.0,229.0
mpu,,,,,,,,,1747533729.0,1114.0,-634.0,-32768.0,1747533729.0,1142.0,-294.0,-527.0
mpu,,,,,,,,,1747633729.0,4826.0,1706.0,-26016.0,1747633729.0,1618.0,20.0,-1274.0
mpu,,,,,,,,,1747733733.0,7602.0,11328.0,-19008.0,1747733733.0,1535.0,283.0,-931.0
mpu,,,,,,,,,1747833729.0,7294.0,19652.0,-23660.0,1747833729.0,1439.0,108.0,-614.0
mpu,,,,,,,,,1747933730.0,4516.0,32767.0,-32768.0,1747933730.0,1301.0,-405.0,-586.0
mpu,,,,,,,,,1748033730.0,-6086.0,29912.0,-32768.0,1748033730.0,237.0,11.0,-149.0
mpu,,,,,,,,,1748133728.0,11304.0,32767.0,-26038.0,1748133728.0,-2013.0,16.0,1312.0
mpu,,,,,,,,,1748233731.0,13070.0,14004.0,-28978.0,1748233731.0,-2637.0,414.0,1568.0
mpu,,,,,,,,,1748333731.0,3280.0,9328.0,-26574.0,1748333731.0,-1074.0,348.0,541.0
mpu,,,,,,,,,1748433729.0,718.0,4964.0,-31072.0,1748433729.0,107.0,-457.0,-115.0
mpu,,,,,,,,,1748533729.0,6052.0,-1650.0,-32768.0,1748533729.0,1158.0,-303.0,-1106.0
mpu,,,,,,,,,1748633726.0,1026.0,6300.0,-24394.0,1748633726.0,1665.0,571.0,-1226.0
mpu,,,,,,,,,1748733726.0,7084.0,17398.0,-23236.0,1748733726.0,1702.0,394.0,-647.0
mpu,,,,,,,,,1748833726.0,5418.0,29082.0,-32628.0,1748833726.0,1331.0,-297.0,-357.0
mpu,,,,,,,,,1748933728.0,-2920.0,28474.0,-32768.0,1748933728.0,174.0,47.0,-1.0
mpu,,,,,,,,,1749033733.0,1562.0,31042.0,-32768.0,1749033733.0,-1852.0,20.0,954.0
mpu,,,,,,,,,1749133731.0,2248.0,20800.0,-30932.0,1749133731.0,-2679.0,215.0,1174.0
mpu,,,,,,,,,1749233726.0,1328.0,12942.0,-27394.0,1749233726.0,-1787.0,207.0,938.0
mpu,,,,,,,,,1749333730.0,2282.0,8106.0,-30266.0,1749333730.0,-511.0,-294.0,506.0
mpu,,,,,,,,,1749433734.0,-1680.0,-2554.0,-32768.0,1749433734.0,757.0,-271.0,-587.0
mpu,,,,,,,,,1749533732.0,-2848.0,4220.0,-20168.0,1749533732.0,1474.0,210.0,-1411.0
mpu,,,,,,,,,1749633727.0,6030.0,10808.0,-20958.0,1749633727.0,1764.0,412.0,-883.0
mpu,,,,,,,,,1749733726.0,3366.0,23484.0,-23094.0,1749733726.0,1637.0,-58.0,-441.0
mpu,,,,,,,,,1749833731.0,-1388.0,29618.0,-32768.0,1749833731.0,738.0,-374.0,-341.0
mpu,,,,,,,,,1749933730.0,-3952.0,28996.0,-32768.0,1749933730.0,-1036.0,-69.0,560.0
mpu,,,,,,,,,1750033728.0,4476.0,27906.0,-30858.0,1750033728.0,-2377.0,152.0,1373.0
mpu,,,,,,,,,1750133730.0,4100.0,19028.0,-29062.0,1750133730.0,-2235.0,333.0,1217.0
mpu,,,,,,,,,1750233732.0,4582.0,8132.0,-27376.0,1750233732.0,-1321.0,-29.0,672.0
mpu,,,,,,,,,1750333727.0,1582.0,3036.0,-29444.0,1750333727.0,201.0,-287.0,-72.0
mpu,,,,,,,,,1750433727.0,6346.0,-2652.0,-32768.0,1750433727.0,1434.0,-382.0,-1027.0
mpu,,,,,,,,,1750533730.0,5204.0,6194.0,-24206.0,1750533730.0,1599.0,275.0,-1216.0
mpu,,,,,,,,,1750633731.0,11298.0,18846.0,-20406.0,1750633731.0,1541.0,237.0,-782.0
mpu,,,,,,,,,1750733734.0,2056.0,30112.0,-27742.0,1750733734.0,1197.0,-130.0,-289.0
mpu,,,,,,,,,1750833733.0,-1008.0,30996.0,-32768.0,1750833733.0,-155.0,-199.0,196.0
mpu,,,,,,,,,1750933728.0,1648.0,25904.0,-32768.0,1750933728.0,-1839.0,226.0,1172.0
mpu,,,,,,,,,1751033730.0,3938.0,21426.0,-29540.0,1751033730.0,-2250.0,206.0,1297.0
mpu,,,,,,,,,1751133726.0,2698.0,12982.0,-27334.0,1751133726.0,-1646.0,110.0,882.0
mpu,,,,,,,,,1751233732.0,1386.0,2422.0,-28934.0,1751233732.0,-114.0,-1.0,42.0
mpu,,,,,,,,,1751333729.0,-3038.0,-1424.0,-29130.0,1751333729.0,1222.0,-350.0,-780.0
mpu,,,,,,,,,1751433724.0,624.0,4388.0,-26704.0,1751433724.0,1713.0,161.0,-1370.0
mpu,,,,,,,,,1751533727.0,7012.0,11342.0,-21162.0,1751533727.0,1654.0,314.0,-850.0
mpu,,,,,,,,,1751633732.0,5518.0,28746.0,-25440.0,1751633732.0,1282.0,-146.0,-556.0
mpu,,,,,,,,,1751733736.0,-2358.0,30652.0,-32768.0,1751733736.0,187.0,-365.0,29.0
mpu,,,,,,,,,1751833733.0,2446.0,30016.0,-32768.0,1751833733.0,-1575.0,31.0,947.0
mpu,,,,,,,,,1751933732.0,1808.0,23316.0,-29948.0,1751933732.0,-2435.0,420.0,1361.0
mpu,,,,,,,,,1752033736.0,3822.0,11172.0,-25572.0,1752033736.0,-1837.0,125.0,1038.0
mpu,,,,,,,,,1752133727.0,328.0,7446.0,-26846.0,1752133727.0,-370.0,-49.0,405.0
mpu,,,,,,,,,1752233730.0,1566.0,-2714.0,-32768.0,1752233730.0,1082.0,-311.0,-508.0
mpu,,,,,,,,,1752333729.0,4608.0,-2182.0,-31292.0,1752333729.0,1603.0,-154.0,-1400.0
mpu,,,,,,,,,1752433728.0,9610.0,14242.0,-16454.0,1752433728.0,1593.0,502.0,-1181.0
mpu,,,,,,,,,1752533727.0,3102.0,25434.0,-18854.0,1752533727.0,1451.0,206.0,-578.0
mpu,,,,,,,,,1752633730.0,4768.0,32218.0,-32768.0,1752633730.0,590.0,-394.0,-100.0
mpu,,,,,,,,,1752733736.0,-2160.0,31400.0,-32768.0,1752733736.0,-1136.0,-137.0,642.0
mpu,,,,,,,,,1752833730.0,2754.0,22462.0,-30350.0,1752833730.0,-2391.0,115.0,1309.0
mpu,,,,,,,,,1752933728.0,3758.0,15076.0,-31996.0,1752933728.0,-2082.0,-121.0,1227.0
mpu,,,,,,,,,1753033730.0,3422.0,7478.0,-27644.0,1753033730.0,-796.0,-282.0,557.0
mpu,,,,,,,,,1753133730.0,470.0,980.0,-28794.0,1753133730.0,766.0,5.0,-320.0
mpu,,,,,,,,,1753233729.0,4104.0,-4620.0,-32768.0,1753233729.0,1612.0,-178.0,-1341.0
mpu,,,,,,,,,1753333724.0,5722.0,13260.0,-21966.0,1753333724.0,1626.0,532.0,-1275.0
mpu,,,,,,,,,1753433730.0,2834.0,21184.0,-20694.0,1753433730.0,1546.0,219.0,-780.0
mpu,,,,,,,,,1753533732.0,3286.0,31604.0,-32768.0,1753533732.0,837.0,-384.0,-290.0
mpu,,,,,,,,,1753633733.0,2242.0,30460.0,-32768.0,1753633733.0,-802.0,-80.0,510.0
mpu,,,,,,,,,1753733727.0,-1504.0,27084.0,-30032.0,1753733727.0,-2345.0,100.0,1336.0
mpu,,,,,,,,,1753833733.0,4246.0,17138.0,-27084.0,1753833733.0,-2234.0,221.0,1349.0
mpu,,,,,,,,,1753933729.0,1806.0,8630.0,-25888.0,1753933729.0,-972.0,-7.0,810.0
mpu,,,,,,,,,1754033731.0,5202.0,-68.0,-32414.0,1754033731.0,631.0,-324.0,-134.0
mpu,,,,,,,,,1754133734.0,5170.0,-4252.0,-31650.0,1754133734.0,1524.0,-61.0,-1300.0
mpu,,,,,,,,,1754233723.0,3144.0,9786.0,-23600.0,1754233723.0,1627.0,458.0,-1230.0
mpu,,,,,,,,,1754333729.0,7078.0,20446.0,-23016.0,1754333729.0,1565.0,244.0,-750.0
mpu,,,,,,,,,1754433732.0,2628.0,30916.0,-30698.0,1754433732.0,938.0,-305.0,-386.0
mpu,,,,,,,,,1754533738.0,-2682.0,31956.0,-32768.0,1754533738.0,-594.0,-202.0,412.0
mpu,,,,,,,,,1754633731.0,1368.0,24798.0,-32158.0,1754633731.0,-2264.0,168.0,1278.0
mpu,,,,,,,,,1754733731.0,-600.0,19494.0,-24488.0,1754733731.0,-2188.0,73.0,1325.0
mpu,,,,,,,,,1754833732.0,8242.0,7876.0,-32768.0,1754833732.0,-1214.0,-490.0,904.0
mpu,,,,,,,,,1754933728.0,1726.0,-4116.0,-32768.0,1754933728.0,454.0,-230.0,-409.0
mpu,,,,,,,,,1755033731.0,-1454.0,-566.0,-32768.0,1755033731.0,1616.0,497.0,-1568.0
mpu,,,,,,,,,1755133726.0,3130.0,8868.0,-28038.0,1755133726.0,2108.0,561.0,-1464.0
mpu,,,,,,,,,1755233727.0,-494.0,28218.0,-20740.0,1755233727.0,2187.0,-753.0,-923.0
mpu,,,,,,,,,1755333736.0,1180.0,29682.0,-32768.0,1755333736.0,1140.0,5.0,-263.0
mpu,,,,,,,,,1755433733.0,-9310.0,32767.0,-32768.0,1755433733.0,-1473.0,96.0,908.0
mpu,,,,,,,,,1755533730.0,8046.0,21978.0,-31568.0,1755533730.0,-2923.0,128.0,1745.0
mpu,,,,,,,,,1755633736.0,-418.0,11532.0,-28224.0,1755633736.0,-1963.0,708.0,1242.0
mpu,,,,,,,,,1755733729.0,3378.0,4564.0,-32768.0,1755733729.0,-380.0,-295.0,473.0
mpu,,,,,,,,,1755833729.0,-8904.0,-9838.0,-31958.0,1755833729.0,1369.0,66.0,-1104.0
mpu,,,,,,,,,1755933724.0,1308.0,6006.0,-16352.0,1755933724.0,2095.0,401.0,-1757.0
mpu,,,,,,,,,1756033725.0,2182.0,31710.0,-17068.0,1756033725.0,2355.0,-813.0,-975.0
mpu,,,,,,,,,1756133732.0,3348.0,31876.0,-32768.0,1756133732.0,1115.0,154.0,-282.0
mpu,,,,,,,,,1756233728.0,-3790.0,32767.0,-32768.0,1756233728.0,-2200.0,63.0,1287.0
mpu,,,,,,,,,1756333726.0,8838.0,21558.0,-32320.0,1756333726.0,-3163.0,496.0,1816.0
mpu,,,,,,,,,1756433731.0,-1326.0,7418.0,-32074.0,1756433731.0,-1624.0,226.0,1046.0
mpu,,,,,,,,,1756533732.0,5334.0,-8420.0,-32768.0,1756533732.0,351.0,-503.0,-309.0
mpu,,,,,,,,,1756633728.0,10660.0,-4762.0,-25332.0,1756633728.0,1923.0,266.0,-1914.0
mpu,,,,,,,,,1756733730.0,14704.0,24386.0,-19634.0,1756733730.0,2528.0,-46.0,-1284.0
mpu,,,,,,,,,1756833726.0,1248.0,32767.0,-32768.0,1756833726.0,1808.0,-340.0,-591.0
mpu,,,,,,,,,1756933726.0,-4000.0,32767.0,-32768.0,1756933726.0,-1071.0,40.0,699.0
mpu,,,,,,,,,1757033732.0,1636.0,22674.0,-29650.0,1757033732.0,-3458.0,459.0,2222.0
mpu,,,,,,,,,1757133731.0,-5440.0,9586.0,-30752.0,1757133731.0,-1871.0,396.0,1332.0
mpu,,,,,,,,,1757233734.0,-676.0,-11660.0,-32768.0,1757233734.0,247.0,-283.0,-245.0
mpu,,,,,,,,,1757333726.0,1720.0,-10506.0,-23408.0,1757333726.0,1981.0,29.0,-2074.0
mpu,,,,,,,,,1757433731.0,13222.0,27874.0,-12098.0,1757433731.0,2484.0,73.0,-1492.0
mpu,,,,,,,,,1757533729.0,4220.0,32767.0,-32768.0,1757533729.0,1600.0,-311.0,-362.0
mpu,,,,,,,,,1757633729.0,-6626.0,32767.0,-32768.0,1757633729.0,-1773.0,141.0,1151.0
mpu,,,,,,,,,1757733728.0,740.0,21604.0,-32066.0,1757733728.0,-3514.0,329.0,2149.0
mpu,,,,,,,,,1757833731.0,-1222.0,-1134.0,-32768.0,1757833731.0,-1449.0,8.0,1026.0
mpu,,,,,,,,,1757933726.0,-8436.0,-15066.0,-32406.0,1757933726.0,1251.0,-62.0,-960.0
mpu,,,,,,,,,1758033729.0,8652.0,-2394.0,-19422.0,1758033729.0,2379.0,366.0,-2190.0
mpu,,,,,,,,,1758133733.0,12088.0,32767.0,-26668.0,1758133733.0,2332.0,-609.0,-869.0
mpu,,,,,,,,,1758233726.0,-5674.0,32767.0,-32768.0,1758233726.0,213.0,249.0,240.0
mpu,,,,,,,,,1758333732.0,-1108.0,32232.0,-30400.0,1758333732.0,-3053.0,280.0,1908.0
mpu,,,,,,,,,1758433726.0,4082.0,12100.0,-32768.0,1758433726.0,-2767.0,-52.0,1793.0
mpu,,,,,,,,,1758533740.0,-8302.0,-8440.0,-32768.0,1758533740.0,-116.0,71.0,1.0
mpu,,,,,,,,,1758633732.0,3574.0,-17570.0,-32768.0,1758633732.0,2315.0,30.0,-1802.0
mpu,,,,,,,,,1758733728.0,8138.0,27968.0,-6844.0,1758733728.0,2530.0,505.0,-1542.0
mpu,,,,,,,,,1758833726.0,-9630.0,32767.0,-21360.0,1758833726.0,1301.0,-676.0,-434.0
mpu,,,,,,,,,1758933729.0,-2838.0,32767.0,-32768.0,1758933729.0,-1796.0,267.0,1311.0
mpu,,,,,,,,,1759033733.0,1412.0,21946.0,-32768.0,1759033733.0,-3427.0,113.0,2062.0
mpu,,,,,,,,,1759133730.0,-988.0,-4546.0,-32768.0,1759133730.0,-1198.0,88.0,829.0
mpu,,,,,,,,,1759233730.0,-13690.0,-22148.0,-32768.0,1759233730.0,1786.0,15.0,-1330.0
mpu,,,,,,,,,1759333727.0,12488.0,8156.0,-14538.0,1759333727.0,2488.0,471.0,-1871.0
mpu,,,,,,,,,1759433727.0,5162.0,32767.0,-27624.0,1759433727.0,1969.0,-646.0,-871.0
mpu,,,,,,,,,1759533728.0,1206.0,32767.0,-32768.0,1759533728.0,-603.0,183.0,761.0
mpu,,,,,,,,,1759633730.0,-3388.0,28184.0,-32768.0,1759633730.0,-3346.0,517.0,2115.0
mpu,,,,,,,,,1759733732.0,2602.0,1502.0,-31330.0,1759733732.0,-1939.0,-123.0,1338.0
mpu,,,,,,,,,1759833732.0,-5476.0,-14884.0,-32768.0,1759833732.0,1019.0,-26.0,-758.0
mpu,,,,,,,,,1759933735.0,13064.0,-7808.0,-24910.0,1759933735.0,2297.0,-45.0,-1979.0
mpu,,,,,,,,,1760033727.0,12528.0,32767.0,-17824.0,1760033727.0,2049.0,-25.0,-1231.0
mpu,,,,,,,,,1760133729.0,-3728.0,32767.0,-32768.0,1760133729.0,278.0,-109.0,172.0
mpu,,,,,,,,,1760233731.0,-5648.0,32222.0,-32768.0,1760233731.0,-2815.0,521.0,1896.0
mpu,,,,,,,,,1760333731.0,310.0,14894.0,-31696.0,1760333731.0,-2729.0,34.0,1744.0
mpu,,,,,,,,,1760433737.0,-6792.0,-13424.0,-32768.0,1760433737.0,76.0,-168.0,-131.0
mpu,,,,,,,,,1760533728.0,5372.0,-15550.0,-27550.0,1760533728.0,2354.0,-4.0,-2027.0
mpu,,,,,,,,,1760633730.0,10814.0,31848.0,-7708.0,1760633730.0,2277.0,407.0,-1496.0
mpu,,,,,,,,,1760733729.0,-6130.0,32767.0,-32528.0,1760733729.0,992.0,-622.0,-199.0
mpu,,,,,,,,,1760833726.0,-6340.0,32767.0,-32768.0,1760833726.0,-2135.0,386.0,1576.0
mpu,,,,,,,,,1760933732.0,638.0,19778.0,-32676.0,1760933732.0,-3122.0,223.0,1997.0
mpu,,,,,,,,,1761033730.0,-2974.0,-7388.0,-32768.0,1761033730.0,-599.0,-124.0,409.0
mpu,,,,,,,,,1761133732.0,216.0,-20562.0,-28310.0,1761133732.0,2098.0,80.0,-1820.0
mpu,,,,,,,,,1761233740.0,11236.0,15070.0,-4702.0,1761233740.0,2380.0,243.0,-1626.0
mpu,,,,,,,,,1761333744.0,810.0,32767.0,-29606.0,1761333744.0,1513.0,-562.0,-536.0
mpu,,,,,,,,,1761433731.0,-1356.0,32767.0,-32768.0,1761433731.0,-1550.0,424.0,1220.0
mpu,,,,,,,,,1761533728.0,4006.0,24802.0,-32768.0,1761533728.0,-3338.0,154.0,2105.0
mpu,,,,,,,,,1761633727.0,-806.0,-4472.0,-32768.0,1761633727.0,-1267.0,65.0,803.0
mpu,,,,,,,,,1761733730.0,-15198.0,-20592.0,-32768.0,1761733730.0,1796.0,-178.0,-1389.0
mpu,,,,,,,,,1761833742.0,12390.0,2678.0,-3960.0,1761833742.0,2358.0,244.0,-1948.0
mpu,,,,,,,,,1761933725.0,2726.0,32767.0,-29096.0,1761933725.0,1814.0,-447.0,-828.0
mpu,,,,,,,,,1762033728.0,-1722.0,32767.0,-32768.0,1762033728.0,-768.0,139.0,811.0
mpu,,,,,,,,,1762133733.0,-1654.0,24372.0,-32768.0,1762133733.0,-3389.0,470.0,2197.0
mpu,,,,,,,,,1762233728.0,4776.0,-1332.0,-32768.0,1762233728.0,-1776.0,-39.0,1153.0
mpu,,,,,,,,,1762333730.0,-12446.0,-19504.0,-32768.0,1762333730.0,1414.0,-88.0,-1134.0
mpu,,,,,,,,,1762433726.0,13216.0,-4622.0,-6182.0,1762433726.0,2503.0,157.0,-2022.0
mpu,,,,,,,,,1762533731.0,8590.0,32767.0,-30022.0,1762533731.0,1941.0,-410.0,-1020.0
mpu,,,,,,,,,1762633734.0,3788.0,32767.0,-32768.0,1762633734.0,-486.0,27.0,672.0
mpu,,,,,,,,,1762733725.0,352.0,27908.0,-32768.0,1762733725.0,-3240.0,473.0,2160.0
mpu,,,,,,,,,1762833731.0,-634.0,2900.0,-32768.0,1762833731.0,-1935.0,197.0,1404.0
mpu,,,,,,,,,1762933723.0,-5878.0,-21336.0,-32768.0,1762933723.0,982.0,-315.0,-908.0
mpu,,,,,,,,,1763033732.0,14548.0,-6794.0,-19272.0,1763033732.0,2375.0,101.0,-2214.0
mpu,,,,,,,,,1763133729.0,15966.0,32767.0,-24444.0,1763133729.0,2189.0,-171.0,-1088.0
mpu,,,,,,,,,1763233731.0,2144.0,32767.0,-32768.0,1763233731.0,-80.0,75.0,443.0
mpu,,,,,,,,,1763333724.0,-2622.0,29930.0,-32768.0,1763333724.0,-3264.0,462.0,2150.0
mpu,,,,,,,,,1763433731.0,2366.0,3270.0,-31094.0,1763433731.0,-2258.0,137.0,1524.0
mpu,,,,,,,,,1763533723.0,-9214.0,-20196.0,-32768.0,1763533723.0,930.0,-257.0,-840.0
mpu,,,,,,,,,1763633730.0,18502.0,-6754.0,-15722.0,1763633730.0,2468.0,128.0,-2169.0
mpu,,,,,,,,,1763733733.0,17850.0,32767.0,-24440.0,1763733733.0,2237.0,-276.0,-1027.0
mpu,,,,,,,,,1763833732.0,-484.0,32767.0,-32768.0,1763833732.0,-146.0,51.0,378.0
mpu,,,,,,,,,1763933728.0,-3998.0,32036.0,-32768.0,1763933728.0,-3180.0,557.0,2243.0
mpu,,,,,,,,,1764033727.0,2022.0,2728.0,-31906.0,1764033727.0,-2290.0,32.0,1555.0
mpu,,,,,,,,,1764133732.0,-8368.0,-19070.0,-32768.0,1764133732.0,991.0,-172.0,-853.0
mpu,,,,,,,,,1764233731.0,18820.0,-6206.0,-17854.0,1764233731.0,2556.0,138.0,-2152.0
mpu,,,,,,,,,1764333732.0,19348.0,32767.0,-27182.0,1764333732.0,2159.0,-287.0,-1126.0
mpu,,,,,,,,,1764433729.0,6614.0,32767.0,-32768.0,1764433729.0,-206.0,-17.0,426.0
mpu,,,,,,,,,1764533731.0,-3352.0,32767.0,-32768.0,1764533731.0,-3202.0,500.0,2255.0
mpu,,,,,,,,,1764633730.0,4102.0,-798.0,-32768.0,1764633730.0,-2164.0,39.0,1489.0
mpu,,,,,,,,,1764733733.0,-7404.0,-16904.0,-32768.0,1764733733.0,969.0,-121.0,-898.0
mpu,,,,,,,,,1764833729.0,12320.0,-8960.0,-19648.0,1764833729.0,2495.0,98.0,-2199.0
mpu,,,,,,,,,1764933729.0,17614.0,32767.0,-28822.0,1764933729.0,2038.0,-257.0,-1026.0
mpu,,,,,,,,,1765033726.0,-822.0,32767.0,-32768.0,1765033726.0,-411.0,-38.0,533.0
mpu,,,,,,,,,1765133729.0,178.0,32084.0,-32768.0,1765133729.0,-3206.0,419.0,2275.0
mpu,,,,,,,,,1765233730.0,5130.0,-2058.0,-32768.0,1765233730.0,-2033.0,110.0,1423.0
mpu,,,,,,,,,1765333730.0,-8102.0,-15828.0,-32768.0,1765333730.0,1286.0,-41.0,-1022.0
mpu,,,,,,,,,1765433726.0,17896.0,-6930.0,-15494.0,1765433726.0,2566.0,57.0,-2223.0
mpu,,,,,,,,,1765533731.0,16064.0,32767.0,-29462.0,1765533731.0,1887.0,-259.0,-961.0
mpu,,,,,,,,,1765633731.0,146.0,32767.0,-32768.0,1765633731.0,-539.0,76.0,644.0
mpu,,,,,,,,,1765733728.0,-4802.0,31476.0,-32768.0,1765733728.0,-3247.0,467.0,2273.0
mpu,,,,,,,,,1765833729.0,3970.0,-3594.0,-32768.0,1765833729.0,-1837.0,35.0,1356.0
mpu,,,,,,,,,1765933730.0,-10670.0,-16904.0,-32768.0,1765933730.0,1277.0,-174.0,-1022.0
mpu,,,,,,,,,1766033734.0,13194.0,-4664.0,-15008.0,1766033734.0,2423.0,101.0,-2176.0
mpu,,,,,,,,,1766133728.0,14994.0,32767.0,-26966.0,1766133728.0,1844.0,-327.0,-968.0
mpu,,,,,,,,,1766233731.0,3098.0,32767.0,-32768.0,1766233731.0,-556.0,91.0,684.0
mpu,,,,,,,,,1766333726.0,854.0,28014.0,-32768.0,1766333726.0,-3303.0,287.0,2205.0
mpu,,,,,,,,,1766433734.0,4930.0,-3360.0,-32768.0,1766433734.0,-1801.0,180.0,1293.0
mpu,,,,,,,,,1766533732.0,-11362.0,-17630.0,-32768.0,1766533732.0,1423.0,-49.0,-1186.0
mpu,,,,,,,,,1766633728.0,15248.0,-4614.0,-14010.0,1766633728.0,2552.0,63.0,-1978.0
mpu,,,,,,,,,1766733726.0,13428.0,32767.0,-29234.0,1766733726.0,1942.0,-278.0,-981.0
mpu,,,,,,,,,1766833730.0,-3848.0,32767.0,-32768.0,1766833730.0,-737.0,-10.0,811.0
mpu,,,,,,,,,1766933723.0,-4150.0,26048.0,-32768.0,1766933723.0,-3281.0,567.0,2415.0
mpu,,,,,,,,,1767033727.0,4782.0,-3780.0,-32768.0,1767033727.0,-1626.0,78.0,1135.0
mpu,,,,,,,,,1767133733.0,-8258.0,-21140.0,-32768.0,1767133733.0,1433.0,-255.0,-1303.0
mpu,,,,,,,,,1767233734.0,16988.0,982.0,-11672.0,1767233734.0,2419.0,210.0,-2087.0
mpu,,,,,,,,,1767333720.0,7642.0,32767.0,-27818.0,1767333720.0,1836.0,-311.0,-865.0
mpu,,,,,,,,,1767433732.0,-4696.0,32767.0,-32768.0,1767433732.0,-856.0,196.0,978.0
mpu,,,,,,,,,1767533731.0,1134.0,28468.0,-32768.0,1767533731.0,-3272.0,406.0,2263.0
mpu,,,,,,,,,1767633729.0,1338.0,-3694.0,-32358.0,1767633729.0,-1644.0,13.0,1022.0
mpu,,,,,,,,,1767733731.0,-6346.0,-22318.0,-32768.0,1767733731.0,1528.0,-193.0,-1340.0
mpu,,,,,,,,,1767833729.0,19694.0,1562.0,-12430.0,1767833729.0,2521.0,230.0,-1997.0
mpu,,,,,,,,,1767933734.0,12206.0,32767.0,-29636.0,1767933734.0,1792.0,-304.0,-757.0
mpu,,,,,,,,,1768033728.0,-3404.0,32767.0,-32768.0,1768033728.0,-972.0,64.0,846.0
mpu,,,,,,,,,1768133728.0,-534.0,29436.0,-32768.0,1768133728.0,-3310.0,475.0,2292.0
mpu,,,,,,,,,1768233733.0,2140.0,-7302.0,-32768.0,1768233733.0,-1455.0,-53.0,953.0
mpu,,,,,,,,,1768333731.0,-16168.0,-22342.0,-32768.0,1768333731.0,1596.0,-156.0,-1539.0
mpu,,,,,,,,,1768433732.0,12724.0,3830.0,-3052.0,1768433732.0,2426.0,320.0,-1964.0
mpu,,,,,,,,,1768533724.0,3364.0,32767.0,-27184.0,1768533724.0,1715.0,-472.0,-714.0
mpu,,,,,,,,,1768633729.0,-4906.0,32767.0,-32768.0,1768633729.0,-1181.0,189.0,1067.0
mpu,,,,,,,,,1768733730.0,-3532.0,27620.0,-30464.0,1768733730.0,-3293.0,449.0,2224.0
mpu,,,,,,,,,1768833730.0,-1906.0,-4244.0,-32602.0,1768833730.0,-1375.0,1.0,901.0
mpu,,,,,,,,,1768933730.0,-6390.0,-21598.0,-30522.0,1768933730.0,1833.0,-203.0,-1558.0
mpu,,,,,,,,,1769033734.0,6398.0,5816.0,-6982.0,1769033734.0,2544.0,421.0,-1962.0
mpu,,,,,,,,,1769133729.0,6550.0,32767.0,-25534.0,1769133729.0,1564.0,-785.0,-668.0
mpu,,,,,,,,,1769233733.0,354.0,32767.0,-32768.0,1769233733.0,-1452.0,391.0,1239.0
mpu,,,,,,,,,1769333723.0,-4810.0,25814.0,-32768.0,1769333723.0,-3354.0,469.0,2229.0
mpu,,,,,,,,,1769433730.0,-4614.0,-10108.0,-32768.0,1769433730.0,-968.0,-158.0,639.0
mpu,,,,,,,,,1769533730.0,3030.0,-24074.0,-32768.0,1769533730.0,1975.0,-56.0,-1838.0
mpu,,,,,,,,,1769633732.0,7662.0,18454.0,-8480.0,1769633732.0,2577.0,436.0,-1736.0
mpu,,,,,,,,,1769733727.0,2176.0,32767.0,-23298.0,1769733727.0,1208.0,-708.0,-355.0
mpu,,,,,,,,,1769833731.0,-3232.0,32767.0,-32768.0,1769833731.0,-2023.0,327.0,1577.0
mpu,,,,,,,,,1769933728.0,-612.0,19914.0,-32768.0,1769933728.0,-3081.0,349.0,2186.0
mpu,,,,,,,,,1770033733.0,-8812.0,-21734.0,-32768.0,1770033733.0,-361.0,-197.0,108.0
mpu,,,,,,,,,1770133730.0,10308.0,-17586.0,-32768.0,1770133730.0,2217.0,-83.0,-2258.0
mpu,,,,,,,,,1770233730.0,15036.0,32767.0,-5516.0,1770233730.0,2477.0,381.0,-1599.0
mpu,,,,,,,,,1770333730.0,-3046.0,32767.0,-29020.0,1770333730.0,699.0,-455.0,47.0
mpu,,,,,,,,,1770433734.0,-4338.0,32767.0,-32768.0,1770433734.0,-2630.0,428.0,1994.0
mpu,,,,,,,,,1770533728.0,2020.0,10402.0,-32768.0,1770533728.0,-2839.0,278.0,1835.0
mpu,,,,,,,,,1770633730.0,-13058.0,-24384.0,-32768.0,1770633730.0,415.0,-78.0,-507.0
mpu,,,,,,,,,1770733734.0,17578.0,-13770.0,-29310.0,1770733734.0,2481.0,-111.0,-2328.0
mpu,,,,,,,,,1770833729.0,15454.0,32767.0,-23528.0,1770833729.0,2378.0,58.0,-1121.0
mpu,,,,,,,,,1770933730.0,3308.0,32767.0,-32768.0,1770933730.0,-153.0,-29.0,449.0
mpu,,,,,,,,,1771033734.0,-3126.0,32767.0,-32768.0,1771033734.0,-3237.0,284.0,2397.0
mpu,,,,,,,,,1771133729.0,6890.0,-4042.0,-32768.0,1771133729.0,-2036.0,50.0,1451.0
mpu,,,,,,,,,1771233727.0,-11358.0,-19540.0,-32768.0,1771233727.0,1330.0,30.0,-1273.0
mpu,,,,,,,,,1771333735.0,12986.0,-4304.0,-14932.0,1771333735.0,2573.0,165.0,-2123.0
mpu,,,,,,,,,1771433724.0,6548.0,32767.0,-23754.0,1771433724.0,1738.0,-319.0,-737.0
mpu,,,,,,,,,1771533726.0,-5302.0,32767.0,-32768.0,1771533726.0,-1181.0,218.0,985.0
mpu,,,,,,,,,1771633726.0,-2262.0,29180.0,-31516.0,1771633726.0,-3298.0,415.0,2282.0
mpu,,,,,,,,,1771733730.0,-4498.0,-7370.0,-32768.0,1771733730.0,-1189.0,-162.0,786.0
mpu,,,,,,,,,1771833739.0,-2944.0,-27740.0,-23260.0,1771833739.0,2059.0,-66.0,-1893.0
mpu,,,,,,,,,1771933730.0,3442.0,16772.0,-2984.0,1771933730.0,2542.0,443.0,-1801.0
mpu,,,,,,,,,1772033740.0,6288.0,32767.0,-32176.0,1772033740.0,1246.0,-755.0,-405.0
mpu,,,,,,,,,1772133731.0,-4036.0,32767.0,-32768.0,1772133731.0,-2116.0,380.0,1658.0
mpu,,,,,,,,,1772233728.0,3450.0,15710.0,-32768.0,1772233728.0,-3110.0,294.0,2173.0
mpu,,,,,,,,,1772333731.0,-13218.0,-21980.0,-32768.0,1772333731.0,-132.0,-48.0,-26.0
mpu,,,,,,,,,1772433730.0,15790.0,-22418.0,-32768.0,1772433730.0,2461.0,-147.0,-2289.0
mpu,,,,,,,,,1772533736.0,15362.0,32767.0,-8844.0,1772533736.0,2483.0,241.0,-1436.0
mpu,,,,,,,,,1772633726.0,-2684.0,32767.0,-32768.0,1772633726.0,178.0,-313.0,226.0
mpu,,,,,,,,,1772733725.0,52.0,32767.0,-32768.0,1772733725.0,-3183.0,292.0,2311.0
mpu,,,,,,,,,1772833729.0,1718.0,1414.0,-32768.0,1772833729.0,-2363.0,125.0,1539.0
mpu,,,,,,,,,1772933736.0,-10056.0,-26122.0,-32768.0,1772933736.0,1352.0,-101.0,-1096.0
mpu,,,,,,,,,1773033730.0,12280.0,-8708.0,-12936.0,1773033730.0,2694.0,231.0,-2256.0
mpu,,,,,,,,,1773133731.0,9606.0,32767.0,-24186.0,1773133731.0,1956.0,-601.0,-826.0
mpu,,,,,,,,,1773233726.0,-1030.0,32767.0,-32768.0,1773233726.0,-1247.0,479.0,1170.0
mpu,,,,,,,,,1773333728.0,-4910.0,21470.0,-30844.0,1773333728.0,-3559.0,266.0,2449.0
mpu,,,,,,,,,1773433728.0,-6330.0,-15804.0,-32768.0,1773433728.0,-932.0,-62.0,545.0
mpu,,,,,,,,,1773533733.0,6682.0,-24462.0,-32672.0,1773533733.0,2416.0,-38.0,-2252.0
mpu,,,,,,,,,1773633735.0,17732.0,32767.0,-5318.0,1773633735.0,2622.0,205.0,-1693.0
mpu,,,,,,,,,1773733730.0,-4626.0,32767.0,-32768.0,1773733730.0,501.0,-369.0,120.0
mpu,,,,,,,,,1773833728.0,-696.0,32767.0,-32768.0,1773833728.0,-3025.0,288.0,2315.0
mpu,,,,,,,,,1773933731.0,5388.0,-370.0,-32768.0,1773933731.0,-2538.0,209.0,1668.0
mpu,,,,,,,,,1774033729.0,-12130.0,-24602.0,-32768.0,1774033729.0,1178.0,-69.0,-1184.0
mpu,,,,,,,,,1774133730.0,17330.0,-1700.0,-5840.0,1774133730.0,2846.0,287.0,-2307.0
mpu,,,,,,,,,1774233734.0,13344.0,32767.0,-32502.0,1774233734.0,1817.0,-636.0,-730.0
mpu,,,,,,,,,1774333741.0,-4600.0,32767.0,-32768.0,1774333741.0,-1752.0,444.0,1400.0
mpu,,,,,,,,,1774433727.0,-7244.0,23834.0,-31496.0,1774433727.0,-3332.0,384.0,2412.0
mpu,,,,,,,,,1774533731.0,-9582.0,-27436.0,-32768.0,1774533731.0,-461.0,-111.0,339.0
mpu,,,,,,,,,1774633732.0,17994.0,-24170.0,-23548.0,1774633732.0,2533.0,-60.0,-2441.0
mpu,,,,,,,,,1774733727.0,17672.0,32767.0,-11424.0,1774733727.0,2508.0,95.0,-1548.0
mpu,,,,,,,,,1774833729.0,320.0,32767.0,-32768.0,1774833729.0,86.0,-340.0,347.0
mpu,,,,,,,,,1774933729.0,-3024.0,32767.0,-32768.0,1774933729.0,-3282.0,391.0,2443.0
mpu,,,,,,,,,1775033730.0,2604.0,-3646.0,-32768.0,1775033730.0,-2095.0,102.0,1387.0
mpu,,,,,,,,,1775133727.0,-18912.0,-28412.0,-32768.0,1775133727.0,1745.0,-63.0,-1525.0
mpu,,,,,,,,,1775233729.0,9334.0,5642.0,-36.0,1775233729.0,2768.0,379.0,-2218.0
mpu,,,,,,,,,1775333725.0,2358.0,32767.0,-23110.0,1775333725.0,1331.0,-718.0,-425.0
mpu,,,,,,,,,1775433725.0,-9598.0,32767.0,-32768.0,1775433725.0,-2157.0,638.0,1848.0
mpu,,,,,,,,,1775533729.0,-1590.0,13260.0,-32768.0,1775533729.0,-3190.0,272.0,2200.0
mpu,,,,,,,,,1775633729.0,-11768.0,-24514.0,-32768.0,1775633729.0,229.0,-118.0,-313.0
mpu,,,,,,,,,1775733732.0,21284.0,-17938.0,-25322.0,1775733732.0,2706.0,-67.0,-2521.0
mpu,,,,,,,,,1775833732.0,17316.0,32767.0,-25520.0,1775833732.0,2294.0,-87.0,-1187.0
mpu,,,,,,,,,1775933730.0,4554.0,32767.0,-32768.0,1775933730.0,-577.0,91.0,736.0
mpu,,,,,,,,,1776033728.0,-3604.0,29906.0,-32768.0,1776033728.0,-3507.0,312.0,2508.0
mpu,,,,,,,,,1776133726.0,-2944.0,-11730.0,-32768.0,1776133726.0,-1502.0,52.0,1034.0
mpu,,,,,,,,,1776233731.0,-1882.0,-26736.0,-30502.0,1776233731.0,2094.0,16.0,-2055.0
mpu,,,,,,,,,1776333726.0,4364.0,22242.0,-876.0,1776333726.0,2753.0,460.0,-1818.0
mpu,,,,,,,,,1776433731.0,-1148.0,32767.0,-31748.0,1776433731.0,896.0,-699.0,-111.0
mpu,,,,,,,,,1776533726.0,-4882.0,32767.0,-32768.0,1776533726.0,-2747.0,467.0,2056.0
mpu,,,,,,,,,1776633729.0,-4352.0,7108.0,-32768.0,1776633729.0,-2841.0,130.0,1908.0
mpu,,,,,,,,,1776733733.0,-11640.0,-26568.0,-32768.0,1776733733.0,986.0,-90.0,-868.0
mpu,,,,,,,,,1776833731.0,24650.0,-9382.0,-19730.0,1776833731.0,2720.0,29.0,-2412.0
mpu,,,,,,,,,1776933729.0,16926.0,32767.0,-32768.0,1776933729.0,2004.0,-253.0,-846.0
mpu,,,,,,,,,1777033728.0,-3558.0,32767.0,-32768.0,1777033728.0,-1350.0,404.0,1210.0
mpu,,,,,,,,,1777133733.0,-912.0,22920.0,-32768.0,1777133733.0,-3548.0,352.0,2390.0
mpu,,,,,,,,,1777233727.0,-9576.0,-21788.0,-32768.0,1777233727.0,-669.0,-71.0,472.0
mpu,,,,,,,,,1777333726.0,10510.0,-31198.0,-32768.0,1777333726.0,2646.0,-177.0,-2375.0
mpu,,,,,,,,,1777433724.0,12110.0,32767.0,-14128.0,1777433724.0,2578.0,113.0,-1586.0
mpu,,,,,,,,,1777533728.0,2538.0,32767.0,-32768.0,1777533728.0,94.0,-328.0,345.0
mpu,,,,,,,,,1777633731.0,-4954.0,32767.0,-32768.0,1777633731.0,-3395.0,254.0,2622.0
mpu,,,,,,,,,1777733732.0,1336.0,-4534.0,-32768.0,1777733732.0,-1950.0,142.0,1316.0
mpu,,,,,,,,,1777833730.0,-1092.0,-32768.0,-24252.0,1777833730.0,2027.0,-243.0,-2046.0
mpu,,,,,,,,,1777933732.0,14084.0,32767.0,-5508.0,1777933732.0,2897.0,589.0,-2105.0
mpu,,,,,,,,,1778033732.0,-3966.0,32767.0,-31784.0,1778033732.0,956.0,-822.0,-70.0
mpu,,,,,,,,,1778133733.0,-2042.0,32767.0,-32768.0,1778133733.0,-2856.0,374.0,2307.0
mpu,,,,,,,,,1778233729.0,-1464.0,4042.0,-32768.0,1778233729.0,-2569.0,280.0,1938.0
mpu,,,,,,,,,1778333726.0,-11544.0,-30606.0,-32768.0,1778333726.0,1264.0,-71.0,-1215.0
mpu,,,,,,,,,1778433725.0,7340.0,3058.0,2646.0,1778433725.0,2828.0,476.0,-2364.0
mpu,,,,,,,,,1778533729.0,5336.0,32767.0,-27762.0,1778533729.0,1523.0,-998.0,-633.0
mpu,,,,,,,,,1778633731.0,3710.0,32767.0,-32768.0,1778633731.0,-2271.0,799.0,1986.0
mpu,,,,,,,,,1778733730.0,-1386.0,12426.0,-32768.0,1778733730.0,-3120.0,60.0,2238.0
mpu,,,,,,,,,1778833734.0,-11168.0,-32768.0,-32768.0,1778833734.0,876.0,-43.0,-901.0
mpu,,,,,,,,,1778933725.0,23986.0,-6784.0,-6620.0,1778933725.0,2951.0,239.0,-2603.0
mpu,,,,,,,,,1779033733.0,24386.0,32767.0,-32768.0,1779033733.0,1716.0,-705.0,-726.0
mpu,,,,,,,,,1779133733.0,-10208.0,32767.0,-32768.0,1779133733.0,-2133.0,638.0,1721.0
mpu,,,,,,,,,1779233729.0,-6576.0,18144.0,-32768.0,1779233729.0,-3460.0,162.0,2294.0
mpu,,,,,,,,,1779333727.0,-13686.0,-32768.0,-32768.0,1779333727.0,587.0,-51.0,-635.0
mpu,,,,,,,,,1779433730.0,32767.0,-11622.0,-21300.0,1779433730.0,3174.0,177.0,-2519.0
mpu,,,,,,,,,1779533729.0,19808.0,32767.0,-32768.0,1779533729.0,1709.0,-512.0,-730.0
mpu,,,,,,,,,1779633732.0,-3746.0,32767.0,-32768.0,1779633732.0,-2016.0,567.0,1679.0
mpu,,,,,,,,,1779733733.0,-7406.0,19060.0,-32768.0,1779733733.0,-3446.0,-116.0,2183.0
mpu,,,,,,,,,1779833733.0,-15104.0,-32768.0,-32768.0,1779833733.0,446.0,-17.0,-502.0
mpu,,,,,,,,,1779933730.0,-15104.0,-32768.0,-32768.0,1779933730.0,446.0,-17.0,-502.0
mpu,,,,,,,,,1780033724.0,32767.0,1386.0,-5284.0,1780033724.0,3214.0,303.0,-2597.0
mpu,,,,,,,,,1780133731.0,27792.0,32767.0,-32768.0,1780133731.0,1803.0,-666.0,-706.0
mpu,,,,,,,,,1780233728.0,2370.0,32767.0,-32768.0,1780233728.0,-1782.0,475.0,1662.0
mpu,,,,,,,,,1780333728.0,-6282.0,25666.0,-28242.0,1780333728.0,-3244.0,525.0,2394.0
mpu,,,,,,,,,1780433726.0,-17030.0,-32768.0,-32768.0,1780433726.0,438.0,-167.0,-438.0
mpu,,,,,,,,,1780533734.0,28624.0,-14986.0,-10896.0,1780533734.0,3061.0,174.0,-2693.0
mpu,,,,,,,,,1780633725.0,17948.0,32767.0,-32768.0,1780633725.0,1844.0,-611.0,-902.0
mpu,,,,,,,,,1780733734.0,-4874.0,32767.0,-32768.0,1780733734.0,-1763.0,656.0,1658.0
mpu,,,,,,,,,1780833724.0,-9480.0,21236.0,-32768.0,1780833724.0,-3318.0,404.0,2530.0
mpu,,,,,,,,,1780933729.0,-17050.0,-32768.0,-32768.0,1780933729.0,262.0,-75.0,-278.0
mpu,,,,,,,,,1781033727.0,26312.0,-14366.0,-23266.0,1781033727.0,2928.0,-42.0,-2624.0
mpu,,,,,,,,,1781133728.0,28466.0,32767.0,-32768.0,1781133728.0,1881.0,-362.0,-920.0
mpu,,,,,,,,,1781233728.0,2258.0,32767.0,-32768.0,1781233728.0,-1660.0,427.0,1451.0
mpu,,,,,,,,,1781333728.0,-912.0,22480.0,-32768.0,1781333728.0,-3455.0,221.0,2407.0
mpu,,,,,,,,,1781433732.0,-19650.0,-32768.0,-32768.0,1781433732.0,161.0,-58.0,-203.0
mpu,,,,,,,,,1781533733.0,27226.0,-16056.0,-20148.0,1781533733.0,2866.0,-157.0,-2835.0
mpu,,,,,,,,,1781633731.0,32767.0,32767.0,-32768.0,1781633731.0,1776.0,-712.0,-1049.0
mpu,,,,,,,,,1781733724.0,-2312.0,32767.0,-32768.0,1781733724.0,-1288.0,591.0,1452.0
mpu,,,,,,,,,1781833730.0,-7552.0,21202.0,-32768.0,1781833730.0,-3424.0,368.0,2504.0
mpu,,,,,,,,,1781933742.0,-14370.0,-32768.0,-32768.0,1781933742.0,257.0,123.0,-107.0
mpu,,,,,,,,,1782033726.0,32767.0,-12842.0,-17876.0,1782033726.0,2852.0,-234.0,-2840.0
mpu,,,,,,,,,1782133730.0,32767.0,32767.0,-32768.0,1782133730.0,1909.0,-596.0,-960.0
mpu,,,,,,,,,1782233731.0,3542.0,32767.0,-32768.0,1782233731.0,-1376.0,736.0,1545.0
mpu,,,,,,,,,1782333728.0,-2154.0,26296.0,-32768.0,1782333728.0,-3345.0,183.0,2508.0
mpu,,,,,,,,,1782433724.0,-19090.0,-32768.0,-32768.0,1782433724.0,22.0,-26.0,-205.0
mpu,,,,,,,,,1782533734.0,27078.0,-13480.0,-7826.0,1782533734.0,2928.0,149.0,-2910.0
mpu,,,,,,,,,1782633729.0,18080.0,32767.0,-32056.0,1782633729.0,1890.0,-579.0,-914.0
mpu,,,,,,,,,1782733732.0,7366.0,32767.0,-32768.0,1782733732.0,-1400.0,377.0,1443.0
mpu,,,,,,,,,1782833730.0,-4424.0,26864.0,-32768.0,1782833730.0,-3277.0,342.0,2445.0
mpu,,,,,,,,,1782933732.0,-15590.0,-32768.0,-32768.0,1782933732.0,147.0,26.0,-54.0
mpu,,,,,,,,,1783033731.0,32767.0,-9480.0,-9558.0,1783033731.0,2890.0,-35.0,-2582.0
mpu,,,,,,,,,1783133726.0,22636.0,32767.0,-27684.0,1783133726.0,1810.0,-157.0,-1042.0
mpu,,,,,,,,,1783233726.0,-9968.0,32767.0,-32768.0,1783233726.0,-1279.0,63.0,1313.0
mpu,,,,,,,,,1783333728.0,-6950.0,26590.0,-32768.0,1783333728.0,-3269.0,296.0,2504.0
mpu,,,,,,,,,1783433731.0,-8550.0,-32768.0,-32768.0,1783433731.0,-50.0,-62.0,132.0
mpu,,,,,,,,,1783533724.0,11980.0,-20322.0,-25918.0,1783533724.0,2889.0,30.0,-2643.0
mpu,,,,,,,,,1783633733.0,14194.0,32767.0,-32712.0,1783633733.0,1878.0,-199.0,-1382.0
mpu,,,,,,,,,1783733730.0,-17422.0,32767.0,-32768.0,1783733730.0,-900.0,4.0,1039.0
mpu,,,,,,,,,1783833727.0,-9952.0,32767.0,-32768.0,1783833727.0,-3333.0,539.0,2508.0
mpu,,,,,,,,,1783933731.0,-5010.0,-20608.0,-32768.0,1783933731.0,-842.0,-242.0,687.0
mpu,,,,,,,,,1784033733.0,-4456.0,-18182.0,-27190.0,1784033733.0,2806.0,-202.0,-2452.0
mpu,,,,,,,,,1784133736.0,21530.0,24956.0,-13972.0,1784133736.0,1851.0,-669.0,-1682.0
mpu,,,,,,,,,1784233732.0,15086.0,32767.0,-26036.0,1784233732.0,191.0,273.0,76.0
mpu,,,,,,,,,1784333728.0,-11298.0,32767.0,-32768.0,1784333728.0,-1981.0,773.0,1535.0
mpu,,,,,,,,,1784433731.0,-9514.0,22340.0,-30714.0,1784433731.0,-2817.0,740.0,1721.0
mpu,,,,,,,,,1784533729.0,-38.0,-12954.0,-32768.0,1784533729.0,-35.0,-703.0,495.0
mpu,,,,,,,,,1784633732.0,4136.0,-7176.0,-25556.0,1784633732.0,2130.0,-382.0,-1495.0
mpu,,,,,,,,,1784733732.0,2458.0,10958.0,-16012.0,1784733732.0,1710.0,252.0,-1483.0
mpu,,,,,,,,,1784833733.0,8328.0,27666.0,-24228.0,1784833733.0,845.0,-13.0,-1087.0
mpu,,,,,,,,,1784933735.0,1078.0,32767.0,-32112.0,1784933735.0,119.0,12.0,16.0
mpu,,,,,,,,,1785033731.0,-9730.0,28880.0,-32768.0,1785033731.0,-1530.0,71.0,1107.0
mpu,,,,,,,,,1785133731.0,4120.0,20108.0,-25146.0,1785133731.0,-2066.0,59.0,1204.0
mpu,,,,,,,,,1785233728.0,-316.0,13968.0,-29742.0,1785233728.0,-1566.0,-214.0,1202.0
mpu,,,,,,,,,1785333732.0,4650.0,6814.0,-27992.0,1785333732.0,-381.0,-168.0,465.0
mpu,,,,,,,,,1785433732.0,3194.0,2046.0,-29724.0,1785433732.0,955.0,-183.0,-411.0
mpu,,,,,,,,,1785533732.0,3664.0,3752.0,-22966.0,1785533732.0,1485.0,3.0,-1209.0
mpu,,,,,,,,,1785633730.0,-524.0,10028.0,-27316.0,1785633730.0,1269.0,277.0,-976.0
mpu,,,,,,,,,1785733737.0,8048.0,13974.0,-23604.0,1785733737.0,1056.0,191.0,-789.0
mpu,,,,,,,,,1785833730.0,2556.0,20956.0,-27642.0,1785833730.0,606.0,-22.0,-510.0
mpu,,,,,,,,,1785933723.0,174.0,25070.0,-28110.0,1785933723.0,195.0,-35.0,-233.0
mpu,,,,,,,,,1786033729.0,2946.0,27718.0,-31222.0,1786033729.0,-525.0,-354.0,565.0
mpu,,,,,,,,,1786133726.0,-510.0,22380.0,-32768.0,1786133726.0,-1532.0,94.0,1123.0
mpu,,,,,,,,,1786233731.0,4720.0,18488.0,-26100.0,1786233731.0,-1510.0,240.0,1170.0
mpu,,,,,,,,,1786333727.0,3480.0,14808.0,-28316.0,1786333727.0,-1277.0,-124.0,1089.0
mpu,,,,,,,,,1786433733.0,6136.0,9862.0,-27180.0,1786433733.0,-554.0,-211.0,501.0
mpu,,,,,,,,,1786533726.0,4248.0,4374.0,-28786.0,1786533726.0,448.0,-91.0,-369.0
mpu,,,,,,,,,1786633729.0,2334.0,2980.0,-28218.0,1786633729.0,1225.0,-37.0,-1049.0
mpu,,,,,,,,,1786733728.0,-1330.0,8662.0,-27028.0,1786733728.0,1096.0,-7.0,-1141.0
mpu,,,,,,,,,1786833728.0,4986.0,9954.0,-23326.0,1786833728.0,1007.0,228.0,-1086.0
mpu,,,,,,,,,1786933734.0,5990.0,19334.0,-24270.0,1786933734.0,748.0,10.0,-805.0
mpu,,,,,,,,,1787033724.0,3026.0,24522.0,-27882.0,1787033724.0,487.0,-95.0,-305.0
mpu,,,,,,,,,1787133729.0,1908.0,26658.0,-31530.0,1787133729.0,-69.0,-122.0,280.0
mpu,,,,,,,,,1787233729.0,-1316.0,26702.0,-32768.0,1787233729.0,-1161.0,-165.0,863.0
mpu,,,,,,,,,1787333731.0,2526.0,19376.0,-27430.0,1787333731.0,-1722.0,174.0,1123.0
mpu,,,,,,,,,1787433733.0,1408.0,18412.0,-27020.0,1787433733.0,-1547.0,68.0,1144.0
mpu,,,,,,,,,1787533726.0,3690.0,12182.0,-22694.0,1787533726.0,-725.0,-129.0,966.0
mpu,,,,,,,,,1787633729.0,5804.0,4400.0,-29286.0,1787633729.0,409.0,-255.0,18.0
mpu,,,,,,,,,1787733724.0,490.0,-590.0,-28740.0,1787733724.0,1387.0,93.0,-1201.0
mpu,,,,,,,,,1787833735.0,2058.0,6070.0,-29356.0,1787833735.0,1368.0,25.0,-1361.0
mpu,,,,,,,,,1787933729.0,7326.0,12276.0,-19908.0,1787933729.0,1266.0,438.0,-1029.0
mpu,,,,,,,,,1788033731.0,2088.0,27022.0,-25976.0,1788033731.0,956.0,165.0,-429.0
mpu,,,,,,,,,1788133726.0,2422.0,31344.0,-29276.0,1788133726.0,-23.0,-71.0,163.0
mpu,,,,,,,,,1788233729.0,-5186.0,26120.0,-32768.0,1788233729.0,-1792.0,-92.0,1275.0
mpu,,,,,,,,,1788333733.0,7314.0,26640.0,-27116.0,1788333733.0,-2208.0,72.0,1343.0
mpu,,,,,,,,,1788433730.0,1520.0,11446.0,-29588.0,1788433730.0,-1326.0,-227.0,1253.0
mpu,,,,,,,,,1788533726.0,-1606.0,-3286.0,-32768.0,1788533726.0,689.0,-234.0,-266.0
mpu,,,,,,,,,1788633732.0,8170.0,-4026.0,-24720.0,1788633732.0,2034.0,-436.0,-1545.0
mpu,,,,,,,,,1788733727.0,-1324.0,-3878.0,-31574.0,1788733727.0,1221.0,373.0,-1035.0
mpu,,,,,,,,,1788833731.0,-2644.0,14094.0,-26254.0,1788833731.0,1105.0,151.0,-943.0
mpu,,,,,,,,,1788933729.0,-5024.0,32767.0,-30252.0,1788933729.0,-283.0,197.0,59.0
mpu,,,,,,,,,1789033730.0,2694.0,30284.0,-32018.0,1789033730.0,-1493.0,95.0,1264.0
mpu,,,,,,,,,1789133732.0,5722.0,22550.0,-31588.0,1789133732.0,-2220.0,-50.0,1648.0
mpu,,,,,,,,,1789233730.0,-906.0,5910.0,-28242.0,1789233730.0,-1159.0,364.0,1192.0
mpu,,,,,,,,,1789333728.0,1490.0,2236.0,-32768.0,1789333728.0,523.0,-136.0,-270.0
mpu,,,,,,,,,1789433735.0,6106.0,-5436.0,-32448.0,1789433735.0,1581.0,-244.0,-1495.0
mpu,,,,,,,,,1789533732.0,19344.0,14338.0,-15468.0,1789533732.0,1645.0,185.0,-1535.0
mpu,,,,,,,,,1789633730.0,4990.0,22374.0,-21634.0,1789633730.0,1042.0,79.0,-850.0
mpu,,,,,,,,,1789733727.0,1296.0,32767.0,-29028.0,1789733727.0,240.0,-335.0,-29.0
mpu,,,,,,,,,1789833732.0,1374.0,30108.0,-32768.0,1789833732.0,-1115.0,97.0,1105.0
mpu,,,,,,,,,1789933732.0,6962.0,23012.0,-31106.0,1789933732.0,-2205.0,301.0,1592.0
mpu,,,,,,,,,1790033728.0,3712.0,15836.0,-27418.0,1790033728.0,-1687.0,48.0,1205.0
mpu,,,,,,,,,1790133732.0,2052.0,1064.0,-29302.0,1790133732.0,-230.0,23.0,120.0
mpu,,,,,,,,,1790233731.0,550.0,-3462.0,-32768.0,1790233731.0,1263.0,-207.0,-935.0
mpu,,,,,,,,,1790333727.0,8644.0,3460.0,-19796.0,1790333727.0,1723.0,25.0,-1566.0
mpu,,,,,,,,,1790433729.0,10796.0,18556.0,-19412.0,1790433729.0,1501.0,440.0,-1060.0
mpu,,,,,,,,,1790533728.0,2668.0,29872.0,-25034.0,1790533728.0,1054.0,-5.0,-489.0
mpu,,,,,,,,,1790633734.0,-330.0,31912.0,-32768.0,1790633734.0,-92.0,-307.0,300.0
mpu,,,,,,,,,1790733725.0,1520.0,24986.0,-30274.0,1790733725.0,-1797.0,27.0,1135.0
mpu,,,,,,,,,1790833732.0,5832.0,23326.0,-25526.0,1790833732.0,-2238.0,287.0,1435.0
mpu,,,,,,,,,1790933732.0,4732.0,13562.0,-26666.0,1790933732.0,-1373.0,124.0,1020.0
mpu,,,,,,,,,1791033728.0,2764.0,1450.0,-31060.0,1791033728.0,155.0,-203.0,19.0
mpu,,,,,,,,,1791133728.0,-4122.0,-3768.0,-29380.0,1791133728.0,1345.0,-238.0,-1110.0
mpu,,,,,,,,,1791233732.0,2664.0,4126.0,-21156.0,1791233732.0,1589.0,225.0,-1526.0
mpu,,,,,,,,,1791333735.0,6640.0,17038.0,-20964.0,1791333735.0,1470.0,320.0,-987.0
mpu,,,,,,,,,1791433729.0,6944.0,28322.0,-28774.0,1791433729.0,1072.0,-120.0,-352.0
mpu,,,,,,,,,1791533732.0,-1686.0,30672.0,-32768.0,1791533732.0,-187.0,-226.0,312.0
mpu,,,,,,,,,1791633732.0,3624.0,27348.0,-32148.0,1791633732.0,-1890.0,27.0,1162.0
mpu,,,,,,,,,1791733733.0,3728.0,18132.0,-27928.0,1791733733.0,-2082.0,371.0,1390.0
mpu,,,,,,,,,1791833731.0,3884.0,13836.0,-28332.0,1791833731.0,-1391.0,2.0,979.0
mpu,,,,,,,,,1791933733.0,1298.0,2478.0,-28578.0,1791933733.0,32.0,-154.0,13.0
mpu,,,,,,,,,1792033729.0,-3588.0,-2048.0,-28078.0,1792033729.0,1225.0,-290.0,-1024.0
mpu,,,,,,,,,1792133726.0,2298.0,3830.0,-22420.0,1792133726.0,1569.0,227.0,-1509.0
mpu,,,,,,,,,1792233726.0,9000.0,15538.0,-19292.0,1792233726.0,1544.0,401.0,-857.0
mpu,,,,,,,,,1792333738.0,6542.0,28962.0,-27510.0,1792333738.0,1161.0,94.0,-395.0
mpu,,,,,,,,,1792433733.0,228.0,32767.0,-32768.0,1792433733.0,29.0,-429.0,130.0
mpu,,,,,,,,,1792533727.0,818.0,28120.0,-30954.0,1792533727.0,-1751.0,-7.0,1093.0
mpu,,,,,,,,,1792633728.0,780.0,19456.0,-31756.0,1792633728.0,-2223.0,348.0,1476.0
mpu,,,,,,,,,1792733727.0,3070.0,12462.0,-28386.0,1792733727.0,-1506.0,40.0,1034.0
mpu,,,,,,,,,1792833731.0,1354.0,4584.0,-28618.0,1792833731.0,-90.0,-157.0,136.0
mpu,,,,,,,,,1792933730.0,-3262.0,-4500.0,-31190.0,1792933730.0,1295.0,-201.0,-932.0
mpu,,,,,,,,,1793033735.0,2188.0,2582.0,-23066.0,1793033735.0,1629.0,160.0,-1466.0
mpu,,,,,,,,,1793133730.0,7144.0,16012.0,-20286.0,1793133730.0,1488.0,375.0,-959.0
mpu,,,,,,,,,1793233732.0,3502.0,28720.0,-25730.0,1793233732.0,1105.0,-191.0,-489.0
mpu,,,,,,,,,1793333726.0,120.0,32767.0,-32768.0,1793333726.0,41.0,-372.0,176.0
mpu,,,,,,,,,1793433729.0,376.0,28640.0,-31394.0,1793433729.0,-1812.0,42.0,1118.0
mpu,,,,,,,,,1793533734.0,3546.0,22212.0,-28616.0,1793533734.0,-2301.0,197.0,1468.0
mpu,,,,,,,,,1793633730.0,3456.0,11712.0,-26652.0,1793633730.0,-1476.0,177.0,995.0
mpu,,,,,,,,,1793733734.0,738.0,2054.0,-29626.0,1793733734.0,52.0,-130.0,82.0
mpu,,,,,,,,,1793833728.0,-4484.0,-4434.0,-30888.0,1793833728.0,1387.0,-164.0,-958.0
mpu,,,,,,,,,1793933730.0,1652.0,4242.0,-23196.0,1793933730.0,1636.0,153.0,-1478.0
mpu,,,,,,,,,1794033732.0,6004.0,14396.0,-15754.0,1794033732.0,1521.0,369.0,-893.0
mpu,,,,,,,,,1794133727.0,6918.0,29518.0,-26944.0,1794133727.0,1099.0,-51.0,-440.0
mpu,,,,,,,,,1794233729.0,2444.0,32767.0,-32768.0,1794233729.0,4.0,-174.0,211.0
mpu,,,,,,,,,1794333731.0,2224.0,27614.0,-29958.0,1794333731.0,-1869.0,152.0,1153.0
mpu,,,,,,,,,1794433735.0,3554.0,20668.0,-30658.0,1794433735.0,-2389.0,103.0,1472.0
mpu,,,,,,,,,1794533725.0,4102.0,11824.0,-26240.0,1794533725.0,-1425.0,33.0,942.0
mpu,,,,,,,,,1794633729.0,2628.0,1542.0,-29936.0,1794633729.0,114.0,-167.0,-4.0
mpu,,,,,,,,,1794733728.0,-3080.0,-4598.0,-27832.0,1794733728.0,1359.0,-244.0,-1131.0
mpu,,,,,,,,,1794833730.0,3236.0,5814.0,-21532.0,1794833730.0,1632.0,191.0,-1413.0
mpu,,,,,,,,,1794933729.0,6558.0,14614.0,-18680.0,1794933729.0,1525.0,286.0,-874.0
mpu,,,,,,,,,1795033732.0,2718.0,30220.0,-28286.0,1795033732.0,1088.0,-245.0,-447.0
mpu,,,,,,,,,1795133736.0,-662.0,32767.0,-32768.0,1795133736.0,-275.0,-187.0,332.0
mpu,,,,,,,,,1795233729.0,-8.0,26114.0,-32768.0,1795233729.0,-2110.0,113.0,1304.0
mpu,,,,,,,,,1795333729.0,2732.0,18768.0,-27962.0,1795333729.0,-2268.0,295.0,1396.0
mpu,,,,,,,,,1795433727.0,3316.0,9608.0,-29540.0,1795433727.0,-1214.0,39.0,863.0
mpu,,,,,,,,,1795533725.0,3016.0,24.0,-31204.0,1795533725.0,442.0,-209.0,-102.0
mpu,,,,,,,,,1795633733.0,4118.0,-4274.0,-31700.0,1795633733.0,1567.0,-149.0,-1296.0
mpu,,,,,,,,,1795733729.0,3318.0,8064.0,-24590.0,1795733729.0,1645.0,324.0,-1366.0
mpu,,,,,,,,,1795833728.0,8520.0,20042.0,-21632.0,1795833728.0,1417.0,136.0,-838.0
mpu,,,,,,,,,1795933727.0,3014.0,32767.0,-30290.0,1795933727.0,828.0,-273.0,-221.0
mpu,,,,,,,,,1796033727.0,500.0,32767.0,-32768.0,1796033727.0,-727.0,-42.0,659.0
mpu,,,,,,,,,1796133730.0,670.0,24560.0,-30462.0,1796133730.0,-2303.0,200.0,1441.0
mpu,,,,,,,,,1796233732.0,2920.0,15444.0,-27374.0,1796233732.0,-2002.0,245.0,1337.0
mpu,,,,,,,,,1796333729.0,3640.0,8502.0,-28948.0,1796333729.0,-825.0,-38.0,681.0
mpu,,,,,,,,,1796433725.0,1318.0,-2088.0,-31964.0,1796433725.0,721.0,-324.0,-461.0
mpu,,,,,,,,,1796533736.0,5762.0,-1930.0,-32768.0,1796533736.0,1501.0,-140.0,-1496.0
mpu,,,,,,,,,1796633726.0,7654.0,9072.0,-20698.0,1796633726.0,1597.0,498.0,-1270.0
mpu,,,,,,,,,1796733729.0,6378.0,25840.0,-19926.0,1796733729.0,1361.0,128.0,-778.0
mpu,,,,,,,,,1796833732.0,2744.0,32767.0,-30556.0,1796833732.0,589.0,-377.0,-46.0
mpu,,,,,,,,,1796933732.0,-250.0,30186.0,-32768.0,1796933732.0,-1199.0,191.0,953.0
mpu,,,,,,,,,1797033728.0,1476.0,23552.0,-27814.0,1797033728.0,-2427.0,149.0,1404.0
mpu,,,,,,,,,1797133724.0,986.0,15038.0,-29630.0,1797133724.0,-1883.0,57.0,1148.0
mpu,,,,,,,,,1797233735.0,994.0,4288.0,-28344.0,1797233735.0,-413.0,-131.0,341.0
mpu,,,,,,,,,1797333731.0,1332.0,-5356.0,-32768.0,1797333731.0,1249.0,-272.0,-672.0
mpu,,,,,,,,,1797433723.0,3638.0,-1016.0,-29002.0,1797433723.0,1699.0,95.0,-1452.0
mpu,,,,,,,,,1797533731.0,7350.0,13590.0,-19046.0,1797533731.0,1513.0,356.0,-1115.0
mpu,,,,,,,,,1797633725.0,5014.0,27878.0,-26266.0,1797633725.0,1142.0,-84.0,-572.0
mpu,,,,,,,,,1797733728.0,834.0,30704.0,-32336.0,1797733728.0,-11.0,-243.0,251.0
mpu,,,,,,,,,1797833735.0,-818.0,30718.0,-32454.0,1797833735.0,-1757.0,-75.0,1050.0
mpu,,,,,,,,,1797933730.0,1144.0,19890.0,-28346.0,1797933730.0,-2280.0,166.0,1367.0
mpu,,,,,,,,,1798033728.0,4772.0,10894.0,-31612.0,1798033728.0,-1458.0,41.0,985.0
mpu,,,,,,,,,1798133733.0,558.0,856.0,-29528.0,1798133733.0,171.0,39.0,29.0
mpu,,,,,,,,,1798233735.0,-218.0,-6572.0,-28088.0,1798233735.0,1492.0,-331.0,-1039.0
mpu,,,,,,,,,1798333728.0,3992.0,9682.0,-21340.0,1798333728.0,1637.0,256.0,-1432.0
mpu,,,,,,,,,1798433730.0,10912.0,17058.0,-20568.0,1798433730.0,1500.0,216.0,-821.0
mpu,,,,,,,,,1798533728.0,3008.0,32767.0,-29932.0,1798533728.0,878.0,-336.0,-425.0
mpu,,,,,,,,,1798633732.0,1842.0,32718.0,-32768.0,1798633732.0,-382.0,-289.0,439.0
mpu,,,,,,,,,1798733726.0,-2194.0,26616.0,-31060.0,1798733726.0,-1937.0,394.0,1517.0
mpu,,,,,,,,,1798833729.0,2160.0,19688.0,-26918.0,1798833729.0,-2284.0,245.0,1320.0
mpu,,,,,,,,,1798933735.0,2526.0,9522.0,-26904.0,1798933735.0,-1257.0,74.0,617.0
mpu,,,,,,,,,1799033729.0,1642.0,-1166.0,-30576.0,1799033729.0,481.0,-198.0,-390.0
mpu,,,,,,,,,1799133724.0,8228.0,-6936.0,-32768.0,1799133724.0,1746.0,-286.0,-1292.0
mpu,,,,,,,,,1799233735.0,6554.0,10370.0,-23510.0,1799233735.0,1735.0,485.0,-1333.0
mpu,,,,,,,,,1799333731.0,5400.0,24754.0,-22594.0,1799333731.0,1479.0,70.0,-680.0
mpu,,,,,,,,,1799433725.0,3298.0,32562.0,-32768.0,1799433725.0,661.0,-493.0,-178.0
mpu,,,,,,,,,1799533727.0,-1404.0,32206.0,-32768.0,1799533727.0,-1032.0,14.0,737.0
mpu,,,,,,,,,1799633730.0,2784.0,24890.0,-28664.0,1799633730.0,-2269.0,468.0,1650.0
mpu,,,,,,,,,1799733732.0,3004.0,14458.0,-30066.0,1799733732.0,-2017.0,98.0,1266.0
mpu,,,,,,,,,1799833734.0,824.0,3836.0,-27912.0,1799833734.0,-559.0,74.0,233.0
mpu,,,,,,,,,1799933727.0,-1626.0,-4744.0,-32768.0,1799933727.0,1132.0,-290.0,-738.0
mpu,,,,,,,,,1800033731.0,3724.0,38.0,-27426.0,1800033731.0,1834.0,68.0,-1441.0
mpu,,,,,,,,,1800133734.0,6846.0,13104.0,-20452.0,1800133734.0,1667.0,402.0,-1027.0
mpu,,,,,,,,,1800233729.0,8710.0,30580.0,-27682.0,1800233729.0,1139.0,-452.0,-514.0
mpu,,,,,,,,,1800333733.0,1274.0,32767.0,-32768.0,1800333733.0,22.0,-199.0,140.0
mpu,,,,,,,,,1800433742.0,1358.0,29014.0,-32768.0,1800433742.0,-1687.0,264.0,1336.0
mpu,,,,,,,,,1800533729.0,1346.0,20554.0,-30844.0,1800533729.0,-2345.0,341.0,1509.0
mpu,,,,,,,,,1800633731.0,3994.0,10844.0,-25112.0,1800633731.0,-1539.0,69.0,909.0
mpu,,,,,,,,,1800733731.0,-546.0,1186.0,-29486.0,1800733731.0,110.0,-35.0,-214.0
mpu,,,,,,,,,1800833732.0,4946.0,-6516.0,-31182.0,1800833732.0,1528.0,-284.0,-1158.0
mpu,,,,,,,,,1800933729.0,5252.0,7284.0,-27464.0,1800933729.0,1795.0,361.0,-1300.0
mpu,,,,,,,,,1801033724.0,8462.0,19360.0,-19454.0,1801033724.0,1497.0,193.0,-853.0
mpu,,,,,,,,,1801133727.0,4996.0,32034.0,-31714.0,1801133727.0,832.0,-513.0,-386.0
mpu,,,,,,,,,1801233740.0,1050.0,31116.0,-32768.0,1801233740.0,-614.0,22.0,567.0
mpu,,,,,,,,,1801333732.0,-1488.0,26260.0,-32768.0,1801333732.0,-2074.0,398.0,1577.0
mpu,,,,,,,,,1801433723.0,5970.0,19388.0,-30194.0,1801433723.0,-2211.0,190.0,1299.0
mpu,,,,,,,,,1801533732.0,2098.0,5904.0,-27728.0,1801533732.0,-953.0,4.0,558.0
mpu,,,,,,,,,1801633725.0,370.0,-2306.0,-32768.0,1801633725.0,739.0,-253.0,-511.0
mpu,,,,,,,,,1801733737.0,3938.0,-3304.0,-29954.0,1801733737.0,1732.0,-251.0,-1423.0
mpu,,,,,,,,,1801833732.0,7200.0,10858.0,-22874.0,1801833732.0,1676.0,612.0,-1163.0
mpu,,,,,,,,,1801933729.0,7004.0,24700.0,-25126.0,1801933729.0,1326.0,-48.0,-649.0
mpu,,,,,,,,,1802033725.0,-942.0,32767.0,-32768.0,1802033725.0,388.0,-519.0,-136.0
mpu,,,,,,,,,1802133730.0,1348.0,31290.0,-32768.0,1802133730.0,-1343.0,177.0,1058.0
mpu,,,,,,,,,1802233729.0,210.0,21870.0,-29834.0,1802233729.0,-2325.0,458.0,1627.0
mpu,,,,,,,,,1802333732.0,5178.0,12782.0,-27276.0,1802333732.0,-1836.0,4.0,1070.0
mpu,,,,,,,,,1802433733.0,2126.0,4514.0,-30060.0,1802433733.0,-348.0,33.0,49.0
mpu,,,,,,,,,1802533727.0,-3196.0,-4608.0,-31106.0,1802533727.0,1231.0,-319.0,-975.0
mpu,,,,,,,,,1802633732.0,5818.0,4804.0,-24092.0,1802633732.0,1734.0,215.0,-1493.0
mpu,,,,,,,,,1802733725.0,7190.0,14190.0,-18918.0,1802733725.0,1599.0,353.0,-935.0
mpu,,,,,,,,,1802833724.0,8088.0,32274.0,-28056.0,1802833724.0,1121.0,-438.0,-497.0
mpu,,,,,,,,,1802933730.0,1136.0,31754.0,-32768.0,1802933730.0,-158.0,-169.0,283.0
mpu,,,,,,,,,1803033727.0,1746.0,28676.0,-32768.0,1803033727.0,-1822.0,196.0,1373.0
mpu,,,,,,,,,1803133733.0,-1620.0,17608.0,-32768.0,1803133733.0,-2313.0,389.0,1471.0
mpu,,,,,,,,,1803233726.0,4082.0,9036.0,-26834.0,1803233726.0,-1400.0,99.0,810.0
mpu,,,,,,,,,1803333728.0,702.0,2348.0,-30266.0,1803333728.0,227.0,-136.0,-228.0
mpu,,,,,,,,,1803433732.0,5638.0,-6848.0,-29554.0,1803433732.0,1614.0,-243.0,-1228.0
mpu,,,,,,,,,1803533731.0,4380.0,9184.0,-25406.0,1803533731.0,1633.0,371.0,-1397.0
mpu,,,,,,,,,1803633731.0,6838.0,18812.0,-22760.0,1803633731.0,1455.0,89.0,-808.0
mpu,,,,,,,,,1803733729.0,2826.0,32767.0,-30176.0,1803733729.0,869.0,-225.0,-240.0
mpu,,,,,,,,,1803833734.0,3660.0,32767.0,-32768.0,1803833734.0,-637.0,-36.0,560.0
mpu,,,,,,,,,1803933735.0,866.0,24824.0,-32768.0,1803933735.0,-2237.0,268.0,1480.0
mpu,,,,,,,,,1804033728.0,3800.0,16960.0,-28208.0,1804033728.0,-2081.0,213.0,1342.0
mpu,,,,,,,,,1804133727.0,684.0,7564.0,-28366.0,1804133727.0,-974.0,39.0,501.0
mpu,,,,,,,,,1804233726.0,1846.0,-3720.0,-31606.0,1804233726.0,665.0,-225.0,-565.0
mpu,,,,,,,,,1804333727.0,4880.0,-3798.0,-32724.0,1804333727.0,1722.0,52.0,-1373.0
mpu,,,,,,,,,1804433731.0,9416.0,12542.0,-15608.0,1804433731.0,1676.0,521.0,-1049.0
mpu,,,,,,,,,1804533734.0,6936.0,28492.0,-20606.0,1804533734.0,1350.0,20.0,-609.0
mpu,,,,,,,,,1804633727.0,2070.0,32767.0,-32198.0,1804633727.0,549.0,-162.0,61.0
mpu,,,,,,,,,1804733734.0,-570.0,30026.0,-31714.0,1804733734.0,-1345.0,30.0,857.0
mpu,,,,,,,,,1804833730.0,4680.0,23518.0,-32768.0,1804833730.0,-2412.0,-44.0,1342.0
mpu,,,,,,,,,1804933733.0,3288.0,12842.0,-30116.0,1804933733.0,-1815.0,135.0,1133.0
mpu,,,,,,,,,1805033735.0,2508.0,4490.0,-31014.0,1805033735.0,-452.0,-329.0,184.0
mpu,,,,,,,,,1805133731.0,-4278.0,-1842.0,-30636.0,1805133731.0,1163.0,-5.0,-955.0
mpu,,,,,,,,,1805233731.0,1424.0,-2130.0,-27524.0,1805233731.0,1733.0,133.0,-1433.0
mpu,,,,,,,,,1805333736.0,6558.0,15984.0,-19698.0,1805333736.0,1536.0,423.0,-954.0
mpu,,,,,,,,,1805433732.0,3346.0,30610.0,-24390.0,1805433732.0,1224.0,8.0,-491.0
mpu,,,,,,,,,1805533723.0,-822.0,32767.0,-32768.0,1805533723.0,52.0,-238.0,247.0
mpu,,,,,,,,,1805633731.0,-768.0,28128.0,-31682.0,1805633731.0,-1925.0,96.0,1154.0
mpu,,,,,,,,,1805733735.0,2660.0,21526.0,-28654.0,1805733735.0,-2335.0,98.0,1381.0
mpu,,,,,,,,,1805833727.0,60.0,8996.0,-28320.0,1805833727.0,-1598.0,3.0,1061.0
mpu,,,,,,,,,1805933734.0,2434.0,2204.0,-30832.0,1805933734.0,75.0,-177.0,-196.0
mpu,,,,,,,,,1806033727.0,4462.0,-3976.0,-31220.0,1806033727.0,1395.0,-69.0,-1351.0
mpu,,,,,,,,,1806133730.0,3828.0,4064.0,-25042.0,1806133730.0,1700.0,302.0,-1266.0
mpu,,,,,,,,,1806233735.0,11104.0,21396.0,-20202.0,1806233735.0,1533.0,306.0,-770.0
mpu,,,,,,,,,1806333730.0,790.0,32767.0,-27742.0,1806333730.0,1053.0,-149.0,-240.0
mpu,,,,,,,,,1806433732.0,1056.0,32767.0,-32768.0,1806433732.0,-687.0,-160.0,618.0
mpu,,,,,,,,,1806533739.0,362.0,25174.0,-32768.0,1806533739.0,-2308.0,141.0,1356.0
mpu,,,,,,,,,1806633731.0,1756.0,16632.0,-26012.0,1806633731.0,-2150.0,226.0,1342.0
mpu,,,,,,,,,1806733730.0,3452.0,5942.0,-27402.0,1806733730.0,-886.0,-128.0,600.0
mpu,,,,,,,,,1806833732.0,200.0,-2192.0,-32488.0,1806833732.0,796.0,-194.0,-475.0
mpu,,,,,,,,,1806933728.0,9470.0,-4364.0,-32768.0,1806933728.0,1738.0,-168.0,-1430.0
mpu,,,,,,,,,1807033730.0,8552.0,11864.0,-19580.0,1807033730.0,1729.0,484.0,-1207.0
mpu,,,,,,,,,1807133730.0,3260.0,24656.0,-20164.0,1807133730.0,1347.0,123.0,-710.0
mpu,,,,,,,,,1807233731.0,2982.0,32767.0,-32768.0,1807233731.0,435.0,-327.0,-17.0
mpu,,,,,,,,,1807333726.0,-1094.0,29926.0,-32226.0,1807333726.0,-1377.0,81.0,906.0
mpu,,,,,,,,,1807433729.0,2446.0,22980.0,-29738.0,1807433729.0,-2484.0,138.0,1474.0
mpu,,,,,,,,,1807533731.0,4372.0,11340.0,-28556.0,1807533731.0,-1845.0,84.0,1074.0
mpu,,,,,,,,,1807633725.0,1562.0,2860.0,-30704.0,1807633725.0,-241.0,-93.0,210.0
mpu,,,,,,,,,1807733725.0,-3964.0,-7090.0,-32768.0,1807733725.0,1361.0,-243.0,-816.0
mpu,,,,,,,,,1807833730.0,920.0,4850.0,-22474.0,1807833730.0,1740.0,115.0,-1403.0
mpu,,,,,,,,,1807933727.0,6762.0,12226.0,-19408.0,1807933727.0,1635.0,413.0,-875.0
mpu,,,,,,,,,1808033733.0,2792.0,32767.0,-24790.0,1808033733.0,1146.0,-175.0,-625.0
mpu,,,,,,,,,1808133728.0,-1422.0,32767.0,-32768.0,1808133728.0,-138.0,-293.0,298.0
mpu,,,,,,,,,1808233732.0,2052.0,26082.0,-32768.0,1808233732.0,-2161.0,190.0,1383.0
mpu,,,,,,,,,1808333732.0,2640.0,17520.0,-29452.0,1808333732.0,-2356.0,194.0,1487.0
mpu,,,,,,,,,1808433728.0,2890.0,8236.0,-26930.0,1808433728.0,-1207.0,45.0,765.0
mpu,,,,,,,,,1808533731.0,850.0,-2246.0,-31926.0,1808533731.0,550.0,-218.0,-338.0
mpu,,,,,,,,,1808633733.0,7500.0,-7358.0,-32554.0,1808633733.0,1724.0,-120.0,-1412.0
mpu,,,,,,,,,1808733727.0,6634.0,10894.0,-24050.0,1808733727.0,1689.0,414.0,-1286.0
mpu,,,,,,,,,1808833735.0,5736.0,25460.0,-22942.0,1808833735.0,1448.0,126.0,-736.0
mpu,,,,,,,,,1808933728.0,868.0,32767.0,-32768.0,1808933728.0,591.0,-423.0,-111.0
mpu,,,,,,,,,1809033731.0,-3318.0,32767.0,-32768.0,1809033731.0,-1260.0,84.0,911.0
mpu,,,,,,,,,1809133727.0,2714.0,21034.0,-30326.0,1809133727.0,-2567.0,295.0,1498.0
mpu,,,,,,,,,1809233728.0,4848.0,13658.0,-31510.0,1809233728.0,-1849.0,32.0,1152.0
mpu,,,,,,,,,1809333730.0,2180.0,2564.0,-30508.0,1809333730.0,-295.0,-144.0,231.0
mpu,,,,,,,,,1809433733.0,-3862.0,-4878.0,-32768.0,1809433733.0,1290.0,-175.0,-894.0
mpu,,,,,,,,,1809533738.0,4038.0,-752.0,-23448.0,1809533738.0,1792.0,151.0,-1501.0
mpu,,,,,,,,,1809633725.0,10368.0,17600.0,-15446.0,1809633725.0,1708.0,412.0,-928.0
mpu,,,,,,,,,1809733730.0,2634.0,32767.0,-27242.0,1809733730.0,1134.0,-176.0,-475.0
mpu,,,,,,,,,1809833738.0,4852.0,32767.0,-32768.0,1809833738.0,-397.0,-355.0,410.0
mpu,,,,,,,,,1809933732.0,2468.0,25464.0,-32768.0,1809933732.0,-2138.0,263.0,1349.0
mpu,,,,,,,,,1810033730.0,2688.0,18868.0,-30446.0,1810033730.0,-2340.0,184.0,1451.0
mpu,,,,,,,,,1810133729.0,1690.0,7764.0,-29774.0,1810133729.0,-1155.0,-168.0,665.0
mpu,,,,,,,,,1810233729.0,-3378.0,-1622.0,-29468.0,1810233729.0,774.0,-96.0,-538.0
mpu,,,,,,,,,1810333723.0,2466.0,-7120.0,-30974.0,1810333723.0,1677.0,-370.0,-1493.0
mpu,,,,,,,,,1810433728.0,6244.0,12918.0,-14422.0,1810433728.0,1696.0,593.0,-1289.0
mpu,,,,,,,,,1810533725.0,-556.0,29164.0,-20120.0,1810533725.0,1508.0,185.0,-653.0
mpu,,,,,,,,,1810633731.0,1090.0,32767.0,-32548.0,1810633731.0,428.0,-290.0,67.0
mpu,,,,,,,,,1810733726.0,-1370.0,31826.0,-30348.0,1810733726.0,-1631.0,134.0,1005.0
mpu,,,,,,,,,1810833727.0,4772.0,21148.0,-30974.0,1810833727.0,-2650.0,-76.0,1506.0
mpu,,,,,,,,,1810933732.0,2628.0,11118.0,-27334.0,1810933732.0,-1657.0,160.0,1116.0
mpu,,,,,,,,,1811033729.0,1232.0,2254.0,-30260.0,1811033729.0,49.0,-146.0,151.0
mpu,,,,,,,,,1811133729.0,-5602.0,-6748.0,-29956.0,1811133729.0,1476.0,-190.0,-1032.0
mpu,,,,,,,,,1811233724.0,5884.0,5324.0,-20886.0,1811233724.0,1787.0,209.0,-1465.0
mpu,,,,,,,,,1811333730.0,10470.0,20450.0,-16592.0,1811333730.0,1610.0,355.0,-945.0
mpu,,,,,,,,,1811433735.0,5748.0,32767.0,-30194.0,1811433735.0,933.0,-364.0,-353.0
mpu,,,,,,,,,1811533730.0,2010.0,32767.0,-32768.0,1811533730.0,-653.0,-124.0,541.0
mpu,,,,,,,,,1811633731.0,4818.0,28186.0,-29262.0,1811633731.0,-2333.0,273.0,1435.0
mpu,,,,,,,,,1811733734.0,3030.0,17784.0,-28226.0,1811733734.0,-2181.0,177.0,1446.0
mpu,,,,,,,,,1811833727.0,2926.0,4254.0,-27062.0,1811833727.0,-749.0,-16.0,578.0
mpu,,,,,,,,,1811933734.0,-1946.0,-2382.0,-32768.0,1811933734.0,953.0,-273.0,-614.0
mpu,,,,,,,,,1812033729.0,6444.0,-5304.0,-31474.0,1812033729.0,1752.0,-90.0,-1567.0
mpu,,,,,,,,,1812133738.0,8718.0,14594.0,-18882.0,1812133738.0,1739.0,608.0,-1045.0
mpu,,,,,,,,,1812233735.0,3866.0,32767.0,-24040.0,1812233735.0,1355.0,-60.0,-600.0
mpu,,,,,,,,,1812333733.0,-1302.0,32767.0,-32768.0,1812333733.0,-4.0,-390.0,185.0
mpu,,,,,,,,,1812433728.0,734.0,28480.0,-32768.0,1812433728.0,-2018.0,126.0,1253.0
mpu,,,,,,,,,1812533734.0,1802.0,20444.0,-30160.0,1812533734.0,-2407.0,274.0,1531.0
mpu,,,,,,,,,1812633729.0,2936.0,8142.0,-27336.0,1812633729.0,-1341.0,0.0,887.0
mpu,,,,,,,,,1812733727.0,1662.0,-2994.0,-32168.0,1812733727.0,482.0,-188.0,-321.0
mpu,,,,,,,,,1812833725.0,6032.0,-8540.0,-31916.0,1812833725.0,1751.0,2.0,-1450.0
mpu,,,,,,,,,1812933728.0,14724.0,12696.0,-21462.0,1812933728.0,1757.0,339.0,-1294.0
mpu,,,,,,,,,1813033732.0,3686.0,27486.0,-21666.0,1813033732.0,1479.0,389.0,-666.0
mpu,,,,,,,,,1813133735.0,1592.0,32767.0,-30846.0,1813133735.0,483.0,-592.0,-20.0
mpu,,,,,,,,,1813233727.0,-918.0,29094.0,-31878.0,1813233727.0,-1585.0,25.0,977.0
mpu,,,,,,,,,1813333729.0,3842.0,24386.0,-31882.0,1813333729.0,-2496.0,84.0,1602.0
mpu,,,,,,,,,1813433733.0,3344.0,10420.0,-28772.0,1813433733.0,-1678.0,172.0,1134.0
mpu,,,,,,,,,1813533738.0,1646.0,-340.0,-31152.0,1813533738.0,1.0,-120.0,-33.0
mpu,,,,,,,,,1813633730.0,-7604.0,-8340.0,-31540.0,1813633730.0,1543.0,-75.0,-1240.0
mpu,,,,,,,,,1813733728.0,4514.0,5782.0,-25190.0,1813733728.0,1775.0,184.0,-1412.0
mpu,,,,,,,,,1813833730.0,9842.0,19310.0,-20076.0,1813833730.0,1653.0,369.0,-833.0
mpu,,,,,,,,,1813933729.0,1874.0,32767.0,-27714.0,1813933729.0,890.0,-399.0,-269.0
mpu,,,,,,,,,1814033727.0,-4064.0,32767.0,-32642.0,1814033727.0,-1087.0,-156.0,762.0
mpu,,,,,,,,,1814133733.0,3022.0,24534.0,-30624.0,1814133733.0,-2622.0,99.0,1602.0
mpu,,,,,,,,,1814233730.0,5358.0,11362.0,-30422.0,1814233730.0,-2091.0,-93.0,1377.0
mpu,,,,,,,,,1814333731.0,5234.0,3102.0,-29058.0,1814333731.0,-501.0,-399.0,309.0
mpu,,,,,,,,,1814433731.0,-7060.0,-8368.0,-32738.0,1814433731.0,1295.0,112.0,-1085.0
mpu,,,,,,,,,1814533731.0,5474.0,994.0,-28986.0,1814533731.0,1894.0,330.0,-1630.0
mpu,,,,,,,,,1814633725.0,6530.0,19758.0,-14092.0,1814633725.0,1823.0,432.0,-1115.0
mpu,,,,,,,,,1814733727.0,-328.0,32767.0,-29114.0,1814733727.0,1253.0,-528.0,-470.0
mpu,,,,,,,,,1814833737.0,-4716.0,32767.0,-32768.0,1814833737.0,-740.0,-51.0,729.0
mpu,,,,,,,,,1814933730.0,5830.0,24294.0,-29604.0,1814933730.0,-2743.0,244.0,1845.0
mpu,,,,,,,,,1815033728.0,2342.0,14128.0,-25776.0,1815033728.0,-2040.0,344.0,1517.0
mpu,,,,,,,,,1815133728.0,3020.0,-380.0,-32768.0,1815133728.0,-423.0,-262.0,288.0
mpu,,,,,,,,,1815233728.0,318.0,-6724.0,-32768.0,1815233728.0,1305.0,-65.0,-1371.0
mpu,,,,,,,,,1815333733.0,3448.0,7468.0,-15648.0,1815333733.0,2174.0,951.0,-1755.0
mpu,,,,,,,,,1815433731.0,10116.0,32160.0,-20278.0,1815433731.0,2443.0,-847.0,-1048.0
mpu,,,,,,,,,1815533733.0,3926.0,31238.0,-32768.0,1815533733.0,1119.0,94.0,-228.0
mpu,,,,,,,,,1815633732.0,-5918.0,32767.0,-32768.0,1815633732.0,-2218.0,156.0,1447.0
mpu,,,,,,,,,1815733736.0,350.0,24308.0,-28330.0,1815733736.0,-2884.0,545.0,1933.0
mpu,,,,,,,,,1815833731.0,-644.0,2354.0,-32768.0,1815833731.0,-2060.0,235.0,1379.0
mpu,,,,,,,,,1815933732.0,-2530.0,-14592.0,-32768.0,1815933732.0,713.0,-222.0,-160.0
mpu,,,,,,,,,1816033727.0,2418.0,720.0,-29708.0,1816033727.0,2328.0,624.0,-2027.0
mpu,,,,,,,,,1816133723.0,17792.0,19122.0,-20306.0,1816133723.0,2457.0,-861.0,-1293.0
mpu,,,,,,,,,1816233729.0,626.0,32767.0,-31324.0,1816233729.0,1005.0,-504.0,-509.0
mpu,,,,,,,,,1816333734.0,5036.0,32767.0,-31616.0,1816333734.0,-1792.0,298.0,1326.0
mpu,,,,,,,,,1816433730.0,5842.0,23816.0,-32406.0,1816433730.0,-3186.0,-24.0,1961.0
mpu,,,,,,,,,1816533725.0,-3022.0,-160.0,-31056.0,1816533725.0,-1274.0,339.0,996.0
mpu,,,,,,,,,1816633730.0,-4602.0,-18994.0,-32768.0,1816633730.0,991.0,-294.0,-932.0
mpu,,,,,,,,,1816733739.0,7994.0,-1698.0,-26234.0,1816733739.0,2459.0,764.0,-2166.0
mpu,,,,,,,,,1816833735.0,10170.0,32767.0,-22472.0,1816833735.0,2551.0,-718.0,-1148.0
mpu,,,,,,,,,1816933726.0,1672.0,32767.0,-32768.0,1816933726.0,138.0,108.0,327.0
mpu,,,,,,,,,1817033733.0,-3354.0,30730.0,-31538.0,1817033733.0,-3076.0,186.0,2038.0
mpu,,,,,,,,,1817133734.0,2196.0,12192.0,-29032.0,1817133734.0,-2547.0,350.0,1804.0
mpu,,,,,,,,,1817233730.0,-8022.0,-11442.0,-32768.0,1817233730.0,-239.0,-141.0,-33.0
mpu,,,,,,,,,1817333734.0,4386.0,-18774.0,-32768.0,1817333734.0,1961.0,167.0,-1991.0
mpu,,,,,,,,,1817433728.0,8566.0,21674.0,-5640.0,1817433728.0,2933.0,560.0,-1474.0
mpu,,,,,,,,,1817533730.0,3350.0,32767.0,-32768.0,1817533730.0,1493.0,-793.0,-428.0
mpu,,,,,,,,,1817633732.0,-1800.0,32767.0,-32768.0,1817633732.0,-2155.0,270.0,1539.0
mpu,,,,,,,,,1817733730.0,-2288.0,18304.0,-30718.0,1817733730.0,-3370.0,341.0,2286.0
mpu,,,,,,,,,1817833732.0,-8306.0,-14560.0,-32768.0,1817833732.0,-818.0,-48.0,422.0
mpu,,,,,,,,,1817933730.0,122.0,-19180.0,-32768.0,1817933730.0,1865.0,166.0,-1875.0
mpu,,,,,,,,,1818033734.0,11752.0,22578.0,-2662.0,1818033734.0,2921.0,482.0,-1688.0
mpu,,,,,,,,,1818133720.0,-492.0,32767.0,-25792.0,1818133720.0,1370.0,-983.0,-573.0
mpu,,,,,,,,,1818233730.0,-1616.0,32767.0,-32768.0,1818233730.0,-1995.0,437.0,1752.0
mpu,,,,,,,,,1818333728.0,-2016.0,20596.0,-30510.0,1818333728.0,-3298.0,212.0,2207.0
mpu,,,,,,,,,1818433732.0,-9036.0,-17942.0,-32768.0,1818433732.0,-735.0,159.0,306.0
mpu,,,,,,,,,1818533732.0,1766.0,-21672.0,-32768.0,1818533732.0,2058.0,49.0,-2046.0
mpu,,,,,,,,,1818633733.0,6232.0,32767.0,-1130.0,1818633733.0,2899.0,337.0,-1758.0
mpu,,,,,,,,,1818733730.0,-5678.0,32767.0,-28206.0,1818733730.0,1077.0,-876.0,-308.0
mpu,,,,,,,,,1818833734.0,-6106.0,32767.0,-32768.0,1818833734.0,-2393.0,493.0,2048.0
mpu,,,,,,,,,1818933732.0,-3806.0,15644.0,-30536.0,1818933732.0,-3100.0,410.0,2179.0
mpu,,,,,,,,,1819033732.0,-11620.0,-24954.0,-32768.0,1819033732.0,-173.0,-126.0,-180.0
mpu,,,,,,,,,1819133732.0,16302.0,-17574.0,-32768.0,1819133732.0,2381.0,127.0,-2306.0
mpu,,,,,,,,,1819233725.0,27096.0,32767.0,-19026.0,1819233725.0,2772.0,-32.0,-1326.0
mpu,,,,,,,,,1819333725.0,818.0,32767.0,-32768.0,1819333725.0,112.0,-319.0,227.0
mpu,,,,,,,,,1819433732.0,-1374.0,32767.0,-32768.0,1819433732.0,-2978.0,494.0,2353.0
mpu,,,,,,,,,1819533728.0,4188.0,-2774.0,-32768.0,1819533728.0,-2399.0,150.0,1694.0
mpu,,,,,,,,,1819633730.0,-10530.0,-18428.0,-32768.0,1819633730.0,1006.0,-32.0,-987.0
mpu,,,,,,,,,1819733730.0,17216.0,-5132.0,-8624.0,1819733730.0,2764.0,212.0,-2461.0
mpu,,,,,,,,,1819833738.0,9936.0,32767.0,-21422.0,1819833738.0,2023.0,-637.0,-911.0
mpu,,,,,,,,,1819933728.0,-2684.0,32767.0,-32768.0,1819933728.0,-1120.0,225.0,1028.0
mpu,,,,,,,,,1820033722.0,-806.0,31120.0,-32768.0,1820033722.0,-3343.0,417.0,2509.0
mpu,,,,,,,,,1820133731.0,-4720.0,-16550.0,-32768.0,1820133731.0,-1265.0,17.0,888.0
mpu,,,,,,,,,1820233727.0,-8462.0,-22716.0,-32768.0,1820233727.0,1964.0,271.0,-2008.0
mpu,,,,,,,,,1820333724.0,11098.0,17708.0,-3714.0,1820333724.0,2961.0,113.0,-1933.0
mpu,,,,,,,,,1820433728.0,-1458.0,32767.0,-30456.0,1820433728.0,994.0,-864.0,-314.0
mpu,,,,,,,,,1820533735.0,-508.0,32767.0,-32768.0,1820533735.0,-2563.0,488.0,2070.0
mpu,,,,,,,,,1820633729.0,-2660.0,15360.0,-30934.0,1820633729.0,-2950.0,340.0,2125.0
mpu,,,,,,,,,1820733729.0,-12808.0,-24964.0,-32768.0,1820733729.0,395.0,-83.0,-511.0
mpu,,,,,,,,,1820833731.0,11278.0,-13436.0,-13048.0,1820833731.0,2707.0,191.0,-2588.0
mpu,,,,,,,,,1820933732.0,22596.0,32767.0,-26042.0,1820933732.0,2457.0,-408.0,-1153.0
mpu,,,,,,,,,1821033728.0,-6994.0,32767.0,-32768.0,1821033728.0,-583.0,127.0,849.0
mpu,,,,,,,,,1821133725.0,-4100.0,31816.0,-32768.0,1821133725.0,-3431.0,551.0,2631.0
mpu,,,,,,,,,1821233726.0,-412.0,-18772.0,-32768.0,1821233726.0,-1481.0,31.0,1035.0
mpu,,,,,,,,,1821333737.0,-11070.0,-24290.0,-30532.0,1821333737.0,1994.0,371.0,-2034.0
mpu,,,,,,,,,1821433735.0,8790.0,25498.0,1806.0,1821433735.0,3024.0,228.0,-1867.0
mpu,,,,,,,,,1821533728.0,-5148.0,32767.0,-32044.0,1821533728.0,909.0,-827.0,-254.0
mpu,,,,,,,,,1821633732.0,-5410.0,32767.0,-32768.0,1821633732.0,-2653.0,585.0,2166.0
mpu,,,,,,,,,1821733731.0,-2264.0,10706.0,-32768.0,1821733731.0,-2901.0,244.0,2161.0
mpu,,,,,,,,,1821833730.0,-10192.0,-24496.0,-32768.0,1821833730.0,673.0,-164.0,-819.0
mpu,,,,,,,,,1821933731.0,24034.0,-10508.0,-9176.0,1821933731.0,2815.0,313.0,-2528.0
mpu,,,,,,,,,1822033729.0,14056.0,32767.0,-30582.0,1822033729.0,2134.0,-509.0,-888.0
mpu,,,,,,,,,1822133732.0,790.0,32767.0,-32768.0,1822133732.0,-1294.0,271.0,1202.0
mpu,,,,,,,,,1822233728.0,-10172.0,27840.0,-32768.0,1822233728.0,-3458.0,427.0,2552.0
mpu,,,,,,,,,1822333726.0,-9790.0,-32716.0,-32768.0,1822333726.0,-761.0,-151.0,369.0
mpu,,,,,,,,,1822433727.0,15390.0,-24838.0,-29168.0,1822433727.0,2599.0,87.0,-2478.0
mpu,,,,,,,,,1822533729.0,15610.0,32767.0,-16654.0,1822533729.0,2678.0,-39.0,-1426.0
mpu,,,,,,,,,1822633741.0,3720.0,32767.0,-32768.0,1822633741.0,-242.0,-219.0,468.0
mpu,,,,,,,,,1822733729.0,-2900.0,32767.0,-32768.0,1822733729.0,-3274.0,449.0,2517.0
mpu,,,,,,,,,1822833732.0,1588.0,-6004.0,-32768.0,1822833732.0,-1832.0,21.0,1427.0
mpu,,,,,,,,,1822933732.0,-23012.0,-29148.0,-32768.0,1822933732.0,1978.0,-31.0,-1706.0
mpu,,,,,,,,,1823033735.0,-224.0,11072.0,7688.0,1823033735.0,2825.0,586.0,-2164.0
mpu,,,,,,,,,1823133731.0,-276.0,32767.0,-31336.0,1823133731.0,937.0,-1009.0,-476.0
mpu,,,,,,,,,1823233735.0,-6458.0,32767.0,-32768.0,1823233735.0,-2576.0,623.0,2089.0
mpu,,,,,,,,,1823333731.0,-1552.0,6006.0,-32768.0,1823333731.0,-2894.0,368.0,2124.0
mpu,,,,,,,,,1823433730.0,-12704.0,-27200.0,-32768.0,1823433730.0,944.0,-275.0,-839.0
mpu,,,,,,,,,1823533731.0,17914.0,-6846.0,-13782.0,1823533731.0,2811.0,147.0,-2610.0
mpu,,,,,,,,,1823633727.0,5372.0,32767.0,-24204.0,1823633727.0,1747.0,-629.0,-696.0
mpu,,,,,,,,,1823733737.0,-1912.0,32767.0,-32768.0,1823733737.0,-1701.0,658.0,1419.0
mpu,,,,,,,,,1823833734.0,-5670.0,20950.0,-29270.0,1823833734.0,-3382.0,337.0,2323.0
mpu,,,,,,,,,1823933731.0,-11938.0,-26192.0,-32768.0,1823933731.0,-223.0,-184.0,171.0
mpu,,,,,,,,,1824033725.0,20376.0,-20296.0,-29146.0,1824033725.0,2751.0,-95.0,-2414.0
mpu,,,,,,,,,1824133732.0,16020.0,32767.0,-14018.0,1824133732.0,2340.0,-36.0,-1440.0
mpu,,,,,,,,,1824233726.0,-4758.0,32767.0,-32768.0,1824233726.0,-539.0,-222.0,650.0
mpu,,,,,,,,,1824333731.0,-7436.0,32767.0,-32768.0,1824333731.0,-3365.0,665.0,2525.0
mpu,,,,,,,,,1824433727.0,-2550.0,-14128.0,-32768.0,1824433727.0,-1477.0,-47.0,1060.0
mpu,,,,,,,,,1824533739.0,4716.0,-30700.0,-32768.0,1824533739.0,2285.0,15.0,-2092.0
mpu,,,,,,,,,1824633733.0,13022.0,32767.0,-3440.0,1824633733.0,2844.0,227.0,-1846.0
mpu,,,,,,,,,1824733732.0,-6044.0,32767.0,-32768.0,1824733732.0,475.0,-607.0,-31.0
mpu,,,,,,,,,1824833731.0,-10112.0,32767.0,-32768.0,1824833731.0,-3000.0,707.0,2341.0
mpu,,,,,,,,,1824933728.0,3060.0,1558.0,-32768.0,1824933728.0,-2514.0,72.0,1728.0
mpu,,,,,,,,,1825033727.0,-14450.0,-30734.0,-32768.0,1825033727.0,1425.0,-203.0,-1367.0
mpu,,,,,,,,,1825133731.0,18496.0,2614.0,-6302.0,1825133731.0,2779.0,195.0,-2364.0
mpu,,,,,,,,,1825233729.0,7296.0,32767.0,-28598.0,1825233729.0,1380.0,-619.0,-449.0
mpu,,,,,,,,,1825333738.0,3928.0,32767.0,-32768.0,1825333738.0,-2010.0,654.0,1792.0
mpu,,,,,,,,,1825433729.0,-4702.0,17684.0,-32768.0,1825433729.0,-3198.0,339.0,2180.0
mpu,,,,,,,,,1825533734.0,-11868.0,-24746.0,-32768.0,1825533734.0,332.0,-195.0,-337.0
mpu,,,,,,,,,1825633727.0,20988.0,-16236.0,-20416.0,1825633727.0,2816.0,13.0,-2563.0
mpu,,,,,,,,,1825733725.0,3376.0,32767.0,-10352.0,1825733725.0,2086.0,-435.0,-1068.0
mpu,,,,,,,,,1825833732.0,-3610.0,32767.0,-32768.0,1825833732.0,-1048.0,277.0,1008.0
mpu,,,,,,,,,1825933731.0,-3834.0,30234.0,-32768.0,1825933731.0,-3509.0,414.0,2471.0
mpu,,,,,,,,,1826033742.0,-6138.0,-26858.0,-32768.0,1826033742.0,-870.0,-154.0,679.0
mpu,,,,,,,,,1826133731.0,8380.0,-22762.0,-30540.0,1826133731.0,2538.0,100.0,-2574.0
mpu,,,,,,,,,1826233733.0,29492.0,32767.0,-12440.0,1826233733.0,2369.0,-464.0,-1744.0
mpu,,,,,,,,,1826333732.0,-462.0,32767.0,-32768.0,1826333732.0,11.0,-144.0,626.0
mpu,,,,,,,,,1826433730.0,-7644.0,32767.0,-32768.0,1826433730.0,-3310.0,654.0,2615.0
mpu,,,,,,,,,1826533733.0,-3288.0,-8562.0,-32768.0,1826533733.0,-1836.0,2.0,1173.0
mpu,,,,,,,,,1826633732.0,-3540.0,-32768.0,-32768.0,1826633732.0,2225.0,247.0,-2084.0
mpu,,,,,,,,,1826733723.0,6684.0,32767.0,6180.0,1826733723.0,2977.0,213.0,-1994.0
mpu,,,,,,,,,1826833730.0,-5120.0,32767.0,-30898.0,1826833730.0,639.0,-799.0,72.0
mpu,,,,,,,,,1826933728.0,884.0,32767.0,-32768.0,1826933728.0,-3006.0,603.0,2452.0
mpu,,,,,,,,,1827033726.0,3858.0,1038.0,-32768.0,1827033726.0,-2471.0,249.0,1737.0
mpu,,,,,,,,,1827133725.0,-19320.0,-32768.0,-32768.0,1827133725.0,1611.0,53.0,-1363.0
mpu,,,,,,,,,1827233731.0,8536.0,10830.0,10958.0,1827233731.0,3036.0,319.0,-2203.0
mpu,,,,,,,,,1827333730.0,4640.0,32767.0,-26458.0,1827333730.0,1061.0,-1107.0,-462.0
mpu,,,,,,,,,1827433732.0,-8068.0,32767.0,-30026.0,1827433732.0,-2566.0,812.0,2019.0
mpu,,,,,,,,,1827533735.0,-7134.0,4226.0,-32768.0,1827533735.0,-2937.0,299.0,2046.0
mpu,,,,,,,,,1827633728.0,-18696.0,-25224.0,-32768.0,1827633728.0,1175.0,-163.0,-1018.0
mpu,,,,,,,,,1827733722.0,20202.0,-2034.0,-12026.0,1827733722.0,2912.0,14.0,-2541.0
mpu,,,,,,,,,1827833732.0,1264.0,32767.0,-23594.0,1827833732.0,1416.0,-524.0,-647.0
mpu,,,,,,,,,1827933730.0,2296.0,32767.0,-32768.0,1827933730.0,-2071.0,596.0,1643.0
mpu,,,,,,,,,1828033726.0,-9260.0,16284.0,-32768.0,1828033726.0,-3352.0,370.0,2149.0
mpu,,,,,,,,,1828133730.0,-14088.0,-27136.0,-32768.0,1828133730.0,420.0,-189.0,-330.0
mpu,,,,,,,,,1828233726.0,26256.0,-15418.0,-19258.0,1828233726.0,3029.0,-36.0,-2451.0
mpu,,,,,,,,,1828333726.0,30758.0,32767.0,-32768.0,1828333726.0,1960.0,-273.0,-999.0
mpu,,,,,,,,,1828433723.0,-9404.0,32767.0,-32768.0,1828433723.0,-1419.0,442.0,1253.0
mpu,,,,,,,,,1828533737.0,-1652.0,25400.0,-32768.0,1828533737.0,-3548.0,291.0,2458.0
mpu,,,,,,,,,1828633728.0,-5348.0,-32218.0,-32768.0,1828633728.0,-409.0,-147.0,192.0
mpu,,,,,,,,,1828733729.0,16492.0,-22272.0,-23746.0,1828733729.0,2842.0,23.0,-2619.0
mpu,,,,,,,,,1828833732.0,8650.0,32767.0,-13362.0,1828833732.0,2291.0,-244.0,-1456.0
mpu,,,,,,,,,1828933731.0,-4378.0,32767.0,-32768.0,1828933731.0,-535.0,36.0,932.0
mpu,,,,,,,,,1829033736.0,-3258.0,32390.0,-32768.0,1829033736.0,-3637.0,476.0,2572.0
mpu,,,,,,,,,1829133731.0,-3332.0,-19102.0,-32768.0,1829133731.0,-1138.0,-77.0,812.0
mpu,,,,,,,,,1829233729.0,1370.0,-27590.0,-23182.0,1829233729.0,2620.0,150.0,-2224.0
mpu,,,,,,,,,1829333734.0,10400.0,32767.0,-12162.0,1829333734.0,2627.0,115.0,-1702.0
mpu,,,,,,,,,1829433731.0,-10064.0,32767.0,-32768.0,1829433731.0,275.0,-272.0,542.0
mpu,,,,,,,,,1829533726.0,-5720.0,32767.0,-32768.0,1829533726.0,-3221.0,436.0,2410.0
mpu,,,,,,,,,1829633730.0,7444.0,-3080.0,-32768.0,1829633730.0,-2156.0,-59.0,1312.0
mpu,,,,,,,,,1829733724.0,-17796.0,-32768.0,-32768.0,1829733724.0,2006.0,49.0,-1798.0
mpu,,,,,,,,,1829833733.0,14556.0,10688.0,5646.0,1829833733.0,2685.0,211.0,-2188.0
mpu,,,,,,,,,1829933727.0,-1890.0,32767.0,-31292.0,1829933727.0,771.0,-874.0,-306.0
mpu,,,,,,,,,1830033731.0,434.0,32767.0,-32768.0,1830033731.0,-2633.0,529.0,2102.0
mpu,,,,,,,,,1830133734.0,-1744.0,7320.0,-32768.0,1830133734.0,-2745.0,353.0,1902.0
mpu,,,,,,,,,1830233728.0,-10528.0,-30730.0,-32768.0,1830233728.0,1354.0,-190.0,-830.0
mpu,,,,,,,,,1830333728.0,22730.0,-3316.0,-17472.0,1830333728.0,2783.0,-42.0,-2543.0
mpu,,,,,,,,,1830433732.0,12288.0,32767.0,-27030.0,1830433732.0,1543.0,-454.0,-668.0
mpu,,,,,,,,,1830533726.0,-4114.0,32767.0,-32768.0,1830533726.0,-1870.0,482.0,1489.0
mpu,,,,,,,,,1830633731.0,-7890.0,21230.0,-32768.0,1830633731.0,-3370.0,496.0,2340.0
mpu,,,,,,,,,1830733731.0,-12710.0,-29342.0,-32768.0,1830733731.0,160.0,-301.0,-64.0
mpu,,,,,,,,,1830833731.0,16894.0,-18730.0,-22438.0,1830833731.0,2795.0,-14.0,-2537.0
mpu,,,,,,,,,1830933725.0,15248.0,32767.0,-26618.0,1830933725.0,2155.0,-192.0,-1128.0
mpu,,,,,,,,,1831033728.0,-2460.0,32767.0,-32768.0,1831033728.0,-979.0,131.0,905.0
mpu,,,,,,,,,1831133728.0,-3554.0,30844.0,-32768.0,1831133728.0,-3517.0,471.0,2500.0
mpu,,,,,,,,,1831233724.0,-6242.0,-20512.0,-32768.0,1831233724.0,-1021.0,-105.0,583.0
mpu,,,,,,,,,1831333728.0,-4262.0,-30476.0,-21168.0,1831333728.0,2550.0,-131.0,-2685.0
mpu,,,,,,,,,1831433727.0,11960.0,32767.0,-1900.0,1831433727.0,2523.0,-33.0,-1554.0
mpu,,,,,,,,,1831533735.0,-4206.0,32767.0,-32768.0,1831533735.0,-24.0,-427.0,399.0
mpu,,,,,,,,,1831633735.0,-5636.0,32714.0,-32768.0,1831633735.0,-3248.0,527.0,2489.0
mpu,,,,,,,,,1831733728.0,-7040.0,-2062.0,-30530.0,1831733728.0,-1905.0,651.0,1581.0
mpu,,,,,,,,,1831833736.0,-18120.0,-31100.0,-32768.0,1831833736.0,2106.0,-235.0,-1604.0
mpu,,,,,,,,,1831933732.0,28526.0,11888.0,-7776.0,1831933732.0,2595.0,-129.0,-2273.0
mpu,,,,,,,,,1832033728.0,7478.0,32767.0,-32520.0,1832033728.0,1009.0,-462.0,-88.0
mpu,,,,,,,,,1832133728.0,-20.0,32767.0,-32768.0,1832133728.0,-2445.0,543.0,2055.0
mpu,,,,,,,,,1832233728.0,-2608.0,12374.0,-32768.0,1832233728.0,-2786.0,454.0,2037.0
mpu,,,,,,,,,1832333726.0,-14290.0,-32768.0,-32768.0,1832333726.0,845.0,-157.0,-760.0
mpu,,,,,,,,,1832433729.0,32767.0,-424.0,-20694.0,1832433729.0,2629.0,-193.0,-2648.0
mpu,,,,,,,,,1832533727.0,22868.0,32767.0,-30086.0,1832533727.0,1822.0,-316.0,-625.0
mpu,,,,,,,,,1832633732.0,-2736.0,32767.0,-32768.0,1832633732.0,-1650.0,350.0,1441.0
mpu,,,,,,,,,1832733729.0,-1176.0,25686.0,-32768.0,1832733729.0,-3407.0,321.0,2338.0
mpu,,,,,,,,,1832833729.0,-11404.0,-32768.0,-32768.0,1832833729.0,-170.0,84.0,-79.0
mpu,,,,,,,,,1832933728.0,21162.0,-15978.0,-32768.0,1832933728.0,2781.0,22.0,-2569.0
mpu,,,,,,,,,1833033731.0,31966.0,32767.0,-24930.0,1833033731.0,2651.0,-327.0,-1159.0
mpu,,,,,,,,,1833133729.0,3494.0,32767.0,-32768.0,1833133729.0,-593.0,108.0,759.0
mpu,,,,,,,,,1833233731.0,2742.0,31286.0,-32768.0,1833233731.0,-3531.0,456.0,2691.0
mpu,,,,,,,,,1833333736.0,-2394.0,-15620.0,-32768.0,1833333736.0,-1407.0,92.0,911.0
mpu,,,,,,,,,1833433727.0,-3336.0,-32768.0,-26830.0,1833433727.0,2437.0,168.0,-2411.0
mpu,,,,,,,,,1833533734.0,23912.0,32767.0,-8800.0,1833533734.0,2807.0,-167.0,-1835.0
mpu,,,,,,,,,1833633731.0,1158.0,32767.0,-32768.0,1833633731.0,207.0,-383.0,424.0
mpu,,,,,,,,,1833733723.0,-4616.0,32767.0,-32768.0,1833733723.0,-3321.0,646.0,2531.0
mpu,,,,,,,,,1833833724.0,1604.0,-6526.0,-32768.0,1833833724.0,-2154.0,-50.0,1362.0
mpu,,,,,,,,,1833933732.0,-27334.0,-32426.0,-32768.0,1833933732.0,1962.0,169.0,-1916.0
mpu,,,,,,,,,1834033727.0,13852.0,27544.0,2314.0,1834033727.0,2924.0,195.0,-2041.0
mpu,,,,,,,,,1834133733.0,3010.0,32767.0,-29450.0,1834133733.0,622.0,-706.0,23.0
mpu,,,,,,,,,1834233731.0,388.0,32767.0,-32768.0,1834233731.0,-2865.0,481.0,2205.0
mpu,,,,,,,,,1834333728.0,-396.0,6036.0,-32768.0,1834333728.0,-2604.0,112.0,1663.0
mpu,,,,,,,,,1834433735.0,-13760.0,-29950.0,-32768.0,1834433735.0,1482.0,35.0,-1313.0
mpu,,,,,,,,,1834533728.0,21692.0,7136.0,-15566.0,1834533728.0,2945.0,55.0,-2373.0
mpu,,,,,,,,,1834633728.0,13102.0,32767.0,-31522.0,1834633728.0,1258.0,-466.0,-424.0
mpu,,,,,,,,,1834733739.0,-706.0,32767.0,-32768.0,1834733739.0,-2253.0,420.0,1813.0
mpu,,,,,,,,,1834833731.0,-10550.0,13778.0,-30220.0,1834833731.0,-3106.0,262.0,2179.0
mpu,,,,,,,,,1834933733.0,-12848.0,-32036.0,-32768.0,1834933733.0,653.0,-220.0,-569.0
mpu,,,,,,,,,1835033733.0,23348.0,-6696.0,-14286.0,1835033733.0,2921.0,251.0,-2673.0
mpu,,,,,,,,,1835133732.0,18428.0,32767.0,-32768.0,1835133732.0,1928.0,-403.0,-793.0
mpu,,,,,,,,,1835233727.0,-6420.0,32767.0,-32768.0,1835233727.0,-1550.0,278.0,1442.0
mpu,,,,,,,,,1835333733.0,-3962.0,21464.0,-32066.0,1835333733.0,-3352.0,573.0,2637.0
mpu,,,,,,,,,1835433732.0,-15158.0,-32768.0,-32768.0,1835433732.0,-53.0,-274.0,67.0
mpu,,,,,,,,,1835533730.0,27710.0,-14058.0,-24938.0,1835533730.0,2638.0,-57.0,-2796.0
mpu,,,,,,,,,1835633726.0,26022.0,32767.0,-30310.0,1835633726.0,2259.0,-162.0,-1111.0
mpu,,,,,,,,,1835733732.0,-8532.0,32767.0,-32768.0,1835733732.0,-860.0,323.0,857.0
mpu,,,,,,,,,1835833734.0,-6316.0,30864.0,-32768.0,1835833734.0,-3433.0,294.0,2525.0
mpu,,,,,,,,,1835933726.0,-4360.0,-21930.0,-32768.0,1835933726.0,-980.0,-10.0,780.0
mpu,,,,,,,,,1836033726.0,5152.0,-22736.0,-28372.0,1836033726.0,2444.0,-47.0,-2477.0
mpu,,,,,,,,,1836133729.0,20974.0,32767.0,-12404.0,1836133729.0,2574.0,69.0,-1649.0
mpu,,,,,,,,,1836233729.0,-5658.0,32767.0,-32768.0,1836233729.0,69.0,-261.0,383.0
mpu,,,,,,,,,1836333730.0,-1368.0,32767.0,-32768.0,1836333730.0,-3283.0,522.0,2561.0
mpu,,,,,,,,,1836433729.0,-4426.0,-5240.0,-32768.0,1836433729.0,-1951.0,227.0,1360.0
mpu,,,,,,,,,1836533730.0,-15416.0,-32768.0,-32768.0,1836533730.0,2191.0,2.0,-1778.0
mpu,,,,,,,,,1836633720.0,16754.0,28798.0,576.0,1836633720.0,2685.0,-284.0,-2112.0
mpu,,,,,,,,,1836733726.0,4370.0,32767.0,-28974.0,1836733726.0,432.0,-448.0,-62.0
mpu,,,,,,,,,1836833726.0,-8020.0,32767.0,-32768.0,1836833726.0,-2849.0,394.0,2126.0
mpu,,,,,,,,,1836933732.0,-6024.0,6882.0,-31384.0,1836933732.0,-2694.0,205.0,1769.0
mpu,,,,,,,,,1837033729.0,-15984.0,-32768.0,-32768.0,1837033729.0,1510.0,175.0,-1046.0
mpu,,,,,,,,,1837133728.0,32767.0,9188.0,-28284.0,1837133728.0,2946.0,-107.0,-2329.0
mpu,,,,,,,,,1837233729.0,22362.0,32767.0,-31640.0,1837233729.0,1443.0,-506.0,-407.0
mpu,,,,,,,,,1837333732.0,-2152.0,32767.0,-32768.0,1837333732.0,-2030.0,531.0,1556.0
mpu,,,,,,,,,1837433735.0,-2152.0,32767.0,-32768.0,1837433735.0,-2030.0,531.0,1556.0
mpu,,,,,,,,,1837533731.0,-3794.0,20154.0,-28882.0,1837533731.0,-3276.0,269.0,2179.0
mpu,,,,,,,,,1837633733.0,-9404.0,-32768.0,-32768.0,1837633733.0,342.0,-2.0,-289.0
mpu,,,,,,,,,1837733725.0,29736.0,-11916.0,-14374.0,1837733725.0,2867.0,129.0,-2609.0
mpu,,,,,,,,,1837833732.0,18166.0,32767.0,-18408.0,1837833732.0,2108.0,-340.0,-968.0
mpu,,,,,,,,,1837933736.0,-11564.0,32767.0,-32768.0,1837933736.0,-895.0,96.0,955.0
mpu,,,,,,,,,1838033729.0,-8304.0,29710.0,-32768.0,1838033729.0,-3405.0,475.0,2706.0
mpu,,,,,,,,,1838133730.0,-2954.0,-24492.0,-32768.0,1838133730.0,-739.0,-158.0,666.0
mpu,,,,,,,,,1838233733.0,10356.0,-21512.0,-25522.0,1838233733.0,2432.0,203.0,-2611.0
mpu,,,,,,,,,1838333731.0,19492.0,32767.0,-9638.0,1838333731.0,2566.0,127.0,-1558.0
mpu,,,,,,,,,1838433728.0,-2446.0,32767.0,-32768.0,1838433728.0,-110.0,-532.0,363.0
mpu,,,,,,,,,1838533736.0,-7674.0,32767.0,-32768.0,1838533736.0,-3274.0,387.0,2508.0
mpu,,,,,,,,,1838633729.0,988.0,-1642.0,-32768.0,1838633729.0,-1908.0,178.0,1414.0
mpu,,,,,,,,,1838733734.0,-18536.0,-32768.0,-32768.0,1838733734.0,2053.0,-134.0,-1727.0
mpu,,,,,,,,,1838833732.0,5898.0,12298.0,2880.0,1838833732.0,2717.0,478.0,-2179.0
mpu,,,,,,,,,1838933724.0,-428.0,32767.0,-29510.0,1838933724.0,905.0,-901.0,-181.0
mpu,,,,,,,,,1839033727.0,-5796.0,32767.0,-32596.0,1839033727.0,-2596.0,468.0,2097.0
mpu,,,,,,,,,1839133734.0,-7102.0,7472.0,-32768.0,1839133734.0,-2877.0,358.0,2025.0
mpu,,,,,,,,,1839233725.0,-16188.0,-29608.0,-32768.0,1839233725.0,1191.0,-218.0,-901.0
mpu,,,,,,,,,1839333737.0,21480.0,-2344.0,-12426.0,1839333737.0,2751.0,-14.0,-2564.0
mpu,,,,,,,,,1839433732.0,21614.0,32767.0,-32358.0,1839433732.0,1618.0,-476.0,-650.0
mpu,,,,,,,,,1839533728.0,-4816.0,32767.0,-32768.0,1839533728.0,-1642.0,487.0,1459.0
mpu,,,,,,,,,1839633735.0,-7292.0,20358.0,-32768.0,1839633735.0,-3392.0,291.0,2371.0
mpu,,,,,,,,,1839733729.0,-8172.0,-32768.0,-32768.0,1839733729.0,-16.0,-78.0,-6.0
mpu,,,,,,,,,1839833727.0,17744.0,-11822.0,-17624.0,1839833727.0,2773.0,-207.0,-2925.0
mpu,,,,,,,,,1839933730.0,16348.0,32767.0,-22290.0,1839933730.0,1981.0,-247.0,-1240.0
mpu,,,,,,,,,1840033729.0,-5496.0,32767.0,-32768.0,1840033729.0,-521.0,-32.0,1056.0
mpu,,,,,,,,,1840133729.0,-4934.0,32767.0,-32768.0,1840133729.0,-3396.0,298.0,2547.0
mpu,,,,,,,,,1840233729.0,-1452.0,-9638.0,-32768.0,1840233729.0,-1274.0,143.0,858.0
mpu,,,,,,,,,1840333734.0,-21326.0,-29248.0,-32768.0,1840333734.0,2183.0,250.0,-1900.0
mpu,,,,,,,,,1840433727.0,2866.0,26556.0,26816.0,1840433727.0,2626.0,344.0,-1759.0
mpu,,,,,,,,,1840533734.0,-554.0,32767.0,-32768.0,1840533734.0,487.0,-950.0,54.0
mpu,,,,,,,,,1840633729.0,4722.0,32400.0,-32768.0,1840633729.0,-2958.0,569.0,2328.0
mpu,,,,,,,,,1840733729.0,-3050.0,4668.0,-32768.0,1840733729.0,-2147.0,326.0,1640.0
mpu,,,,,,,,,1840833731.0,-14070.0,-32768.0,-32768.0,1840833731.0,1752.0,-180.0,-1416.0
mpu,,,,,,,,,1840933736.0,13954.0,8770.0,-7138.0,1840933736.0,2577.0,61.0,-2393.0
mpu,,,,,,,,,1841033728.0,5712.0,32767.0,-28138.0,1841033728.0,1089.0,-616.0,-252.0
mpu,,,,,,,,,1841133727.0,-5354.0,32767.0,-27556.0,1841133727.0,-2028.0,447.0,1840.0
mpu,,,,,,,,,1841233728.0,-4078.0,18488.0,-32768.0,1841233728.0,-3003.0,420.0,2214.0
mpu,,,,,,,,,1841333725.0,-15408.0,-28212.0,-32768.0,1841333725.0,471.0,-12.0,-484.0
mpu,,,,,,,,,1841433726.0,26364.0,-12512.0,-23886.0,1841433726.0,2659.0,-65.0,-2644.0
mpu,,,,,,,,,1841533732.0,9172.0,32767.0,-15560.0,1841533732.0,1891.0,-59.0,-881.0
mpu,,,,,,,,,1841633731.0,-3162.0,32767.0,-32768.0,1841633731.0,-950.0,-65.0,1072.0
mpu,,,,,,,,,1841733731.0,-6050.0,32767.0,-32768.0,1841733731.0,-3228.0,460.0,2591.0
mpu,,,,,,,,,1841833724.0,-4002.0,-27426.0,-32768.0,1841833724.0,-791.0,14.0,610.0
mpu,,,,,,,,,1841933723.0,4730.0,-21238.0,-30568.0,1841933723.0,2473.0,118.0,-2429.0
mpu,,,,,,,,,1842033727.0,15802.0,32767.0,-7558.0,1842033727.0,2247.0,-9.0,-1695.0
mpu,,,,,,,,,1842133733.0,-10340.0,32767.0,-32768.0,1842133733.0,190.0,-530.0,420.0
mpu,,,,,,,,,1842233734.0,508.0,32767.0,-32768.0,1842233734.0,-3023.0,602.0,2418.0
mpu,,,,,,,,,1842333728.0,-320.0,1732.0,-32768.0,1842333728.0,-2014.0,25.0,1461.0
mpu,,,,,,,,,1842433733.0,-18050.0,-32488.0,-32768.0,1842433733.0,1964.0,-96.0,-1779.0
mpu,,,,,,,,,1842533734.0,11702.0,12688.0,-8642.0,1842533734.0,2346.0,-93.0,-2463.0
mpu,,,,,,,,,1842633725.0,11680.0,32767.0,-31340.0,1842633725.0,1113.0,-392.0,-22.0
mpu,,,,,,,,,1842733728.0,4742.0,32767.0,-32768.0,1842733728.0,-2240.0,521.0,1913.0
mpu,,,,,,,,,1842833725.0,-7206.0,12754.0,-32768.0,1842833725.0,-2976.0,387.0,2140.0
mpu,,,,,,,,,1842933731.0,-19636.0,-22762.0,-32768.0,1842933731.0,755.0,60.0,-402.0
mpu,,,,,,,,,1843033733.0,30598.0,-11104.0,-27486.0,1843033733.0,2689.0,-334.0,-2578.0
mpu,,,,,,,,,1843133729.0,15240.0,32767.0,-23496.0,1843133729.0,1746.0,-50.0,-1087.0
mpu,,,,,,,,,1843233726.0,-8262.0,32767.0,-32768.0,1843233726.0,-1140.0,-135.0,1017.0
mpu,,,,,,,,,1843333739.0,-4124.0,31690.0,-32768.0,1843333739.0,-3299.0,485.0,2547.0
mpu,,,,,,,,,1843433730.0,-5794.0,-17500.0,-32768.0,1843433730.0,-708.0,-34.0,787.0
mpu,,,,,,,,,1843533732.0,6852.0,-22064.0,-21508.0,1843533732.0,2437.0,61.0,-2372.0
mpu,,,,,,,,,1843633721.0,11728.0,32767.0,-2056.0,1843633721.0,2261.0,331.0,-1672.0
mpu,,,,,,,,,1843733741.0,-7420.0,32767.0,-32592.0,1843733741.0,377.0,-733.0,193.0
mpu,,,,,,,,,1843833729.0,-2690.0,32767.0,-32768.0,1843833729.0,-2946.0,355.0,2231.0
mpu,,,,,,,,,1843933730.0,1572.0,3946.0,-32768.0,1843933730.0,-2326.0,253.0,1671.0
mpu,,,,,,,,,1844033724.0,-10620.0,-27676.0,-32768.0,1844033724.0,1623.0,-97.0,-1211.0
mpu,,,,,,,,,1844133731.0,27246.0,-3188.0,-20050.0,1844133731.0,2551.0,-84.0,-2471.0
mpu,,,,,,,,,1844233728.0,18016.0,32767.0,-27948.0,1844233728.0,1381.0,-480.0,-502.0
mpu,,,,,,,,,1844333726.0,-8934.0,32767.0,-32768.0,1844333726.0,-1596.0,236.0,1431.0
mpu,,,,,,,,,1844433735.0,-814.0,26382.0,-29532.0,1844433735.0,-3299.0,478.0,2315.0
mpu,,,,,,,,,1844533725.0,-9024.0,-18224.0,-32768.0,1844533725.0,-105.0,4.0,363.0
mpu,,,,,,,,,1844633731.0,3236.0,-13722.0,-27840.0,1844633731.0,2617.0,-599.0,-2261.0
mpu,,,,,,,,,1844733722.0,12492.0,20554.0,-12440.0,1844733722.0,1614.0,-120.0,-1421.0
mpu,,,,,,,,,1844833729.0,8014.0,32767.0,-26046.0,1844833729.0,512.0,286.0,-365.0
mpu,,,,,,,,,1844933728.0,1044.0,18564.0,-32768.0,1844933728.0,-918.0,125.0,855.0
mpu,,,,,,,,,1845033725.0,-13482.0,11174.0,-32768.0,1845033725.0,-84.0,906.0,196.0
mpu,,,,,,,,,1845133725.0,6170.0,32767.0,-19586.0,1845133725.0,2016.0,-297.0,-1380.0
mpu,,,,,,,,,1845233730.0,4028.0,17314.0,-30680.0,1845233730.0,340.0,-205.0,-339.0
mpu,,,,,,,,,1845333731.0,3478.0,8054.0,-25134.0,1845333731.0,-335.0,64.0,64.0
mpu,,,,,,,,,1845433730.0,198.0,20060.0,-31380.0,1845433730.0,158.0,47.0,-45.0
mpu,,,,,,,,,1845533726.0,-746.0,17718.0,-32768.0,1845533726.0,-5.0,113.0,178.0
mpu,,,,,,,,,1845633729.0,-3798.0,18580.0,-32768.0,1845633729.0,22.0,-50.0,26.0
mpu,,,,,,,,,1845733736.0,8.0,16848.0,-32768.0,1845733736.0,187.0,40.0,-85.0
mpu,,,,,,,,,1845833727.0,1814.0,17354.0,-30872.0,1845833727.0,298.0,-85.0,-178.0
mpu,,,,,,,,,1845933728.0,598.0,15170.0,-32768.0,1845933728.0,189.0,-19.0,-31.0
mpu,,,,,,,,,1846033728.0,-902.0,16388.0,-32768.0,1846033728.0,175.0,-2.0,-36.0
mpu,,,,,,,,,1846133731.0,-578.0,17662.0,-32768.0,1846133731.0,408.0,-62.0,-202.0
mpu,,,,,,,,,1846233727.0,482.0,17562.0,-32768.0,1846233727.0,361.0,85.0,-221.0
mpu,,,,,,,,,1846333726.0,-414.0,16264.0,-32768.0,1846333726.0,-74.0,91.0,62.0
mpu,,,,,,,,,1846433731.0,-1782.0,16118.0,-32768.0,1846433731.0,-274.0,23.0,191.0
mpu,,,,,,,,,1846533729.0,-634.0,17066.0,-32768.0,1846533729.0,54.0,76.0,-17.0
mpu,,,,,,,,,1846633718.0,-538.0,16234.0,-32768.0,1846633718.0,20.0,103.0,0.0
mpu,,,,,,,,,1846733725.0,240.0,15892.0,-32768.0,1846733725.0,-170.0,-49.0,87.0
mpu,,,,,,,,,1846833729.0,-1734.0,17524.0,-32768.0,1846833729.0,136.0,22.0,-73.0
mpu,,,,,,,,,1846933738.0,-1506.0,17288.0,-32768.0,1846933738.0,257.0,86.0,-194.0
mpu,,,,,,,,,1847033728.0,-528.0,16122.0,-32768.0,1847033728.0,122.0,-39.0,-153.0
mpu,,,,,,,,,1847133730.0,-702.0,16672.0,-32768.0,1847133730.0,116.0,51.0,-72.0
mpu,,,,,,,,,1847233727.0,-878.0,16186.0,-32768.0,1847233727.0,-34.0,-103.0,-31.0
mpu,,,,,,,,,1847333732.0,-2424.0,16682.0,-32768.0,1847333732.0,157.0,-20.0,-146.0
mpu,,,,,,,,,1847433727.0,-1654.0,16438.0,-32768.0,1847433727.0,160.0,-68.0,-118.0
mpu,,,,,,,,,1847533729.0,-1388.0,15782.0,-32768.0,1847533729.0,-2.0,-69.0,-34.0
mpu,,,,,,,,,1847633725.0,-2112.0,16302.0,-32768.0,1847633725.0,-25.0,48.0,20.0
mpu,,,,,,,,,1847733730.0,-1884.0,15892.0,-32768.0,1847733730.0,23.0,24.0,11.0
mpu,,,,,,,,,1847833730.0,-1646.0,16470.0,-32768.0,1847833730.0,19.0,-1.0,-8.0
mpu,,,,,,,,,1847933731.0,-2308.0,16064.0,-32768.0,1847933731.0,-7.0,-2.0,-1.0
mpu,,,,,,,,,1848033728.0,-2064.0,16226.0,-32768.0,1848033728.0,-11.0,-45.0,-8.0
mpu,,,,,,,,,1848133731.0,-2268.0,16152.0,-32768.0,1848133731.0,39.0,-44.0,-51.0
mpu,,,,,,,,,1848233732.0,-1890.0,16580.0,-32768.0,1848233732.0,98.0,-39.0,-55.0
mpu,,,,,,,,,1848333730.0,-2330.0,16102.0,-32768.0,1848333730.0,50.0,50.0,-31.0
mpu,,,,,,,,,1848433734.0,-2304.0,16196.0,-32768.0,1848433734.0,-24.0,47.0,12.0
mpu,,,,,,,,,1848533726.0,-2082.0,15928.0,-32768.0,1848533726.0,-21.0,77.0,17.0
mpu,,,,,,,,,1848633734.0,-2206.0,16688.0,-32768.0,1848633734.0,-4.0,-6.0,2.0
mpu,,,,,,,,,1848733727.0,-1942.0,15976.0,-32768.0,1848733727.0,-21.0,-8.0,9.0
mpu,,,,,,,,,1848833733.0,-2044.0,16022.0,-32768.0,1848833733.0,-24.0,5.0,16.0
mpu,,,,,,,,,1848933728.0,-1702.0,16024.0,-32768.0,1848933728.0,13.0,-17.0,10.0
mpu,,,,,,,,,1849033728.0,-2090.0,16074.0,-32768.0,1849033728.0,-29.0,-4.0,20.0
mpu,,,,,,,,,1849133733.0,-2008.0,16100.0,-32768.0,1849133733.0,-24.0,27.0,15.0
mpu,,,,,,,,,1849233730.0,-2116.0,16092.0,-32768.0,1849233730.0,7.0,21.0,2.0
mpu,,,,,,,,,1849333728.0,-1622.0,15966.0,-32768.0,1849333728.0,-3.0,-19.0,-3.0
mpu,,,,,,,,,1849433733.0,-1948.0,15880.0,-32768.0,1849433733.0,-48.0,6.0,26.0
mpu,,,,,,,,,1849533731.0,-2136.0,16438.0,-32768.0,1849533731.0,-30.0,24.0,27.0
mpu,,,,,,,,,1849633735.0,-1364.0,16226.0,-32768.0,1849633735.0,9.0,5.0,27.0
mpu,,,,,,,,,1849733733.0,-2216.0,16356.0,-32768.0,1849733733.0,-2.0,43.0,7.0
mpu,,,,,,,,,1849833729.0,-1780.0,16202.0,-32768.0,1849833729.0,24.0,36.0,7.0
mpu,,,,,,,,,1849933734.0,-1930.0,16346.0,-32768.0,1849933734.0,-4.0,-14.0,9.0
mpu,,,,,,,,,1850033722.0,-1646.0,16156.0,-32768.0,1850033722.0,-6.0,8.0,26.0
mpu,,,,,,,,,1850133728.0,-1620.0,16324.0,-32768.0,1850133728.0,6.0,-4.0,8.0
mpu,,,,,,,,,1850233733.0,-1842.0,16016.0,-32768.0,1850233733.0,17.0,49.0,-2.0
mpu,,,,,,,,,1850333736.0,-1504.0,16156.0,-32768.0,1850333736.0,19.0,34.0,-4.0
mpu,,,,,,,,,1850433724.0,-2070.0,16422.0,-32768.0,1850433724.0,-3.0,11.0,-7.0
mpu,,,,,,,,,1850533727.0,-1404.0,16020.0,-32768.0,1850533727.0,-12.0,48.0,7.0
mpu,,,,,,,,,1850633728.0,-1648.0,16438.0,-32768.0,1850633728.0,-65.0,-1.0,38.0
mpu,,,,,,,,,1850733732.0,-1270.0,15956.0,-32768.0,1850733732.0,-40.0,16.0,38.0
mpu,,,,,,,,,1850833726.0,-1500.0,16568.0,-32768.0,1850833726.0,6.0,14.0,8.0
mpu,,,,,,,,,1850933732.0,-1612.0,15988.0,-32768.0,1850933732.0,34.0,19.0,-11.0
mpu,,,,,,,,,1851033735.0,-1982.0,16558.0,-32768.0,1851033735.0,-12.0,-13.0,1.0
mpu,,,,,,,,,1851133725.0,-1326.0,15962.0,-32768.0,1851133725.0,-36.0,11.0,35.0
mpu,,,,,,,,,1851233734.0,-1648.0,16336.0,-32768.0,1851233734.0,-19.0,-4.0,18.0
mpu,,,,,,,,,1851333731.0,-1666.0,16222.0,-32768.0,1851333731.0,-13.0,-17.0,21.0
mpu,,,,,,,,,1851433728.0,-1244.0,16194.0,-32768.0,1851433728.0,-27.0,-5.0,28.0
mpu,,,,,,,,,1851533727.0,-1372.0,16146.0,-32768.0,1851533727.0,-22.0,-9.0,17.0
mpu,,,,,,,,,1851633723.0,-1632.0,16344.0,-32768.0,1851633723.0,-1.0,6.0,12.0
mpu,,,,,,,,,1851733730.0,-1368.0,16452.0,-32768.0,1851733730.0,-8.0,12.0,19.0
mpu,,,,,,,,,1851833735.0,-1386.0,16318.0,-32768.0,1851833735.0,4.0,9.0,15.0
mpu,,,,,,,,,1851933731.0,-1442.0,16452.0,-32768.0,1851933731.0,2.0,3.0,12.0
mpu,,,,,,,,,1852033727.0,-1288.0,16092.0,-32768.0,1852033727.0,-6.0,8.0,6.0
mpu,,,,,,,,,1852133733.0,-1470.0,16188.0,-32768.0,1852133733.0,14.0,13.0,-4.0
mpu,,,,,,,,,1852233727.0,-1274.0,16186.0,-32768.0,1852233727.0,27.0,26.0,-16.0
mpu,,,,,,,,,1852333732.0,-1450.0,16338.0,-32768.0,1852333732.0,8.0,23.0,-14.0
mpu,,,,,,,,,1852433728.0,-1390.0,16246.0,-32768.0,1852433728.0,-3.0,13.0,-7.0
mpu,,,,,,,,,1852533727.0,-1562.0,16344.0,-32768.0,1852533727.0,-1.0,-9.0,-9.0
mpu,,,,,,,,,1852633731.0,-1418.0,16366.0,-32768.0,1852633731.0,22.0,-21.0,-10.0
mpu,,,,,,,,,1852733732.0,-1398.0,16428.0,-32768.0,1852733732.0,28.0,-9.0,-4.0
mpu,,,,,,,,,1852833730.0,-1402.0,16286.0,-32768.0,1852833730.0,33.0,-7.0,-2.0
mpu,,,,,,,,,1852933723.0,-1300.0,16424.0,-32768.0,1852933723.0,24.0,-58.0,-9.0
mpu,,,,,,,,,1853033729.0,-1212.0,16180.0,-32768.0,1853033729.0,21.0,-84.0,-20.0
mpu,,,,,,,,,1853133734.0,-1896.0,16078.0,-32768.0,1853133734.0,36.0,15.0,-34.0
mpu,,,,,,,,,1853233733.0,-1616.0,16322.0,-32768.0,1853233733.0,57.0,16.0,-28.0
mpu,,,,,,,,,1853333738.0,-1548.0,16238.0,-32768.0,1853333738.0,26.0,6.0,-6.0
mpu,,,,,,,,,1853433730.0,-1762.0,16136.0,-32768.0,1853433730.0,0.0,14.0,-8.0
mpu,,,,,,,,,1853533728.0,-1808.0,16082.0,-32768.0,1853533728.0,11.0,14.0,-22.0
mpu,,,,,,,,,1853633730.0,-1898.0,16394.0,-32768.0,1853633730.0,14.0,18.0,-29.0
mpu,,,,,,,,,1853733726.0,-1836.0,16252.0,-32768.0,1853733726.0,-1.0,30.0,-15.0
mpu,,,,,,,,,1853833728.0,-1818.0,16150.0,-32768.0,1853833728.0,-23.0,18.0,-2.0
mpu,,,,,,,,,1853933729.0,-1646.0,16206.0,-32768.0,1853933729.0,-37.0,43.0,18.0
mpu,,,,,,,,,1854033729.0,-1780.0,16312.0,-32768.0,1854033729.0,-33.0,49.0,19.0
mpu,,,,,,,,,1854133722.0,-1328.0,16444.0,-32768.0,1854133722.0,-17.0,50.0,21.0
mpu,,,,,,,,,1854233731.0,-1518.0,16274.0,-32768.0,1854233731.0,-39.0,40.0,45.0
mpu,,,,,,,,,1854333731.0,-1350.0,16362.0,-32768.0,1854333731.0,-98.0,23.0,60.0
mpu,,,,,,,,,1854433729.0,-994.0,16340.0,-32768.0,1854433729.0,-104.0,58.0,74.0
mpu,,,,,,,,,1854533732.0,-1154.0,16184.0,-32768.0,1854533732.0,-64.0,58.0,58.0
mpu,,,,,,,,,1854633732.0,-1150.0,16624.0,-32768.0,1854633732.0,-49.0,13.0,39.0
mpu,,,,,,,,,1854733729.0,-1028.0,16420.0,-32768.0,1854733729.0,-51.0,34.0,58.0
mpu,,,,,,,,,1854833735.0,-1474.0,16736.0,-32768.0,1854833735.0,-55.0,64.0,63.0
mpu,,,,,,,,,1854933735.0,-750.0,16452.0,-32768.0,1854933735.0,-48.0,-1.0,40.0
mpu,,,,,,,,,1855033726.0,-874.0,16276.0,-32768.0,1855033726.0,-51.0,-1.0,29.0
mpu,,,,,,,,,1855133733.0,-718.0,16184.0,-32768.0,1855133733.0,-37.0,6.0,30.0
mpu,,,,,,,,,1855233735.0,-596.0,16296.0,-32768.0,1855233735.0,-20.0,-2.0,13.0
mpu,,,,,,,,,1855333732.0,-800.0,16328.0,-32768.0,1855333732.0,-6.0,4.0,-8.0
mpu,,,,,,,,,1855433731.0,-896.0,16564.0,-32768.0,1855433731.0,14.0,15.0,-12.0
mpu,,,,,,,,,1855533728.0,-668.0,16438.0,-32768.0,1855533728.0,4.0,2.0,-4.0
mpu,,,,,,,,,1855633723.0,-998.0,16416.0,-32768.0,1855633723.0,-12.0,2.0,5.0
mpu,,,,,,,,,1855733730.0,-806.0,16538.0,-32768.0,1855733730.0,4.0,15.0,3.0
mpu,,,,,,,,,1855833728.0,-744.0,16490.0,-32768.0,1855833728.0,5.0,9.0,-1.0
mpu,,,,,,,,,1855933735.0,-814.0,16602.0,-32768.0,1855933735.0,-10.0,3.0,1.0
mpu,,,,,,,,,1856033726.0,-868.0,16392.0,-32768.0,1856033726.0,-14.0,-5.0,3.0
mpu,,,,,,,,,1856133729.0,-678.0,16482.0,-32768.0,1856133729.0,-17.0,-13.0,10.0
mpu,,,,,,,,,1856233732.0,-770.0,16554.0,-32768.0,1856233732.0,-25.0,-2.0,18.0
mpu,,,,,,,,,1856333726.0,-760.0,16174.0,-32768.0,1856333726.0,3.0,14.0,16.0
mpu,,,,,,,,,1856433731.0,-868.0,16548.0,-32768.0,1856433731.0,28.0,20.0,4.0
mpu,,,,,,,,,1856533729.0,-748.0,16290.0,-32768.0,1856533729.0,-6.0,-2.0,9.0
mpu,,,,,,,,,1856633728.0,-654.0,16398.0,-32768.0,1856633728.0,-21.0,-12.0,10.0
mpu,,,,,,,,,1856733731.0,-430.0,16584.0,-32768.0,1856733731.0,-19.0,-3.0,14.0
mpu,,,,,,,,,1856833725.0,-606.0,16444.0,-32768.0,1856833725.0,6.0,19.0,15.0
mpu,,,,,,,,,1856933729.0,-546.0,16524.0,-32768.0,1856933729.0,31.0,24.0,9.0
mpu,,,,,,,,,1857033725.0,-2030.0,15540.0,-32768.0,1857033725.0,37.0,50.0,5.0
mpu,,,,,,,,,1857133732.0,-990.0,16728.0,-32768.0,1857133732.0,23.0,36.0,-31.0
mpu,,,,,,,,,1857233733.0,-806.0,16310.0,-32768.0,1857233733.0,44.0,-5.0,-50.0
mpu,,,,,,,,,1857333735.0,-1050.0,17078.0,-32768.0,1857333735.0,87.0,49.0,-20.0
mpu,,,,,,,,,1857433730.0,-1116.0,16478.0,-32768.0,1857433730.0,22.0,-8.0,-24.0
mpu,,,,,,,,,1857533728.0,-764.0,16310.0,-32768.0,1857533728.0,-7.0,16.0,13.0
mpu,,,,,,,,,1857633730.0,-648.0,16464.0,-32768.0,1857633730.0,18.0,19.0,12.0
mpu,,,,,,,,,1857733730.0,-1068.0,16306.0,-32768.0,1857733730.0,11.0,24.0,13.0
mpu,,,,,,,,,1857833735.0,-930.0,16378.0,-32768.0,1857833735.0,17.0,14.0,-7.0
mpu,,,,,,,,,1857933735.0,-1064.0,16520.0,-32768.0,1857933735.0,-3.0,-25.0,-39.0
mpu,,,,,,,,,1858033727.0,-712.0,16076.0,-32768.0,1858033727.0,11.0,25.0,5.0
mpu,,,,,,,,,1858133727.0,-124.0,16144.0,-32768.0,1858133727.0,26.0,46.0,20.0
mpu,,,,,,,,,1858233728.0,-1310.0,16840.0,-32768.0,1858233728.0,31.0,28.0,-6.0
mpu,,,,,,,,,1858333730.0,-308.0,16312.0,-32768.0,1858333730.0,0.0,10.0,11.0
mpu,,,,,,,,,1858433726.0,-698.0,16252.0,-32768.0,1858433726.0,8.0,31.0,-7.0
mpu,,,,,,,,,1858533729.0,-1128.0,16526.0,-32768.0,1858533729.0,8.0,-2.0,-16.0
mpu,,,,,,,,,1858633725.0,-688.0,16286.0,-32768.0,1858633725.0,4.0,11.0,10.0
mpu,,,,,,,,,1858733724.0,-926.0,16398.0,-32768.0,1858733724.0,-11.0,-39.0,-20.0
mpu,,,,,,,,,1858833727.0,-982.0,16634.0,-32768.0,1858833727.0,-12.0,-38.0,-13.0
mpu,,,,,,,,,1858933729.0,-874.0,16112.0,-32768.0,1858933729.0,-8.0,12.0,15.0
mpu,,,,,,,,,1859033732.0,-1080.0,16480.0,-32768.0,1859033732.0,6.0,17.0,9.0
mpu,,,,,,,,,1859133732.0,-916.0,16436.0,-32768.0,1859133732.0,28.0,25.0,6.0
mpu,,,,,,,,,1859233727.0,-660.0,16268.0,-32768.0,1859233727.0,8.0,14.0,14.0
mpu,,,,,,,,,1859333730.0,-836.0,16634.0,-32768.0,1859333730.0,23.0,45.0,24.0
mpu,,,,,,,,,1859433743.0,-788.0,16314.0,-32768.0,1859433743.0,-2.0,4.0,3.0
mpu,,,,,,,,,1859533730.0,-672.0,16052.0,-32768.0,1859533730.0,0.0,0.0,15.0
mpu,,,,,,,,,1859633729.0,-868.0,16544.0,-32768.0,1859633729.0,11.0,4.0,1.0
mpu,,,,,,,,,1859733730.0,-626.0,16422.0,-32768.0,1859733730.0,17.0,8.0,10.0
mpu,,,,,,,,,1859833727.0,12.0,16320.0,-32768.0,1859833727.0,43.0,59.0,17.0
mpu,,,,,,,,,1859933733.0,-1016.0,16556.0,-32768.0,1859933733.0,7.0,-3.0,-48.0
mpu,,,,,,,,,1860033738.0,-616.0,16540.0,-32768.0,1860033738.0,-1.0,-37.0,-21.0
mpu,,,,,,,,,1860133734.0,-656.0,16202.0,-32768.0,1860133734.0,-17.0,-13.0,-11.0
mpu,,,,,,,,,1860233729.0,-842.0,16390.0,-32768.0,1860233729.0,8.0,3.0,-1.0
mpu,,,,,,,,,1860333731.0,-868.0,16428.0,-32768.0,1860333731.0,-2.0,-15.0,-18.0
mpu,,,,,,,,,1860433736.0,-902.0,16210.0,-32768.0,1860433736.0,2.0,-12.0,-20.0
mpu,,,,,,,,,1860533732.0,-828.0,16682.0,-32768.0,1860533732.0,10.0,-5.0,-8.0
mpu,,,,,,,,,1860633724.0,-1108.0,16482.0,-32768.0,1860633724.0,-2.0,-8.0,-9.0
mpu,,,,,,,,,1860733734.0,-1018.0,16278.0,-32768.0,1860733734.0,4.0,10.0,6.0
mpu,,,,,,,,,1860833731.0,-1172.0,16342.0,-32768.0,1860833731.0,-12.0,-14.0,-14.0
mpu,,,,,,,,,1860933732.0,-970.0,16422.0,-32768.0,1860933732.0,2.0,11.0,12.0
mpu,,,,,,,,,1861033734.0,-880.0,16318.0,-32768.0,1861033734.0,-10.0,0.0,6.0
mpu,,,,,,,,,1861133731.0,-1106.0,16254.0,-32768.0,1861133731.0,9.0,14.0,3.0
mpu,,,,,,,,,1861233733.0,-1196.0,16342.0,-32768.0,1861233733.0,11.0,12.0,5.0
mpu,,,,,,,,,1861333731.0,-1020.0,16370.0,-32768.0,1861333731.0,5.0,15.0,10.0
mpu,,,,,,,,,1861433728.0,-890.0,16346.0,-32768.0,1861433728.0,-1.0,3.0,4.0
mpu,,,,,,,,,1861533736.0,-864.0,16304.0,-32768.0,1861533736.0,20.0,35.0,2.0
mpu,,,,,,,,,1861633734.0,-980.0,16276.0,-32768.0,1861633734.0,15.0,23.0,-2.0
mpu,,,,,,,,,1861733726.0,-882.0,16418.0,-32768.0,1861733726.0,-4.0,-1.0,1.0
mpu,,,,,,,,,1861833733.0,-916.0,16168.0,-32768.0,1861833733.0,-8.0,6.0,-2.0
mpu,,,,,,,,,1861933726.0,-1122.0,16146.0,-32768.0,1861933726.0,1.0,8.0,-8.0
mpu,,,,,,,,,1862033738.0,-920.0,16436.0,-32768.0,1862033738.0,-5.0,-3.0,2.0
mpu,,,,,,,,,1862133732.0,-998.0,16250.0,-32768.0,1862133732.0,-2.0,11.0,1.0
mpu,,,,,,,,,1862233727.0,-1326.0,16424.0,-32768.0,1862233727.0,21.0,30.0,-11.0
mpu,,,,,,,,,1862333733.0,-1222.0,16522.0,-32768.0,1862333733.0,24.0,21.0,-25.0
mpu,,,,,,,,,1862433731.0,-900.0,16306.0,-32768.0,1862433731.0,-21.0,-9.0,-10.0
mpu,,,,,,,,,1862533729.0,-890.0,15934.0,-32768.0,1862533729.0,-29.0,4.0,10.0
mpu,,,,,,,,,1862633730.0,-1024.0,16206.0,-32768.0,1862633730.0,-20.0,-12.0,4.0
mpu,,,,,,,,,1862733728.0,-1176.0,16474.0,-32768.0,1862733728.0,-8.0,-14.0,2.0
mpu,,,,,,,,,1862833725.0,-1086.0,16314.0,-32768.0,1862833725.0,-20.0,-17.0,4.0
mpu,,,,,,,,,1862933739.0,-1096.0,16258.0,-32768.0,1862933739.0,-12.0,-12.0,2.0
mpu,,,,,,,,,1863033732.0,-1134.0,16390.0,-32768.0,1863033732.0,-13.0,-15.0,5.0
mpu,,,,,,,,,1863133728.0,-1116.0,16316.0,-32768.0,1863133728.0,-9.0,2.0,9.0
mpu,,,,,,,,,1863233728.0,-1162.0,16170.0,-32768.0,1863233728.0,22.0,10.0,-6.0
mpu,,,,,,,,,1863333737.0,-1110.0,16174.0,-32768.0,1863333737.0,-10.0,-29.0,-3.0
mpu,,,,,,,,,1863433732.0,-1018.0,16250.0,-32768.0,1863433732.0,-33.0,-40.0,18.0
mpu,,,,,,,,,1863533726.0,-1118.0,16360.0,-32768.0,1863533726.0,-32.0,-31.0,16.0
mpu,,,,,,,,,1863633727.0,-1422.0,16542.0,-32768.0,1863633727.0,-33.0,-73.0,-1.0
mpu,,,,,,,,,1863733730.0,-1166.0,16400.0,-32768.0,1863733730.0,-21.0,-44.0,-6.0
mpu,,,,,,,,,1863833729.0,-1222.0,16718.0,-32768.0,1863833729.0,-53.0,-17.0,9.0
mpu,,,,,,,,,1863933732.0,-1116.0,16162.0,-32768.0,1863933732.0,-26.0,21.0,5.0
mpu,,,,,,,,,1864033730.0,-1238.0,16082.0,-32768.0,1864033730.0,30.0,12.0,-22.0
mpu,,,,,,,,,1864133739.0,-1278.0,16384.0,-32768.0,1864133739.0,45.0,-12.0,-39.0
mpu,,,,,,,,,1864233728.0,-1360.0,16502.0,-32768.0,1864233728.0,22.0,-21.0,-29.0
mpu,,,,,,,,,1864333730.0,-1360.0,16462.0,-32768.0,1864333730.0,-7.0,-9.0,-6.0
mpu,,,,,,,,,1864433731.0,-1336.0,16278.0,-32768.0,1864433731.0,-16.0,2.0,1.0
mpu,,,,,,,,,1864533733.0,-1378.0,16370.0,-32768.0,1864533733.0,-9.0,0.0,1.0
mpu,,,,,,,,,1864633734.0,-1264.0,16286.0,-32768.0,1864633734.0,2.0,8.0,3.0
mpu,,,,,,,,,1864733732.0,-1214.0,16296.0,-32768.0,1864733732.0,13.0,9.0,2.0
mpu,,,,,,,,,1864833732.0,-1394.0,16514.0,-32768.0,1864833732.0,6.0,4.0,5.0
mpu,,,,,,,,,1864933731.0,-1198.0,16372.0,-32768.0,1864933731.0,-14.0,0.0,6.0
mpu,,,,,,,,,1865033731.0,-1318.0,16476.0,-32768.0,1865033731.0,-3.0,8.0,0.0
mpu,,,,,,,,,1865133731.0,-1370.0,16224.0,-32768.0,1865133731.0,10.0,5.0,-2.0
mpu,,,,,,,,,1865233726.0,-1338.0,16604.0,-32768.0,1865233726.0,-5.0,-1.0,4.0
mpu,,,,,,,,,1865333730.0,-1260.0,16276.0,-32768.0,1865333730.0,-8.0,7.0,1.0
mpu,,,,,,,,,1865433733.0,-1396.0,16370.0,-32768.0,1865433733.0,13.0,11.0,2.0
mpu,,,,,,,,,1865533731.0,-1510.0,16412.0,-32768.0,1865533731.0,7.0,10.0,5.0
mpu,,,,,,,,,1865633728.0,-1376.0,16252.0,-32768.0,1865633728.0,9.0,8.0,-5.0
mpu,,,,,,,,,1865733726.0,-1478.0,16218.0,-32768.0,1865733726.0,28.0,8.0,-10.0
mpu,,,,,,,,,1865833727.0,-1258.0,16456.0,-32768.0,1865833727.0,28.0,-5.0,-2.0
mpu,,,,,,,,,1865933726.0,-1112.0,16488.0,-32768.0,1865933726.0,-3.0,-5.0,8.0
mpu,,,,,,,,,1866033731.0,-1356.0,16352.0,-32768.0,1866033731.0,-26.0,4.0,13.0
mpu,,,,,,,,,1866133730.0,-1242.0,16446.0,-32768.0,1866133730.0,-11.0,9.0,9.0
mpu,,,,,,,,,1866233726.0,-1248.0,16256.0,-32768.0,1866233726.0,19.0,15.0,-1.0
mpu,,,,,,,,,1866333728.0,-1494.0,16470.0,-32768.0,1866333728.0,14.0,6.0,1.0
mpu,,,,,,,,,1866433730.0,-1374.0,16172.0,-32768.0,1866433730.0,-2.0,6.0,8.0
mpu,,,,,,,,,1866533726.0,-1214.0,16444.0,-32768.0,1866533726.0,-1.0,-3.0,5.0
mpu,,,,,,,,,1866633729.0,-1356.0,16336.0,-32768.0,1866633729.0,-12.0,1.0,0.0
mpu,,,,,,,,,1866733729.0,-1328.0,16340.0,-32768.0,1866733729.0,-2.0,1.0,-5.0
mpu,,,,,,,,,1866833734.0,-1284.0,16596.0,-32768.0,1866833734.0,-5.0,-5.0,-2.0
mpu,,,,,,,,,1866933735.0,-1474.0,16216.0,-32768.0,1866933735.0,-18.0,-1.0,3.0
mpu,,,,,,,,,1867033731.0,-1294.0,16502.0,-32768.0,1867033731.0,-16.0,1.0,4.0
mpu,,,,,,,,,1867133732.0,-1350.0,16302.0,-32768.0,1867133732.0,3.0,15.0,4.0
mpu,,,,,,,,,1867233722.0,-1284.0,16478.0,-32768.0,1867233722.0,28.0,15.0,-1.0
mpu,,,,,,,,,1867333739.0,-1424.0,16132.0,-32768.0,1867333739.0,45.0,23.0,-6.0
mpu,,,,,,,,,1867433728.0,-1286.0,16344.0,-32768.0,1867433728.0,50.0,-14.0,-21.0
mpu,,,,,,,,,1867533728.0,-1492.0,16276.0,-32768.0,1867533728.0,28.0,-12.0,-26.0
mpu,,,,,,,,,1867633733.0,-1556.0,16444.0,-32768.0,1867633733.0,11.0,-5.0,-13.0
mpu,,,,,,,,,1867733734.0,-1500.0,16210.0,-32768.0,1867733734.0,11.0,-7.0,-9.0
mpu,,,,,,,,,1867833733.0,-1438.0,16268.0,-32768.0,1867833733.0,21.0,-14.0,-17.0
mpu,,,,,,,,,1867933734.0,-1516.0,16174.0,-32768.0,1867933734.0,38.0,-7.0,-22.0
mpu,,,,,,,,,1868033735.0,-1590.0,16196.0,-32768.0,1868033735.0,56.0,-6.0,-26.0
mpu,,,,,,,,,1868133735.0,-1690.0,16286.0,-32768.0,1868133735.0,66.0,-14.0,-24.0
mpu,,,,,,,,,1868233726.0,-1762.0,16290.0,-32768.0,1868233726.0,64.0,-8.0,-31.0
mpu,,,,,,,,,1868333728.0,-1800.0,16428.0,-32768.0,1868333728.0,55.0,-2.0,-29.0
mpu,,,,,,,,,1868433733.0,-1828.0,16118.0,-32768.0,1868433733.0,32.0,0.0,-12.0
mpu,,,,,,,,,1868533730.0,-1716.0,16270.0,-32768.0,1868533730.0,-3.0,-2.0,2.0
mpu,,,,,,,,,1868633727.0,-1724.0,15916.0,-32768.0,1868633727.0,-9.0,-2.0,3.0
mpu,,,,,,,,,1868733730.0,-1728.0,16102.0,-32768.0,1868733730.0,-2.0,2.0,1.0
mpu,,,,,,,,,1868833735.0,-1760.0,16276.0,-32768.0,1868833735.0,-4.0,13.0,6.0
mpu,,,,,,,,,1868933733.0,-1912.0,16336.0,-32768.0,1868933733.0,-14.0,28.0,13.0
mpu,,,,,,,,,1869033734.0,-1714.0,15786.0,-32768.0,1869033734.0,-40.0,37.0,33.0
mpu,,,,,,,,,1869133725.0,-1876.0,15928.0,-32768.0,1869133725.0,-35.0,55.0,37.0
mpu,,,,,,,,,1869233733.0,-2050.0,16290.0,-32768.0,1869233733.0,2.0,39.0,11.0
mpu,,,,,,,,,1869333733.0,-1402.0,16314.0,-32768.0,1869333733.0,12.0,-26.0,4.0
mpu,,,,,,,,,1869433736.0,-1842.0,16572.0,-32768.0,1869433736.0,-11.0,-13.0,-6.0
mpu,,,,,,,,,1869533728.0,-1628.0,16456.0,-32768.0,1869533728.0,-42.0,-18.0,-1.0
mpu,,,,,,,,,1869633733.0,-1418.0,16134.0,-32768.0,1869633733.0,-65.0,23.0,17.0
mpu,,,,,,,,,1869733726.0,-1302.0,16022.0,-32768.0,1869733726.0,-19.0,10.0,1.0
mpu,,,,,,,,,1869833732.0,-1800.0,16468.0,-32768.0,1869833732.0,-32.0,10.0,0.0
mpu,,,,,,,,,1869933733.0,-1996.0,16530.0,-32768.0,1869933733.0,-7.0,36.0,-22.0
mpu,,,,,,,,,1870033726.0,-1924.0,16384.0,-32768.0,1870033726.0,-20.0,74.0,-14.0
mpu,,,,,,,,,1870133729.0,-1816.0,16114.0,-32768.0,1870133729.0,9.0,32.0,-12.0
mpu,,,,,,,,,1870233729.0,-2050.0,16016.0,-32768.0,1870233729.0,52.0,30.0,-23.0
mpu,,,,,,,,,1870333726.0,-1660.0,16400.0,-32768.0,1870333726.0,53.0,-2.0,-15.0
mpu,,,,,,,,,1870433732.0,-1650.0,16390.0,-32768.0,1870433732.0,-22.0,5.0,10.0
mpu,,,,,,,,,1870533726.0,-1584.0,16202.0,-32768.0,1870533726.0,-61.0,5.0,29.0
mpu,,,,,,,,,1870633726.0,-1668.0,16330.0,-32768.0,1870633726.0,-51.0,14.0,24.0
mpu,,,,,,,,,1870733727.0,-1728.0,16320.0,-32768.0,1870733727.0,-32.0,19.0,15.0
mpu,,,,,,,,,1870833733.0,-1572.0,16514.0,-32768.0,1870833733.0,-11.0,20.0,14.0
mpu,,,,,,,,,1870933733.0,-1502.0,16284.0,-32768.0,1870933733.0,13.0,12.0,2.0
mpu,,,,,,,,,1871033725.0,-1552.0,16480.0,-32768.0,1871033725.0,6.0,4.0,0.0
mpu,,,,,,,,,1871133728.0,-1454.0,16378.0,-32768.0,1871133728.0,-19.0,-12.0,5.0
mpu,,,,,,,,,1871233731.0,-1616.0,16314.0,-32768.0,1871233731.0,-21.0,-1.0,2.0
mpu,,,,,,,,,1871333741.0,-1586.0,16292.0,-32768.0,1871333741.0,20.0,16.0,-10.0
mpu,,,,,,,,,1871433729.0,-1738.0,16474.0,-32768.0,1871433729.0,36.0,23.0,-10.0
mpu,,,,,,,,,1871533737.0,-1628.0,16328.0,-32768.0,1871533737.0,3.0,10.0,6.0
mpu,,,,,,,,,1871633729.0,-1368.0,16062.0,-32768.0,1871633729.0,0.0,2.0,14.0
mpu,,,,,,,,,1871733731.0,-1708.0,16330.0,-32768.0,1871733731.0,9.0,-1.0,6.0
mpu,,,,,,,,,1871833729.0,-1566.0,16436.0,-32768.0,1871833729.0,-6.0,-1.0,11.0
mpu,,,,,,,,,1871933731.0,-1246.0,16544.0,-32768.0,1871933731.0,-45.0,3.0,23.0
mpu,,,,,,,,,1872033731.0,-1318.0,16110.0,-32768.0,1872033731.0,-59.0,15.0,28.0
mpu,,,,,,,,,1872133730.0,-1282.0,16078.0,-32768.0,1872133730.0,-24.0,11.0,9.0
mpu,,,,,,,,,1872233732.0,-1340.0,16456.0,-32768.0,1872233732.0,6.0,9.0,-4.0
mpu,,,,,,,,,1872333731.0,-1492.0,16480.0,-32768.0,1872333731.0,2.0,7.0,-5.0
mpu,,,,,,,,,1872433724.0,-1586.0,16310.0,-32768.0,1872433724.0,7.0,8.0,-1.0
mpu,,,,,,,,,1872533726.0,-1820.0,16374.0,-32768.0,1872533726.0,18.0,-2.0,-8.0
mpu,,,,,,,,,1872633727.0,-1498.0,16562.0,-32768.0,1872633727.0,5.0,7.0,-6.0
mpu,,,,,,,,,1872733732.0,-1500.0,16418.0,-32768.0,1872733732.0,-21.0,11.0,14.0
mpu,,,,,,,,,1872833728.0,-1374.0,16300.0,-32768.0,1872833728.0,-48.0,29.0,31.0
mpu,,,,,,,,,1872933734.0,-1364.0,16192.0,-32768.0,1872933734.0,-33.0,14.0,27.0
mpu,,,,,,,,,1873033734.0,-1272.0,16188.0,-32768.0,1873033734.0,24.0,-6.0,-8.0
mpu,,,,,,,,,1873133734.0,-1426.0,16294.0,-32768.0,1873133734.0,58.0,25.0,-10.0
mpu,,,,,,,,,1873233733.0,-1398.0,16474.0,-32768.0,1873233733.0,57.0,69.0,5.0
mpu,,,,,,,,,1873333727.0,-1722.0,16254.0,-32768.0,1873333727.0,46.0,69.0,24.0
mpu,,,,,,,,,1873433732.0,-1480.0,16674.0,-32768.0,1873433732.0,6.0,14.0,51.0
mpu,,,,,,,,,1873533735.0,-1438.0,17296.0,-32768.0,1873533735.0,-115.0,-33.0,103.0
mpu,,,,,,,,,1873633730.0,-976.0,16510.0,-32768.0,1873633730.0,-206.0,15.0,164.0
