type,t0,adc0,t1,adc1,t2,adc2,t3,adc3,t4,acc_x,acc_y,acc_z,t5,gyro_x,gyro_y,gyro_z
mpu,,,,,,,,,925768310,-5832,7998,-32768,925768310,-1,-3,0
mpu,,,,,,,,,925770800,-5832,7998,-32768,925770800,-1,-3,0
mpu,,,,,,,,,925773126,-5832,7998,-32768,925773126,-1,-3,0
mpu,,,,,,,,,925775440,-5832,7998,-32768,925775440,-1,-3,0
mpu,,,,,,,,,925777741,-5832,7998,-32768,925777741,-1,-3,0
mpu,,,,,,,,,925780031,-5832,7998,-32768,925780031,-1,-3,0
mpu,,,,,,,,,925782333,-5832,7998,-32768,925782333,-1,-3,0
mpu,,,,,,,,,925784629,-5832,7998,-32768,925784629,-1,-3,0
mpu,,,,,,,,,925786929,-5832,7998,-32768,925786929,-1,-3,0
mpu,,,,,,,,,925789210,-5832,7998,-32768,925789210,-1,-3,0
mpu,,,,,,,,,925791510,-5832,7998,-32768,925791510,-1,-3,0
mpu,,,,,,,,,925793812,-5832,7998,-32768,925793812,-1,-3,0
mpu,,,,,,,,,925796113,-5832,7998,-32768,925796113,-1,-3,0
mpu,,,,,,,,,925798413,-5832,7998,-32768,925798413,-1,-3,0
mpu,,,,,,,,,925800710,-5832,7998,-32768,925800710,-1,-3,0
mpu,,,,,,,,,925803013,-5832,7998,-32768,925803013,-1,-3,0
adc,925776175,0.0820000022649765,925785520,-0.0988750010728836,925795211,-0.006500000134110451,925804415,0.020500000566244125,,,,,,,,
mpu,,,,,,,,,925805319,-5832,7998,-32768,925805319,-1,-3,0
mpu,,,,,,,,,925807623,-5832,7998,-32768,925807623,-1,-3,0
mpu,,,,,,,,,925809915,-5832,7998,-32768,925809915,-1,-3,0
mpu,,,,,,,,,925812217,-5832,7998,-32768,925812217,-1,-3,0
mpu,,,,,,,,,925814516,-5832,7998,-32768,925814516,-1,-3,0
mpu,,,,,,,,,925817513,-5832,7998,-32768,925817513,-1,-3,0
mpu,,,,,,,,,925820480,-5832,7998,-32768,925820480,-1,-3,0
mpu,,,,,,,,,925823268,-5832,7998,-32768,925823268,-1,-3,0
mpu,,,,,,,,,925826321,-5832,7998,-32768,925826321,-1,-3,0
mpu,,,,,,,,,925829303,-5832,7998,-32768,925829303,-1,-3,0
mpu,,,,,,,,,925832280,-5832,7998,-32768,925832280,-1,-3,0
mpu,,,,,,,,,925835222,-5832,7998,-32768,925835222,-1,-3,0
mpu,,,,,,,,,925838151,-5832,7998,-32768,925838151,-1,-3,0
mpu,,,,,,,,,925841103,-5674,7950,-32768,925841103,4,2,2
adc,925813622,0.1340000033378601,925824487,-0.11762500554323196,925834336,-0.005625000223517418,925843673,0.018125001341104507,,,,,,,,
mpu,,,,,,,,,925844103,-5674,7950,-32768,925844103,4,2,2
mpu,,,,,,,,,925846650,-5674,7950,-32768,925846650,4,2,2
mpu,,,,,,,,,925849502,-5674,7950,-32768,925849502,4,2,2
mpu,,,,,,,,,925852463,-5674,7950,-32768,925852463,4,2,2
mpu,,,,,,,,,925855445,-5674,7950,-32768,925855445,4,2,2
mpu,,,,,,,,,925858407,-5674,7950,-32768,925858407,4,2,2
mpu,,,,,,,,,925861391,-5674,7950,-32768,925861391,4,2,2
mpu,,,,,,,,,925864338,-5674,7950,-32768,925864338,4,2,2
mpu,,,,,,,,,925867254,-5674,7950,-32768,925867254,4,2,2
mpu,,,,,,,,,925870215,-5674,7950,-32768,925870215,4,2,2
mpu,,,,,,,,,925873096,-5674,7950,-32768,925873096,4,2,2
mpu,,,,,,,,,925876022,-5674,7950,-32768,925876022,4,2,2
mpu,,,,,,,,,925878977,-5674,7950,-32768,925878977,4,2,2
mpu,,,,,,,,,925881935,-5674,7950,-32768,925881935,4,2,2
adc,925853629,0.1417500078678131,925863431,-0.11612500250339508,925872765,-0.0035000001080334187,925882229,0.009125000797212124,,,,,,,,
mpu,,,,,,,,,925884398,-5674,7950,-32768,925884398,4,2,2
mpu,,,,,,,,,925887422,-5674,7950,-32768,925887422,4,2,2
mpu,,,,,,,,,925890321,-5674,7950,-32768,925890321,4,2,2
mpu,,,,,,,,,925893225,-5674,7950,-32768,925893225,4,2,2
mpu,,,,,,,,,925896165,-5674,7950,-32768,925896165,4,2,2
mpu,,,,,,,,,925899122,-5674,7950,-32768,925899122,4,2,2
mpu,,,,,,,,,925902025,-5674,7950,-32768,925902025,4,2,2
mpu,,,,,,,,,925905030,-5674,7950,-32768,925905030,4,2,2
mpu,,,,,,,,,925907948,-5674,7950,-32768,925907948,4,2,2
mpu,,,,,,,,,925910893,-5674,7950,-32768,925910893,4,2,2
mpu,,,,,,,,,925913789,-5674,7950,-32768,925913789,4,2,2
mpu,,,,,,,,,925916734,-5674,7950,-32768,925916734,4,2,2
mpu,,,,,,,,,925919679,-5674,7950,-32768,925919679,4,2,2
adc,925892323,0.13837499916553497,925901672,-0.08787500113248825,925911191,0.0021250001154839993,925920817,-0.003375000087544322,,,,,,,,
mpu,,,,,,,,,925922705,-5674,7950,-32768,925922705,4,2,2
mpu,,,,,,,,,925925454,-5674,7950,-32768,925925454,4,2,2
mpu,,,,,,,,,925928377,-5674,7950,-32768,925928377,4,2,2
mpu,,,,,,,,,925931248,-5674,7950,-32768,925931248,4,2,2
mpu,,,,,,,,,925934160,-5674,7950,-32768,925934160,4,2,2
mpu,,,,,,,,,925937126,-5674,7950,-32768,925937126,4,2,2
mpu,,,,,,,,,925940029,-5674,7950,-32768,925940029,4,2,2
mpu,,,,,,,,,925942943,-5734,7988,-32768,925942943,7,9,1
mpu,,,,,,,,,925945874,-5734,7988,-32768,925945874,7,9,1
mpu,,,,,,,,,925948797,-5734,7988,-32768,925948797,7,9,1
mpu,,,,,,,,,925951676,-5734,7988,-32768,925951676,7,9,1
mpu,,,,,,,,,925954629,-5734,7988,-32768,925954629,7,9,1
mpu,,,,,,,,,925957571,-5734,7988,-32768,925957571,7,9,1
adc,925930342,0.11350000649690628,925939689,0.0010000000474974513,925949086,0.006500000134110451,925958684,-0.014625000767409801,,,,,,,,
mpu,,,,,,,,,925960616,-5734,7988,-32768,925960616,7,9,1
mpu,,,,,,,,,925963971,-5734,7988,-32768,925963971,7,9,1
mpu,,,,,,,,,925966887,-5734,7988,-32768,925966887,7,9,1
mpu,,,,,,,,,925969822,-5734,7988,-32768,925969822,7,9,1
mpu,,,,,,,,,925972724,-5734,7988,-32768,925972724,7,9,1
mpu,,,,,,,,,925975664,-5734,7988,-32768,925975664,7,9,1
mpu,,,,,,,,,925978562,-5734,7988,-32768,925978562,7,9,1
mpu,,,,,,,,,925981482,-5734,7988,-32768,925981482,7,9,1
mpu,,,,,,,,,925984421,-5734,7988,-32768,925984421,7,9,1
mpu,,,,,,,,,925987335,-5734,7988,-32768,925987335,7,9,1
mpu,,,,,,,,,925990221,-5734,7988,-32768,925990221,7,9,1
mpu,,,,,,,,,925993157,-5734,7988,-32768,925993157,7,9,1
mpu,,,,,,,,,925996109,-5734,7988,-32768,925996109,7,9,1
adc,925968913,0.055500004440546036,925978174,0.07625000178813934,925987635,0.007500000298023224,925997382,-0.016750000417232513,,,,,,,,
mpu,,,,,,,,,925999275,-5734,7988,-32768,925999275,7,9,1
mpu,,,,,,,,,926001931,-5734,7988,-32768,926001931,7,9,1
mpu,,,,,,,,,926004906,-5734,7988,-32768,926004906,7,9,1
mpu,,,,,,,,,926007861,-5734,7988,-32768,926007861,7,9,1
mpu,,,,,,,,,926010774,-5734,7988,-32768,926010774,7,9,1
mpu,,,,,,,,,926013785,-5734,7988,-32768,926013785,7,9,1
mpu,,,,,,,,,926016706,-5734,7988,-32768,926016706,7,9,1
mpu,,,,,,,,,926019605,-5734,7988,-32768,926019605,7,9,1
mpu,,,,,,,,,926022557,-5734,7988,-32768,926022557,7,9,1
mpu,,,,,,,,,926025497,-5734,7988,-32768,926025497,7,9,1
mpu,,,,,,,,,926028457,-5734,7988,-32768,926028457,7,9,1
mpu,,,,,,,,,926031381,-5734,7988,-32768,926031381,7,9,1
mpu,,,,,,,,,926034332,-5734,7988,-32768,926034332,7,9,1
adc,926007459,0.01912500150501728,926017001,0.1456250101327896,926026635,0.00787500012665987,926036348,-0.017875000834465027,,,,,,,,
mpu,,,,,,,,,926037458,-5734,7988,-32768,926037458,7,9,1
mpu,,,,,,,,,926040154,-5734,7988,-32768,926040154,7,9,1
mpu,,,,,,,,,926043155,-5686,8008,-32768,926043155,-2,3,8
mpu,,,,,,,,,926046070,-5686,8008,-32768,926046070,-2,3,8
mpu,,,,,,,,,926049001,-5686,8008,-32768,926049001,-2,3,8
mpu,,,,,,,,,926051987,-5686,8008,-32768,926051987,-2,3,8
mpu,,,,,,,,,926054923,-5686,8008,-32768,926054923,-2,3,8
mpu,,,,,,,,,926057814,-5686,8008,-32768,926057814,-2,3,8
mpu,,,,,,,,,926060762,-5686,8008,-32768,926060762,-2,3,8
mpu,,,,,,,,,926063707,-5686,8008,-32768,926063707,-2,3,8
mpu,,,,,,,,,926066683,-5686,8008,-32768,926066683,-2,3,8
mpu,,,,,,,,,926069658,-5686,8008,-32768,926069658,-2,3,8
mpu,,,,,,,,,926072599,-5686,8008,-32768,926072599,-2,3,8
adc,926045705,-0.005250000394880772,926055222,0.20662501454353333,926064852,0.007750000339001417,926074623,-0.01862500049173832,,,,,,,,
mpu,,,,,,,,,926075712,-5686,8008,-32768,926075712,-2,3,8
mpu,,,,,,,,,926078404,-5686,8008,-32768,926078404,-2,3,8
mpu,,,,,,,,,926081393,-5686,8008,-32768,926081393,-2,3,8
mpu,,,,,,,,,926084330,-5686,8008,-32768,926084330,-2,3,8
mpu,,,,,,,,,926087369,-5686,8008,-32768,926087369,-2,3,8
mpu,,,,,,,,,926090276,-5686,8008,-32768,926090276,-2,3,8
mpu,,,,,,,,,926093204,-5686,8008,-32768,926093204,-2,3,8
mpu,,,,,,,,,926096209,-5686,8008,-32768,926096209,-2,3,8
mpu,,,,,,,,,926099178,-5686,8008,-32768,926099178,-2,3,8
mpu,,,,,,,,,926102078,-5686,8008,-32768,926102078,-2,3,8
mpu,,,,,,,,,926105013,-5686,8008,-32768,926105013,-2,3,8
mpu,,,,,,,,,926107927,-5686,8008,-32768,926107927,-2,3,8
mpu,,,,,,,,,926110867,-5686,8008,-32768,926110867,-2,3,8
mpu,,,,,,,,,926113802,-5686,8008,-32768,926113802,-2,3,8
adc,926084641,-0.03687500208616257,926094375,0.22587500512599945,926104090,0.006875000428408384,926114099,-0.015500000678002834,,,,,,,,
mpu,,,,,,,,,926116259,-5686,8008,-32768,926116259,-2,3,8
mpu,,,,,,,,,926119185,-5686,8008,-32768,926119185,-2,3,8
mpu,,,,,,,,,926122121,-5686,8008,-32768,926122121,-2,3,8
mpu,,,,,,,,,926125005,-5686,8008,-32768,926125005,-2,3,8
mpu,,,,,,,,,926127916,-5686,8008,-32768,926127916,-2,3,8
mpu,,,,,,,,,926130849,-5686,8008,-32768,926130849,-2,3,8
mpu,,,,,,,,,926133782,-5686,8008,-32768,926133782,-2,3,8
mpu,,,,,,,,,926136691,-5686,8008,-32768,926136691,-2,3,8
mpu,,,,,,,,,926139634,-5686,8008,-32768,926139634,-2,3,8
mpu,,,,,,,,,926142556,-5836,7916,-32768,926142556,-1,7,6
mpu,,,,,,,,,926145569,-5836,7916,-32768,926145569,-1,7,6
mpu,,,,,,,,,926148514,-5836,7916,-32768,926148514,-1,7,6
mpu,,,,,,,,,926151380,-5836,7916,-32768,926151380,-1,7,6
adc,926124076,-0.0430000014603138,926134079,0.22812500596046448,926143709,0.006375000346451998,926153357,-0.014375000260770321,,,,,,,,
mpu,,,,,,,,,926154425,-5836,7916,-32768,926154425,-1,7,6
mpu,,,,,,,,,926157175,-5836,7916,-32768,926157175,-1,7,6
mpu,,,,,,,,,926160160,-5836,7916,-32768,926160160,-1,7,6
mpu,,,,,,,,,926163110,-5836,7916,-32768,926163110,-1,7,6
mpu,,,,,,,,,926165917,-5836,7916,-32768,926165917,-1,7,6
mpu,,,,,,,,,926168836,-5836,7916,-32768,926168836,-1,7,6
mpu,,,,,,,,,926171790,-5836,7916,-32768,926171790,-1,7,6
mpu,,,,,,,,,926174934,-5836,7916,-32768,926174934,-1,7,6
mpu,,,,,,,,,926177884,-5836,7916,-32768,926177884,-1,7,6
mpu,,,,,,,,,926180827,-5836,7916,-32768,926180827,-1,7,6
mpu,,,,,,,,,926183743,-5836,7916,-32768,926183743,-1,7,6
mpu,,,,,,,,,926186647,-5836,7916,-32768,926186647,-1,7,6
mpu,,,,,,,,,926189619,-5836,7916,-32768,926189619,-1,7,6
adc,926162947,-0.04787500202655792,926172980,0.21762500703334808,926182830,0.004124999977648258,926192342,-0.008875000290572643,,,,,,,,
mpu,,,,,,,,,926192558,-5836,7916,-32768,926192558,-1,7,6
mpu,,,,,,,,,926195542,-5836,7916,-32768,926195542,-1,7,6
mpu,,,,,,,,,926198822,-5836,7916,-32768,926198822,-1,7,6
mpu,,,,,,,,,926201724,-5836,7916,-32768,926201724,-1,7,6
mpu,,,,,,,,,926204633,-5836,7916,-32768,926204633,-1,7,6
mpu,,,,,,,,,926207575,-5836,7916,-32768,926207575,-1,7,6
mpu,,,,,,,,,926210524,-5836,7916,-32768,926210524,-1,7,6
mpu,,,,,,,,,926213500,-5836,7916,-32768,926213500,-1,7,6
mpu,,,,,,,,,926216490,-5836,7916,-32768,926216490,-1,7,6
mpu,,,,,,,,,926219455,-5836,7916,-32768,926219455,-1,7,6
mpu,,,,,,,,,926222410,-5836,7916,-32768,926222410,-1,7,6
mpu,,,,,,,,,926225322,-5836,7916,-32768,926225322,-1,7,6
mpu,,,,,,,,,926228287,-5836,7916,-32768,926228287,-1,7,6
adc,926202031,-0.04487500339746475,926211677,0.1927500069141388,926221503,-0.0001250000059371814,926231449,0.0023750001564621925,,,,,,,,
mpu,,,,,,,,,926231225,-5836,7916,-32768,926231225,-1,7,6
mpu,,,,,,,,,926233664,-5836,7916,-32768,926233664,-1,7,6
mpu,,,,,,,,,926236620,-5836,7916,-32768,926236620,-1,7,6
mpu,,,,,,,,,926239537,-5836,7916,-32768,926239537,-1,7,6
mpu,,,,,,,,,926242453,-5722,7926,-32768,926242453,6,13,6
mpu,,,,,,,,,926245341,-5722,7926,-32768,926245341,6,13,6
mpu,,,,,,,,,926248282,-5722,7926,-32768,926248282,6,13,6
mpu,,,,,,,,,926251188,-5722,7926,-32768,926251188,6,13,6
mpu,,,,,,,,,926254097,-5722,7926,-32768,926254097,6,13,6
mpu,,,,,,,,,926257039,-5722,7926,-32768,926257039,6,13,6
mpu,,,,,,,,,926259973,-5722,7926,-32768,926259973,6,13,6
mpu,,,,,,,,,926262877,-5722,7926,-32768,926262877,6,13,6
mpu,,,,,,,,,926265766,-5722,7926,-32768,926265766,6,13,6
mpu,,,,,,,,,926268701,-5722,7926,-32768,926268701,6,13,6
adc,926241636,-0.032999999821186066,926250811,0.17812500894069672,926260253,-0.002250000135973096,926269851,0.010000000707805157,,,,,,,,
mpu,,,,,,,,,926271743,-5722,7926,-32768,926271743,6,13,6
mpu,,,,,,,,,926274407,-5722,7926,-32768,926274407,6,13,6
mpu,,,,,,,,,926277392,-5722,7926,-32768,926277392,6,13,6
mpu,,,,,,,,,926280345,-5722,7926,-32768,926280345,6,13,6
mpu,,,,,,,,,926283256,-5722,7926,-32768,926283256,6,13,6
mpu,,,,,,,,,926286209,-5722,7926,-32768,926286209,6,13,6
mpu,,,,,,,,,926289142,-5722,7926,-32768,926289142,6,13,6
mpu,,,,,,,,,926292026,-5722,7926,-32768,926292026,6,13,6
mpu,,,,,,,,,926294969,-5722,7926,-32768,926294969,6,13,6
mpu,,,,,,,,,926297908,-5722,7926,-32768,926297908,6,13,6
mpu,,,,,,,,,926300894,-5722,7926,-32768,926300894,6,13,6
mpu,,,,,,,,,926303871,-5722,7926,-32768,926303871,6,13,6
mpu,,,,,,,,,926306854,-5722,7926,-32768,926306854,6,13,6
adc,926279956,0.004000000189989805,926289439,0.09775000810623169,926299066,-0.005250000394880772,926308854,0.016499999910593033,,,,,,,,
mpu,,,,,,,,,926309964,-5722,7926,-32768,926309964,6,13,6
mpu,,,,,,,,,926312627,-5722,7926,-32768,926312627,6,13,6
mpu,,,,,,,,,926315608,-5722,7926,-32768,926315608,6,13,6
mpu,,,,,,,,,926318551,-5722,7926,-32768,926318551,6,13,6
mpu,,,,,,,,,926321462,-5722,7926,-32768,926321462,6,13,6
mpu,,,,,,,,,926324401,-5722,7926,-32768,926324401,6,13,6
mpu,,,,,,,,,926327341,-5722,7926,-32768,926327341,6,13,6
mpu,,,,,,,,,926330320,-5722,7926,-32768,926330320,6,13,6
mpu,,,,,,,,,926333257,-5722,7926,-32768,926333257,6,13,6
mpu,,,,,,,,,926336154,-5722,7926,-32768,926336154,6,13,6
mpu,,,,,,,,,926339036,-5722,7926,-32768,926339036,6,13,6
mpu,,,,,,,,,926341961,-5672,7958,-32768,926341961,4,15,6
mpu,,,,,,,,,926344911,-5672,7958,-32768,926344911,4,15,6
adc,926318854,0.03225000202655792,926328494,0.03987500071525574,926338114,-0.006000000052154064,926347475,0.017750000581145287,,,,,,,,
mpu,,,,,,,,,926347901,-5672,7958,-32768,926347901,4,15,6
mpu,,,,,,,,,926350930,-5672,7958,-32768,926350930,4,15,6
mpu,,,,,,,,,926353382,-5672,7958,-32768,926353382,4,15,6
mpu,,,,,,,,,926356301,-5672,7958,-32768,926356301,4,15,6
mpu,,,,,,,,,926359279,-5672,7958,-32768,926359279,4,15,6
mpu,,,,,,,,,926362242,-5672,7958,-32768,926362242,4,15,6
mpu,,,,,,,,,926365189,-5672,7958,-32768,926365189,4,15,6
mpu,,,,,,,,,926368090,-5672,7958,-32768,926368090,4,15,6
mpu,,,,,,,,,926371107,-5672,7958,-32768,926371107,4,15,6
mpu,,,,,,,,,926374013,-5672,7958,-32768,926374013,4,15,6
mpu,,,,,,,,,926376949,-5672,7958,-32768,926376949,4,15,6
mpu,,,,,,,,,926379822,-5672,7958,-32768,926379822,4,15,6
mpu,,,,,,,,,926382746,-5672,7958,-32768,926382746,4,15,6
mpu,,,,,,,,,926385684,-5672,7958,-32768,926385684,4,15,6
adc,926357442,0.07100000232458115,926367244,-0.027250001206994057,926377241,-0.006375000346451998,926386827,0.01862500049173832,,,,,,,,
mpu,,,,,,,,,926388720,-5672,7958,-32768,926388720,4,15,6
mpu,,,,,,,,,926391427,-5672,7958,-32768,926391427,4,15,6
mpu,,,,,,,,,926394414,-5672,7958,-32768,926394414,4,15,6
mpu,,,,,,,,,926397366,-5672,7958,-32768,926397366,4,15,6
mpu,,,,,,,,,926400269,-5672,7958,-32768,926400269,4,15,6
mpu,,,,,,,,,926403175,-5672,7958,-32768,926403175,4,15,6
mpu,,,,,,,,,926406065,-5672,7958,-32768,926406065,4,15,6
mpu,,,,,,,,,926409056,-5672,7958,-32768,926409056,4,15,6
mpu,,,,,,,,,926411965,-5672,7958,-32768,926411965,4,15,6
mpu,,,,,,,,,926414909,-5672,7958,-32768,926414909,4,15,6
mpu,,,,,,,,,926417879,-5672,7958,-32768,926417879,4,15,6
mpu,,,,,,,,,926420841,-5672,7958,-32768,926420841,4,15,6
mpu,,,,,,,,,926423784,-5672,7958,-32768,926423784,4,15,6
adc,926396970,0.08625000715255737,926406285,-0.04650000110268593,926416051,-0.006625000387430191,926426309,0.019500000402331352,,,,,,,,
mpu,,,,,,,,,926427389,-5672,7958,-32768,926427389,4,15,6
mpu,,,,,,,,,926430049,-5672,7958,-32768,926430049,4,15,6
mpu,,,,,,,,,926433030,-5672,7958,-32768,926433030,4,15,6
mpu,,,,,,,,,926435968,-5672,7958,-32768,926435968,4,15,6
mpu,,,,,,,,,926438845,-5672,7958,-32768,926438845,4,15,6
mpu,,,,,,,,,926441808,-5664,7880,-32768,926441808,2,9,7
mpu,,,,,,,,,926444743,-5664,7880,-32768,926444743,2,9,7
mpu,,,,,,,,,926447715,-5664,7880,-32768,926447715,2,9,7
mpu,,,,,,,,,926450682,-5664,7880,-32768,926450682,2,9,7
mpu,,,,,,,,,926453613,-5664,7880,-32768,926453613,2,9,7
mpu,,,,,,,,,926456550,-5664,7880,-32768,926456550,2,9,7
mpu,,,,,,,,,926459441,-5664,7880,-32768,926459441,2,9,7
mpu,,,,,,,,,926462514,-5664,7880,-32768,926462514,2,9,7
adc,926436260,0.09837500751018524,926445882,-0.07262500375509262,926455620,-0.006625000387430191,926465065,0.020000001415610313,,,,,,,,
mpu,,,,,,,,,926465501,-5664,7880,-32768,926465501,2,9,7
mpu,,,,,,,,,926468486,-5664,7880,-32768,926468486,2,9,7
mpu,,,,,,,,,926470951,-5664,7880,-32768,926470951,2,9,7
mpu,,,,,,,,,926473869,-5664,7880,-32768,926473869,2,9,7
mpu,,,,,,,,,926476857,-5664,7880,-32768,926476857,2,9,7
mpu,,,,,,,,,926479810,-5664,7880,-32768,926479810,2,9,7
mpu,,,,,,,,,926482748,-5664,7880,-32768,926482748,2,9,7
mpu,,,,,,,,,926485676,-5664,7880,-32768,926485676,2,9,7
mpu,,,,,,,,,926488596,-5664,7880,-32768,926488596,2,9,7
mpu,,,,,,,,,926491541,-5664,7880,-32768,926491541,2,9,7
mpu,,,,,,,,,926494477,-5664,7880,-32768,926494477,2,9,7
mpu,,,,,,,,,926497361,-5664,7880,-32768,926497361,2,9,7
mpu,,,,,,,,,926500314,-5664,7880,-32768,926500314,2,9,7
mpu,,,,,,,,,926503229,-5664,7880,-32768,926503229,2,9,7
adc,926475023,0.12462500482797623,926484766,-0.10400000214576721,926494783,-0.0062500000931322575,926504369,0.019625000655651093,,,,,,,,
mpu,,,,,,,,,926506297,-5664,7880,-32768,926506297,2,9,7
mpu,,,,,,,,,926509669,-5664,7880,-32768,926509669,2,9,7
mpu,,,,,,,,,926512607,-5664,7880,-32768,926512607,2,9,7
mpu,,,,,,,,,926515484,-5664,7880,-32768,926515484,2,9,7
mpu,,,,,,,,,926518402,-5664,7880,-32768,926518402,2,9,7
mpu,,,,,,,,,926521345,-5664,7880,-32768,926521345,2,9,7
mpu,,,,,,,,,926524241,-5664,7880,-32768,926524241,2,9,7
mpu,,,,,,,,,926527156,-5664,7880,-32768,926527156,2,9,7
mpu,,,,,,,,,926530109,-5664,7880,-32768,926530109,2,9,7
mpu,,,,,,,,,926533009,-5664,7880,-32768,926533009,2,9,7
mpu,,,,,,,,,926535908,-5664,7880,-32768,926535908,2,9,7
mpu,,,,,,,,,926538853,-5664,7880,-32768,926538853,2,9,7
mpu,,,,,,,,,926541817,-5644,7966,-32768,926541817,1,12,6
adc,926513964,0.13500000536441803,926523851,-0.11512500792741776,926533308,-0.005000000353902578,926542970,0.014375000260770321,,,,,,,,
mpu,,,,,,,,,926544849,-5644,7966,-32768,926544849,1,12,6
mpu,,,,,,,,,926547522,-5644,7966,-32768,926547522,1,12,6
mpu,,,,,,,,,926550435,-5644,7966,-32768,926550435,1,12,6
mpu,,,,,,,,,926553346,-5644,7966,-32768,926553346,1,12,6
mpu,,,,,,,,,926556361,-5644,7966,-32768,926556361,1,12,6
mpu,,,,,,,,,926559257,-5644,7966,-32768,926559257,1,12,6
mpu,,,,,,,,,926562191,-5644,7966,-32768,926562191,1,12,6
mpu,,,,,,,,,926564996,-5644,7966,-32768,926564996,1,12,6
mpu,,,,,,,,,926567947,-5644,7966,-32768,926567947,1,12,6
mpu,,,,,,,,,926570894,-5644,7966,-32768,926570894,1,12,6
mpu,,,,,,,,,926573867,-5644,7966,-32768,926573867,1,12,6
mpu,,,,,,,,,926576814,-5644,7966,-32768,926576814,1,12,6
mpu,,,,,,,,,926579747,-5644,7966,-32768,926579747,1,12,6
adc,926552950,0.14537501335144043,926562034,-0.1080000028014183,926572041,-0.0002500000118743628,926581735,0.005000000353902578,,,,,,,,
mpu,,,,,,,,,926582820,-5644,7966,-32768,926582820,1,12,6
mpu,,,,,,,,,926585506,-5644,7966,-32768,926585506,1,12,6
mpu,,,,,,,,,926588498,-5644,7966,-32768,926588498,1,12,6
mpu,,,,,,,,,926591433,-5644,7966,-32768,926591433,1,12,6
mpu,,,,,,,,,926594328,-5644,7966,-32768,926594328,1,12,6
mpu,,,,,,,,,926597299,-5644,7966,-32768,926597299,1,12,6
mpu,,,,,,,,,926600193,-5644,7966,-32768,926600193,1,12,6
mpu,,,,,,,,,926603090,-5644,7966,-32768,926603090,1,12,6
mpu,,,,,,,,,926606056,-5644,7966,-32768,926606056,1,12,6
mpu,,,,,,,,,926608989,-5644,7966,-32768,926608989,1,12,6
mpu,,,,,,,,,926611909,-5644,7966,-32768,926611909,1,12,6
mpu,,,,,,,,,926614814,-5644,7966,-32768,926614814,1,12,6
mpu,,,,,,,,,926617756,-5644,7966,-32768,926617756,1,12,6
adc,926591730,0.13700000941753387,926601552,-0.07462500035762787,926611511,0.001500000013038516,926620905,0.0006250000442378223,,,,,,,,
mpu,,,,,,,,,926620690,-5644,7966,-32768,926620690,1,12,6
mpu,,,,,,,,,926623117,-5644,7966,-32768,926623117,1,12,6
mpu,,,,,,,,,926626021,-5644,7966,-32768,926626021,1,12,6
mpu,,,,,,,,,926628920,-5644,7966,-32768,926628920,1,12,6
mpu,,,,,,,,,926631865,-5644,7966,-32768,926631865,1,12,6
mpu,,,,,,,,,926634768,-5644,7966,-32768,926634768,1,12,6
mpu,,,,,,,,,926637711,-5644,7966,-32768,926637711,1,12,6
mpu,,,,,,,,,926640667,-5644,7966,-32768,926640667,1,12,6
mpu,,,,,,,,,926643563,-5656,7894,-32768,926643563,2,9,5
mpu,,,,,,,,,926646514,-5656,7894,-32768,926646514,2,9,5
mpu,,,,,,,,,926649471,-5656,7894,-32768,926649471,2,9,5
mpu,,,,,,,,,926652442,-5656,7894,-32768,926652442,2,9,5
mpu,,,,,,,,,926655379,-5656,7894,-32768,926655379,2,9,5
mpu,,,,,,,,,926658310,-5656,7894,-32768,926658310,2,9,5
adc,926630935,0.12125000357627869,926640965,-0.042125001549720764,926650611,0.0032500000670552254,926660337,-0.005375000182539225,,,,,,,,
mpu,,,,,,,,,926661265,-5656,7894,-32768,926661265,2,9,5
mpu,,,,,,,,,926663804,-5656,7894,-32768,926663804,2,9,5
mpu,,,,,,,,,926666272,-5656,7894,-32768,926666272,2,9,5
mpu,,,,,,,,,926669264,-5656,7894,-32768,926669264,2,9,5
mpu,,,,,,,,,926672171,-5656,7894,-32768,926672171,2,9,5
mpu,,,,,,,,,926675127,-5656,7894,-32768,926675127,2,9,5
mpu,,,,,,,,,926678030,-5656,7894,-32768,926678030,2,9,5
mpu,,,,,,,,,926681002,-5656,7894,-32768,926681002,2,9,5
mpu,,,,,,,,,926683964,-5656,7894,-32768,926683964,2,9,5
mpu,,,,,,,,,926686912,-5656,7894,-32768,926686912,2,9,5
mpu,,,,,,,,,926689855,-5656,7894,-32768,926689855,2,9,5
mpu,,,,,,,,,926692782,-5656,7894,-32768,926692782,2,9,5
mpu,,,,,,,,,926695739,-5656,7894,-32768,926695739,2,9,5
adc,926669568,0.10912500321865082,926679168,0.027375001460313797,926688594,0.007000000216066837,926698285,-0.015375000424683094,,,,,,,,
mpu,,,,,,,,,926698715,-5656,7894,-32768,926698715,2,9,5
mpu,,,,,,,,,926702066,-5656,7894,-32768,926702066,2,9,5
mpu,,,,,,,,,926704980,-5656,7894,-32768,926704980,2,9,5
mpu,,,,,,,,,926707907,-5656,7894,-32768,926707907,2,9,5
mpu,,,,,,,,,926710808,-5656,7894,-32768,926710808,2,9,5
mpu,,,,,,,,,926713764,-5656,7894,-32768,926713764,2,9,5
mpu,,,,,,,,,926716691,-5656,7894,-32768,926716691,2,9,5
mpu,,,,,,,,,926719661,-5656,7894,-32768,926719661,2,9,5
mpu,,,,,,,,,926722594,-5656,7894,-32768,926722594,2,9,5
mpu,,,,,,,,,926725547,-5656,7894,-32768,926725547,2,9,5
mpu,,,,,,,,,926728481,-5656,7894,-32768,926728481,2,9,5
mpu,,,,,,,,,926731384,-5656,7894,-32768,926731384,2,9,5
mpu,,,,,,,,,926734336,-5656,7894,-32768,926734336,2,9,5
adc,926708206,0.05225000157952309,926717828,0.09962500631809235,926727552,0.007375000510364771,926736882,-0.016375001519918442,,,,,,,,
mpu,,,,,,,,,926737307,-5656,7894,-32768,926737307,2,9,5
mpu,,,,,,,,,926740016,-5656,7894,-32768,926740016,2,9,5
mpu,,,,,,,,,926742735,-5586,7978,-32768,926742735,-1,4,7
mpu,,,,,,,,,926745677,-5586,7978,-32768,926745677,-1,4,7
mpu,,,,,,,,,926748650,-5586,7978,-32768,926748650,-1,4,7
mpu,,,,,,,,,926751592,-5586,7978,-32768,926751592,-1,4,7
mpu,,,,,,,,,926754515,-5586,7978,-32768,926754515,-1,4,7
mpu,,,,,,,,,926757458,-5586,7978,-32768,926757458,-1,4,7
mpu,,,,,,,,,926760349,-5586,7978,-32768,926760349,-1,4,7
mpu,,,,,,,,,926763290,-5586,7978,-32768,926763290,-1,4,7
mpu,,,,,,,,,926766224,-5586,7978,-32768,926766224,-1,4,7
mpu,,,,,,,,,926769026,-5586,7978,-32768,926769026,-1,4,7
mpu,,,,,,,,,926771936,-5586,7978,-32768,926771936,-1,4,7
mpu,,,,,,,,,926774862,-5586,7978,-32768,926774862,-1,4,7
adc,926746802,0.014375000260770321,926756522,0.16087500751018524,926766083,0.007750000339001417,926776028,-0.018125001341104507,,,,,,,,
mpu,,,,,,,,,926777932,-5586,7978,-32768,926777932,-1,4,7
mpu,,,,,,,,,926780631,-5586,7978,-32768,926780631,-1,4,7
mpu,,,,,,,,,926783550,-5586,7978,-32768,926783550,-1,4,7
mpu,,,,,,,,,926786488,-5586,7978,-32768,926786488,-1,4,7
mpu,,,,,,,,,926789394,-5586,7978,-32768,926789394,-1,4,7
mpu,,,,,,,,,926792360,-5586,7978,-32768,926792360,-1,4,7
mpu,,,,,,,,,926795248,-5586,7978,-32768,926795248,-1,4,7
mpu,,,,,,,,,926798138,-5586,7978,-32768,926798138,-1,4,7
mpu,,,,,,,,,926801094,-5586,7978,-32768,926801094,-1,4,7
mpu,,,,,,,,,926804011,-5586,7978,-32768,926804011,-1,4,7
mpu,,,,,,,,,926806977,-5586,7978,-32768,926806977,-1,4,7
mpu,,,,,,,,,926809920,-5586,7978,-32768,926809920,-1,4,7
mpu,,,,,,,,,926812867,-5586,7978,-32768,926812867,-1,4,7
adc,926786110,-0.005375000182539225,926795542,0.18650001287460327,926805158,0.00787500012665987,926814565,-0.01862500049173832,,,,,,,,
mpu,,,,,,,,,926816047,-5586,7978,-32768,926816047,-1,4,7
mpu,,,,,,,,,926818663,-5586,7978,-32768,926818663,-1,4,7
mpu,,,,,,,,,926821636,-5586,7978,-32768,926821636,-1,4,7
mpu,,,,,,,,,926824568,-5586,7978,-32768,926824568,-1,4,7
mpu,,,,,,,,,926827486,-5586,7978,-32768,926827486,-1,4,7
mpu,,,,,,,,,926830450,-5586,7978,-32768,926830450,-1,4,7
mpu,,,,,,,,,926833390,-5586,7978,-32768,926833390,-1,4,7
mpu,,,,,,,,,926836286,-5586,7978,-32768,926836286,-1,4,7
mpu,,,,,,,,,926839228,-5586,7978,-32768,926839228,-1,4,7
mpu,,,,,,,,,926842125,-5586,7978,-32768,926842125,-1,4,7
mpu,,,,,,,,,926845082,-5696,7936,-32768,926845082,0,10,5
mpu,,,,,,,,,926848009,-5696,7936,-32768,926848009,0,10,5
mpu,,,,,,,,,926850946,-5696,7936,-32768,926850946,0,10,5
adc,926824176,-0.03400000184774399,926833695,0.22850000858306885,926843257,0.006375000346451998,926852946,-0.013250000774860382,,,,,,,,
mpu,,,,,,,,,926854033,-5696,7936,-32768,926854033,0,10,5
mpu,,,,,,,,,926856581,-5696,7936,-32768,926856581,0,10,5
mpu,,,,,,,,,926859044,-5696,7936,-32768,926859044,0,10,5
mpu,,,,,,,,,926861946,-5696,7936,-32768,926861946,0,10,5
mpu,,,,,,,,,926864824,-5696,7936,-32768,926864824,0,10,5
mpu,,,,,,,,,926867763,-5696,7936,-32768,926867763,0,10,5
mpu,,,,,,,,,926870704,-5696,7936,-32768,926870704,0,10,5
mpu,,,,,,,,,926873686,-5696,7936,-32768,926873686,0,10,5
mpu,,,,,,,,,926876638,-5696,7936,-32768,926876638,0,10,5
mpu,,,,,,,,,926879589,-5696,7936,-32768,926879589,0,10,5
mpu,,,,,,,,,926882514,-5696,7936,-32768,926882514,0,10,5
mpu,,,,,,,,,926885417,-5696,7936,-32768,926885417,0,10,5
mpu,,,,,,,,,926888354,-5696,7936,-32768,926888354,0,10,5
adc,926862234,-0.048250000923871994,926871859,0.2081250101327896,926881595,0.001125000067986548,926890881,0.0002500000118743628,,,,,,,,
mpu,,,,,,,,,926891310,-5696,7936,-32768,926891310,0,10,5
mpu,,,,,,,,,926894661,-5696,7936,-32768,926894661,0,10,5
mpu,,,,,,,,,926897589,-5696,7936,-32768,926897589,0,10,5
mpu,,,,,,,,,926900538,-5696,7936,-32768,926900538,0,10,5
mpu,,,,,,,,,926903427,-5696,7936,-32768,926903427,0,10,5
mpu,,,,,,,,,926906376,-5696,7936,-32768,926906376,0,10,5
mpu,,,,,,,,,926909317,-5696,7936,-32768,926909317,0,10,5
mpu,,,,,,,,,926912294,-5696,7936,-32768,926912294,0,10,5
mpu,,,,,,,,,926915240,-5696,7936,-32768,926915240,0,10,5
mpu,,,,,,,,,926918117,-5696,7936,-32768,926918117,0,10,5
mpu,,,,,,,,,926921040,-5696,7936,-32768,926921040,0,10,5
mpu,,,,,,,,,926923952,-5696,7936,-32768,926923952,0,10,5
mpu,,,,,,,,,926926897,-5696,7936,-32768,926926897,0,10,5
mpu,,,,,,,,,926929835,-5696,7936,-32768,926929835,0,10,5
adc,926900830,-0.026000000536441803,926910459,0.15400001406669617,926920648,-0.002500000176951289,926930130,0.006500000134110451,,,,,,,,
mpu,,,,,,,,,926932316,-5696,7936,-32768,926932316,0,10,5
mpu,,,,,,,,,926935278,-5696,7936,-32768,926935278,0,10,5
mpu,,,,,,,,,926938171,-5696,7936,-32768,926938171,0,10,5
mpu,,,,,,,,,926941099,-5696,7936,-32768,926941099,0,10,5
mpu,,,,,,,,,926944007,-5546,7996,-32768,926944007,4,11,5
mpu,,,,,,,,,926946954,-5546,7996,-32768,926946954,4,11,5
mpu,,,,,,,,,926949901,-5546,7996,-32768,926949901,4,11,5
mpu,,,,,,,,,926952778,-5546,7996,-32768,926952778,4,11,5
mpu,,,,,,,,,926955746,-5546,7996,-32768,926955746,4,11,5
mpu,,,,,,,,,926958687,-5546,7996,-32768,926958687,4,11,5
mpu,,,,,,,,,926961647,-5546,7996,-32768,926961647,4,11,5
mpu,,,,,,,,,926964581,-5546,7996,-32768,926964581,4,11,5
mpu,,,,,,,,,926967527,-5546,7996,-32768,926967527,4,11,5
adc,926940181,-0.010125000029802322,926950195,0.12262500822544098,926959802,-0.0031250000465661287,926969539,0.011125000193715096,,,,,,,,
mpu,,,,,,,,,926970692,-5546,7996,-32768,926970692,4,11,5
mpu,,,,,,,,,926973363,-5546,7996,-32768,926973363,4,11,5
mpu,,,,,,,,,926976332,-5546,7996,-32768,926976332,4,11,5
mpu,,,,,,,,,926979218,-5546,7996,-32768,926979218,4,11,5
mpu,,,,,,,,,926982133,-5546,7996,-32768,926982133,4,11,5
mpu,,,,,,,,,926985088,-5546,7996,-32768,926985088,4,11,5
mpu,,,,,,,,,926988027,-5546,7996,-32768,926988027,4,11,5
mpu,,,,,,,,,926990912,-5546,7996,-32768,926990912,4,11,5
mpu,,,,,,,,,926993858,-5546,7996,-32768,926993858,4,11,5
mpu,,,,,,,,,926996794,-5546,7996,-32768,926996794,4,11,5
mpu,,,,,,,,,926999774,-5546,7996,-32768,926999774,4,11,5
mpu,,,,,,,,,927002726,-5546,7996,-32768,927002726,4,11,5
mpu,,,,,,,,,927005669,-5546,7996,-32768,927005669,4,11,5
adc,926978868,0.0042500002309679985,926988317,0.05387500301003456,926997945,-0.006000000052154064,927007683,0.017125001177191734,,,,,,,,
mpu,,,,,,,,,927008788,-5546,7996,-32768,927008788,4,11,5
mpu,,,,,,,,,927011359,-5546,7996,-32768,927011359,4,11,5
mpu,,,,,,,,,927013834,-5546,7996,-32768,927013834,4,11,5
mpu,,,,,,,,,927016768,-5546,7996,-32768,927016768,4,11,5
mpu,,,,,,,,,927019660,-5546,7996,-32768,927019660,4,11,5
mpu,,,,,,,,,927022612,-5546,7996,-32768,927022612,4,11,5
mpu,,,,,,,,,927025542,-5546,7996,-32768,927025542,4,11,5
mpu,,,,,,,,,927028501,-5546,7996,-32768,927028501,4,11,5
mpu,,,,,,,,,927031458,-5546,7996,-32768,927031458,4,11,5
mpu,,,,,,,,,927034417,-5546,7996,-32768,927034417,4,11,5
mpu,,,,,,,,,927037359,-5546,7996,-32768,927037359,4,11,5
mpu,,,,,,,,,927040319,-5546,7996,-32768,927040319,4,11,5
mpu,,,,,,,,,927043224,-5576,8008,-32768,927043224,1,9,6
adc,927017068,0.05912500247359276,927026680,-0.03350000083446503,927036129,-0.006625000387430191,927045504,0.01925000175833702,,,,,,,,
mpu,,,,,,,,,927046589,-5576,8008,-32768,927046589,1,9,6
mpu,,,,,,,,,927049360,-5576,8008,-32768,927049360,1,9,6
mpu,,,,,,,,,927052341,-5576,8008,-32768,927052341,1,9,6
mpu,,,,,,,,,927055237,-5576,8008,-32768,927055237,1,9,6
mpu,,,,,,,,,927058165,-5576,8008,-32768,927058165,1,9,6
mpu,,,,,,,,,927061108,-5576,8008,-32768,927061108,1,9,6
mpu,,,,,,,,,927064045,-5576,8008,-32768,927064045,1,9,6
mpu,,,,,,,,,927067049,-5576,8008,-32768,927067049,1,9,6
mpu,,,,,,,,,927069950,-5576,8008,-32768,927069950,1,9,6
mpu,,,,,,,,,927072892,-5576,8008,-32768,927072892,1,9,6
mpu,,,,,,,,,927075847,-5576,8008,-32768,927075847,1,9,6
mpu,,,,,,,,,927078802,-5576,8008,-32768,927078802,1,9,6
mpu,,,,,,,,,927081731,-5576,8008,-32768,927081731,1,9,6
adc,927054909,0.11387500911951065,927064343,-0.10312500596046448,927074023,-0.0062500000931322575,927083745,0.01837499998509884,,,,,,,,
mpu,,,,,,,,,927084820,-5576,8008,-32768,927084820,1,9,6
mpu,,,,,,,,,927087640,-5576,8008,-32768,927087640,1,9,6
mpu,,,,,,,,,927090639,-5576,8008,-32768,927090639,1,9,6
mpu,,,,,,,,,927093554,-5576,8008,-32768,927093554,1,9,6
mpu,,,,,,,,,927096485,-5576,8008,-32768,927096485,1,9,6
mpu,,,,,,,,,927099431,-5576,8008,-32768,927099431,1,9,6
mpu,,,,,,,,,927102368,-5576,8008,-32768,927102368,1,9,6
mpu,,,,,,,,,927105191,-5576,8008,-32768,927105191,1,9,6
mpu,,,,,,,,,927108077,-5576,8008,-32768,927108077,1,9,6
mpu,,,,,,,,,927111010,-5576,8008,-32768,927111010,1,9,6
mpu,,,,,,,,,927113967,-5576,8008,-32768,927113967,1,9,6
mpu,,,,,,,,,927116901,-5576,8008,-32768,927116901,1,9,6
mpu,,,,,,,,,927119846,-5576,8008,-32768,927119846,1,9,6
adc,927093161,0.1417500078678131,927102209,-0.11337500810623169,927112143,-0.0013750001089647412,927121867,0.008249999955296516,,,,,,,,
mpu,,,,,,,,,927122954,-5576,8008,-32768,927122954,1,9,6
mpu,,,,,,,,,927125789,-5576,8008,-32768,927125789,1,9,6
mpu,,,,,,,,,927128710,-5576,8008,-32768,927128710,1,9,6
mpu,,,,,,,,,927131649,-5576,8008,-32768,927131649,1,9,6
mpu,,,,,,,,,927134537,-5576,8008,-32768,927134537,1,9,6
mpu,,,,,,,,,927137486,-5576,8008,-32768,927137486,1,9,6
mpu,,,,,,,,,927140441,-5576,8008,-32768,927140441,1,9,6
mpu,,,,,,,,,927143423,-5592,7956,-32768,927143423,2,10,7
mpu,,,,,,,,,927146364,-5592,7956,-32768,927146364,2,10,7
mpu,,,,,,,,,927149267,-5592,7956,-32768,927149267,2,10,7
mpu,,,,,,,,,927152197,-5592,7956,-32768,927152197,2,10,7
mpu,,,,,,,,,927155069,-5592,7956,-32768,927155069,2,10,7
mpu,,,,,,,,,927158027,-5592,7956,-32768,927158027,2,10,7
mpu,,,,,,,,,927160961,-5592,7956,-32768,927160961,2,10,7
adc,927131945,0.14162500202655792,927141592,-0.08900000154972076,927151902,0.0005000000237487257,927161292,0.006000000052154064,,,,,,,,
mpu,,,,,,,,,927163581,-5592,7956,-32768,927163581,2,10,7
mpu,,,,,,,,,927166499,-5592,7956,-32768,927166499,2,10,7
mpu,,,,,,,,,927169436,-5592,7956,-32768,927169436,2,10,7
mpu,,,,,,,,,927172390,-5592,7956,-32768,927172390,2,10,7
mpu,,,,,,,,,927175344,-5592,7956,-32768,927175344,2,10,7
mpu,,,,,,,,,927178297,-5592,7956,-32768,927178297,2,10,7
mpu,,,,,,,,,927181171,-5592,7956,-32768,927181171,2,10,7
mpu,,,,,,,,,927184093,-5592,7956,-32768,927184093,2,10,7
mpu,,,,,,,,,927186974,-5592,7956,-32768,927186974,2,10,7
mpu,,,,,,,,,927189931,-5592,7956,-32768,927189931,2,10,7
mpu,,,,,,,,,927192819,-5592,7956,-32768,927192819,2,10,7
mpu,,,,,,,,,927195750,-5592,7956,-32768,927195750,2,10,7
mpu,,,,,,,,,927198710,-5592,7956,-32768,927198710,2,10,7
adc,927171153,0.13325001299381256,927180765,-0.06000000238418579,927190227,0.0031250000465661287,927199850,-0.006375000346451998,,,,,,,,
mpu,,,,,,,,,927201801,-5592,7956,-32768,927201801,2,10,7
mpu,,,,,,,,,927204540,-5592,7956,-32768,927204540,2,10,7
mpu,,,,,,,,,927207486,-5592,7956,-32768,927207486,2,10,7
mpu,,,,,,,,,927210423,-5592,7956,-32768,927210423,2,10,7
mpu,,,,,,,,,927213321,-5592,7956,-32768,927213321,2,10,7
mpu,,,,,,,,,927216268,-5592,7956,-32768,927216268,2,10,7
mpu,,,,,,,,,927219173,-5592,7956,-32768,927219173,2,10,7
mpu,,,,,,,,,927222100,-5592,7956,-32768,927222100,2,10,7
mpu,,,,,,,,,927225046,-5592,7956,-32768,927225046,2,10,7
mpu,,,,,,,,,927227981,-5592,7956,-32768,927227981,2,10,7
mpu,,,,,,,,,927230923,-5592,7956,-32768,927230923,2,10,7
mpu,,,,,,,,,927233819,-5592,7956,-32768,927233819,2,10,7
mpu,,,,,,,,,927236743,-5592,7956,-32768,927236743,2,10,7
adc,927210066,0.10250000655651093,927219696,-0.009125000797212124,927230001,0.005375000182539225,927239493,-0.007625000551342964,,,,,,,,
mpu,,,,,,,,,927239706,-5592,7956,-32768,927239706,2,10,7
mpu,,,,,,,,,927242673,-5592,7956,-32768,927242673,2,10,7
mpu,,,,,,,,,927245967,-5644,7972,-32768,927245967,5,11,4
mpu,,,,,,,,,927248886,-5644,7972,-32768,927248886,5,11,4
mpu,,,,,,,,,927251803,-5644,7972,-32768,927251803,5,11,4
mpu,,,,,,,,,927254739,-5644,7972,-32768,927254739,5,11,4
mpu,,,,,,,,,927257690,-5644,7972,-32768,927257690,5,11,4
mpu,,,,,,,,,927260607,-5644,7972,-32768,927260607,5,11,4
mpu,,,,,,,,,927263550,-5644,7972,-32768,927263550,5,11,4
mpu,,,,,,,,,927266492,-5644,7972,-32768,927266492,5,11,4
mpu,,,,,,,,,927269417,-5644,7972,-32768,927269417,5,11,4
mpu,,,,,,,,,927272340,-5644,7972,-32768,927272340,5,11,4
mpu,,,,,,,,,927275300,-5644,7972,-32768,927275300,5,11,4
adc,927248590,0.09262500703334808,927258205,0.06912500411272049,927268525,0.007250000257045031,927277848,-0.015250001102685928,,,,,,,,
mpu,,,,,,,,,927278274,-5644,7972,-32768,927278274,5,11,4
mpu,,,,,,,,,927281726,-5644,7972,-32768,927281726,5,11,4
mpu,,,,,,,,,927284644,-5644,7972,-32768,927284644,5,11,4
mpu,,,,,,,,,927287576,-5644,7972,-32768,927287576,5,11,4
mpu,,,,,,,,,927290472,-5644,7972,-32768,927290472,5,11,4
mpu,,,,,,,,,927293422,-5644,7972,-32768,927293422,5,11,4
mpu,,,,,,,,,927296317,-5644,7972,-32768,927296317,5,11,4
mpu,,,,,,,,,927299289,-5644,7972,-32768,927299289,5,11,4
mpu,,,,,,,,,927302198,-5644,7972,-32768,927302198,5,11,4
mpu,,,,,,,,,927305120,-5644,7972,-32768,927305120,5,11,4
mpu,,,,,,,,,927308056,-5644,7972,-32768,927308056,5,11,4
mpu,,,,,,,,,927310960,-5644,7972,-32768,927310960,5,11,4
mpu,,,,,,,,,927313927,-5644,7972,-32768,927313927,5,11,4
mpu,,,,,,,,,927316869,-5644,7972,-32768,927316869,5,11,4
adc,927287868,0.04512500390410423,927297460,0.10375000536441803,927307678,0.007500000298023224,927317158,-0.01600000075995922,,,,,,,,
mpu,,,,,,,,,927319340,-5644,7972,-32768,927319340,5,11,4
mpu,,,,,,,,,927322291,-5644,7972,-32768,927322291,5,11,4
mpu,,,,,,,,,927325196,-5644,7972,-32768,927325196,5,11,4
mpu,,,,,,,,,927328132,-5644,7972,-32768,927328132,5,11,4
mpu,,,,,,,,,927331041,-5644,7972,-32768,927331041,5,11,4
mpu,,,,,,,,,927334000,-5644,7972,-32768,927334000,5,11,4
mpu,,,,,,,,,927336876,-5644,7972,-32768,927336876,5,11,4
mpu,,,,,,,,,927339777,-5644,7972,-32768,927339777,5,11,4
mpu,,,,,,,,,927342691,-5644,7972,-32768,927342691,5,11,4
mpu,,,,,,,,,927345644,-5594,7952,-32768,927345644,3,7,4
mpu,,,,,,,,,927348525,-5594,7952,-32768,927348525,3,7,4
mpu,,,,,,,,,927351468,-5594,7952,-32768,927351468,3,7,4
mpu,,,,,,,,,927354424,-5594,7952,-32768,927354424,3,7,4
adc,927327225,0.026125000789761543,927336486,0.1328750103712082,927345934,0.007750000339001417,927355770,-0.018125001341104507,,,,,,,,
mpu,,,,,,,,,927357484,-5594,7952,-32768,927357484,3,7,4
mpu,,,,,,,,,927360196,-5594,7952,-32768,927360196,3,7,4
mpu,,,,,,,,,927363117,-5594,7952,-32768,927363117,3,7,4
mpu,,,,,,,,,927366043,-5594,7952,-32768,927366043,3,7,4
mpu,,,,,,,,,927368950,-5594,7952,-32768,927368950,3,7,4
mpu,,,,,,,,,927371863,-5594,7952,-32768,927371863,3,7,4
mpu,,,,,,,,,927374736,-5594,7952,-32768,927374736,3,7,4
mpu,,,,,,,,,927377622,-5594,7952,-32768,927377622,3,7,4
mpu,,,,,,,,,927380572,-5594,7952,-32768,927380572,3,7,4
mpu,,,,,,,,,927383512,-5594,7952,-32768,927383512,3,7,4
mpu,,,,,,,,,927386486,-5594,7952,-32768,927386486,3,7,4
mpu,,,,,,,,,927389437,-5594,7952,-32768,927389437,3,7,4
mpu,,,,,,,,,927392368,-5594,7952,-32768,927392368,3,7,4
adc,927365629,-0.007125000469386578,927375031,0.195125013589859,927384659,0.00787500012665987,927394477,-0.01862500049173832,,,,,,,,
mpu,,,,,,,,,927395484,-5594,7952,-32768,927395484,3,7,4
mpu,,,,,,,,,927398207,-5594,7952,-32768,927398207,3,7,4
mpu,,,,,,,,,927400679,-5594,7952,-32768,927400679,3,7,4
mpu,,,,,,,,,927403567,-5594,7952,-32768,927403567,3,7,4
mpu,,,,,,,,,927406441,-5594,7952,-32768,927406441,3,7,4
mpu,,,,,,,,,927409409,-5594,7952,-32768,927409409,3,7,4
mpu,,,,,,,,,927412303,-5594,7952,-32768,927412303,3,7,4
mpu,,,,,,,,,927415278,-5594,7952,-32768,927415278,3,7,4
mpu,,,,,,,,,927418203,-5594,7952,-32768,927418203,3,7,4
mpu,,,,,,,,,927421104,-5594,7952,-32768,927421104,3,7,4
mpu,,,,,,,,,927424032,-5594,7952,-32768,927424032,3,7,4
mpu,,,,,,,,,927426945,-5594,7952,-32768,927426945,3,7,4
mpu,,,,,,,,,927429908,-5594,7952,-32768,927429908,3,7,4
mpu,,,,,,,,,927432856,-5594,7952,-32768,927432856,3,7,4
adc,927403865,-0.03150000050663948,927413457,0.22987501323223114,927423650,0.006375000346451998,927433154,-0.016375001519918442,,,,,,,,
mpu,,,,,,,,,927435319,-5594,7952,-32768,927435319,3,7,4
mpu,,,,,,,,,927438248,-5594,7952,-32768,927438248,3,7,4
mpu,,,,,,,,,927441185,-5594,7952,-32768,927441185,3,7,4
mpu,,,,,,,,,927444115,-5562,7958,-32768,927444115,-2,-2,3
mpu,,,,,,,,,927447022,-5562,7958,-32768,927447022,-2,-2,3
mpu,,,,,,,,,927449991,-5562,7958,-32768,927449991,-2,-2,3
mpu,,,,,,,,,927452945,-5562,7958,-32768,927452945,-2,-2,3
mpu,,,,,,,,,927455879,-5562,7958,-32768,927455879,-2,-2,3
mpu,,,,,,,,,927458828,-5562,7958,-32768,927458828,-2,-2,3
mpu,,,,,,,,,927461785,-5562,7958,-32768,927461785,-2,-2,3
mpu,,,,,,,,,927464675,-5562,7958,-32768,927464675,-2,-2,3
mpu,,,,,,,,,927467637,-5562,7958,-32768,927467637,-2,-2,3
mpu,,,,,,,,,927470584,-5562,7958,-32768,927470584,-2,-2,3
adc,927443192,-0.046000003814697266,927452555,0.22850000858306885,927462092,0.004124999977648258,927471730,-0.007000000216066837,,,,,,,,
mpu,,,,,,,,,927473658,-5562,7958,-32768,927473658,-2,-2,3
mpu,,,,,,,,,927476131,-5562,7958,-32768,927476131,-2,-2,3
mpu,,,,,,,,,927478624,-5562,7958,-32768,927478624,-2,-2,3
mpu,,,,,,,,,927481544,-5562,7958,-32768,927481544,-2,-2,3
mpu,,,,,,,,,927484458,-5562,7958,-32768,927484458,-2,-2,3
mpu,,,,,,,,,927487344,-5562,7958,-32768,927487344,-2,-2,3
mpu,,,,,,,,,927490299,-5562,7958,-32768,927490299,-2,-2,3
mpu,,,,,,,,,927493105,-5562,7958,-32768,927493105,-2,-2,3
mpu,,,,,,,,,927496028,-5562,7958,-32768,927496028,-2,-2,3
mpu,,,,,,,,,927498972,-5562,7958,-32768,927498972,-2,-2,3
mpu,,,,,,,,,927501949,-5562,7958,-32768,927501949,-2,-2,3
mpu,,,,,,,,,927504912,-5562,7958,-32768,927504912,-2,-2,3
mpu,,,,,,,,,927507858,-5562,7958,-32768,927507858,-2,-2,3
adc,927481134,-0.04325000196695328,927490163,0.1785000115633011,927500117,-0.0027500002179294825,927509872,0.00800000037997961,,,,,,,,
mpu,,,,,,,,,927510938,-5562,7958,-32768,927510938,-2,-2,3
mpu,,,,,,,,,927513863,-5562,7958,-32768,927513863,-2,-2,3
mpu,,,,,,,,,927516795,-5562,7958,-32768,927516795,-2,-2,3
mpu,,,,,,,,,927519750,-5562,7958,-32768,927519750,-2,-2,3
mpu,,,,,,,,,927522679,-5562,7958,-32768,927522679,-2,-2,3
mpu,,,,,,,,,927525624,-5562,7958,-32768,927525624,-2,-2,3
mpu,,,,,,,,,927528564,-5562,7958,-32768,927528564,-2,-2,3
mpu,,,,,,,,,927531459,-5562,7958,-32768,927531459,-2,-2,3
mpu,,,,,,,,,927534408,-5562,7958,-32768,927534408,-2,-2,3
mpu,,,,,,,,,927537304,-5562,7958,-32768,927537304,-2,-2,3
mpu,,,,,,,,,927540277,-5562,7958,-32768,927540277,-2,-2,3
mpu,,,,,,,,,927543230,-5562,7958,-32768,927543230,-2,-2,3
mpu,,,,,,,,,927546161,-5586,7958,-32768,927546161,2,6,0
adc,927519375,-0.00812500063329935,927528863,0.09287500381469727,927538453,-0.005625000223517418,927548143,0.016375001519918442,,,,,,,,
mpu,,,,,,,,,927549284,-5586,7958,-32768,927549284,2,6,0
mpu,,,,,,,,,927552093,-5586,7958,-32768,927552093,2,6,0
mpu,,,,,,,,,927555001,-5586,7958,-32768,927555001,2,6,0
mpu,,,,,,,,,927557934,-5586,7958,-32768,927557934,2,6,0
mpu,,,,,,,,,927560846,-5586,7958,-32768,927560846,2,6,0
mpu,,,,,,,,,927563796,-5586,7958,-32768,927563796,2,6,0
mpu,,,,,,,,,927566743,-5586,7958,-32768,927566743,2,6,0
mpu,,,,,,,,,927569643,-5586,7958,-32768,927569643,2,6,0
mpu,,,,,,,,,927572576,-5586,7958,-32768,927572576,2,6,0
mpu,,,,,,,,,927575505,-5586,7958,-32768,927575505,2,6,0
mpu,,,,,,,,,927578498,-5586,7958,-32768,927578498,2,6,0
mpu,,,,,,,,,927581433,-5586,7958,-32768,927581433,2,6,0
mpu,,,,,,,,,927584307,-5586,7958,-32768,927584307,2,6,0
adc,927557540,0.04062500223517418,927567038,-0.0027500002179294825,927576664,-0.0061250003054738045,927586284,0.01912500150501728,,,,,,,,
mpu,,,,,,,,,927587373,-5586,7958,-32768,927587373,2,6,0
mpu,,,,,,,,,927590240,-5586,7958,-32768,927590240,2,6,0
mpu,,,,,,,,,927593147,-5586,7958,-32768,927593147,2,6,0
mpu,,,,,,,,,927596073,-5586,7958,-32768,927596073,2,6,0
mpu,,,,,,,,,927598987,-5586,7958,-32768,927598987,2,6,0
mpu,,,,,,,,,927601931,-5586,7958,-32768,927601931,2,6,0
mpu,,,,,,,,,927604864,-5586,7958,-32768,927604864,2,6,0
mpu,,,,,,,,,927607766,-5586,7958,-32768,927607766,2,6,0
mpu,,,,,,,,,927610725,-5586,7958,-32768,927610725,2,6,0
mpu,,,,,,,,,927613628,-5586,7958,-32768,927613628,2,6,0
mpu,,,,,,,,,927616506,-5586,7958,-32768,927616506,2,6,0
mpu,,,,,,,,,927619459,-5586,7958,-32768,927619459,2,6,0
mpu,,,,,,,,,927622363,-5586,7958,-32768,927622363,2,6,0
adc,927595686,0.09075000137090683,927605165,-0.078125,927614971,-0.006500000134110451,927624913,0.020250000059604645,,,,,,,,
mpu,,,,,,,,,927625342,-5586,7958,-32768,927625342,2,6,0
mpu,,,,,,,,,927628167,-5586,7958,-32768,927628167,2,6,0
mpu,,,,,,,,,927630895,-5586,7958,-32768,927630895,2,6,0
mpu,,,,,,,,,927633806,-5586,7958,-32768,927633806,2,6,0
mpu,,,,,,,,,927636717,-5586,7958,-32768,927636717,2,6,0
mpu,,,,,,,,,927639671,-5586,7958,-32768,927639671,2,6,0
mpu,,,,,,,,,927642620,-5586,7958,-32768,927642620,2,6,0
mpu,,,,,,,,,927645608,-5642,7960,-32768,927645608,2,8,4
mpu,,,,,,,,,927648569,-5642,7960,-32768,927648569,2,8,4
mpu,,,,,,,,,927651491,-5642,7960,-32768,927651491,2,8,4
mpu,,,,,,,,,927654339,-5642,7960,-32768,927654339,2,8,4
mpu,,,,,,,,,927657256,-5642,7960,-32768,927657256,2,8,4
mpu,,,,,,,,,927660190,-5642,7960,-32768,927660190,2,8,4
mpu,,,,,,,,,927663117,-5642,7960,-32768,927663117,2,8,4
adc,927634114,0.12037500739097595,927643781,-0.11275000870227814,927653477,-0.005625000223517418,927663416,0.017375001683831215,,,,,,,,
mpu,,,,,,,,,927665630,-5642,7960,-32768,927665630,2,8,4
mpu,,,,,,,,,927668560,-5642,7960,-32768,927668560,2,8,4
mpu,,,,,,,,,927671504,-5642,7960,-32768,927671504,2,8,4
mpu,,,,,,,,,927674448,-5642,7960,-32768,927674448,2,8,4
mpu,,,,,,,,,927677414,-5642,7960,-32768,927677414,2,8,4
mpu,,,,,,,,,927680364,-5642,7960,-32768,927680364,2,8,4
mpu,,,,,,,,,927683268,-5642,7960,-32768,927683268,2,8,4
mpu,,,,,,,,,927686176,-5642,7960,-32768,927686176,2,8,4
mpu,,,,,,,,,927689113,-5642,7960,-32768,927689113,2,8,4
mpu,,,,,,,,,927692046,-5642,7960,-32768,927692046,2,8,4
mpu,,,,,,,,,927694946,-5642,7960,-32768,927694946,2,8,4
mpu,,,,,,,,,927697888,-5642,7960,-32768,927697888,2,8,4
mpu,,,,,,,,,927700829,-5642,7960,-32768,927700829,2,8,4
adc,927673220,0.14212501049041748,927682970,-0.11650000512599945,927692348,-0.004124999977648258,927701963,0.011125000193715096,,,,,,,,
mpu,,,,,,,,,927703895,-5642,7960,-32768,927703895,2,8,4
mpu,,,,,,,,,927706662,-5642,7960,-32768,927706662,2,8,4
mpu,,,,,,,,,927709574,-5642,7960,-32768,927709574,2,8,4
mpu,,,,,,,,,927712504,-5642,7960,-32768,927712504,2,8,4
mpu,,,,,,,,,927715458,-5642,7960,-32768,927715458,2,8,4
mpu,,,,,,,,,927718393,-5642,7960,-32768,927718393,2,8,4
mpu,,,,,,,,,927721340,-5642,7960,-32768,927721340,2,8,4
mpu,,,,,,,,,927724147,-5642,7960,-32768,927724147,2,8,4
mpu,,,,,,,,,927727064,-5642,7960,-32768,927727064,2,8,4
mpu,,,,,,,,,927729955,-5642,7960,-32768,927729955,2,8,4
mpu,,,,,,,,,927732944,-5642,7960,-32768,927732944,2,8,4
mpu,,,,,,,,,927735882,-5642,7960,-32768,927735882,2,8,4
mpu,,,,,,,,,927738822,-5642,7960,-32768,927738822,2,8,4
adc,927711821,0.14387500286102295,927721198,-0.0925000011920929,927731111,0.0013750001089647412,927740481,0.000750000006519258,,,,,,,,
mpu,,,,,,,,,927742084,-5642,7960,-32768,927742084,2,8,4
mpu,,,,,,,,,927744670,-5512,8006,-32768,927744670,0,7,4
mpu,,,,,,,,,927747668,-5512,8006,-32768,927747668,0,7,4
mpu,,,,,,,,,927750595,-5512,8006,-32768,927750595,0,7,4
mpu,,,,,,,,,927753507,-5512,8006,-32768,927753507,0,7,4
mpu,,,,,,,,,927756470,-5512,8006,-32768,927756470,0,7,4
mpu,,,,,,,,,927759366,-5512,8006,-32768,927759366,0,7,4
mpu,,,,,,,,,927762348,-5512,8006,-32768,927762348,0,7,4
mpu,,,,,,,,,927765252,-5512,8006,-32768,927765252,0,7,4
mpu,,,,,,,,,927768190,-5512,8006,-32768,927768190,0,7,4
mpu,,,,,,,,,927771173,-5512,8006,-32768,927771173,0,7,4
mpu,,,,,,,,,927774096,-5512,8006,-32768,927774096,0,7,4
mpu,,,,,,,,,927777044,-5512,8006,-32768,927777044,0,7,4
adc,927750204,0.12212500721216202,927759582,-0.026125000789761543,927769338,0.005125000141561031,927779057,-0.01087500061839819,,,,,,,,
mpu,,,,,,,,,927780136,-5512,8006,-32768,927780136,0,7,4
mpu,,,,,,,,,927782961,-5512,8006,-32768,927782961,0,7,4
mpu,,,,,,,,,927785890,-5512,8006,-32768,927785890,0,7,4
mpu,,,,,,,,,927788820,-5512,8006,-32768,927788820,0,7,4
mpu,,,,,,,,,927791705,-5512,8006,-32768,927791705,0,7,4
mpu,,,,,,,,,927794644,-5512,8006,-32768,927794644,0,7,4
mpu,,,,,,,,,927797571,-5512,8006,-32768,927797571,0,7,4
mpu,,,,,,,,,927800538,-5512,8006,-32768,927800538,0,7,4
mpu,,,,,,,,,927803474,-5512,8006,-32768,927803474,0,7,4
mpu,,,,,,,,,927806373,-5512,8006,-32768,927806373,0,7,4
mpu,,,,,,,,,927809297,-5512,8006,-32768,927809297,0,7,4
mpu,,,,,,,,,927812251,-5512,8006,-32768,927812251,0,7,4
mpu,,,,,,,,,927815207,-5512,8006,-32768,927815207,0,7,4
mpu,,,,,,,,,927818133,-5512,8006,-32768,927818133,0,7,4
adc,927789121,0.08650000393390656,927798714,0.029000001028180122,927808604,0.007000000216066837,927818425,-0.014500000514090061,,,,,,,,
mpu,,,,,,,,,927820745,-5512,8006,-32768,927820745,0,7,4
mpu,,,,,,,,,927823675,-5512,8006,-32768,927823675,0,7,4
mpu,,,,,,,,,927826602,-5512,8006,-32768,927826602,0,7,4
mpu,,,,,,,,,927829541,-5512,8006,-32768,927829541,0,7,4
mpu,,,,,,,,,927832451,-5512,8006,-32768,927832451,0,7,4
mpu,,,,,,,,,927835345,-5512,8006,-32768,927835345,0,7,4
mpu,,,,,,,,,927838270,-5512,8006,-32768,927838270,0,7,4
mpu,,,,,,,,,927841202,-5512,8006,-32768,927841202,0,7,4
mpu,,,,,,,,,927844098,-5554,7900,-32768,927844098,2,7,6
mpu,,,,,,,,,927847033,-5554,7900,-32768,927847033,2,7,6
mpu,,,,,,,,,927849977,-5554,7900,-32768,927849977,2,7,6
mpu,,,,,,,,,927852889,-5554,7900,-32768,927852889,2,7,6
mpu,,,,,,,,,927855837,-5554,7900,-32768,927855837,2,7,6
adc,927828619,0.06862500309944153,927838796,0.05425000190734863,927849061,0.006750000175088644,927858994,-0.012000000104308128,,,,,,,,
mpu,,,,,,,,,927858792,-5554,7900,-32768,927858792,2,7,6
mpu,,,,,,,,,927861201,-5554,7900,-32768,927861201,2,7,6
mpu,,,,,,,,,927864122,-5554,7900,-32768,927864122,2,7,6
mpu,,,,,,,,,927867022,-5554,7900,-32768,927867022,2,7,6
mpu,,,,,,,,,927869970,-5554,7900,-32768,927869970,2,7,6
mpu,,,,,,,,,927872848,-5554,7900,-32768,927872848,2,7,6
mpu,,,,,,,,,927875780,-5554,7900,-32768,927875780,2,7,6
mpu,,,,,,,,,927878714,-5554,7900,-32768,927878714,2,7,6
mpu,,,,,,,,,927881610,-5554,7900,-32768,927881610,2,7,6
mpu,,,,,,,,,927884543,-5554,7900,-32768,927884543,2,7,6
mpu,,,,,,,,,927887469,-5554,7900,-32768,927887469,2,7,6
mpu,,,,,,,,,927890363,-5554,7900,-32768,927890363,2,7,6
mpu,,,,,,,,,927893283,-5554,7900,-32768,927893283,2,7,6
mpu,,,,,,,,,927896213,-5554,7900,-32768,927896213,2,7,6
adc,927869042,0.08500000089406967,927879010,0.029000001028180122,927888823,0.0062500000931322575,927898774,-0.013000000268220901,,,,,,,,
mpu,,,,,,,,,927899205,-5554,7900,-32768,927899205,2,7,6
mpu,,,,,,,,,927901892,-5554,7900,-32768,927901892,2,7,6
mpu,,,,,,,,,927905184,-5554,7900,-32768,927905184,2,7,6
mpu,,,,,,,,,927908078,-5554,7900,-32768,927908078,2,7,6
mpu,,,,,,,,,927910995,-5554,7900,-32768,927910995,2,7,6
mpu,,,,,,,,,927913940,-5554,7900,-32768,927913940,2,7,6
mpu,,,,,,,,,927916893,-5554,7900,-32768,927916893,2,7,6
mpu,,,,,,,,,927919840,-5554,7900,-32768,927919840,2,7,6
mpu,,,,,,,,,927922746,-5554,7900,-32768,927922746,2,7,6
mpu,,,,,,,,,927925703,-5554,7900,-32768,927925703,2,7,6
mpu,,,,,,,,,927928637,-5554,7900,-32768,927928637,2,7,6
mpu,,,,,,,,,927931528,-5554,7900,-32768,927931528,2,7,6
mpu,,,,,,,,,927934473,-5554,7900,-32768,927934473,2,7,6
mpu,,,,,,,,,927937369,-5554,7900,-32768,927937369,2,7,6
adc,927908596,0.07925000041723251,927918922,0.05300000309944153,927928931,0.006625000387430191,927938528,-0.012750000692903996,,,,,,,,
mpu,,,,,,,,,927940569,-5554,7900,-32768,927940569,2,7,6
mpu,,,,,,,,,927943260,-5554,7900,-32768,927943260,2,7,6
mpu,,,,,,,,,927946178,-5630,8006,-32768,927946178,3,11,4
mpu,,,,,,,,,927949104,-5630,8006,-32768,927949104,3,11,4
mpu,,,,,,,,,927952024,-5630,8006,-32768,927952024,3,11,4
mpu,,,,,,,,,927954963,-5630,8006,-32768,927954963,3,11,4
mpu,,,,,,,,,927957892,-5630,8006,-32768,927957892,3,11,4
mpu,,,,,,,,,927960789,-5630,8006,-32768,927960789,3,11,4
mpu,,,,,,,,,927963749,-5630,8006,-32768,927963749,3,11,4
mpu,,,,,,,,,927966693,-5630,8006,-32768,927966693,3,11,4
mpu,,,,,,,,,927969662,-5630,8006,-32768,927969662,3,11,4
mpu,,,,,,,,,927972606,-5630,8006,-32768,927972606,3,11,4
mpu,,,,,,,,,927975544,-5630,8006,-32768,927975544,3,11,4
adc,927948726,0.07275000214576721,927958188,0.04487500339746475,927967835,0.007125000469386578,927977285,-0.015375000424683094,,,,,,,,
mpu,,,,,,,,,927978735,-5630,8006,-32768,927978735,3,11,4
mpu,,,,,,,,,927981413,-5630,8006,-32768,927981413,3,11,4
mpu,,,,,,,,,927984402,-5630,8006,-32768,927984402,3,11,4
mpu,,,,,,,,,927987303,-5630,8006,-32768,927987303,3,11,4
mpu,,,,,,,,,927990222,-5630,8006,-32768,927990222,3,11,4
mpu,,,,,,,,,927993167,-5630,8006,-32768,927993167,3,11,4
mpu,,,,,,,,,927996111,-5630,8006,-32768,927996111,3,11,4
mpu,,,,,,,,,927999004,-5630,8006,-32768,927999004,3,11,4
mpu,,,,,,,,,928001944,-5630,8006,-32768,928001944,3,11,4
mpu,,,,,,,,,928004881,-5630,8006,-32768,928004881,3,11,4
mpu,,,,,,,,,928007864,-5630,8006,-32768,928007864,3,11,4
mpu,,,,,,,,,928010836,-5630,8006,-32768,928010836,3,11,4
mpu,,,,,,,,,928013833,-5630,8006,-32768,928013833,3,11,4
adc,927987004,0.03662500157952309,927996410,0.13300000131130219,928006043,0.007750000339001417,928015526,-0.018000001087784767,,,,,,,,
mpu,,,,,,,,,928016868,-5630,8006,-32768,928016868,3,11,4
mpu,,,,,,,,,928019753,-5630,8006,-32768,928019753,3,11,4
mpu,,,,,,,,,928022681,-5630,8006,-32768,928022681,3,11,4
mpu,,,,,,,,,928025637,-5630,8006,-32768,928025637,3,11,4
mpu,,,,,,,,,928028539,-5630,8006,-32768,928028539,3,11,4
mpu,,,,,,,,,928031465,-5630,8006,-32768,928031465,3,11,4
mpu,,,,,,,,,928034411,-5630,8006,-32768,928034411,3,11,4
mpu,,,,,,,,,928037344,-5630,8006,-32768,928037344,3,11,4
mpu,,,,,,,,,928040245,-5630,8006,-32768,928040245,3,11,4
mpu,,,,,,,,,928043179,-5630,8006,-32768,928043179,3,11,4
mpu,,,,,,,,,928046093,-5548,7902,-32768,928046093,4,6,7
mpu,,,,,,,,,928048991,-5548,7902,-32768,928048991,4,6,7
mpu,,,,,,,,,928051919,-5548,7902,-32768,928051919,4,6,7
adc,928025238,-0.007625000551342964,928034928,0.19975000619888306,928045178,0.00800000037997961,928055077,-0.01862500049173832,,,,,,,,
mpu,,,,,,,,,928054854,-5548,7902,-32768,928054854,4,6,7
mpu,,,,,,,,,928057275,-5548,7902,-32768,928057275,4,6,7
mpu,,,,,,,,,928060250,-5548,7902,-32768,928060250,4,6,7
mpu,,,,,,,,,928063208,-5548,7902,-32768,928063208,4,6,7
mpu,,,,,,,,,928066146,-5548,7902,-32768,928066146,4,6,7
mpu,,,,,,,,,928069046,-5548,7902,-32768,928069046,4,6,7
mpu,,,,,,,,,928072005,-5548,7902,-32768,928072005,4,6,7
mpu,,,,,,,,,928074966,-5548,7902,-32768,928074966,4,6,7
mpu,,,,,,,,,928077870,-5548,7902,-32768,928077870,4,6,7
mpu,,,,,,,,,928080819,-5548,7902,-32768,928080819,4,6,7
mpu,,,,,,,,,928083746,-5548,7902,-32768,928083746,4,6,7
mpu,,,,,,,,,928086620,-5548,7902,-32768,928086620,4,6,7
mpu,,,,,,,,,928089557,-5548,7902,-32768,928089557,4,6,7
mpu,,,,,,,,,928092435,-5548,7902,-32768,928092435,4,6,7
adc,928065219,-0.016875000670552254,928074572,0.19862501323223114,928084038,0.007750000339001417,928093821,-0.01837499998509884,,,,,,,,
mpu,,,,,,,,,928095410,-5548,7902,-32768,928095410,4,6,7
mpu,,,,,,,,,928098074,-5548,7902,-32768,928098074,4,6,7
mpu,,,,,,,,,928101060,-5548,7902,-32768,928101060,4,6,7
mpu,,,,,,,,,928103983,-5548,7902,-32768,928103983,4,6,7
mpu,,,,,,,,,928106903,-5548,7902,-32768,928106903,4,6,7
mpu,,,,,,,,,928109838,-5548,7902,-32768,928109838,4,6,7
mpu,,,,,,,,,928112788,-5548,7902,-32768,928112788,4,6,7
mpu,,,,,,,,,928115666,-5548,7902,-32768,928115666,4,6,7
mpu,,,,,,,,,928118549,-5548,7902,-32768,928118549,4,6,7
mpu,,,,,,,,,928121511,-5548,7902,-32768,928121511,4,6,7
mpu,,,,,,,,,928124425,-5548,7902,-32768,928124425,4,6,7
mpu,,,,,,,,,928127343,-5548,7902,-32768,928127343,4,6,7
mpu,,,,,,,,,928130236,-5548,7902,-32768,928130236,4,6,7
adc,928103593,-0.0377500019967556,928113080,0.22975000739097595,928122891,0.0061250003054738045,928132860,-0.014000000432133675,,,,,,,,
mpu,,,,,,,,,928133287,-5548,7902,-32768,928133287,4,6,7
mpu,,,,,,,,,928136336,-5548,7902,-32768,928136336,4,6,7
mpu,,,,,,,,,928138810,-5548,7902,-32768,928138810,4,6,7
mpu,,,,,,,,,928141729,-5548,7902,-32768,928141729,4,6,7
mpu,,,,,,,,,928144692,-5598,7956,-32768,928144692,1,8,4
mpu,,,,,,,,,928147651,-5598,7956,-32768,928147651,1,8,4
mpu,,,,,,,,,928150593,-5598,7956,-32768,928150593,1,8,4
mpu,,,,,,,,,928153546,-5598,7956,-32768,928153546,1,8,4
mpu,,,,,,,,,928156458,-5598,7956,-32768,928156458,1,8,4
mpu,,,,,,,,,928159408,-5598,7956,-32768,928159408,1,8,4
mpu,,,,,,,,,928162293,-5598,7956,-32768,928162293,1,8,4
mpu,,,,,,,,,928165226,-5598,7956,-32768,928165226,1,8,4
mpu,,,,,,,,,928168178,-5598,7956,-32768,928168178,1,8,4
mpu,,,,,,,,,928171105,-5598,7956,-32768,928171105,1,8,4
adc,928142867,-0.04662500321865082,928152635,0.2276250123977661,928161896,0.005125000141561031,928171398,-0.006750000175088644,,,,,,,,
mpu,,,,,,,,,928173646,-5598,7956,-32768,928173646,1,8,4
mpu,,,,,,,,,928176642,-5598,7956,-32768,928176642,1,8,4
mpu,,,,,,,,,928179580,-5598,7956,-32768,928179580,1,8,4
mpu,,,,,,,,,928182483,-5598,7956,-32768,928182483,1,8,4
mpu,,,,,,,,,928185398,-5598,7956,-32768,928185398,1,8,4
mpu,,,,,,,,,928188338,-5598,7956,-32768,928188338,1,8,4
mpu,,,,,,,,,928191235,-5598,7956,-32768,928191235,1,8,4
mpu,,,,,,,,,928194145,-5598,7956,-32768,928194145,1,8,4
mpu,,,,,,,,,928197080,-5598,7956,-32768,928197080,1,8,4
mpu,,,,,,,,,928200020,-5598,7956,-32768,928200020,1,8,4
mpu,,,,,,,,,928202906,-5598,7956,-32768,928202906,1,8,4
mpu,,,,,,,,,928205866,-5598,7956,-32768,928205866,1,8,4
mpu,,,,,,,,,928208819,-5598,7956,-32768,928208819,1,8,4
adc,928181108,-0.042250003665685654,928190850,0.187375009059906,928200316,-0.0006250000442378223,928210348,0.005250000394880772,,,,,,,,
mpu,,,,,,,,,928211952,-5598,7956,-32768,928211952,1,8,4
mpu,,,,,,,,,928214724,-5598,7956,-32768,928214724,1,8,4
mpu,,,,,,,,,928217635,-5598,7956,-32768,928217635,1,8,4
mpu,,,,,,,,,928220587,-5598,7956,-32768,928220587,1,8,4
mpu,,,,,,,,,928223510,-5598,7956,-32768,928223510,1,8,4
mpu,,,,,,,,,928226453,-5598,7956,-32768,928226453,1,8,4
mpu,,,,,,,,,928229333,-5598,7956,-32768,928229333,1,8,4
mpu,,,,,,,,,928232322,-5598,7956,-32768,928232322,1,8,4
mpu,,,,,,,,,928235212,-5598,7956,-32768,928235212,1,8,4
mpu,,,,,,,,,928238128,-5598,7956,-32768,928238128,1,8,4
mpu,,,,,,,,,928241098,-5598,7956,-32768,928241098,1,8,4
mpu,,,,,,,,,928244057,-5598,7956,-32768,928244057,1,8,4
mpu,,,,,,,,,928247013,-5626,7968,-32768,928247013,5,7,3
adc,928220224,-0.02525000087916851,928229552,0.148250013589859,928239267,-0.0036250001285225153,928249055,0.011375000700354576,,,,,,,,
mpu,,,,,,,,,928250153,-5626,7968,-32768,928250153,5,7,3
mpu,,,,,,,,,928252982,-5626,7968,-32768,928252982,5,7,3
adc,928258481,0.005750000476837158,928267531,0.057875003665685654,928276566,-0.0062500000931322575,928285596,0.01837499998509884,,,,,,,,
adc,928294633,0.10425000637769699,928303679,-0.10087500512599945,928312710,-0.006000000052154064,928321740,0.014750001020729542,,,,,,,,
mpu,,,,,,,,,928333766,-5626,7968,-32768,928333766,5,7,3
adc,928330758,0.14750000834465027,928339892,-0.061125002801418304,928348932,0.004000000189989805,928357965,-0.011625000275671482,,,,,,,,
adc,928367020,0.061375003308057785,928376071,0.12975001335144043,928385110,0.00787500012665987,928394142,-0.01900000125169754,,,,,,,,
adc,928403644,-0.03187500312924385,928412688,0.2302500158548355,928421721,0.005375000182539225,928430756,-0.006375000346451998,,,,,,,,
mpu,,,,,,,,,928434413,-5510,8018,-32768,928434413,3,9,4
adc,928439951,-0.033125001937150955,928448998,0.14087501168251038,928458037,-0.004500000271946192,928467067,0.016625000163912773,,,,,,,,
adc,928476327,0.06562500447034836,928485372,-0.042375002056360245,928494402,-0.006625000387430191,928503432,0.020625000819563866,,,,,,,,
mpu,,,,,,,,,928533744,-5546,7946,-32768,928533744,-1,4,4
adc,928512914,0.14362500607967377,928521968,-0.11512500792741776,928531004,-0.002250000135973096,928540453,0.002250000135973096,,,,,,,,
adc,928549965,0.12975001335144043,928559010,-0.026875000447034836,928568043,0.005875000264495611,928577071,-0.014750001020729542,,,,,,,,
adc,928586266,0.03662500157952309,928595314,0.1600000113248825,928604353,0.00800000037997961,928613385,-0.01900000125169754,,,,,,,,
mpu,,,,,,,,,928633738,-5508,7984,-32768,928633738,0,7,3
adc,928622857,-0.04175000265240669,928631902,0.2316250056028366,928640918,0.0036250001285225153,928649952,-0.000375000003259629,,,,,,,,
adc,928659147,-0.018125001341104507,928668191,0.10262500494718552,928677247,-0.006000000052154064,928686278,0.017500000074505806,,,,,,,,
adc,928695746,0.08512500673532486,928704796,-0.06262500584125519,928713834,-0.006750000175088644,928722865,0.019750000908970833,,,,,,,,
mpu,,,,,,,,,928733738,-5504,7918,-32768,928733738,5,13,3
adc,928732327,0.14800000190734863,928741475,-0.10975000262260437,928750512,-0.001125000067986548,928759549,-0.0016250000335276127,,,,,,,,
adc,928768765,0.11100000888109207,928777822,0.0338750034570694,928786859,0.007250000257045031,928795893,-0.0162500012665987,,,,,,,,
adc,928804899,0.00787500012665987,928813942,0.20650000870227814,928822978,0.007625000551342964,928832027,-0.015625,,,,,,,,
mpu,,,,,,,,,928833884,-5456,7906,-32768,928833884,2,7,8
adc,928841050,-0.04725000262260437,928850098,0.1963750123977661,928859132,-0.001875000074505806,928868161,0.011250000447034836,,,,,,,,
adc,928877385,0.029375001788139343,928886427,0.012625000439584255,928895462,-0.006375000346451998,928904492,0.019750000908970833,,,,,,,,
mpu,,,,,,,,,928933752,-5560,7882,-32768,928933752,0,7,2
adc,928913973,0.12462500482797623,928923015,-0.10900000482797623,928932137,-0.005125000141561031,928941437,0.012625000439584255,,,,,,,,
adc,928950717,0.14612500369548798,928959765,-0.06812500208616257,928968804,0.0038750001695007086,928977835,-0.011250000447034836,,,,,,,,
adc,928987354,0.06300000101327896,928996401,0.10362500697374344,929005429,0.007750000339001417,929014461,-0.018250001594424248,,,,,,,,
mpu,,,,,,,,,929033759,-5612,7956,-32768,929033759,1,6,1
adc,929023470,-0.022750001400709152,929032531,0.23100000619888306,929041919,0.005500000435858965,929050960,-0.010125000029802322,,,,,,,,
adc,929060176,-0.039750002324581146,929069222,0.16075000166893005,929078274,-0.003750000149011612,929087311,0.01575000025331974,,,,,,,,
adc,929096828,0.05275000259280205,929105872,-0.011625000275671482,929114903,-0.006625000387430191,929123931,0.020375000312924385,,,,,,,,
mpu,,,,,,,,,929133740,-5566,7956,-32768,929133740,0,6,2
adc,929132953,0.13312500715255737,929142404,-0.11562500894069672,929151446,-0.0038750001695007086,929160479,0.00812500063329935,,,,,,,,
adc,929170007,0.1342500001192093,929179074,-0.03787500038743019,929188109,0.005125000141561031,929197139,-0.014375000260770321,,,,,,,,
adc,929206599,0.04450000077486038,929215653,0.13725000619888306,929224692,0.00800000037997961,929233734,-0.01862500049173832,,,,,,,,
mpu,,,,,,,,,929233896,-5542,7970,-32768,929233896,1,9,0
adc,929243160,-0.033625002950429916,929252207,0.23237501084804535,929261233,0.004875000100582838,929270263,-0.005125000141561031,,,,,,,,
adc,929279478,-0.02812500111758709,929288524,0.13062500953674316,929297561,-0.005000000353902578,929306597,0.016750000417232513,,,,,,,,
mpu,,,,,,,,,929333734,-5520,7862,-32768,929333734,0,15,1
adc,929316092,0.07150000333786011,929325141,-0.04087500274181366,929334817,-0.006750000175088644,929344000,0.020375000312924385,,,,,,,,
adc,929353049,0.1300000101327896,929362093,-0.11562500894069672,929371128,-0.003375000087544322,929380182,0.005875000264495611,,,,,,,,
adc,929389669,0.13037501275539398,929398707,-0.023875001817941666,929407737,0.005875000264495611,929416767,-0.014875000342726707,,,,,,,,
mpu,,,,,,,,,929433743,-5544,7876,-32768,929433743,11,23,11
adc,929426233,0.03737500309944153,929436159,0.15175001323223114,929445204,0.00787500012665987,929454236,-0.018250001594424248,,,,,,,,
adc,929463462,-0.023250000551342964,929472511,0.22987501323223114,929481564,0.005750000476837158,929490599,-0.00812500063329935,,,,,,,,
adc,929500074,-0.03500000014901161,929509122,0.1628750115633011,929518156,-0.0036250001285225153,929527192,0.015625,,,,,,,,
mpu,,,,,,,,,929533736,-5474,7918,-32768,929533736,8,19,20
adc,929536811,0.05275000259280205,929545858,-0.006500000134110451,929554895,-0.006500000134110451,929563927,0.020125001668930054,,,,,,,,
adc,929573109,0.13062500953674316,929582165,-0.11612500250339508,929591202,-0.0036250001285225153,929600232,0.007125000469386578,,,,,,,,
mpu,,,,,,,,,929633743,-5406,7932,-32768,929633743,0,14,7
adc,929609703,0.13212500512599945,929618753,-0.030000001192092896,929627788,0.005750000476837158,929637230,-0.014500000514090061,,,,,,,,
adc,929646300,0.05087500065565109,929655345,0.1445000022649765,929664382,0.00812500063329935,929673413,-0.01900000125169754,,,,,,,,
adc,929682614,-0.03712500259280205,929691665,0.2330000102519989,929700696,0.003750000149011612,929709733,-0.001500000013038516,,,,,,,,
mpu,,,,,,,,,929733738,-5444,7940,-32768,929733738,9,13,4
adc,929719242,-0.019625000655651093,929728286,0.12400000542402267,929737285,-0.005125000141561031,929746328,0.017000000923871994,,,,,,,,
adc,929755549,0.07537500560283661,929764593,-0.05900000408291817,929773640,-0.006875000428408384,929782683,0.020000001415610313,,,,,,,,
adc,929792140,0.1471250057220459,929801185,-0.11262500286102295,929810221,-0.0012500000884756446,929819257,-0.000750000006519258,,,,,,,,
mpu,,,,,,,,,929833738,-5402,7942,-32768,929833738,7,14,6
adc,929828780,0.11137500405311584,929838208,0.014375000260770321,929847250,0.006625000387430191,929856286,-0.015375000424683094,,,,,,,,
adc,929865516,0.025875002145767212,929874576,0.17500001192092896,929883608,0.00800000037997961,929892644,-0.01862500049173832,,,,,,,,
adc,929902122,-0.04500000178813934,929911169,0.2291250079870224,929920205,0.002500000176951289,929929239,0.0023750001564621925,,,,,,,,
mpu,,,,,,,,,929933805,-5392,7920,-32768,929933805,3,10,10
adc,929938452,-0.010125000029802322,929947502,0.0860000029206276,929956538,-0.006000000052154064,929965567,0.018000001087784767,,,,,,,,
adc,929974819,0.09350000321865082,929983863,-0.08175000548362732,929992902,-0.006750000175088644,930001936,0.01837499998509884,,,,,,,,
mpu,,,,,,,,,930033728,-5394,7912,-32768,930033728,2,6,4
adc,930011406,0.1497500091791153,930020453,-0.10062500834465027,930029483,0.0012500000884756446,930038763,-0.004875000100582838,,,,,,,,
adc,930048019,0.10000000149011612,930057063,0.05375000089406967,930066097,0.007500000298023224,930075134,-0.017000000923871994,,,,,,,,
adc,930084421,-0.0017500000540167093,930093471,0.2097500115633011,930102506,0.007500000298023224,930111541,-0.015375000424683094,,,,,,,,
mpu,,,,,,,,,930133737,-5338,7890,-32768,930133737,-2,0,1
adc,930120589,-0.0468750037252903,930129638,0.19312500953674316,930138914,-0.0020000000949949026,930147955,0.010125000029802322,,,,,,,,
adc,930157135,0.024250000715255737,930166188,0.01862500049173832,930175231,-0.006375000346451998,930184264,0.020000001415610313,,,,,,,,
adc,930193313,0.12200000882148743,930202350,-0.11312500387430191,930211390,-0.004500000271946192,930220424,0.010000000707805157,,,,,,,,
mpu,,,,,,,,,930233738,-5450,7902,-32768,930233738,2,9,2
adc,930229454,0.13900001347064972,930238889,-0.026375001296401024,930247935,0.005000000353902578,930256968,-0.013750000856816769,,,,,,,,
adc,930266161,0.04775000363588333,930275213,0.14337500929832458,930284254,0.00787500012665987,930293282,-0.01900000125169754,,,,,,,,
adc,930302343,-0.036500003188848495,930311389,0.23200000822544098,930320421,0.0035000001080334187,930329455,-0.0002500000118743628,,,,,,,,
mpu,,,,,,,,,930333760,-5476,7936,-32768,930333760,6,15,8
adc,930338604,-0.017625000327825546,930347650,0.10000000149011612,930356684,-0.006000000052154064,930365713,0.017625000327825546,,,,,,,,
adc,930374967,0.08750000596046448,930384018,-0.07375000417232513,930393052,-0.006625000387430191,930402085,0.01925000175833702,,,,,,,,
mpu,,,,,,,,,930433755,-5340,7926,-32768,930433755,4,14,5
adc,930411121,0.1498750001192093,930420162,-0.0962500050663948,930429195,0.0020000000949949026,930438372,-0.0061250003054738045,,,,,,,,
adc,930447612,0.09300000220537186,930456655,0.06937500089406967,930465692,0.007500000298023224,930474719,-0.017375001683831215,,,,,,,,
adc,930483777,-0.008875000290572643,930492825,0.22187501192092896,930501859,0.007000000216066837,930510891,-0.011875000782310963,,,,,,,,
mpu,,,,,,,,,930533733,-5278,7876,-32768,930533733,1,5,4
adc,930519915,-0.04387500137090683,930528962,0.1691250056028366,930538114,-0.003375000087544322,930547154,0.014625000767409801,,,,,,,,
adc,930556386,0.045250002294778824,930565421,-0.013375001028180122,930574466,-0.006875000428408384,930583505,0.020250000059604645,,,,,,,,
adc,930592792,0.1338750123977661,930601846,-0.11625000834465027,930610882,-0.0036250001285225153,930619914,0.006375000346451998,,,,,,,,
mpu,,,,,,,,,930633736,-5342,7902,-32768,930633736,6,10,5
adc,930628960,0.13125000894069672,930638084,-0.0062500000931322575,930647128,0.006625000387430191,930656161,-0.015125000849366188,,,,,,,,
adc,930665237,0.02862500213086605,930674309,0.17812500894069672,930683345,0.00787500012665987,930692375,-0.018250001594424248,,,,,,,,
adc,930701433,-0.04487500339746475,930710472,0.22300000488758087,930719501,0.000750000006519258,930728533,0.0061250003054738045,,,,,,,,
mpu,,,,,,,,,930733763,-5264,7952,-32768,930733763,7,13,7
adc,930737602,0.0036250001285225153,930746655,0.05225000157952309,930755694,-0.0061250003054738045,930764728,0.0188750009983778,,,,,,,,
adc,930773976,0.10925000160932541,930783026,-0.09837500751018524,930792060,-0.006000000052154064,930801093,0.015250001102685928,,,,,,,,
mpu,,,,,,,,,930833746,-5252,7866,-32768,930833746,-1,2,3
adc,930810413,0.14787501096725464,930819461,-0.07625000178813934,930828499,0.003375000087544322,930837809,-0.010000000707805157,,,,,,,,
adc,930846881,0.078125,930855925,0.10175000131130219,930864961,0.00787500012665987,930873993,-0.018000001087784767,,,,,,,,
adc,930883317,-0.02250000089406967,930892349,0.22712500393390656,930901381,0.0061250003054738045,930910415,-0.00962500087916851,,,,,,,,
mpu,,,,,,,,,930933735,-5302,7892,-32768,930933735,-1,7,-1
adc,930919464,-0.039750002324581146,930928510,0.1525000035762787,930937790,-0.004000000189989805,930946831,0.01575000025331974,,,,,,,,
adc,930956028,0.051375001668930054,930965063,-0.02512500062584877,930974122,-0.006750000175088644,930983149,0.020375000312924385,,,,,,,,
adc,930992348,0.13774999976158142,931001386,-0.11700000613927841,931010418,-0.002500000176951289,931019451,0.003750000149011612,,,,,,,,
mpu,,,,,,,,,931033733,-5378,7908,-32768,931033733,1,9,4
adc,931028504,0.12425000220537186,931037818,0.012125000357627869,931046859,0.006750000175088644,931055887,-0.01575000025331974,,,,,,,,
adc,931065124,0.024250000715255737,931074191,0.17762501537799835,931083226,0.00787500012665987,931092261,-0.017875000834465027,,,,,,,,
adc,931101403,-0.04475000128149986,931110446,0.22450001537799835,931119485,0.001125000067986548,931128517,0.005500000435858965,,,,,,,,
mpu,,,,,,,,,931133758,-5332,7910,-32768,931133758,-1,4,6
adc,931137835,0.000375000003259629,931146885,0.07075000554323196,931155922,-0.006000000052154064,931164950,0.01875000074505806,,,,,,,,
adc,931174172,0.10037500411272049,931183209,-0.09062500298023224,931192243,-0.006375000346451998,931201278,0.016375001519918442,,,,,,,,
mpu,,,,,,,,,931233747,-5342,7880,-32768,931233747,2,7,2
adc,931210552,0.14937500655651093,931219603,-0.08575000613927841,931228642,0.002875000238418579,931237829,-0.008875000290572643,,,,,,,,
adc,931247040,0.08237500488758087,931256080,0.08812500536441803,931265107,0.007625000551342964,931274137,-0.018000001087784767,,,,,,,,
adc,931283444,-0.017000000923871994,931292495,0.2237500101327896,931301526,0.006750000175088644,931310561,-0.011125000193715096,,,,,,,,
mpu,,,,,,,,,931333736,-5284,7834,-32768,931333736,7,12,2
adc,931319599,-0.042500000447034836,931328634,0.16575001180171967,931337862,-0.0035000001080334187,931346902,0.015000000596046448,,,,,,,,
adc,931356097,0.0468750037252903,931365144,-0.01587500050663948,931374201,-0.006500000134110451,931383236,0.020125001668930054,,,,,,,,
adc,931392268,0.1353750079870224,931401307,-0.11650000512599945,931410341,-0.002875000238418579,931419375,0.0035000001080334187,,,,,,,,
mpu,,,,,,,,,931433767,-5218,7804,-32768,931433767,0,4,4
adc,931428696,0.12537500262260437,931437880,-0.0038750001695007086,931446923,0.006500000134110451,931455952,-0.015250001102685928,,,,,,,,
adc,931465164,0.02862500213086605,931474215,0.17212501168251038,931483249,0.00800000037997961,931492284,-0.01850000023841858,,,,,,,,
adc,931501598,-0.04462500289082527,931510645,0.22862501442432404,931519677,0.002250000135973096,931528715,0.0035000001080334187,,,,,,,,
mpu,,,,,,,,,931533763,-5306,7844,-32768,931533763,-3,8,-1
adc,931537835,-0.00812500063329935,931546881,0.07625000178813934,931555912,-0.0062500000931322575,931564941,0.01850000023841858,,,,,,,,
adc,931574159,0.09812500327825546,931583206,-0.08887500315904617,931592240,-0.006500000134110451,931601276,0.016875000670552254,,,,,,,,
mpu,,,,,,,,,931633750,-5178,7856,-32768,931633750,8,10,6
adc,931610325,0.1498750001192093,931619366,-0.08137500286102295,931628395,0.0032500000670552254,931637790,-0.00937500037252903,,,,,,,,
adc,931647039,0.08500000089406967,931656091,0.08237500488758087,931665133,0.007750000339001417,931674169,-0.018125001341104507,,,,,,,,
adc,931683299,-0.014000000432133675,931692346,0.22450001537799835,931701381,0.006750000175088644,931710416,-0.010625000111758709,,,,,,,,
mpu,,,,,,,,,931733729,-5260,7954,-32768,931733729,5,11,5
adc,931719730,-0.042125001549720764,931728776,0.17512500286102295,931737761,-0.002875000238418579,931746805,0.014250000938773155,,,,,,,,
adc,931755998,0.04637500271201134,931765042,-0.01600000075995922,931774093,-0.006500000134110451,931783127,0.020125001668930054,,,,,,,,
adc,931792421,0.1352500021457672,931801471,-0.11675000190734863,931810506,-0.0035000001080334187,931819537,0.006375000346451998,,,,,,,,
mpu,,,,,,,,,931833742,-5282,7852,-32768,931833742,-2,3,0
adc,931828602,0.13037501275539398,931837903,-0.005125000141561031,931846942,0.0062500000931322575,931855978,-0.015500000678002834,,,,,,,,
adc,931865201,0.03225000202655792,931874292,0.16637501120567322,931883328,0.007750000339001417,931892360,-0.01837499998509884,,,,,,,,
adc,931901661,-0.042875003069639206,931910706,0.23100000619888306,931919741,0.0027500002179294825,931928775,0.0020000000949949026,,,,,,,,
mpu,,,,,,,,,931933777,-5374,7866,-32768,931933777,-1,5,0
adc,931938294,-0.012000000104308128,931947343,0.10825000703334808,931956379,-0.005875000264495611,931965411,0.017875000834465027,,,,,,,,
adc,931974607,0.08350000530481339,931983658,-0.06950000673532486,931992696,-0.006875000428408384,932001731,0.01862500049173832,,,,,,,,
mpu,,,,,,,,,932033737,-5282,7872,-32768,932033737,1,2,5
adc,932010792,0.14937500655651093,932019853,-0.09850000590085983,932028888,0.001500000013038516,932038346,-0.005625000223517418,,,,,,,,
adc,932047561,0.10375000536441803,932056612,0.04800000041723251,932065650,0.007375000510364771,932074689,-0.016875000670552254,,,,,,,,
adc,932083772,0.0,932092820,0.2120000123977661,932101855,0.007500000298023224,932110883,-0.014500000514090061,,,,,,,,
mpu,,,,,,,,,932133757,-5358,7916,-32768,932133757,1,10,0
adc,932120190,-0.04700000211596489,932129228,0.19837501645088196,932138395,-0.0017500000540167093,932147424,0.010250000283122063,,,,,,,,
adc,932156623,0.023500001057982445,932165675,0.019750000908970833,932174731,-0.006375000346451998,932183761,0.019500000402331352,,,,,,,,
adc,932192959,0.12137500941753387,932201996,-0.11125000566244125,932211030,-0.005000000353902578,932220060,0.011125000193715096,,,,,,,,
mpu,,,,,,,,,932233739,-5396,7860,-32768,932233739,5,9,4
adc,932229252,0.14150001108646393,932238278,-0.04350000247359276,932247314,0.005125000141561031,932256349,-0.014375000260770321,,,,,,,,
adc,932265544,0.04637500271201134,932274601,0.14750000834465027,932283639,0.00787500012665987,932292669,-0.0188750009983778,,,,,,,,
adc,932301704,-0.03750000149011612,932310756,0.2330000102519989,932319791,0.0032500000670552254,932328827,0.0008750000270083547,,,,,,,,
mpu,,,,,,,,,932333823,-5240,7798,-32768,932333823,2,11,5
adc,932337890,-0.01575000025331974,932346944,0.09212500602006912,932355982,-0.006000000052154064,932365017,0.017750000581145287,,,,,,,,
adc,932374220,0.09162500500679016,932383263,-0.07987500727176666,932392297,-0.006875000428408384,932401328,0.01850000023841858,,,,,,,,
mpu,,,,,,,,,932433779,-5264,7924,-32768,932433779,2,6,3
adc,932410637,0.1508750021457672,932419677,-0.09800000488758087,932428721,0.0017500000540167093,932437845,-0.0061250003054738045,,,,,,,,
adc,932446950,0.09350000321865082,932455995,0.0755000039935112,932465037,0.007500000298023224,932474069,-0.017500000074505806,,,,,,,,
adc,932483106,-0.01100000087171793,932492149,0.22450001537799835,932501184,0.006750000175088644,932510216,-0.011125000193715096,,,,,,,,
mpu,,,,,,,,,932533738,-5278,7866,-32768,932533738,3,11,3
adc,932519583,-0.042250003665685654,932528630,0.18000000715255737,932537928,-0.002875000238418579,932546971,0.012000000104308128,,,,,,,,
adc,932556194,0.03425000235438347,932565237,0.005125000141561031,932574308,-0.006500000134110451,932583339,0.019875001162290573,,,,,,,,
adc,932592427,0.12787500023841858,932601473,-0.11512500792741776,932610506,-0.004000000189989805,932619535,0.008375000208616257,,,,,,,,
mpu,,,,,,,,,932633738,-5234,7910,-32768,932633738,1,2,5
adc,932628870,0.13600000739097595,932638315,-0.030625000596046448,932647352,0.004750000312924385,932656385,-0.013875001110136509,,,,,,,,
adc,932665578,0.0507500022649765,932674635,0.14000000059604645,932683667,0.00787500012665987,932692703,-0.01875000074505806,,,,,,,,
adc,932701972,-0.036125000566244125,932711016,0.23387500643730164,932720046,0.0042500002309679985,932729078,-0.0027500002179294825,,,,,,,,
mpu,,,,,,,,,932733772,-5334,7790,-32768,932733772,-3,1,-2
adc,932738379,-0.02487500198185444,932747425,0.12412500381469727,932756457,-0.005250000394880772,932765492,0.017125001177191734,,,,,,,,
adc,932774691,0.07512500137090683,932783740,-0.05962500348687172,932792773,-0.006625000387430191,932801805,0.019875001162290573,,,,,,,,
mpu,,,,,,,,,932833752,-5210,7888,-32768,932833752,-3,8,5
adc,932810848,0.14750000834465027,932819893,-0.10687500238418579,932828924,0.0005000000237487257,932838332,-0.0038750001695007086,,,,,,,,
adc,932847567,0.11012500524520874,932856614,0.0338750034570694,932865652,0.007500000298023224,932874682,-0.016625000163912773,,,,,,,,
adc,932883719,0.0061250003054738045,932892758,0.20762501657009125,932901791,0.007625000551342964,932910824,-0.015375000424683094,,,,,,,,
mpu,,,,,,,,,932933742,-5264,7902,-32768,932933742,3,9,6
adc,932919879,-0.04737500101327896,932928925,0.19700001180171967,932938337,-0.0017500000540167093,932947381,0.00937500037252903,,,,,,,,
adc,932956574,0.017500000074505806,932965624,0.029750000685453415,932974673,-0.006500000134110451,932983704,0.01912500150501728,,,,,,,,
adc,932992735,0.11762500554323196,933001786,-0.11112500727176666,933010822,-0.004875000100582838,933019855,0.011625000275671482,,,,,,,,
mpu,,,,,,,,,933033734,-5230,7856,-32768,933033734,4,4,2
adc,933028917,0.14250001311302185,933038303,-0.039000000804662704,933047348,0.0043750000186264515,933056376,-0.013375001028180122,,,,,,,,
adc,933065580,0.05425000190734863,933074648,0.13487499952316284,933083685,0.00800000037997961,933092719,-0.01850000023841858,,,,,,,,
adc,933101899,-0.03375000134110451,933110946,0.23487500846385956,933119978,0.004625000059604645,933129015,-0.002500000176951289,,,,,,,,
mpu,,,,,,,,,933133876,-5242,7892,-32768,933133876,2,6,0
adc,933138477,-0.02562500163912773,933147529,0.13725000619888306,933156564,-0.004750000312924385,933165596,0.016875000670552254,,,,,,,,
adc,933174845,0.0690000057220459,933183885,-0.04750000312924385,933192921,-0.006625000387430191,933201951,0.020000001415610313,,,,,,,,
mpu,,,,,,,,,933233752,-5290,7920,-32768,933233752,2,5,6
adc,933211009,0.14550000429153442,933220046,-0.11125000566244125,933229079,-0.0005000000237487257,933238335,-0.0023750001564621925,,,,,,,,
adc,933247586,0.1132500022649765,933256629,0.027750002220273018,933265664,0.007250000257045031,933274695,-0.0162500012665987,,,,,,,,
adc,933283887,0.009125000797212124,933292932,0.1991250067949295,933301969,0.007750000339001417,933311000,-0.016499999910593033,,,,,,,,
mpu,,,,,,,,,933333733,-5314,7872,-32768,933333733,3,9,1
adc,933320046,-0.04800000041723251,933329093,0.20625001192092896,933338400,-0.001500000013038516,933347444,0.00787500012665987,,,,,,,,
adc,933356689,0.012500000186264515,933365737,0.042250003665685654,933374801,-0.006375000346451998,933383838,0.01925000175833702,,,,,,,,
adc,933392855,0.11225000768899918,933401893,-0.10812500864267349,933410930,-0.005500000435858965,933419958,0.013000000268220901,,,,,,,,
mpu,,,,,,,,,933433738,-5240,7856,-32768,933433738,2,6,3
adc,933429035,0.14525000751018524,933438352,-0.04987500235438347,933447393,0.004000000189989805,933456425,-0.012500000186264515,,,,,,,,
adc,933465645,0.05900000408291817,933474702,0.12650001049041748,933483739,0.007750000339001417,933492774,-0.01862500049173832,,,,,,,,
adc,933501826,-0.030625000596046448,933510868,0.23537501692771912,933519899,0.004625000059604645,933528930,-0.003000000026077032,,,,,,,,
mpu,,,,,,,,,933533775,-5296,7844,-32768,933533775,1,7,4
adc,933538356,-0.026375001296401024,933547407,0.13562500476837158,933556440,-0.004750000312924385,933565473,0.016875000670552254,,,,,,,,
adc,933574714,0.06950000673532486,933583764,-0.04962500184774399,933592798,-0.006625000387430191,933601827,0.020250000059604645,,,,,,,,
mpu,,,,,,,,,933633745,-5214,7810,-32768,933633745,0,5,3
adc,933611027,0.14600001275539398,933620075,-0.11262500286102295,933629110,-0.0010000000474974513,933638336,-0.0017500000540167093,,,,,,,,
adc,933647570,0.11575000733137131,933656625,0.02212500013411045,933665657,0.007250000257045031,933674684,-0.0162500012665987,,,,,,,,
adc,933684010,0.011750000528991222,933693048,0.1927500069141388,933702082,0.00787500012665987,933711109,-0.017625000327825546,,,,,,,,
mpu,,,,,,,,,933733739,-5302,7776,-32768,933733739,1,7,2
adc,933720141,-0.04737500101327896,933729181,0.21375000476837158,933738356,-0.0006250000442378223,933747392,0.007125000469386578,,,,,,,,
adc,933756581,0.011250000447034836,933765627,0.043125003576278687,933774674,-0.006375000346451998,933783708,0.01900000125169754,,,,,,,,
adc,933792921,0.11312500387430191,933801973,-0.10300000756978989,933811008,-0.005750000476837158,933820043,0.014500000514090061,,,,,,,,
mpu,,,,,,,,,933833736,-5158,7920,-32768,933833736,0,0,5
adc,933829364,0.1469999998807907,933838466,-0.06937500089406967,933847509,0.003750000149011612,933856546,-0.010625000111758709,,,,,,,,
adc,933865780,0.06587500125169754,933874841,0.11500000208616257,933883871,0.007750000339001417,933892907,-0.018250001594424248,,,,,,,,
adc,933902197,-0.026875000447034836,933911239,0.23187501728534698,933920281,0.005750000476837158,933929316,-0.008375000208616257,,,,,,,,
mpu,,,,,,,,,933933798,-5210,7902,-32768,933933798,0,7,-1
adc,933938831,-0.036250002682209015,933947880,0.16350001096725464,933956914,-0.0035000001080334187,933965944,0.015625,,,,,,,,
adc,933975054,0.05287500098347664,933984097,-0.03100000135600567,933993130,-0.006750000175088644,934002166,0.020375000312924385,,,,,,,,
mpu,,,,,,,,,934033739,-5210,7848,-32768,934033739,3,6,3
adc,934011690,0.14025001227855682,934020734,-0.11787500232458115,934029769,-0.0031250000465661287,934039247,0.005625000223517418,,,,,,,,
adc,934048508,0.1368750035762787,934057554,-0.033250000327825546,934066586,0.005625000223517418,934075622,-0.014750001020729542,,,,,,,,
adc,934085131,0.04025000333786011,934094178,0.14275000989437103,934103208,0.00812500063329935,934112238,-0.01862500049173832,,,,,,,,
mpu,,,,,,,,,934133733,-5194,7844,-32768,934133733,-1,6,3
adc,934121320,-0.036375001072883606,934130368,0.2345000058412552,934139759,0.003750000149011612,934148810,-0.0043750000186264515,,,,,,,,
adc,934158340,-0.027625001966953278,934167392,0.1431250125169754,934176437,-0.004750000312924385,934185473,0.0162500012665987,,,,,,,,
adc,934194973,0.06437500566244125,934204020,-0.03175000101327896,934213049,-0.006750000175088644,934222079,0.020250000059604645,,,,,,,,
mpu,,,,,,,,,934233743,-5222,7838,-32768,934233743,0,6,1
adc,934231614,0.14037500321865082,934240847,-0.11837500333786011,934249887,-0.003750000149011612,934258919,0.007125000469386578,,,,,,,,
adc,934268144,0.13175000250339508,934277209,-0.017250001430511475,934286250,0.0062500000931322575,934295281,-0.015125000849366188,,,,,,,,
adc,934304476,0.03175000101327896,934313519,0.16837501525878906,934322551,0.00800000037997961,934331612,-0.01900000125169754,,,,,,,,
mpu,,,,,,,,,934334365,-5254,7786,-32768,934334365,2,8,3
adc,934341017,-0.04350000247359276,934350060,0.23350000381469727,934359095,0.002875000238418579,934368124,0.0013750001089647412,,,,,,,,
adc,934377342,-0.013125000521540642,934386386,0.09450000524520874,934395421,-0.006000000052154064,934404457,0.017875000834465027,,,,,,,,
mpu,,,,,,,,,934433750,-5182,7878,-32768,934433750,-1,1,2
adc,934413936,0.0911250039935112,934422983,-0.070250004529953,934432139,-0.006750000175088644,934441391,0.019500000402331352,,,,,,,,
adc,934450681,0.14675000309944153,934459726,-0.11100000888109207,934468762,-0.0005000000237487257,934477796,-0.0021250001154839993,,,,,,,,
adc,934486803,0.1067500039935112,934495851,0.052375003695487976,934504881,0.007500000298023224,934513915,-0.017250001430511475,,,,,,,,
mpu,,,,,,,,,934533741,-5286,7864,-32768,934533741,-1,5,-2
adc,934522989,-0.001875000074505806,934532124,0.21562500298023224,934541409,0.007500000298023224,934550453,-0.01587500050663948,,,,,,,,
adc,934559691,-0.04787500202655792,934568733,0.2057500034570694,934577785,-0.0013750001089647412,934586813,0.009750000201165676,,,,,,,,
adc,934595860,0.02162500098347664,934604909,0.0162500012665987,934613945,-0.006375000346451998,934622976,0.020000001415610313,,,,,,,,
mpu,,,,,,,,,934633775,-5252,7862,-32768,934633775,5,8,3
adc,934632029,0.12400000542402267,934641411,-0.1146250069141388,934650454,-0.005125000141561031,934659485,0.012000000104308128,,,,,,,,
adc,934668509,0.14375001192092896,934677568,-0.04125000163912773,934686603,0.005250000394880772,934695636,-0.014125000685453415,,,,,,,,
adc,934705135,0.045625001192092896,934714182,0.1355000138282776,934723218,0.00800000037997961,934732244,-0.01862500049173832,,,,,,,,
mpu,,,,,,,,,934734108,-5244,7744,-32768,934734108,3,11,5
adc,934741764,-0.03437500074505806,934750803,0.234250009059906,934759837,0.005250000394880772,934768872,-0.0062500000931322575,,,,,,,,
adc,934778077,-0.03237500041723251,934787133,0.13850000500679016,934796166,-0.004625000059604645,934805200,0.016750000417232513,,,,,,,,
mpu,,,,,,,,,934833749,-5198,7826,-32768,934833749,1,6,2
adc,934814676,0.06825000047683716,934823716,-0.03662500157952309,934832748,-0.006625000387430191,934841954,0.020250000059604645,,,,,,,,
adc,934851205,0.13950000703334808,934860255,-0.11812500655651093,934869291,-0.002625000197440386,934878323,0.0031250000465661287,,,,,,,,
adc,934887334,0.12275000661611557,934896382,0.017500000074505806,934905419,0.007250000257045031,934914453,-0.01612500101327896,,,,,,,,
mpu,,,,,,,,,934933745,-5228,7750,-32768,934933745,0,6,2
adc,934923951,0.013875001110136509,934933002,0.18287500739097595,934942352,0.00787500012665987,934951401,-0.01900000125169754,,,,,,,,
adc,934960438,-0.04437500238418579,934969485,0.22750000655651093,934978540,0.0016250000335276127,934987573,0.0043750000186264515,,,,,,,,
adc,934997034,-0.002625000197440386,935006081,0.08662500232458115,935015121,-0.0061250003054738045,935024151,0.018250001594424248,,,,,,,,
mpu,,,,,,,,,935033737,-5130,7866,-32768,935033737,1,9,5
adc,935033181,0.09487500786781311,935042436,-0.08862500637769699,935051479,-0.006875000428408384,935060514,0.018000001087784767,,,,,,,,
adc,935069739,0.15162500739097595,935078803,-0.09350000321865082,935087838,0.0021250001154839993,935096870,-0.006750000175088644,,,,,,,,
adc,935105929,0.08687500655651093,935114977,0.09200000762939453,935124007,0.00787500012665987,935133075,-0.017750000581145287,,,,,,,,
mpu,,,,,,,,,935134011,-5120,7882,-32768,935134011,-4,4,3
adc,935142534,-0.016875000670552254,935151580,0.22187501192092896,935160616,0.006875000428408384,935169648,-0.012250000610947609,,,,,,,,
adc,935178854,-0.0442500002682209,935187899,0.18050001561641693,935196928,-0.002875000238418579,935205960,0.013875001110136509,,,,,,,,
mpu,,,,,,,,,935233748,-5256,7914,-32768,935233748,-8,-1,2
adc,935215423,0.04325000196695328,935224472,0.0020000000949949026,935233513,-0.006500000134110451,935242934,0.019750000908970833,,,,,,,,
adc,935251989,0.12062500417232513,935261029,-0.11412500590085983,935270066,-0.004750000312924385,935279096,0.010375000536441803,,,,,,,,
adc,935288590,0.140500009059906,935297636,-0.05250000208616257,935306665,0.004750000312924385,935315697,-0.013500000350177288,,,,,,,,
mpu,,,,,,,,,935333734,-5202,7910,-32768,935333734,-10,-1,0
adc,935324730,0.051750004291534424,935334006,0.1472500115633011,935343475,0.00812500063329935,935352521,-0.01850000023841858,,,,,,,,
adc,935361746,-0.026500001549720764,935370795,0.2328750044107437,935379843,0.005625000223517418,935388877,-0.007250000257045031,,,,,,,,
adc,935398382,-0.03475000336766243,935407425,0.16112500429153442,935416454,-0.0038750001695007086,935425494,0.01600000075995922,,,,,,,,
mpu,,,,,,,,,935433739,-5070,7908,-32768,935433739,-7,-3,6
adc,935435643,0.055250003933906555,935444707,0.016499999910593033,935453749,-0.006375000346451998,935462790,0.019500000402331352,,,,,,,,
adc,935471983,0.12187500298023224,935481047,-0.11225000768899918,935490085,-0.004750000312924385,935499118,0.011250000447034836,,,,,,,,
mpu,,,,,,,,,935533749,-5302,7878,-32768,935533749,-6,4,1
adc,935508141,0.14124999940395355,935517179,-0.033250000327825546,935526215,0.005625000223517418,935536211,-0.014750001020729542,,,,,,,,
adc,935545454,0.06875000149011612,935554492,0.10887500643730164,935563526,0.007750000339001417,935572553,-0.018250001594424248,,,,,,,,
adc,935582024,-0.02550000138580799,935591067,0.22837501764297485,935600099,0.0062500000931322575,935609131,-0.010125000029802322,,,,,,,,
mpu,,,,,,,,,935633762,-5254,7932,-32768,935633762,-4,0,4
adc,935618612,-0.04025000333786011,935627656,0.17412500083446503,935636748,-0.0031250000465661287,935645789,0.014125000685453415,,,,,,,,
adc,935654839,0.0442500002682209,935663880,-0.019875001162290573,935672914,-0.006750000175088644,935681966,0.020375000312924385,,,,,,,,
adc,935691245,0.13737501204013824,935700289,-0.11650000512599945,935709328,-0.0031250000465661287,935718357,0.005500000435858965,,,,,,,,
mpu,,,,,,,,,935733734,-5198,7916,-32768,935733734,2,8,2
adc,935727833,0.1288750022649765,935737255,-0.019625000655651093,935746297,0.005375000182539225,935755331,-0.014625000767409801,,,,,,,,
adc,935764565,0.04475000128149986,935773622,0.1495000123977661,935782667,0.00812500063329935,935791702,-0.0188750009983778,,,,,,,,
adc,935800974,-0.03812500089406967,935810022,0.2357500046491623,935819048,0.004000000189989805,935828080,-0.0016250000335276127,,,,,,,,
mpu,,,,,,,,,935833737,-5214,7910,-32768,935833737,2,2,7
adc,935837262,-0.021375000476837158,935846302,0.11037500202655792,935855334,-0.005875000264495611,935864366,0.018000001087784767,,,,,,,,
adc,935873436,0.08312500268220901,935882492,-0.07500000298023224,935891526,-0.006625000387430191,935900561,0.01900000125169754,,,,,,,,
mpu,,,,,,,,,935933744,-5328,7830,-32768,935933744,2,9,0
adc,935910057,0.15025000274181366,935919098,-0.10750000178813934,935928134,0.000375000003259629,935937257,-0.0036250001285225153,,,,,,,,
adc,935946503,0.10237500816583633,935955554,0.0481250025331974,935964587,0.007375000510364771,935973615,-0.016750000417232513,,,,,,,,
adc,935983094,-0.0020000000949949026,935992144,0.20225000381469727,936001180,0.007625000551342964,936010210,-0.0162500012665987,,,,,,,,
mpu,,,,,,,,,936033736,-5244,7898,-32768,936033736,7,11,6
adc,936019708,-0.04962500184774399,936028755,0.2175000160932541,936038034,-0.0002500000118743628,936047068,0.005625000223517418,,,,,,,,
adc,936056264,0.002875000238418579,936065310,0.058250002562999725,936074388,-0.0061250003054738045,936083422,0.01850000023841858,,,,,,,,
adc,936092889,0.10737500339746475,936101938,-0.09000000357627869,936110970,-0.006500000134110451,936119999,0.017000000923871994,,,,,,,,
mpu,,,,,,,,,936133738,-5118,7926,-32768,936133738,3,9,7
adc,936129053,0.15212500095367432,936138278,-0.08050000667572021,936147324,0.002875000238418579,936156359,-0.008375000208616257,,,,,,,,
adc,936165395,0.07925000041723251,936174474,0.10462500154972076,936183510,0.007625000551342964,936192543,-0.018125001341104507,,,,,,,,
adc,936201566,-0.023000001907348633,936210617,0.23362500965595245,936219651,0.005500000435858965,936228680,-0.007625000551342964,,,,,,,,
mpu,,,,,,,,,936233757,-5186,7852,-32768,936233757,3,7,2
adc,936237739,-0.036125000566244125,936246788,0.14037500321865082,936255819,-0.004625000059604645,936264852,0.016625000163912773,,,,,,,,
adc,936274036,0.0677500069141388,936283084,-0.048375003039836884,936292118,-0.006750000175088644,936301148,0.020500000566244125,,,,,,,,
mpu,,,,,,,,,936333751,-5186,7974,-32768,936333751,5,10,6
adc,936310645,0.14675000309944153,936319688,-0.11662500351667404,936328721,-0.0021250001154839993,936337757,0.0012500000884756446,,,,,,,,
adc,936347000,0.11875000596046448,936356039,0.014875000342726707,936365073,0.007250000257045031,936374104,-0.01587500050663948,,,,,,,,
adc,936383585,0.013500000350177288,936392638,0.1821250021457672,936401679,0.00787500012665987,936410713,-0.01850000023841858,,,,,,,,
mpu,,,,,,,,,936433733,-5228,7876,-32768,936433733,5,10,7
adc,936419782,-0.04750000312924385,936428835,0.22237500548362732,936438317,0.0005000000237487257,936447362,0.003375000087544322,,,,,,,,
adc,936456587,-0.007250000257045031,936465631,0.08225000649690628,936474687,-0.006000000052154064,936483721,0.018000001087784767,,,,,,,,
adc,936493216,0.09787500649690628,936502263,-0.07625000178813934,936511297,-0.006625000387430191,936520330,0.0188750009983778,,,,,,,,
mpu,,,,,,,,,936533736,-5114,7880,-32768,936533736,-1,4,4
adc,936529853,0.15337501466274261,936539255,-0.10587500780820847,936548304,-0.0008750000270083547,936557339,-0.001875000074505806,,,,,,,,
adc,936566553,0.10950000584125519,936575618,0.03674999997019768,936584654,0.007375000510364771,936593685,-0.016625000163912773,,,,,,,,
adc,936603159,0.0032500000670552254,936612205,0.19487500190734863,936621238,0.00787500012665987,936630272,-0.017375001683831215,,,,,,,,
mpu,,,,,,,,,936633874,-5066,7918,-32768,936633874,2,10,1
adc,936639433,-0.05062500387430191,936648481,0.2136250138282776,936657512,-0.0006250000442378223,936666546,0.008249999955296516,,,,,,,,
adc,936675650,0.014000000432133675,936684696,0.03200000151991844,936693727,-0.0062500000931322575,936702760,0.019750000908970833,,,,,,,,
mpu,,,,,,,,,936733748,-5130,7902,-32768,936733748,4,8,4
adc,936712242,0.12000000476837158,936721281,-0.10362500697374344,936730316,-0.006000000052154064,936739296,0.014750001020729542,,,,,,,,
adc,936748546,0.1495000123977661,936757586,-0.06662500649690628,936766615,0.0038750001695007086,936775646,-0.011875000782310963,,,,,,,,
adc,936785122,0.06025000289082527,936794174,0.11075000464916229,936803212,0.007750000339001417,936812247,-0.01850000023841858,,,,,,,,
mpu,,,,,,,,,936833761,-5210,7910,-32768,936833761,0,8,3
adc,936821739,-0.02787500061094761,936830786,0.2291250079870224,936839920,0.0062500000931322575,936848961,-0.010500000789761543,,,,,,,,
adc,936858016,-0.04350000247359276,936867061,0.16112500429153442,936876113,-0.0038750001695007086,936885146,0.01587500050663948,,,,,,,,
adc,936894177,0.05662500113248825,936903219,-0.03662500157952309,936912254,-0.006625000387430191,936921291,0.020375000312924385,,,,,,,,
mpu,,,,,,,,,936933733,-5204,7794,-32768,936933733,0,7,2
adc,936930468,0.1457500010728836,936939841,-0.11675000190734863,936948885,-0.003000000026077032,936957916,0.0038750001695007086,,,,,,,,
adc,936967127,0.12662500143051147,936976183,0.0002500000118743628,936985220,0.006875000428408384,936994256,-0.015625,,,,,,,,
adc,937003763,0.020250000059604645,937012818,0.17000000178813934,937021853,0.00800000037997961,937030886,-0.0188750009983778,,,,,,,,
mpu,,,,,,,,,937034066,-5090,7858,-32768,937034066,5,5,5
adc,937040130,-0.04762500151991844,937049171,0.2303750067949295,937058208,0.0021250001154839993,937067244,0.003375000087544322,,,,,,,,
adc,937076480,-0.008750000037252903,937085531,0.0832500010728836,937094563,-0.006000000052154064,937103594,0.018000001087784767,,,,,,,,
mpu,,,,,,,,,937133744,-5082,7814,-32768,937133744,6,14,5
adc,937113114,0.09837500751018524,937122158,-0.07625000178813934,937131196,-0.006625000387430191,937140482,0.01900000125169754,,,,,,,,
adc,937149996,0.15162500739097595,937159044,-0.1118750050663948,937168078,-0.0006250000442378223,937177112,-0.0023750001564621925,,,,,,,,
adc,937186127,0.10725000500679016,937195175,0.05325000360608101,937204207,0.007625000551342964,937213240,-0.017000000923871994,,,,,,,,
mpu,,,,,,,,,937233740,-5170,7818,-32768,937233740,2,7,5
adc,937222746,-0.0043750000186264515,937231790,0.20512500405311584,937240945,0.007750000339001417,937249981,-0.016750000417232513,,,,,,,,
adc,937259209,-0.05087500065565109,937268247,0.21275000274181366,937277303,-0.0008750000270083547,937286333,0.008500000461935997,,,,,,,,
adc,937295849,0.016375001519918442,937304889,0.05150000378489494,937313923,-0.006375000346451998,937322959,0.01912500150501728,,,,,,,,
mpu,,,,,,,,,937333787,-5210,7842,-32768,937333787,-1,3,3
adc,937332042,0.11262500286102295,937341443,-0.10425000637769699,937350487,-0.0062500000931322575,937359524,0.016375001519918442,,,,,,,,
adc,937368583,0.1522500067949295,937377641,-0.07450000196695328,937386676,0.0035000001080334187,937395715,-0.010625000111758709,,,,,,,,
adc,937405219,0.06675000488758087,937414266,0.09775000810623169,937423297,0.00787500012665987,937432339,-0.018000001087784767,,,,,,,,
mpu,,,,,,,,,937434178,-5106,7874,-32768,937434178,5,12,4
adc,937441382,-0.024375000968575478,937450432,0.23200000822544098,937459469,0.006000000052154064,937468500,-0.008625000715255737,,,,,,,,
adc,937477752,-0.039375003427267075,937486796,0.1550000011920929,937495829,-0.0038750001695007086,937504862,0.016375001519918442,,,,,,,,
mpu,,,,,,,,,937533743,-5016,7886,-32768,937533743,6,13,8
adc,937514362,0.06075000390410423,937523400,-0.02250000089406967,937532438,-0.006750000175088644,937541461,0.020000001415610313,,,,,,,,
adc,937550562,0.14112500846385956,937559610,-0.11775000393390656,937568645,-0.002500000176951289,937577676,0.0031250000465661287,,,,,,,,
adc,937587175,0.125,937596225,-0.00937500037252903,937605259,0.006500000134110451,937614291,-0.015375000424683094,,,,,,,,
mpu,,,,,,,,,937633736,-5026,7752,-32768,937633736,2,8,6
adc,937623303,0.02562500163912773,937632341,0.1835000067949295,937641366,0.00800000037997961,937650407,-0.018250001594424248,,,,,,,,
adc,937659645,-0.05037500336766243,937668686,0.2251250147819519,937677744,0.0010000000474974513,937686782,0.005250000394880772,,,,,,,,
adc,937696272,0.0005000000237487257,937705321,0.07962500303983688,937714356,-0.006000000052154064,937723384,0.018250001594424248,,,,,,,,
mpu,,,,,,,,,937733736,-5146,7880,-32768,937733736,0,7,1
adc,937732884,0.09987500309944153,937741889,-0.07887500524520874,937750942,-0.006750000175088644,937759971,0.01837499998509884,,,,,,,,
adc,937769246,0.1537500023841858,937778301,-0.0988750010728836,937787336,0.0017500000540167093,937796368,-0.005500000435858965,,,,,,,,
adc,937805832,0.0898750051856041,937814876,0.060875002294778824,937823913,0.007500000298023224,937832947,-0.017250001430511475,,,,,,,,
mpu,,,,,,,,,937834008,-5076,7826,-32768,937834008,4,8,6
adc,937842290,-0.008875000290572643,937851331,0.21312500536441803,937860370,0.007500000298023224,937869401,-0.014375000260770321,,,,,,,,
adc,937878661,-0.05012500286102295,937887700,0.19862501323223114,937896733,-0.0017500000540167093,937905765,0.011375000700354576,,,,,,,,
mpu,,,,,,,,,937933764,-5050,7808,-32768,937933764,3,13,6
adc,937914957,0.030125001445412636,937924008,0.011875000782310963,937933073,-0.006500000134110451,937942442,0.020000001415610313,,,,,,,,
adc,937951676,0.12137500941753387,937960719,-0.10762500762939453,937969753,-0.005500000435858965,937978786,0.013125000521540642,,,,,,,,
adc,937988250,0.14787501096725464,937997298,-0.0650000050663948,938006331,0.004000000189989805,938015372,-0.011625000275671482,,,,,,,,
mpu,,,,,,,,,938033738,-5146,7856,-32768,938033738,2,6,6
adc,938024880,0.06062500178813934,938034230,0.10925000160932541,938043406,0.007750000339001417,938052451,-0.018250001594424248,,,,,,,,
adc,938061481,-0.01900000125169754,938070527,0.2290000170469284,938079596,0.006375000346451998,938088632,-0.010625000111758709,,,,,,,,
adc,938098124,-0.04400000348687172,938107169,0.17925000190734863,938116203,-0.003000000026077032,938125228,0.014000000432133675,,,,,,,,
mpu,,,,,,,,,938133738,-5120,7854,-32768,938133738,3,11,1
adc,938134864,0.04437500238418579,938143998,0.010125000029802322,938153038,-0.006375000346451998,938162072,0.020000001415610313,,,,,,,,
adc,938171264,0.12737500667572021,938180320,-0.11425000429153442,938189353,-0.004750000312924385,938198379,0.01087500061839819,,,,,,,,
mpu,,,,,,,,,938233746,-5058,7864,-32768,938233746,7,9,3
adc,938207895,0.14225000143051147,938216946,-0.05287500098347664,938225982,0.004625000059604645,938235632,-0.013375001028180122,,,,,,,,
adc,938244910,0.070250004529953,938253959,0.10387500375509262,938262996,0.007750000339001417,938272033,-0.018125001341104507,,,,,,,,
adc,938281233,-0.026750002056360245,938290286,0.23200000822544098,938299317,0.006000000052154064,938308348,-0.008875000290572643,,,,,,,,
mpu,,,,,,,,,938333736,-5036,7850,-32768,938333736,3,8,5
adc,938317868,-0.0403750017285347,938326911,0.1705000102519989,938336179,-0.0031250000465661287,938345221,0.013625000603497028,,,,,,,,
adc,938354273,0.04325000196695328,938363325,-0.0162500012665987,938372355,-0.006875000428408384,938381403,0.020375000312924385,,,,,,,,
adc,938390906,0.13962501287460327,938399949,-0.11662500351667404,938408983,-0.004000000189989805,938418011,0.008249999955296516,,,,,,,,
mpu,,,,,,,,,938433736,-5080,7804,-32768,938433736,2,5,3
adc,938427093,0.13625000417232513,938436732,-0.015625,938445778,0.005125000141561031,938454809,-0.014000000432133675,,,,,,,,
adc,938464025,0.046000003814697266,938473070,0.1445000022649765,938482124,0.00800000037997961,938491156,-0.01900000125169754,,,,,,,,
adc,938500666,-0.04100000113248825,938509716,0.23525001108646393,938518754,0.005000000353902578,938527785,-0.005125000141561031,,,,,,,,
mpu,,,,,,,,,938533738,-5012,7868,-32768,938533738,3,9,4
adc,938537143,-0.03100000135600567,938546195,0.1380000114440918,938555228,-0.004875000100582838,938564264,0.016875000670552254,,,,,,,,
adc,938573488,0.070250004529953,938582538,-0.048875004053115845,938591575,-0.006750000175088644,938600608,0.020375000312924385,,,,,,,,
mpu,,,,,,,,,938633759,-5078,7760,-32768,938633759,2,9,4
adc,938610078,0.1495000123977661,938619119,-0.11625000834465027,938628157,-0.001875000074505806,938637238,0.001125000067986548,,,,,,,,
adc,938646324,0.12062500417232513,938655368,0.023000001907348633,938664406,0.007500000298023224,938673438,-0.01587500050663948,,,,,,,,
adc,938682480,0.008875000290572643,938691525,0.2031250149011612,938700563,0.007750000339001417,938709595,-0.016750000417232513,,,,,,,,
mpu,,,,,,,,,938733735,-4954,7866,-32768,938733735,-1,1,5
adc,938719077,-0.05125000327825546,938728125,0.21900001168251038,938737255,-0.0001250000059371814,938746286,0.006750000175088644,,,,,,,,
adc,938755468,0.006625000387430191,938764518,0.04962500184774399,938773561,-0.0062500000931322575,938782595,0.0188750009983778,,,,,,,,
adc,938792077,0.11362500488758087,938801113,-0.09525000303983688,938810144,-0.006375000346451998,938819170,0.016375001519918442,,,,,,,,
mpu,,,,,,,,,938833739,-5108,7816,-32768,938833739,-1,5,0
adc,938828232,0.1523750126361847,938837238,-0.07462500035762787,938846278,0.0036250001285225153,938855306,-0.010500000789761543,,,,,,,,
adc,938864504,0.0650000050663948,938873566,0.11700000613927841,938882605,0.007750000339001417,938891635,-0.01850000023841858,,,,,,,,
adc,938900921,-0.03137500211596489,938909965,0.23362500965595245,938918998,0.005750000476837158,938928027,-0.007625000551342964,,,,,,,,
mpu,,,,,,,,,938933737,-5098,7822,-32768,938933737,3,8,2
adc,938937297,-0.03750000149011612,938946339,0.15025000274181366,938955375,-0.0042500002309679985,938964408,0.0162500012665987,,,,,,,,
adc,938973622,0.06362500041723251,938982671,-0.038750000298023224,938991708,-0.006875000428408384,939000739,0.020250000059604645,,,,,,,,
mpu,,,,,,,,,939033745,-5104,7850,-32768,939033745,1,6,4
adc,939009772,0.14675000309944153,939018817,-0.11512500792741776,939027851,-0.0012500000884756446,939037288,-0.0008750000270083547,,,,,,,,
adc,939046512,0.12475000321865082,939055553,0.0062500000931322575,939064591,0.007250000257045031,939073626,-0.015625,,,,,,,,
adc,939082679,0.016625000163912773,939091731,0.19300000369548798,939100762,0.00787500012665987,939109794,-0.017875000834465027,,,,,,,,
mpu,,,,,,,,,939133730,-5096,7806,-32768,939133730,0,4,4
adc,939119089,-0.05150000378489494,939128138,0.22087500989437103,939137293,0.0001250000059371814,939146339,0.005625000223517418,,,,,,,,
adc,939155550,0.002500000176951289,939164590,0.06000000238418579,939173634,-0.006375000346451998,939182681,0.0188750009983778,,,,,,,,
adc,939191982,0.10912500321865082,939201032,-0.09487500786781311,939210060,-0.006375000346451998,939219098,0.016499999910593033,,,,,,,,
mpu,,,,,,,,,939233754,-5034,7848,-32768,939233754,2,8,3
adc,939228150,0.15337501466274261,939237312,-0.07487500458955765,939246355,0.003375000087544322,939255391,-0.00950000062584877,,,,,,,,
adc,939264577,0.07125000655651093,939273641,0.10887500643730164,939282686,0.00787500012665987,939291719,-0.018250001594424248,,,,,,,,
adc,939300901,-0.027625001966953278,939309948,0.23262500762939453,939318985,0.005750000476837158,939328011,-0.008249999955296516,,,,,,,,
mpu,,,,,,,,,939333730,-5026,7748,-32768,939333730,1,6,3
adc,939337219,-0.03850000351667404,939346268,0.15262500941753387,939355301,-0.0042500002309679985,939364334,0.016499999910593033,,,,,,,,
adc,939373525,0.06350000202655792,939382566,-0.03850000351667404,939391599,-0.006625000387430191,939400630,0.020375000312924385,,,,,,,,
mpu,,,,,,,,,939433754,-5052,7750,-32768,939433754,-1,1,3
adc,939409657,0.14775000512599945,939418703,-0.1145000085234642,939427738,-0.0012500000884756446,939436820,-0.0010000000474974513,,,,,,,,
adc,939446054,0.11550000309944153,939455100,0.026500001549720764,939464136,0.007250000257045031,939473167,-0.016625000163912773,,,,,,,,
adc,939482476,0.006750000175088644,939491521,0.19587500393390656,939500552,0.00787500012665987,939509580,-0.017250001430511475,,,,,,,,
mpu,,,,,,,,,939533737,-5008,7824,-32768,939533737,2,9,1
adc,939518613,-0.051875002682209015,939527656,0.210750013589859,939536741,-0.0010000000474974513,939545789,0.008500000461935997,,,,,,,,
adc,939554975,0.016375001519918442,939564021,0.033250000327825546,939573054,-0.006375000346451998,939582106,0.019500000402331352,,,,,,,,
adc,939591299,0.12037500739097595,939600347,-0.10912500321865082,939609381,-0.005500000435858965,939618418,0.013125000521540642,,,,,,,,
mpu,,,,,,,,,939633743,-4970,7844,-32768,939633743,3,6,3
adc,939627794,0.148375004529953,939637265,-0.06487500667572021,939646314,0.0031250000465661287,939655347,-0.00925000011920929,,,,,,,,
adc,939664573,0.07212500274181366,939673624,0.10375000536441803,939682660,0.00787500012665987,939691691,-0.018125001341104507,,,,,,,,
adc,939700731,-0.026750002056360245,939709781,0.23350000381469727,939718819,0.005875000264495611,939727847,-0.007500000298023224,,,,,,,,
mpu,,,,,,,,,939733737,-5032,7802,-32768,939733737,-2,4,2
adc,939737262,-0.03762500360608101,939746306,0.15850000083446503,939755334,-0.003750000149011612,939764367,0.016499999910593033,,,,,,,,
adc,939773575,0.05912500247359276,939782619,-0.032875001430511475,939791654,-0.006750000175088644,939800687,0.020375000312924385,,,,,,,,
mpu,,,,,,,,,939833750,-5002,7858,-32768,939833750,1,5,1
adc,939809716,0.14550000429153442,939818754,-0.11650000512599945,939827788,-0.0017500000540167093,939837235,0.0002500000118743628,,,,,,,,
adc,939846327,0.1276250034570694,939855374,0.005750000476837158,939864410,0.007125000469386578,939873445,-0.01575000025331974,,,,,,,,
adc,939882558,0.016625000163912773,939891604,0.18987500667572021,939900638,0.00787500012665987,939909670,-0.017625000327825546,,,,,,,,
mpu,,,,,,,,,939933740,-5098,7804,-32768,939933740,4,5,2
adc,939918708,-0.05150000378489494,939927759,0.2161250114440918,939937223,-0.0005000000237487257,939946275,0.005000000353902578,,,,,,,,
adc,939955331,-0.001125000067986548,939964376,0.057875003665685654,939973422,-0.0062500000931322575,939982463,0.01862500049173832,,,,,,,,
adc,939991672,0.11075000464916229,940000712,-0.09812500327825546,940009745,-0.0062500000931322575,940018786,0.01575000025331974,,,,,,,,
mpu,,,,,,,,,940033736,-5046,7856,-32768,940033736,0,6,4
adc,940027856,0.15300001204013824,940037281,-0.06962500512599945,940046328,0.002875000238418579,940055358,-0.008750000037252903,,,,,,,,
adc,940064585,0.07625000178813934,940073637,0.0990000069141388,940082673,0.007750000339001417,940091705,-0.017875000834465027,,,,,,,,
adc,940100878,-0.024000000208616257,940109929,0.2317500114440918,940118965,0.006375000346451998,940128000,-0.00950000062584877,,,,,,,,
mpu,,,,,,,,,940133737,-5028,7900,-32768,940133737,-1,3,1
adc,940137296,-0.042125001549720764,940146337,0.16462500393390656,940155379,-0.0035000001080334187,940164415,0.01600000075995922,,,,,,,,
adc,940173634,0.05437500402331352,940182686,-0.026375001296401024,940191722,-0.006625000387430191,940200758,0.020375000312924385,,,,,,,,
mpu,,,,,,,,,940233746,-4982,7780,-32768,940233746,2,6,0
adc,940209833,0.14262500405311584,940218879,-0.11875000596046448,940227918,-0.0023750001564621925,940237299,0.0020000000949949026,,,,,,,,
adc,940246519,0.13112500309944153,940255564,-0.00950000062584877,940264602,0.006625000387430191,940273631,-0.015625,,,,,,,,
adc,940282694,0.024375000968575478,940291736,0.18187500536441803,940300771,0.00812500063329935,940309798,-0.01837499998509884,,,,,,,,
mpu,,,,,,,,,940333735,-5044,7764,-32768,940333735,3,9,5
adc,940318820,-0.05037500336766243,940327866,0.22200001776218414,940337277,0.000375000003259629,940346313,0.004500000271946192,,,,,,,,
adc,940355518,-0.004625000059604645,940364565,0.07387500256299973,940373609,-0.0061250003054738045,940382639,0.01862500049173832,,,,,,,,
adc,940391821,0.10362500697374344,940400864,-0.09187500178813934,940409899,-0.006500000134110451,940418932,0.017000000923871994,,,,,,,,
mpu,,,,,,,,,940433738,-4962,7788,-32768,940433738,0,4,1
adc,940427969,0.15400001406669617,940437343,-0.07862500101327896,940446377,0.002625000197440386,940455412,-0.007750000339001417,,,,,,,,
adc,940464636,0.08087500184774399,940473683,0.09125000238418579,940482722,0.00787500012665987,940491758,-0.017875000834465027,,,,,,,,
adc,940500811,-0.021250000223517418,940509863,0.23112501204013824,940518903,0.0061250003054738045,940527933,-0.00962500087916851,,,,,,,,
mpu,,,,,,,,,940533762,-5070,7784,-32768,940533762,1,7,1
adc,940537306,-0.042625002562999725,940546352,0.16975000500679016,940555384,-0.003375000087544322,940564411,0.015125000849366188,,,,,,,,
adc,940573615,0.051875002682209015,940582661,-0.02225000038743019,940591695,-0.006500000134110451,940600724,0.020375000312924385,,,,,,,,
mpu,,,,,,,,,940633741,-5034,7778,-32768,940633741,3,11,3
adc,940609786,0.14212501049041748,940618839,-0.11787500232458115,940627874,-0.002625000197440386,940637277,0.002875000238418579,,,,,,,,
adc,940646483,0.13312500715255737,940655527,-0.012000000104308128,940664559,0.006625000387430191,940673587,-0.015375000424683094,,,,,,,,
adc,940682876,0.026375001296401024,940691923,0.17225000262260437,940700955,0.00812500063329935,940709989,-0.01900000125169754,,,,,,,,
mpu,,,,,,,,,940733738,-5050,7798,-32768,940733738,3,5,5
adc,940719028,-0.04762500151991844,940728070,0.22975000739097595,940737349,0.001500000013038516,940746389,0.003000000026077032,,,,,,,,
adc,940755570,-0.009000000543892384,940764614,0.08362500369548798,940773655,-0.006000000052154064,940782695,0.018250001594424248,,,,,,,,
adc,940791837,0.09950000792741776,940800886,-0.08900000154972076,940809925,-0.006625000387430191,940818956,0.017625000327825546,,,,,,,,
mpu,,,,,,,,,940833731,-5086,7854,-32768,940833731,2,7,-1
adc,940828270,0.1547500044107437,940837293,-0.09300000220537186,940846335,0.002500000176951289,940855363,-0.007125000469386578,,,,,,,,
adc,940864550,0.08225000649690628,940873601,0.09062500298023224,940882635,0.007750000339001417,940891672,-0.018000001087784767,,,,,,,,
adc,940900874,-0.0215000007301569,940909917,0.22812500596046448,940918951,0.006500000134110451,940927985,-0.010625000111758709,,,,,,,,
mpu,,,,,,,,,940933734,-4878,7832,-32768,940933734,4,8,4
adc,940937243,-0.04487500339746475,940946294,0.171750009059906,940955333,-0.0031250000465661287,940964365,0.015000000596046448,,,,,,,,
adc,940973593,0.05050000175833702,940982645,-0.018250001594424248,940991679,-0.006625000387430191,941000712,0.020125001668930054,,,,,,,,
mpu,,,,,,,,,941033747,-4996,7698,-32768,941033747,3,8,5
adc,941010017,0.14100000262260437,941019068,-0.11875000596046448,941028099,-0.003375000087544322,941037404,0.005750000476837158,,,,,,,,
adc,941046491,0.1378750056028366,941055541,-0.01850000023841858,941064579,0.0061250003054738045,941073617,-0.015125000849366188,,,,,,,,
adc,941082939,0.030375001952052116,941091991,0.16462500393390656,941101025,0.00800000037997961,941110056,-0.01900000125169754,,,,,,,,
mpu,,,,,,,,,941133733,-5042,7740,-32768,941133733,0,6,2
adc,941119374,-0.04662500321865082,941128413,0.23462501168251038,941137855,0.0031250000465661287,941146901,-0.002500000176951289,,,,,,,,
adc,941156154,-0.02525000087916851,941165200,0.12012500315904617,941174255,-0.005500000435858965,941183293,0.017250001430511475,,,,,,,,
adc,941192532,0.08050000667572021,941201580,-0.061500001698732376,941210614,-0.006875000428408384,941219653,0.020000001415610313,,,,,,,,
mpu,,,,,,,,,941233731,-5024,7770,-32768,941233731,1,5,3
adc,941228999,0.15275000035762787,941238306,-0.11262500286102295,941247349,-0.0016250000335276127,941256382,-0.0005000000237487257,,,,,,,,
adc,941265589,0.11550000309944153,941274662,0.026500001549720764,941283698,0.007250000257045031,941292730,-0.01612500101327896,,,,,,,,
adc,941302040,0.007375000510364771,941311090,0.19600000977516174,941320124,0.00800000037997961,941329154,-0.017375001683831215,,,,,,,,
mpu,,,,,,,,,941333775,-4988,7764,-32768,941333775,2,9,5
adc,941338486,-0.052000001072883606,941347531,0.22225001454353333,941356564,0.0001250000059371814,941365594,0.007000000216066837,,,,,,,,
adc,941374845,0.008249999955296516,941383890,0.05250000208616257,941392922,-0.0062500000931322575,941401952,0.01900000125169754,,,,,,,,
mpu,,,,,,,,,941433747,-4948,7848,-32768,941433747,7,16,15
adc,941410972,0.11375000327825546,941420025,-0.10562500357627869,941429061,-0.005750000476837158,941438342,0.014125000685453415,,,,,,,,
adc,941447579,0.15300001204013824,941456628,-0.07349999994039536,941465665,0.0035000001080334187,941474702,-0.010250000283122063,,,,,,,,
adc,941483993,0.06675000488758087,941493042,0.11037500202655792,941502077,0.00787500012665987,941511107,-0.018250001594424248,,,,,,,,
mpu,,,,,,,,,941533764,-4884,7768,-32768,941533764,7,10,6
adc,941520185,-0.029000001028180122,941529228,0.23487500846385956,941538441,0.005750000476837158,941547488,-0.008375000208616257,,,,,,,,
adc,941556680,-0.03962500020861626,941565723,0.15187500417232513,941574780,-0.0042500002309679985,941583815,0.016499999910593033,,,,,,,,
adc,941593134,0.06262500584125519,941602183,-0.0325000025331974,941611215,-0.006625000387430191,941620244,0.020250000059604645,,,,,,,,
mpu,,,,,,,,,941633732,-4996,7804,-32768,941633732,-1,6,0
adc,941629290,0.14512500166893005,941638293,-0.1172500029206276,941647334,-0.0016250000335276127,941656368,0.0001250000059371814,,,,,,,,
adc,941665580,0.11737500876188278,941674637,0.02237500064074993,941683675,0.007125000469386578,941692708,-0.0162500012665987,,,,,,,,
adc,941702027,0.008875000290572643,941711067,0.19287501275539398,941720100,0.00787500012665987,941729133,-0.017625000327825546,,,,,,,,
mpu,,,,,,,,,941733777,-4840,7762,-32768,941733777,6,14,10
adc,941738418,-0.051875002682209015,941747471,0.22150000929832458,941756507,0.000375000003259629,941765542,0.0062500000931322575,,,,,,,,
adc,941774731,0.007250000257045031,941783775,0.05050000175833702,941792809,-0.0062500000931322575,941801839,0.01900000125169754,,,,,,,,
mpu,,,,,,,,,941833745,-4952,7804,-32768,941833745,3,9,4
adc,941810891,0.11475000530481339,941819942,-0.10612500458955765,941828979,-0.005875000264495611,941838360,0.014125000685453415,,,,,,,,
adc,941847606,0.15337501466274261,941856657,-0.0793750062584877,941865695,0.0031250000465661287,941874725,-0.00950000062584877,,,,,,,,
adc,941884017,0.0703750029206276,941893069,0.10462500154972076,941902097,0.00787500012665987,941911130,-0.018000001087784767,,,,,,,,
mpu,,,,,,,,,941933765,-4940,7774,-32768,941933765,0,7,1
adc,941920182,-0.027000000700354576,941929232,0.2345000058412552,941938362,0.006000000052154064,941947405,-0.008500000461935997,,,,,,,,
adc,941956626,-0.03962500020861626,941965680,0.15562500059604645,941974735,-0.0038750001695007086,941983769,0.016375001519918442,,,,,,,,
adc,941992888,0.061625003814697266,942001935,-0.0377500019967556,942010968,-0.006750000175088644,942020008,0.020250000059604645,,,,,,,,
mpu,,,,,,,,,942033765,-4908,7804,-32768,942033765,1,3,4
adc,942029218,0.1485000103712082,942038365,-0.11675000190734863,942047412,-0.002250000135973096,942056444,0.0021250001154839993,,,,,,,,
adc,942065634,0.12287500500679016,942074698,0.013750000856816769,942083733,0.007375000510364771,942092763,-0.01600000075995922,,,,,,,,
adc,942102068,0.013375001028180122,942111115,0.18837501108646393,942120145,0.00800000037997961,942129178,-0.018125001341104507,,,,,,,,
mpu,,,,,,,,,942133770,-5002,7740,-32768,942133770,-2,2,0
adc,942138364,-0.05150000378489494,942147411,0.2227500081062317,942156441,0.0005000000237487257,942165476,0.0061250003054738045,,,,,,,,
adc,942174676,0.005625000223517418,942183722,0.05362500250339508,942192758,-0.0062500000931322575,942201794,0.01862500049173832,,,,,,,,
mpu,,,,,,,,,942233743,-5060,7712,-32768,942233743,2,6,2
adc,942210864,0.11312500387430191,942219915,-0.10500000417232513,942228950,-0.005875000264495611,942238344,0.014500000514090061,,,,,,,,
adc,942247432,0.1537500023841858,942256472,-0.07700000703334808,942265511,0.0032500000670552254,942274546,-0.010000000707805157,,,,,,,,
adc,942283738,0.06812500208616257,942292783,0.11287500709295273,942301817,0.007750000339001417,942310850,-0.018250001594424248,,,,,,,,
mpu,,,,,,,,,942333731,-4936,7798,-32768,942333731,1,7,4
adc,942319906,-0.030125001445412636,942328958,0.2357500046491623,942338303,0.005375000182539225,942347355,-0.008750000037252903,,,,,,,,
adc,942356590,-0.04100000113248825,942365639,0.15900000929832458,942374688,-0.003750000149011612,942383723,0.01612500101327896,,,,,,,,
adc,942392910,0.05887500196695328,942401957,-0.03225000202655792,942410991,-0.006875000428408384,942420025,0.020375000312924385,,,,,,,,
mpu,,,,,,,,,942433739,-5000,7786,-32768,942433739,1,5,2
adc,942429252,0.1457500010728836,942438306,-0.11825000494718552,942447349,-0.0023750001564621925,942456381,0.002250000135973096,,,,,,,,
adc,942465608,0.1236250028014183,942474678,0.008500000461935997,942483715,0.007125000469386578,942492753,-0.01600000075995922,,,,,,,,
adc,942501803,0.016499999910593033,942510853,0.19337500631809235,942519888,0.00787500012665987,942528926,-0.017750000581145287,,,,,,,,
mpu,,,,,,,,,942533770,-4854,7752,-32768,942533770,3,9,4
adc,942538377,-0.051625002175569534,942547418,0.2253750115633011,942556445,0.0008750000270083547,942565478,0.005500000435858965,,,,,,,,
adc,942574684,0.0023750001564621925,942583733,0.06000000238418579,942592768,-0.0062500000931322575,942601797,0.0188750009983778,,,,,,,,
mpu,,,,,,,,,942633745,-4930,7790,-32768,942633745,1,10,1
adc,942611136,0.11037500202655792,942620179,-0.09462500363588333,942629214,-0.006500000134110451,942638335,0.0162500012665987,,,,,,,,
adc,942647568,0.15437500178813934,942656612,-0.08575000613927841,942665641,0.0027500002179294825,942674676,-0.009000000543892384,,,,,,,,
adc,942683943,0.07662500441074371,942692988,0.09725000709295273,942702017,0.007750000339001417,942711049,-0.018125001341104507,,,,,,,,
mpu,,,,,,,,,942733734,-4868,7830,-32768,942733734,-1,-1,3
adc,942720097,-0.023125000298023224,942729138,0.23387500643730164,942738378,0.006000000052154064,942747420,-0.009750000201165676,,,,,,,,
adc,942756463,-0.04337500035762787,942765517,0.15837500989437103,942774576,-0.003750000149011612,942783611,0.016750000417232513,,,,,,,,
adc,942792770,0.05887500196695328,942801806,-0.0338750034570694,942810842,-0.006875000428408384,942819882,0.020625000819563866,,,,,,,,
mpu,,,,,,,,,942833735,-5028,7728,-32768,942833735,2,10,1
adc,942828951,0.14625000953674316,942838331,-0.11750000715255737,942847369,-0.002625000197440386,942856402,0.0038750001695007086,,,,,,,,
adc,942865586,0.12662500143051147,942874649,0.0032500000670552254,942883685,0.007125000469386578,942892718,-0.01575000025331974,,,,,,,,
adc,942902026,0.017875000834465027,942911073,0.18050001561641693,942920109,0.00787500012665987,942929146,-0.01862500049173832,,,,,,,,
mpu,,,,,,,,,942933875,-4974,7836,-32768,942933875,6,8,4
adc,942938469,-0.05050000175833702,942947514,0.22937500476837158,942956545,0.0017500000540167093,942965578,0.004875000100582838,,,,,,,,
adc,942974786,-0.0035000001080334187,942983830,0.0728750005364418,942992869,-0.006375000346451998,943001896,0.01875000074505806,,,,,,,,
mpu,,,,,,,,,943033741,-4922,7772,-32768,943033741,2,11,3
adc,943011177,0.1053750067949295,943020224,-0.09075000137090683,943029261,-0.006500000134110451,943038265,0.017125001177191734,,,,,,,,
adc,943047478,0.1548750102519989,943056514,-0.08762500435113907,943065545,0.0027500002179294825,943074579,-0.008500000461935997,,,,,,,,
adc,943083632,0.07700000703334808,943092684,0.10700000822544098,943101722,0.007750000339001417,943110748,-0.01837499998509884,,,,,,,,
mpu,,,,,,,,,943133739,-4930,7750,-32768,943133739,1,5,3
adc,943120038,-0.027500001713633537,943129082,0.23237501084804535,943138503,0.006375000346451998,943147537,-0.011875000782310963,,,,,,,,
adc,943156780,-0.04612500220537186,943165826,0.17775000631809235,943174977,-0.002875000238418579,943184016,0.013750000856816769,,,,,,,,
adc,943193232,0.042625002562999725,943202283,-0.006500000134110451,943211317,-0.006750000175088644,943220354,0.019875001162290573,,,,,,,,
mpu,,,,,,,,,943233737,-4886,7696,-32768,943233737,0,3,2
adc,943229412,0.1367500126361847,943238583,-0.11962500214576721,943247629,-0.003750000149011612,943256662,0.007375000510364771,,,,,,,,
adc,943265868,0.13512501120567322,943274944,-0.017500000074505806,943283977,0.006000000052154064,943293010,-0.015250001102685928,,,,,,,,
adc,943302298,0.030000001192092896,943311353,0.16637501120567322,943320389,0.00812500063329935,943329423,-0.01875000074505806,,,,,,,,
mpu,,,,,,,,,943333758,-4820,7750,-32768,943333758,2,9,4
adc,943338823,-0.04662500321865082,943347872,0.23662501573562622,943356907,0.0032500000670552254,943365936,0.000750000006519258,,,,,,,,
adc,943375125,-0.01600000075995922,943384168,0.0988750010728836,943393207,-0.006000000052154064,943402238,0.017625000327825546,,,,,,,,
mpu,,,,,,,,,943433757,-4898,7840,-32768,943433757,-2,3,1
adc,943411281,0.09337500482797623,943420330,-0.08375000208616257,943429361,-0.006750000175088644,943438810,0.01850000023841858,,,,,,,,
adc,943448024,0.1537500023841858,943457067,-0.10600000619888306,943466099,0.000750000006519258,943475129,-0.004124999977648258,,,,,,,,
adc,943484160,0.09712500125169754,943493201,0.07325000315904617,943502232,0.007500000298023224,943511262,-0.017500000074505806,,,,,,,,
mpu,,,,,,,,,943533746,-4994,7824,-32768,943533746,0,4,1
adc,943520310,-0.014750001020729542,943529355,0.2266250103712082,943538842,0.007000000216066837,943547886,-0.014625000767409801,,,,,,,,
adc,943557071,-0.05100000277161598,943566116,0.19500000774860382,943575162,-0.0020000000949949026,943584193,0.011750000528991222,,,,,,,,
adc,943593383,0.033375002443790436,943602422,0.0061250003054738045,943611452,-0.006500000134110451,943620484,0.020000001415610313,,,,,,,,
mpu,,,,,,,,,943633740,-4898,7788,-32768,943633740,2,7,4
adc,943629596,0.13250000774860382,943639037,-0.11737500876188278,943648082,-0.005125000141561031,943657116,0.011750000528991222,,,,,,,,
adc,943666164,0.14537501335144043,943675223,-0.03800000250339508,943684257,0.005375000182539225,943693287,-0.014500000514090061,,,,,,,,
adc,943702410,0.04137500375509262,943711458,0.1575000137090683,943720495,0.00787500012665987,943729531,-0.019375000149011612,,,,,,,,
mpu,,,,,,,,,943733767,-4860,7746,-32768,943733767,0,0,0
adc,943738839,-0.04475000128149986,943747891,0.23712500929832458,943756928,0.0035000001080334187,943765961,-0.0005000000237487257,,,,,,,,
adc,943775165,-0.020000001415610313,943784212,0.10612500458955765,943793245,-0.005875000264495611,943802277,0.017750000581145287,,,,,,,,
mpu,,,,,,,,,943833742,-4854,7718,-32768,943833742,-1,3,-1
adc,943811337,0.08912500739097595,943820372,-0.07875000685453415,943829406,-0.006625000387430191,943838866,0.01875000074505806,,,,,,,,
adc,943848062,0.1525000035762787,943857108,-0.10875000804662704,943866143,0.0002500000118743628,943875172,-0.0032500000670552254,,,,,,,,
adc,943884359,0.10100000351667404,943893403,0.05637500435113907,943902437,0.007375000510364771,943911464,-0.017250001430511475,,,,,,,,
mpu,,,,,,,,,943933733,-4916,7748,-32768,943933733,2,8,4
adc,943920526,-0.007625000551342964,943929566,0.22037501633167267,943938860,0.007500000298023224,943947907,-0.015250001102685928,,,,,,,,
adc,943957208,-0.051625002175569534,943966253,0.20500001311302185,943975313,-0.001500000013038516,943984349,0.009875000454485416,,,,,,,,
adc,943993384,0.02537500113248825,944002436,0.012500000186264515,944011474,-0.006375000346451998,944020511,0.020125001668930054,,,,,,,,
mpu,,,,,,,,,944033729,-4876,7804,-32768,944033729,0,4,4
adc,944029801,0.13050000369548798,944038837,-0.11312500387430191,944047882,-0.004875000100582838,944056919,0.011250000447034836,,,,,,,,
adc,944066120,0.14425000548362732,944075180,-0.04062500223517418,944084214,0.005250000394880772,944093248,-0.014375000260770321,,,,,,,,
adc,944102543,0.042875003069639206,944111591,0.1469999998807907,944120627,0.008249999955296516,944129663,-0.01900000125169754,,,,,,,,
mpu,,,,,,,,,944133769,-4986,7762,-32768,944133769,0,7,1
adc,944138864,-0.042125001549720764,944147907,0.23775000870227814,944156941,0.0042500002309679985,944165973,-0.0016250000335276127,,,,,,,,
adc,944175179,-0.023375000804662704,944184226,0.11225000768899918,944193259,-0.005625000223517418,944202296,0.017250001430511475,,,,,,,,
mpu,,,,,,,,,944233747,-4888,7730,-32768,944233747,4,7,4
adc,944211349,0.08562500774860382,944220399,-0.07562500238418579,944229433,-0.006625000387430191,944238867,0.019375000149011612,,,,,,,,
adc,944248227,0.15187500417232513,944257270,-0.11437500268220901,944266302,-0.000750000006519258,944275332,-0.0017500000540167093,,,,,,,,
adc,944284527,0.10875000804662704,944293571,0.04062500223517418,944302605,0.007375000510364771,944311640,-0.016625000163912773,,,,,,,,
mpu,,,,,,,,,944333737,-5012,7756,-32768,944333737,1,7,3
adc,944320676,-0.000375000003259629,944329722,0.21387501060962677,944338793,0.007750000339001417,944347833,-0.015500000678002834,,,,,,,,
adc,944357034,-0.051625002175569534,944366080,0.203000009059906,944375131,-0.001500000013038516,944384165,0.010625000111758709,,,,,,,,
adc,944393467,0.027625001966953278,944402512,0.02200000174343586,944411542,-0.006375000346451998,944420577,0.019500000402331352,,,,,,,,
mpu,,,,,,,,,944433738,-4838,7714,-32768,944433738,0,4,3
adc,944429868,0.1263750046491623,944439314,-0.11150000244379044,944448362,-0.005875000264495611,944457397,0.015000000596046448,,,,,,,,
adc,944466616,0.1508750021457672,944475670,-0.0690000057220459,944484706,0.0038750001695007086,944493739,-0.011375000700354576,,,,,,,,
adc,944502801,0.061625003814697266,944511850,0.1300000101327896,944520885,0.00787500012665987,944529915,-0.0188750009983778,,,,,,,,
mpu,,,,,,,,,944534063,-4954,7694,-32768,944534063,1,6,2
adc,944539279,-0.03662500157952309,944548329,0.23675000667572021,944557360,0.005375000182539225,944566393,-0.006750000175088644,,,,,,,,
adc,944575616,-0.03525000065565109,944584656,0.14150001108646393,944593686,-0.004625000059604645,944602712,0.016499999910593033,,,,,,,,
mpu,,,,,,,,,944633750,-4952,7742,-32768,944633750,1,5,2
adc,944611739,0.0703750029206276,944620782,-0.05637500435113907,944629817,-0.006875000428408384,944638827,0.020375000312924385,,,,,,,,
adc,944648007,0.1525000035762787,944657052,-0.11175000667572021,944666091,-0.000375000003259629,944675122,-0.002500000176951289,,,,,,,,
adc,944684266,0.1067500039935112,944693309,0.05012500286102295,944702350,0.007375000510364771,944711389,-0.016625000163912773,,,,,,,,
mpu,,,,,,,,,944733735,-4894,7766,-32768,944733735,-1,0,3
adc,944720439,-0.003375000087544322,944729479,0.21800000965595245,944738841,0.007500000298023224,944747884,-0.0162500012665987,,,,,,,,
adc,944757065,-0.052375003695487976,944766114,0.20750001072883606,944775162,-0.0013750001089647412,944784195,0.00925000011920929,,,,,,,,
adc,944793385,0.022625001147389412,944802434,0.022750001400709152,944811465,-0.006500000134110451,944820495,0.019750000908970833,,,,,,,,
mpu,,,,,,,,,944833731,-4948,7826,-32768,944833731,1,8,-1
adc,944830015,0.12562499940395355,944839383,-0.10725000500679016,944848427,-0.0061250003054738045,944857460,0.01575000025331974,,,,,,,,
adc,944866658,0.15137501060962677,944875723,-0.07612500339746475,944884759,0.0035000001080334187,944893792,-0.010125000029802322,,,,,,,,
adc,944902840,0.06650000065565109,944911887,0.12187500298023224,944920916,0.00787500012665987,944929949,-0.01862500049173832,,,,,,,,
mpu,,,,,,,,,944934010,-4840,7786,-32768,944934010,3,9,5
adc,944939128,-0.0338750034570694,944948177,0.23725001513957977,944957211,0.005375000182539225,944966244,-0.006375000346451998,,,,,,,,
adc,944975438,-0.0338750034570694,944984489,0.13825000822544098,944993518,-0.004750000312924385,945002552,0.016875000670552254,,,,,,,,
mpu,,,,,,,,,945033741,-4880,7824,-32768,945033741,0,6,3
adc,945011854,0.07212500274181366,945020902,-0.0468750037252903,945029935,-0.006750000175088644,945039413,0.020625000819563866,,,,,,,,
adc,945048506,0.14337500929832458,945057550,-0.11875000596046448,945066584,-0.002250000135973096,945075620,0.0023750001564621925,,,,,,,,
adc,945084697,0.12250000238418579,945093742,0.01875000074505806,945102770,0.007375000510364771,945111798,-0.016375001519918442,,,,,,,,
mpu,,,,,,,,,945133739,-4880,7710,-32768,945133739,1,6,2
adc,945121133,0.009875000454485416,945130175,0.19312500953674316,945139450,0.00800000037997961,945148491,-0.01875000074505806,,,,,,,,
adc,945157699,-0.05100000277161598,945166745,0.22812500596046448,945175793,0.001125000067986548,945184827,0.004750000312924385,,,,,,,,
adc,945194129,0.0001250000059371814,945203175,0.0703750029206276,945212206,-0.0061250003054738045,945221235,0.01850000023841858,,,,,,,,
mpu,,,,,,,,,945233742,-4876,7736,-32768,945233742,2,8,2
adc,945230294,0.10625000298023224,945239360,-0.09862500429153442,945248408,-0.0062500000931322575,945257444,0.016375001519918442,,,,,,,,
adc,945266669,0.1536250114440918,945275729,-0.08050000667572021,945284765,0.0031250000465661287,945293792,-0.00925000011920929,,,,,,,,
adc,945302827,0.07075000554323196,945311871,0.11750000715255737,945320903,0.00787500012665987,945329941,-0.01850000023841858,,,,,,,,
mpu,,,,,,,,,945333927,-4960,7648,-32768,945333927,-1,6,2
adc,945339206,-0.03150000050663948,945348255,0.23650000989437103,945357285,0.005875000264495611,945366313,-0.007750000339001417,,,,,,,,
adc,945375509,-0.03750000149011612,945384553,0.14912500977516174,945393583,-0.004500000271946192,945402618,0.016499999910593033,,,,,,,,
mpu,,,,,,,,,945433735,-4938,7756,-32768,945433735,0,0,4
adc,945411833,0.06725000590085983,945420877,-0.04200000315904617,945429917,-0.006750000175088644,945439368,0.020625000819563866,,,,,,,,
adc,945448589,0.14275000989437103,945457636,-0.11875000596046448,945466674,-0.003000000026077032,945475704,0.004500000271946192,,,,,,,,
adc,945484751,0.1275000125169754,945493800,0.009875000454485416,945502838,0.007250000257045031,945511870,-0.01575000025331974,,,,,,,,
mpu,,,,,,,,,945533739,-4870,7826,-32768,945533739,1,6,1
adc,945520895,0.014625000767409801,945529935,0.19712500274181366,945539139,0.007750000339001417,945548183,-0.018125001341104507,,,,,,,,
adc,945557370,-0.051750004291534424,945566422,0.22337500751018524,945575471,0.000375000003259629,945584503,0.0062500000931322575,,,,,,,,
adc,945593694,0.0062500000931322575,945602738,0.051625002175569534,945611771,-0.0061250003054738045,945620805,0.01912500150501728,,,,,,,,
mpu,,,,,,,,,945633738,-4870,7754,-32768,945633738,2,8,2
adc,945630005,0.11400000751018524,945639367,-0.10300000756978989,945648412,-0.006500000134110451,945657450,0.017000000923871994,,,,,,,,
adc,945666654,0.15387500822544098,945675725,-0.08400000631809235,945684770,0.003000000026077032,945693804,-0.008500000461935997,,,,,,,,
adc,945703092,0.07500000298023224,945712139,0.09837500751018524,945721177,0.007750000339001417,945730211,-0.01837499998509884,,,,,,,,
mpu,,,,,,,,,945733912,-4910,7784,-32768,945733912,0,7,2
adc,945739590,-0.024250000715255737,945748637,0.22937500476837158,945757666,0.006625000387430191,945766699,-0.011125000193715096,,,,,,,,
adc,945775915,-0.045750003308057785,945784965,0.17375001311302185,945793997,-0.0032500000670552254,945803030,0.014625000767409801,,,,,,,,
mpu,,,,,,,,,945833745,-4894,7754,-32768,945833745,0,6,2
adc,945812344,0.05062500387430191,945821385,-0.014625000767409801,945830429,-0.006625000387430191,945839923,0.020375000312924385,,,,,,,,
adc,945849253,0.13050000369548798,945858293,-0.11525000631809235,945867329,-0.004750000312924385,945876364,0.011250000447034836,,,,,,,,
adc,945885647,0.1431250125169754,945894687,-0.04350000247359276,945903722,0.005375000182539225,945912751,-0.014500000514090061,,,,,,,,
mpu,,,,,,,,,945933729,-4826,7734,-32768,945933729,2,7,2
adc,945921797,0.04350000247359276,945930843,0.15775001049041748,945940342,0.00800000037997961,945949386,-0.0188750009983778,,,,,,,,
adc,945958590,-0.03825000301003456,945967641,0.2381250113248825,945976687,0.004750000312924385,945985719,-0.0038750001695007086,,,,,,,,
adc,945994777,-0.028750000521540642,946003826,0.11912500858306885,946012865,-0.005500000435858965,946021899,0.017375001683831215,,,,,,,,
mpu,,,,,,,,,946033727,-4904,7706,-32768,946033727,1,6,3
adc,946030972,0.08300000429153442,946040417,-0.07000000029802322,946049456,-0.006625000387430191,946058486,0.020250000059604645,,,,,,,,
adc,946067537,0.15200001001358032,946076586,-0.11050000786781311,946085618,-0.0002500000118743628,946094652,-0.002875000238418579,,,,,,,,
adc,946103945,0.1053750067949295,946112993,0.045375000685453415,946122031,0.007250000257045031,946131065,-0.017250001430511475,,,,,,,,
mpu,,,,,,,,,946134211,-4944,7688,-32768,946134211,-1,1,3
adc,946140379,-0.0016250000335276127,946149426,0.2083750069141388,946158464,0.00787500012665987,946167505,-0.016499999910593033,,,,,,,,
adc,946176766,-0.052375003695487976,946185811,0.2120000123977661,946194848,-0.0010000000474974513,946203883,0.008750000037252903,,,,,,,,
mpu,,,,,,,,,946233742,-4912,7754,-32768,946233742,1,5,1
adc,946212921,0.019750000908970833,946221956,0.020250000059604645,946230992,-0.006500000134110451,946240375,0.019625000655651093,,,,,,,,
adc,946249589,0.11875000596046448,946258635,-0.10850000381469727,946267672,-0.005750000476837158,946276698,0.013750000856816769,,,,,,,,
adc,946285727,0.1496250033378601,946294775,-0.05312500149011612,946303811,0.004625000059604645,946312850,-0.013750000856816769,,,,,,,,
mpu,,,,,,,,,946333736,-4896,7674,-32768,946333736,2,6,2
adc,946321895,0.05050000175833702,946330940,0.14800000190734863,946340383,0.00800000037997961,946349416,-0.0188750009983778,,,,,,,,
adc,946358633,-0.036000002175569534,946367681,0.23775000870227814,946376741,0.005000000353902578,946385777,-0.005500000435858965,,,,,,,,
adc,946394809,-0.032750003039836884,946403856,0.12725000083446503,946412891,-0.005375000182539225,946421923,0.017250001430511475,,,,,,,,
mpu,,,,,,,,,946433733,-4862,7768,-32768,946433733,0,4,2
adc,946430961,0.07875000685453415,946440393,-0.06650000065565109,946449440,-0.006750000175088644,946458471,0.020750001072883606,,,,,,,,
adc,946467643,0.15050001442432404,946476702,-0.11487500369548798,946485736,-0.0010000000474974513,946494769,-0.0017500000540167093,,,,,,,,
adc,946503810,0.11100000888109207,946512856,0.04625000059604645,946521895,0.007375000510364771,946530929,-0.016499999910593033,,,,,,,,
mpu,,,,,,,,,946534262,-4868,7748,-32768,946534262,-1,3,0
adc,946540419,-0.0023750001564621925,946549469,0.2032500058412552,946558498,0.00800000037997961,946567532,-0.016375001519918442,,,,,,,,
adc,946576731,-0.05262500420212746,946585773,0.2147500067949295,946594807,-0.000750000006519258,946603834,0.008500000461935997,,,,,,,,
mpu,,,,,,,,,946633748,-4922,7734,-32768,946633748,1,6,2
adc,946612869,0.017500000074505806,946621917,0.023375000804662704,946630949,-0.006500000134110451,946640415,0.019625000655651093,,,,,,,,
adc,946649641,0.1158750057220459,946658686,-0.10500000417232513,946667723,-0.005875000264495611,946676757,0.014750001020729542,,,,,,,,
adc,946686043,0.1522500067949295,946695087,-0.07312500476837158,946704125,0.0035000001080334187,946713161,-0.011250000447034836,,,,,,,,
mpu,,,,,,,,,946733744,-4944,7674,-32768,946733744,2,-4,-1
adc,946722482,0.06575000286102295,946731616,0.1118750050663948,946740965,0.00800000037997961,946749999,-0.018250001594424248,,,,,,,,
adc,946759190,-0.020625000819563866,946768232,0.2305000126361847,946777280,0.006625000387430191,946786312,-0.010250000283122063,,,,,,,,
adc,946795348,-0.042500000447034836,946804384,0.1602500081062317,946813419,-0.003750000149011612,946822455,0.016625000163912773,,,,,,,,
mpu,,,,,,,,,946833736,-5140,7746,-32768,946833736,1,-17,2
adc,946831616,0.05950000137090683,946840940,-0.03450000286102295,946849978,-0.006875000428408384,946859013,0.020375000312924385,,,,,,,,
adc,946868233,0.14525000751018524,946877290,-0.12000000476837158,946886329,-0.0031250000465661287,946895355,0.004750000312924385,,,,,,,,
adc,946904397,0.1300000101327896,946913439,0.005500000435858965,946922470,0.006875000428408384,946931513,-0.01575000025331974,,,,,,,,
mpu,,,,,,,,,946934356,-4736,7678,-32768,946934356,15,38,21
adc,946940534,0.014125000685453415,946949584,0.19300000369548798,946958611,0.00800000037997961,946967639,-0.017250001430511475,,,,,,,,
adc,946976865,-0.05625000223517418,946985910,0.21775001287460327,946994943,0.0,947003978,0.007125000469386578,,,,,,,,
mpu,,,,,,,,,947033746,-4986,7790,-32768,947033746,26,21,0
adc,947013041,0.004625000059604645,947022088,0.03737500309944153,947031118,-0.006500000134110451,947040377,0.019375000149011612,,,,,,,,
adc,947049688,0.11212500184774399,947058734,-0.0990000069141388,947067768,-0.0061250003054738045,947076798,0.015625,,,,,,,,
adc,947085875,0.15175001323223114,947094924,-0.06837500631809235,947103958,0.0036250001285225153,947112992,-0.011250000447034836,,,,,,,,
mpu,,,,,,,,,947133731,-4632,6890,-32768,947133731,26,77,-1
adc,947122312,0.06337500363588333,947131354,0.1158750057220459,947140449,0.00787500012665987,947149499,-0.018125001341104507,,,,,,,,
adc,947158688,-0.029375001788139343,947167728,0.23250001668930054,947176792,0.005625000223517418,947185825,-0.007375000510364771,,,,,,,,
adc,947195115,-0.03662500157952309,947204160,0.15275000035762787,947213194,-0.0042500002309679985,947222226,0.016375001519918442,,,,,,,,
mpu,,,,,,,,,947233742,-4636,7366,-32768,947233742,17,14,23
adc,947231621,0.06475000083446503,947240940,-0.03112500160932541,947249981,-0.006875000428408384,947259014,0.020000001415610313,,,,,,,,
adc,947268221,0.140625,947277293,-0.12062500417232513,947286329,-0.003375000087544322,947295362,0.005625000223517418,,,,,,,,
adc,947304577,0.1313749998807907,947313628,-0.009750000201165676,947322666,0.006750000175088644,947331703,-0.015250001102685928,,,,,,,,
mpu,,,,,,,,,947334452,-4904,7592,-32768,947334452,-12,-1,-26
adc,947341227,0.02537500113248825,947350277,0.1626250147819519,947359311,0.00800000037997961,947368340,-0.01900000125169754,,,,,,,,
adc,947377546,-0.04675000160932541,947386590,0.23362500965595245,947395626,0.002875000238418579,947404658,0.0021250001154839993,,,,,,,,
mpu,,,,,,,,,947433741,-4874,7554,-32768,947433741,4,2,-3
adc,947413702,-0.014500000514090061,947422749,0.0820000022649765,947431787,-0.0061250003054738045,947440956,0.018250001594424248,,,,,,,,
adc,947450013,0.09437500685453415,947459056,-0.08787500113248825,947468084,-0.006625000387430191,947477122,0.017625000327825546,,,,,,,,
adc,947486148,0.1522500067949295,947495193,-0.08175000548362732,947504226,0.003000000026077032,947513260,-0.009000000543892384,,,,,,,,
mpu,,,,,,,,,947533781,-4728,7540,-32768,947533781,35,66,15
adc,947522449,0.07362500578165054,947531507,0.10725000500679016,947540511,0.007625000551342964,947549556,-0.01837499998509884,,,,,,,,
adc,947558777,-0.026000000536441803,947567823,0.23537501692771912,947576873,0.006000000052154064,947585902,-0.00937500037252903,,,,,,,,
adc,947595083,-0.0403750017285347,947604123,0.15800000727176666,947613164,-0.004000000189989805,947622194,0.01612500101327896,,,,,,,,
mpu,,,,,,,,,947633733,-4426,7794,-32768,947633733,58,103,20
adc,947631248,0.06050000339746475,947640441,-0.042250003665685654,947649480,-0.006750000175088644,947658509,0.020250000059604645,,,,,,,,
adc,947667710,0.14525000751018524,947676764,-0.11737500876188278,947685800,-0.0021250001154839993,947694832,0.0010000000474974513,,,,,,,,
adc,947704028,0.11687500774860382,947713070,0.014500000514090061,947722105,0.007250000257045031,947731137,-0.01587500050663948,,,,,,,,
mpu,,,,,,,,,947734406,-4492,7034,-32768,947734406,36,70,3
adc,947740580,0.012125000357627869,947749629,0.1887500137090683,947758666,0.00787500012665987,947767700,-0.017625000327825546,,,,,,,,
adc,947776930,-0.04337500035762787,947785980,0.23075000941753387,947795012,0.0010000000474974513,947804045,0.005875000264495611,,,,,,,,
mpu,,,,,,,,,947833741,-4762,7768,-32768,947833741,44,151,89
adc,947813085,0.005125000141561031,947822136,0.05262500420212746,947831172,-0.0061250003054738045,947840422,0.01862500049173832,,,,,,,,
adc,947849686,0.09975000470876694,947858726,-0.09612500667572021,947867759,-0.006375000346451998,947876787,0.016375001519918442,,,,,,,,
adc,947885835,0.14375001192092896,947894879,-0.07262500375509262,947903910,0.0035000001080334187,947912942,-0.01075000036507845,,,,,,,,
mpu,,,,,,,,,947933734,-4286,7406,-32768,947933734,22,129,123
adc,947921991,0.06712500005960464,947931046,0.13062500953674316,947940410,0.007750000339001417,947949444,-0.018000001087784767,,,,,,,,
adc,947958507,-0.013125000521540642,947967556,0.24637500941753387,947976604,0.005625000223517418,947985638,-0.007750000339001417,,,,,,,,
adc,947994933,-0.03200000151991844,948003981,0.15725000202655792,948013029,-0.004000000189989805,948022061,0.016625000163912773,,,,,,,,
mpu,,,,,,,,,948033735,-3182,7700,-32768,948033735,-14,-63,163
adc,948031138,0.05325000360608101,948040435,-0.04962500184774399,948049481,-0.006625000387430191,948058510,0.020375000312924385,,,,,,,,
adc,948067725,0.13075000047683716,948076792,-0.1262499988079071,948085828,-0.002500000176951289,948094862,0.002875000238418579,,,,,,,,
adc,948104039,0.1185000091791153,948113087,0.0042500002309679985,948122118,0.007250000257045031,948131148,-0.01587500050663948,,,,,,,,
mpu,,,,,,,,,948133845,-4164,7550,-32768,948133845,-76,-314,159
adc,948140543,0.023375000804662704,948149580,0.18662500381469727,948158615,0.00787500012665987,948167648,-0.01837499998509884,,,,,,,,
adc,948176851,-0.03137500211596489,948185898,0.23112501204013824,948194934,0.001125000067986548,948203972,0.005250000394880772,,,,,,,,
mpu,,,,,,,,,948233742,-5288,7776,-32768,948233742,-81,-29,-42
adc,948213169,0.007750000339001417,948222216,0.06287500262260437,948231248,-0.0061250003054738045,948240496,0.01875000074505806,,,,,,,,
adc,948249739,0.09200000762939453,948258780,-0.09425000101327896,948267817,-0.006500000134110451,948276842,0.017500000074505806,,,,,,,,
adc,948285895,0.1367500126361847,948294942,-0.08300000429153442,948303977,0.0031250000465661287,948313016,-0.00937500037252903,,,,,,,,
mpu,,,,,,,,,948333736,-3760,7766,-32768,948333736,107,106,42
adc,948322036,0.07200000435113907,948331085,0.12425000220537186,948340389,0.007750000339001417,948349429,-0.017875000834465027,,,,,,,,
adc,948358619,-0.013500000350177288,948367667,0.24300001561641693,948376718,0.0061250003054738045,948385749,-0.007000000216066837,,,,,,,,
adc,948394767,-0.03350000083446503,948403808,0.15950000286102295,948412843,-0.0043750000186264515,948421874,0.01075000036507845,,,,,,,,
mpu,,,,,,,,,948433733,-2724,7530,-32768,948433733,119,87,3
adc,948430931,0.048750001937150955,948440373,-0.054875001311302185,948449421,-0.007000000216066837,948458455,0.013500000350177288,,,,,,,,
adc,948467644,0.12200000882148743,948476713,-0.12862500548362732,948485749,-0.002500000176951289,948494783,0.0032500000670552254,,,,,,,,
adc,948503838,0.11987500637769699,948512885,0.016875000670552254,948521914,0.007500000298023224,948530949,-0.009875000454485416,,,,,,,,
mpu,,,,,,,,,948534630,-6168,7100,-32768,948534630,114,282,-52
adc,948540195,0.027625001966953278,948549238,0.20475001633167267,948558273,0.00800000037997961,948567307,-0.012125000357627869,,,,,,,,
adc,948576528,-0.03175000101327896,948585572,0.23762501776218414,948594605,0.0001250000059371814,948603635,0.0035000001080334187,,,,,,,,
mpu,,,,,,,,,948633747,-3484,7224,-32768,948633747,198,195,-12
adc,948612826,0.008625000715255737,948621869,0.05650000274181366,948630903,-0.0062500000931322575,948640364,0.01237500086426735,,,,,,,,
adc,948649599,0.08362500369548798,948658646,-0.10300000756978989,948667680,-0.0062500000931322575,948676710,0.012250000610947609,,,,,,,,
adc,948685988,0.13037501275539398,948695030,-0.10512500256299973,948704062,0.0027500002179294825,948713098,-0.004000000189989805,,,,,,,,
mpu,,,,,,,,,948733734,-3284,7986,-32768,948733734,79,276,-55
adc,948722158,0.08575000613927841,948731196,0.14124999940395355,948740483,0.007500000298023224,948749528,-0.011125000193715096,,,,,,,,
adc,948758738,0.012125000357627869,948767786,0.3303750157356262,948776841,0.006375000346451998,948785870,-0.00787500012665987,,,,,,,,
adc,948794943,-0.01600000075995922,948803985,0.26087501645088196,948813014,-0.0035000001080334187,948822055,0.00950000062584877,,,,,,,,
mpu,,,,,,,,,948833734,-2552,5518,-32768,948833734,24,444,115
adc,948831088,0.045625001192092896,948840425,-0.04050000011920929,948849473,-0.006375000346451998,948858508,0.012750000692903996,,,,,,,,
adc,948867737,0.10925000160932541,948876803,-0.17675000429153442,948885844,-0.0031250000465661287,948894880,0.004500000271946192,,,,,,,,
adc,948904069,0.11500000208616257,948913114,-0.0027500002179294825,948922148,0.006625000387430191,948931183,-0.009000000543892384,,,,,,,,
mpu,,,,,,,,,948934102,-842,6430,-32768,948934102,214,440,240
adc,948940306,0.04775000363588333,948949350,0.3178750276565552,948958388,0.007750000339001417,948967422,-0.011750000528991222,,,,,,,,
adc,948976639,-0.00962500087916851,948985689,0.3967500329017639,948994725,0.0012500000884756446,949003757,0.0021250001154839993,,,,,,,,
mpu,,,,,,,,,949033740,414,6046,-32768,949033740,240,530,204
adc,949012780,0.011625000275671482,949021829,0.09662500768899918,949030863,-0.005875000264495611,949039904,0.011375000700354576,,,,,,,,
adc,949049129,0.08237500488758087,949058176,-0.20362500846385956,949067211,-0.006000000052154064,949076251,0.010625000111758709,,,,,,,,
adc,949085282,0.11700000613927841,949094335,-0.15075001120567322,949103369,0.0038750001695007086,949112406,-0.0061250003054738045,,,,,,,,
mpu,,,,,,,,,949133740,2204,6764,-32768,949133740,183,122,249
adc,949121694,0.06537500023841858,949130739,0.17775000631809235,949139891,0.007500000298023224,949148936,-0.01087500061839819,,,,,,,,
adc,949158163,-0.004500000271946192,949167211,0.3516250252723694,949176265,0.005625000223517418,949185300,-0.005875000264495611,,,,,,,,
adc,949194605,-0.02250000089406967,949203654,0.23525001108646393,949212689,-0.003750000149011612,949221724,0.00962500087916851,,,,,,,,
mpu,,,,,,,,,949233732,-1284,5238,-32768,949233732,33,-109,80
adc,949230851,0.045750003308057785,949240355,-0.06625000387430191,949249398,-0.006500000134110451,949258435,0.012500000186264515,,,,,,,,
adc,949267633,0.10825000703334808,949276687,-0.1980000138282776,949285724,-0.0031250000465661287,949294757,0.004625000059604645,,,,,,,,
adc,949303935,0.12075000256299973,949312977,-0.001125000067986548,949322015,0.006500000134110451,949331045,-0.009000000543892384,,,,,,,,
mpu,,,,,,,,,949334363,-512,6354,-32768,949334363,-6,-50,129
adc,949340060,0.03500000014901161,949349102,0.2893750071525574,949358134,0.007500000298023224,949367159,-0.011750000528991222,,,,,,,,
adc,949376376,-0.027625001966953278,949385420,0.3472500145435333,949394454,0.0006250000442378223,949403491,0.002625000197440386,,,,,,,,
mpu,,,,,,,,,949433744,1888,5836,-32768,949433744,50,-261,383
adc,949412540,0.010250000283122063,949421585,0.07662500441074371,949430624,-0.006000000052154064,949439948,0.012000000104308128,,,,,,,,
adc,949449199,0.09687500447034836,949458246,-0.14687500894069672,949467281,-0.006375000346451998,949476312,0.011750000528991222,,,,,,,,
adc,949485488,0.15687501430511475,949494534,-0.09150000661611557,949503571,0.002625000197440386,949512603,-0.0043750000186264515,,,,,,,,
mpu,,,,,,,,,949533734,-2,9486,-32768,949533734,-228,-230,231
adc,949522019,0.04737500101327896,949531063,0.1912500113248825,949540179,0.006625000387430191,949549223,-0.009875000454485416,,,,,,,,
adc,949558443,-0.03837500140070915,949567492,0.5512500405311584,949576557,0.005375000182539225,949585589,-0.006625000387430191,,,,,,,,
adc,949594651,-0.045250002294778824,949603703,0.37412500381469727,949612740,-0.0027500002179294825,949621769,0.00800000037997961,,,,,,,,
mpu,,,,,,,,,949633732,3658,9910,-32768,949633732,-560,-356,478
adc,949631098,0.06750000268220901,949640421,-0.0035000001080334187,949649465,-0.004750000312924385,949658496,0.010250000283122063,,,,,,,,
adc,949667538,0.12375000864267349,949676607,-0.2355000078678131,949685644,-0.0016250000335276127,949694679,0.002875000238418579,,,,,,,,
adc,949703747,0.11650000512599945,949712794,0.06400000303983688,949721832,0.005000000353902578,949730862,-0.006875000428408384,,,,,,,,
mpu,,,,,,,,,949734159,-7082,11394,-32768,949734159,-668,744,712
adc,949740332,0.04025000333786011,949749381,0.45000001788139343,949758415,0.005875000264495611,949767451,-0.008750000037252903,,,,,,,,
adc,949776632,-0.016750000417232513,949785678,0.5515000224113464,949794715,0.001125000067986548,949803749,0.0017500000540167093,,,,,,,,
mpu,,,,,,,,,949833741,1280,13210,-32768,949833741,-1131,-467,234
adc,949812777,-0.0016250000335276127,949821823,0.14750000834465027,949830862,-0.004000000189989805,949839925,0.008750000037252903,,,,,,,,
adc,949849126,0.10125000774860382,949858176,-0.21950000524520874,949867207,-0.004000000189989805,949876239,0.00800000037997961,,,,,,,,
adc,949885442,0.14250001311302185,949894484,-0.20075000822544098,949903518,0.0023750001564621925,949912554,-0.004000000189989805,,,,,,,,
mpu,,,,,,,,,949933738,-354,9036,-32768,949933738,-1701,-1032,243
adc,949921603,0.06750000268220901,949930641,0.21187500655651093,949939922,0.005375000182539225,949948968,-0.008249999955296516,,,,,,,,
adc,949958155,0.002250000135973096,949967198,0.49137502908706665,949976249,0.004124999977648258,949985282,-0.0042500002309679985,,,,,,,,
adc,949994337,-0.03212499991059303,950003387,0.3036250174045563,950012431,-0.002875000238418579,950021462,0.007500000298023224,,,,,,,,
mpu,,,,,,,,,950033751,2898,10930,-32768,950033751,-1659,-171,545
adc,950030745,0.08350000530481339,950039973,-0.08212500065565109,950049017,-0.004500000271946192,950058049,0.010000000707805157,,,,,,,,
adc,950067258,0.1287500113248825,950076326,-0.2251250147819519,950085364,-0.001125000067986548,950094396,0.0017500000540167093,,,,,,,,
adc,950103564,0.0925000011920929,950112607,0.001875000074505806,950121639,0.004750000312924385,950130670,-0.006875000428408384,,,,,,,,
mpu,,,,,,,,,950133883,-1522,14342,-32768,950133883,-1483,841,770
adc,950140033,-0.012875000946223736,950149076,0.35850000381469727,950158111,0.006000000052154064,950167142,-0.009000000543892384,,,,,,,,
adc,950176358,-0.006625000387430191,950185411,0.5083750486373901,950194446,0.0008750000270083547,950203481,0.005750000476837158,,,,,,,,
mpu,,,,,,,,,950233744,9644,17724,-32768,950233744,-1291,232,500
adc,950212780,0.001500000013038516,950221821,0.06612500548362732,950230855,-0.004500000271946192,950239922,0.014500000514090061,,,,,,,,
adc,950249188,0.11137500405311584,950258228,-0.18937501311302185,950267263,-0.004750000312924385,950276295,0.01837499998509884,,,,,,,,
adc,950285496,0.09087500721216202,950294548,-0.1407500058412552,950303583,0.0023750001564621925,950312616,0.0031250000465661287,,,,,,,,
mpu,,,,,,,,,950333733,7672,15354,-32768,950333733,-983,835,585
adc,950321657,0.08575000613927841,950330705,0.18800000846385956,950339999,0.0061250003054738045,950349046,-0.006875000428408384,,,,,,,,
adc,950358238,0.0481250025331974,950367284,0.2562500238418579,950376337,0.027750002220273018,950385376,0.20287500321865082,,,,,,,,
adc,950394674,-0.022750001400709152,950403722,0.1498750001192093,950412754,0.013125000521540642,950421782,0.22812500596046448,,,,,,,,
mpu,,,,,,,,,950433732,7848,15624,-32768,950433732,-1290,1186,135
adc,950431078,0.08812500536441803,950440443,-0.05662500113248825,950449489,-0.004625000059604645,950458518,0.20800000429153442,,,,,,,,
adc,950467721,0.12800000607967377,950476786,-0.12312500923871994,950485814,-0.0031250000465661287,950494845,0.132750004529953,,,,,,,,
adc,950504045,0.15825000405311584,950513093,-0.03887500241398811,950522131,0.005000000353902578,950531166,0.07737500220537186,,,,,,,,
mpu,,,,,,,,,950534084,6436,14706,-32768,950534084,-412,472,91
adc,950540338,0.06750000268220901,950549388,0.18825000524520874,950558423,0.006500000134110451,950567457,0.09187500178813934,,,,,,,,
adc,950576679,-0.002250000135973096,950585724,0.25337502360343933,950594761,0.0021250001154839993,950603792,0.12150000780820847,,,,,,,,
mpu,,,,,,,,,950633746,5350,15730,-32374,950633746,-111,89,268
adc,950613088,0.06712500005960464,950622128,0.09787500649690628,950631167,-0.004500000271946192,950640471,0.13450001180171967,,,,,,,,
adc,950649721,0.23662501573562622,950658763,-0.048875004053115845,950667799,-0.004750000312924385,950676833,0.09862500429153442,,,,,,,,
adc,950686132,0.8141250610351562,950695175,-0.1276250034570694,950704213,0.0001250000059371814,950713248,0.2486250102519989,,,,,,,,
mpu,,,,,,,,,950733739,6380,14612,-32768,950733739,-30,359,309
adc,950722322,1.3253750801086426,950731369,0.02225000038743019,950740495,0.004750000312924385,950749535,0.3346250057220459,,,,,,,,
adc,950758726,0.8895000219345093,950767763,0.1211250051856041,950776807,0.005000000353902578,950785837,0.39512503147125244,,,,,,,,
adc,950794900,0.19300000369548798,950803946,0.10975000262260437,950812975,-0.0006250000442378223,950822008,0.4987500309944153,,,,,,,,
mpu,,,,,,,,,950833733,5586,14562,-29568,950833733,-496,481,45
adc,950831285,0.3855000138282776,950840436,-0.09087500721216202,950849475,-0.002875000238418579,950858507,0.4970000088214874,,,,,,,,
adc,950867691,1.0789999961853027,950876759,-0.3140000104904175,950885794,-0.0020000000949949026,950894825,0.565500020980835,,,,,,,,
adc,950904027,1.2158750295639038,950913072,-0.02212500013411045,950922101,0.0027500002179294825,950931134,0.5888750553131104,,,,,,,,
mpu,,,,,,,,,950934404,4966,15796,-28310,950934404,-262,414,-86
adc,950940573,0.2237500101327896,950949618,0.4306250214576721,950958654,0.004000000189989805,950967683,0.54625004529953,,,,,,,,
adc,950976888,1.3848750591278076,950985938,0.5139999985694885,950994969,0.002250000135973096,951003997,0.5483750104904175,,,,,,,,
mpu,,,,,,,,,951033744,3662,15578,-29468,951033744,80,527,-282
adc,951013172,1.0637500286102295,951022212,-0.14937500655651093,951031250,-0.0021250001154839993,951040440,0.6632500290870667,,,,,,,,
adc,951049698,1.0665000677108765,951058741,-0.29225000739097595,951067777,-0.002250000135973096,951076810,0.7522500157356262,,,,,,,,
adc,951085852,0.9657500386238098,951094900,-0.3603750169277191,951103930,0.0006250000442378223,951112960,0.7945000529289246,,,,,,,,
mpu,,,,,,,,,951133743,3472,15852,-30476,951133743,237,237,-459
adc,951122259,0.5210000276565552,951131308,-0.21537500619888306,951140478,0.0035000001080334187,951149513,0.8162500262260437,,,,,,,,
adc,951158715,-0.13437500596046448,951167759,0.18537500500679016,951176817,0.0031250000465661287,951185851,0.905500054359436,,,,,,,,
adc,951195058,-0.21450001001358032,951204111,0.2863750159740448,951213139,0.0002500000118743628,951222171,0.9360000491142273,,,,,,,,
mpu,,,,,,,,,951233738,976,15214,-29306,951233738,257,-64,-490
adc,951231229,0.25200000405311584,951240716,0.3283750116825104,951249760,0.0005000000237487257,951258789,0.9896250367164612,,,,,,,,
adc,951267999,-0.054750002920627594,951277091,-0.030250001698732376,951286126,0.0010000000474974513,951295155,1.0076251029968262,,,,,,,,
adc,951304360,-0.09162500500679016,951313407,-0.20075000822544098,951322439,0.03162500262260437,951331469,1.0691250562667847,,,,,,,,
mpu,,,,,,,,,951334336,2318,16080,-32768,951334336,414,-309,-280
adc,951340631,-0.15925000607967377,951349669,0.10562500357627869,951358706,0.05012500286102295,951367738,1.1457500457763672,,,,,,,,
adc,951376968,-0.33225002884864807,951386021,0.036125000566244125,951395055,0.05300000309944153,951404087,1.1556251049041748,,,,,,,,
mpu,,,,,,,,,951433782,2298,16308,-31998,951433782,380,-300,-174
adc,951413410,-0.2980000078678131,951422453,-0.13737501204013824,951431515,0.05675000324845314,951441001,1.2007501125335693,,,,,,,,
adc,951450313,0.39775002002716064,951459363,-0.12912499904632568,951468397,0.07075000554323196,951477430,1.2040001153945923,,,,,,,,
adc,951486562,0.6011250019073486,951495613,-0.1926250159740448,951504644,0.10837500542402267,951513674,1.1805000305175781,,,,,,,,
mpu,,,,,,,,,951533768,1240,16694,-32682,951533768,286,-305,-125
adc,951522974,0.17262500524520874,951532026,-0.1053750067949295,951541241,0.13187500834465027,951550284,1.152250051498413,,,,,,,,
adc,951559452,-0.29987502098083496,951568498,-0.3135000169277191,951577575,0.1537500023841858,951586612,1.1987500190734863,,,,,,,,
adc,951595647,-0.3486250042915344,951604686,-0.2553749978542328,951613720,0.23075000941753387,951622750,1.262125015258789,,,,,,,,
mpu,,,,,,,,,951633735,2652,16322,-32768,951633735,347,-248,-97
adc,951631805,-0.33500000834465027,951640956,-0.08087500184774399,951649998,0.29612502455711365,951659025,1.3046250343322754,,,,,,,,
adc,951668212,-0.1666250079870224,951677279,0.048500001430511475,951686309,0.2939999997615814,951695346,1.3356250524520874,,,,,,,,
adc,951704537,0.033625002950429916,951713582,0.07612500339746475,951722625,0.3178750276565552,951731658,1.3733750581741333,,,,,,,,
mpu,,,,,,,,,951734414,946,16968,-32768,951734414,366,-321,-169
adc,951741103,-0.2912500202655792,951750143,-0.35612502694129944,951759178,0.3440000116825104,951768211,1.333125114440918,,,,,,,,
adc,951777449,-0.14675000309944153,951786497,0.02862500213086605,951795527,0.3798750042915344,951804556,1.3796250820159912,,,,,,,,
mpu,,,,,,,,,951833742,1104,16708,-32768,951833742,46,-222,-172
adc,951813593,0.35575002431869507,951822643,0.6412500143051147,951831676,0.38087502121925354,951840977,1.2753750085830688,,,,,,,,
adc,951850269,0.893125057220459,951859315,0.9978750348091125,951868351,0.36250001192092896,951877380,1.1497501134872437,,,,,,,,
adc,951886450,0.8281250596046448,951895493,0.9065000414848328,951904524,0.24900001287460327,951913559,1.055999994277954,,,,,,,,
mpu,,,,,,,,,951933738,-1052,16966,-32768,951933738,277,-81,-477
adc,951922579,0.5921249985694885,951931632,0.690375030040741,951940681,0.15137501060962677,951949722,0.9193750619888306,,,,,,,,
adc,951958933,0.36512503027915955,951967977,0.3446250259876251,951977036,0.12737500667572021,951986076,0.8416250348091125,,,,,,,,
adc,951995114,0.0767500028014183,952004164,-0.22350001335144043,952013207,0.13700000941753387,952022237,0.7982500195503235,,,,,,,,
mpu,,,,,,,,,952033736,398,15700,-32768,952033736,35,-197,-216
adc,952031288,-0.12287500500679016,952040489,-0.24800001084804535,952049534,0.18387500941753387,952058567,0.7133750319480896,,,,,,,,
adc,952067764,-0.28675001859664917,952076822,0.24750001728534698,952085861,0.18137501180171967,952094888,0.5853750109672546,,,,,,,,
adc,952104191,-0.36125001311302185,952113236,0.9547500610351562,952122269,0.03412500023841858,952131299,0.35075002908706665,,,,,,,,
mpu,,,,,,,,,952133978,-1028,16658,-32334,952133978,-409,-123,-183
adc,952140695,-0.4242500066757202,952149738,0.7890000343322754,952158771,0.0001250000059371814,952167806,0.1925000101327896,,,,,,,,
adc,952177032,-0.4156250059604645,952186077,0.5860000252723694,952195108,0.001125000067986548,952204149,-0.000375000003259629,,,,,,,,
mpu,,,,,,,,,952233741,-1236,21190,-28292,952233741,-324,-329,-53
adc,952213292,-0.34700000286102295,952222337,0.25837501883506775,952231376,-0.0006250000442378223,952240499,0.006000000052154064,,,,,,,,
adc,952249728,0.8348750472068787,952258777,0.049000002443790436,952267807,0.0020000000949949026,952276838,0.22487501800060272,,,,,,,,
adc,952285896,1.012374997138977,952294939,0.028875000774860382,952303975,0.13075000047683716,952313006,0.41325002908706665,,,,,,,,
mpu,,,,,,,,,952333738,6250,8926,-32768,952333738,-1212,-2505,940
adc,952322169,0.4206250309944153,952331218,-0.03662500157952309,952340488,0.328000009059906,952349534,0.4148750305175781,,,,,,,,
adc,952358730,1.513875126838684,952367777,-0.07950000464916229,952376830,0.4038750231266022,952385864,0.5046250224113464,,,,,,,,
adc,952394896,1.3826251029968262,952403942,-0.19200000166893005,952412975,0.5608749985694885,952422010,0.6817500591278076,,,,,,,,
mpu,,,,,,,,,952433744,11638,14702,-32768,952433744,-351,137,151
adc,952431202,1.383500099182129,952440508,-0.3412500023841858,952449552,0.8010000586509705,952458587,0.8626250624656677,,,,,,,,
adc,952467785,0.54625004529953,952476856,-0.3552500307559967,952485893,1.090499997138977,952494924,1.0561250448226929,,,,,,,,
adc,952503963,-0.2797500193119049,952513013,-0.37687501311302185,952522043,1.2507500648498535,952531074,1.1721251010894775,,,,,,,,
mpu,,,,,,,,,952534744,916,16904,-31224,952534744,107,233,276
adc,952540349,-0.22187501192092896,952549389,-0.2824999988079071,952558420,1.3510000705718994,952567454,1.3002500534057617,,,,,,,,
adc,952576673,-0.3630000054836273,952585721,-0.22075000405311584,952594755,1.3515000343322754,952603790,1.3938751220703125,,,,,,,,
mpu,,,,,,,,,952633740,3656,17600,-30872,952633740,-345,-15,304
adc,952612835,-0.4143750071525574,952621877,-0.22412501275539398,952630909,1.3911250829696655,952640380,1.4651250839233398,,,,,,,,
adc,952649608,-0.3737500309944153,952658661,-0.33237501978874207,952667700,1.468500018119812,952676731,1.5625001192092896,,,,,,,,
adc,952686021,0.2942500114440918,952695066,-0.40050002932548523,952704099,1.5416250228881836,952713132,1.5193750858306885,,,,,,,,
mpu,,,,,,,,,952733764,636,17252,-27828,952733764,-600,190,326
adc,952722420,0.07925000041723251,952731463,-0.4155000150203705,952740921,1.5797500610351562,952749961,1.427375078201294,,,,,,,,
adc,952759160,-0.07337500154972076,952768200,-0.34150001406669617,952777253,1.6201250553131104,952786287,1.3757500648498535,,,,,,,,
adc,952795314,-0.19725000858306885,952804353,0.4306250214576721,952813390,1.5975000858306885,952822420,1.3602501153945923,,,,,,,,
mpu,,,,,,,,,952833784,3008,15550,-27740,952833784,-379,-4,-23
adc,952831503,-0.0742500051856041,952840521,0.9356250166893005,952849571,1.5867500305175781,952858595,1.2773751020431519,,,,,,,,
adc,952867803,0.1341250091791153,952876860,0.7991250157356262,952885893,1.515375018119812,952894921,1.240875005722046,,,,,,,,
adc,952903981,0.19762501120567322,952913030,0.17012500762939453,952922062,1.5235000848770142,952931093,1.1963750123977661,,,,,,,,
mpu,,,,,,,,,952934405,1602,15754,-27438,952934405,-343,-25,-52
adc,952940123,-0.06599999964237213,952949167,-0.05262500420212746,952958202,1.4912500381469727,952967237,1.1397500038146973,,,,,,,,
adc,952976451,-0.3071250021457672,952985497,0.2382500171661377,952994529,1.4277501106262207,953003565,1.121749997138977,,,,,,,,
mpu,,,,,,,,,953033743,2068,15092,-26810,953033743,-504,9,-119
adc,953012624,-0.3162500262260437,953021670,0.3607500195503235,953030703,1.346000075340271,953039976,1.1633750200271606,,,,,,,,
adc,953049209,0.09287500381469727,953058253,0.6131250262260437,953067286,1.3602501153945923,953076321,1.1668750047683716,,,,,,,,
adc,953085450,0.3203750252723694,953094496,0.4267500340938568,953103530,1.3631250858306885,953112561,1.1691250801086426,,,,,,,,
mpu,,,,,,,,,953133748,2586,14744,-26196,953133748,-453,-184,-151
adc,953121863,0.2677500247955322,953130913,0.5115000009536743,953140375,1.3982501029968262,953149420,1.1273750066757202,,,,,,,,
adc,953158503,-0.045875001698732376,953167543,0.7227500081062317,953176590,1.3935000896453857,953185627,1.1702500581741333,,,,,,,,
adc,953194662,-0.21675001084804535,953203710,0.5912500023841858,953212748,1.3661251068115234,953221783,1.2287501096725464,,,,,,,,
mpu,,,,,,,,,953233737,1906,15076,-25856,953233737,-156,-13,-44
adc,953231065,0.3593750298023224,953240545,-0.013250000774860382,953249585,1.3047500848770142,953258619,1.2672500610351562,,,,,,,,
adc,953267817,0.6230000257492065,953276877,-0.2122500091791153,953285909,1.3016250133514404,953294941,1.271125078201294,,,,,,,,
adc,953304235,0.6221250295639038,953313276,-0.20287500321865082,953322310,1.300125002861023,953331343,1.331125020980835,,,,,,,,
mpu,,,,,,,,,953334422,2772,15200,-26728,953334422,-30,83,109
adc,953340618,0.22750000655651093,953349661,0.0742500051856041,953358694,1.3186250925064087,953367727,1.3305000066757202,,,,,,,,
adc,953376917,-0.06650000065565109,953385967,0.20025001466274261,953395001,1.327125072479248,953404030,1.3668750524520874,,,,,,,,
mpu,,,,,,,,,953433743,2348,15124,-26438,953433743,-120,112,140
adc,953413180,-0.10987500846385956,953422228,0.04487500339746475,953431263,1.386375069618225,953440246,1.3946250677108765,,,,,,,,
adc,953449465,0.13187500834465027,953458511,-0.18525001406669617,953467546,1.4021251201629639,953476579,1.448875069618225,,,,,,,,
adc,953485767,0.39512503147125244,953494812,-0.3565000295639038,953503842,1.408250093460083,953512878,1.4438750743865967,,,,,,,,
mpu,,,,,,,,,953533735,2560,14918,-25874,953533735,-292,142,155
adc,953522000,0.2750000059604645,953531046,-0.21800000965595245,953540524,1.4718750715255737,953549556,1.5155000686645508,,,,,,,,
adc,953558761,-0.04750000312924385,953567805,-0.08712500333786011,953576864,1.5008751153945923,953585897,1.5700000524520874,,,,,,,,
adc,953595009,-0.2876250147819519,953604055,0.046000003814697266,953613087,1.5500000715255737,953622116,1.6220000982284546,,,,,,,,
mpu,,,,,,,,,953633732,2186,14964,-24512,953633732,-362,196,255
adc,953631319,-0.10812500864267349,953640612,-0.14387500286102295,953649654,1.5606250762939453,953658685,1.6390000581741333,,,,,,,,
adc,953667884,0.18687501549720764,953676970,-0.3061250150203705,953686007,1.5740001201629639,953695040,1.6702500581741333,,,,,,,,
adc,953704199,0.351250022649765,953713238,-0.4025000333786011,953722268,1.6052501201629639,953731303,1.736375093460083,,,,,,,,
mpu,,,,,,,,,953734215,3128,13458,-24272,953734215,-344,96,358
adc,953740577,0.08137500286102295,953749632,-0.3265000283718109,953758663,1.6072500944137573,953767694,1.7826250791549683,,,,,,,,
adc,953776899,-0.23387500643730164,953785949,-0.12025000900030136,953794981,1.630500078201294,953804012,1.8628751039505005,,,,,,,,
mpu,,,,,,,,,953833740,3972,13204,-23836,953833740,-276,17,313
adc,953813302,-0.3528750240802765,953822348,0.08175000548362732,953831377,1.6286250352859497,953840364,1.8821251392364502,,,,,,,,
adc,953849587,-0.001500000013038516,953858636,-0.09862500429153442,953867671,1.5980000495910645,953876705,1.8838751316070557,,,,,,,,
adc,953885850,0.3370000123977661,953894898,-0.31987500190734863,953903934,1.56125009059906,953912968,1.930625081062317,,,,,,,,
mpu,,,,,,,,,953933735,3898,12510,-23122,953933735,-190,18,225
adc,953922116,0.19212500751018524,953931170,-0.23400001227855682,953940158,1.5972501039505005,953949206,1.9846251010894775,,,,,,,,
adc,953958417,-0.15000000596046448,953967456,-0.025875002145767212,953976514,1.5876250267028809,953985549,1.9988751411437988,,,,,,,,
adc,953994816,-0.3725000321865082,954003854,0.31700000166893005,954012898,1.5842500925064087,954021929,2.042250156402588,,,,,,,,
mpu,,,,,,,,,954033754,4340,12824,-23160,954033754,-111,-21,148
adc,954031304,-0.2957500219345093,954040476,0.3700000047683716,954049520,1.5401251316070557,954058557,2.065999984741211,,,,,,,,
adc,954067745,-0.015625,954076815,0.36487501859664917,954085849,1.4078750610351562,954094887,2.085625171661377,,,,,,,,
adc,954104275,0.2861250042915344,954113322,0.21637500822544098,954122357,1.3371250629425049,954131395,2.1483750343322754,,,,,,,,
mpu,,,,,,,,,954134301,5892,12102,-24630,954134301,-20,-22,84
adc,954140503,0.2902500033378601,954149552,0.11250000447034836,954158587,1.3456250429153442,954167618,2.1866250038146973,,,,,,,,
adc,954176871,-0.09025000780820847,954185919,0.2082500159740448,954194954,1.3242501020431519,954203983,2.197625160217285,,,,,,,,
mpu,,,,,,,,,954233749,3470,13226,-22674,954233749,-9,70,164
adc,954213114,-0.3616250157356262,954222156,0.2528750002384186,954231190,1.3035000562667847,954240681,2.188000202178955,,,,,,,,
adc,954249914,-0.16462500393390656,954258969,-0.007750000339001417,954268004,1.2790000438690186,954277037,2.1641252040863037,,,,,,,,
adc,954286193,0.37425002455711365,954295240,-0.22950001060962677,954304272,1.268625020980835,954313302,2.178875207901001,,,,,,,,
mpu,,,,,,,,,954333733,6300,12086,-24542,954333733,-66,12,68
adc,954322409,0.4582500159740448,954331458,0.039125002920627594,954340906,1.2903751134872437,954349948,2.177375078201294,,,,,,,,
adc,954359144,0.19987501204013824,954368194,0.5388750433921814,954377246,1.2972500324249268,954386281,2.178375005722046,,,,,,,,
adc,954395499,0.02575000189244747,954404542,0.6036249995231628,954413576,1.2607500553131104,954422608,2.180375099182129,,,,,,,,
mpu,,,,,,,,,954433734,5838,12166,-24178,954433734,-53,95,-34
adc,954431927,0.1808750033378601,954441429,0.2606250047683716,954450468,1.3352500200271606,954459499,2.1797502040863037,,,,,,,,
adc,954468720,0.44812503457069397,954477786,-0.09837500751018524,954486827,1.3751250505447388,954495864,2.179375171661377,,,,,,,,
adc,954505143,0.8802500367164612,954514193,-0.25962501764297485,954523227,1.4012501239776611,954532267,2.170250177383423,,,,,,,,
mpu,,,,,,,,,954533789,3948,13456,-22954,954533789,-91,119,-105
adc,954541592,0.5956250429153442,954550644,0.1508750021457672,954559682,1.4023751020431519,954568714,2.134500026702881,,,,,,,,
adc,954578002,0.1053750067949295,954587041,0.3605000078678131,954596076,1.4023751020431519,954605108,2.13100004196167,,,,,,,,
mpu,,,,,,,,,954633743,4426,11674,-23284,954633743,-90,74,-90
adc,954614386,-0.2146250158548355,954623432,0.34312501549720764,954632461,1.424625039100647,954641455,2.150125026702881,,,,,,,,
adc,954650726,-0.029125001281499863,954659772,0.08625000715255737,954668803,1.4735000133514404,954677839,2.1565001010894775,,,,,,,,
adc,954687120,0.6346250176429749,954696168,-0.24962501227855682,954705199,1.5090000629425049,954714228,2.1281251907348633,,,,,,,,
mpu,,,,,,,,,954733736,4162,12636,-23034,954733736,-32,88,24
adc,954723356,0.7981250286102295,954732409,-0.28600001335144043,954741521,1.5387500524520874,954750565,2.1281251907348633,,,,,,,,
adc,954759826,0.3096250295639038,954768873,0.06975000351667404,954777913,1.5572500228881836,954786950,2.111250162124634,,,,,,,,
adc,954796148,-0.1651250123977661,954805190,0.34450000524520874,954814224,1.5752500295639038,954823260,2.0996251106262207,,,,,,,,
mpu,,,,,,,,,954833741,4214,12658,-22882,954833741,-51,56,51
adc,954832647,-0.21450001001358032,954841993,0.23912501335144043,954851035,1.5288751125335693,954860071,2.0933752059936523,,,,,,,,
adc,954869281,0.117125004529953,954878344,-0.06062500178813934,954887382,1.543125033378601,954896414,2.0860002040863037,,,,,,,,
adc,954905700,0.5218750238418579,954914753,-0.3050000071525574,954923788,1.5867500305175781,954932829,2.04325008392334,,,,,,,,
mpu,,,,,,,,,954933905,4308,12392,-23036,954933905,-73,-22,17
adc,954942083,0.4845000207424164,954951126,-0.23712500929832458,954960161,1.6258751153945923,954969203,2.013625144958496,,,,,,,,
adc,954978503,0.04112500324845314,954987547,0.0690000057220459,954996581,1.609125018119812,955005609,2.02275013923645,,,,,,,,
mpu,,,,,,,,,955033747,3832,12124,-22364,955033747,-77,-36,50
adc,955014922,-0.2801250219345093,955023965,0.3283750116825104,955032996,1.6096251010894775,955042191,2.0278751850128174,,,,,,,,
adc,955051430,-0.08237500488758087,955060477,0.14475001394748688,955069510,1.6278750896453857,955078541,2.0178751945495605,,,,,,,,
adc,955087694,0.484000027179718,955096745,-0.18512500822544098,955105781,1.6341251134872437,955114813,1.9782501459121704,,,,,,,,
mpu,,,,,,,,,955133745,4594,11898,-22856,955133745,-30,-24,25
adc,955124100,0.7200000286102295,955133177,-0.19375000894069672,955142255,1.6652500629425049,955151300,1.9482500553131104,,,,,,,,
adc,955160492,0.3293750286102295,955169534,0.2747500240802765,955178601,1.6740000247955322,955187635,1.9597500562667847,,,,,,,,
adc,955196936,-0.05737500265240669,955205987,0.6392500400543213,955215022,1.6441251039505005,955224054,1.9507501125335693,,,,,,,,
mpu,,,,,,,,,955233737,4432,12074,-22818,955233737,36,114,-44
adc,955233171,-0.06975000351667404,955242466,0.6131250262260437,955251513,1.6818751096725464,955260548,1.9333751201629639,,,,,,,,
adc,955269812,0.32325002551078796,955278879,0.45125001668930054,955287913,1.65500009059906,955296949,1.8786250352859497,,,,,,,,
adc,955306248,0.7080000042915344,955315292,0.23900000751018524,955324318,1.6303750276565552,955333367,1.8386250734329224,,,,,,,,
mpu,,,,,,,,,955334446,3630,12366,-22670,955334446,57,119,-114
adc,955342689,0.7295000553131104,955351742,0.31675001978874207,955360784,1.639625072479248,955369816,1.8063750267028809,,,,,,,,
adc,955379043,0.31287500262260437,955388085,0.5800000429153442,955397119,1.6600000858306885,955406148,1.787000060081482,,,,,,,,
mpu,,,,,,,,,955433740,3276,12968,-22592,955433740,71,113,-32
adc,955415448,-0.18175001442432404,955424492,0.7566250562667847,955433536,1.6698750257492065,955442552,1.821000099182129,,,,,,,,
adc,955451796,-0.09287500381469727,955460838,0.49000000953674316,955469871,1.614875078201294,955478902,1.798875093460083,,,,,,,,
adc,955488226,0.280875027179718,955497272,0.08625000715255737,955506306,1.6248750686645508,955515338,1.823625087738037,,,,,,,,
mpu,,,,,,,,,955533737,4260,12224,-23398,955533737,24,55,-93
adc,955524650,0.5078750252723694,955533697,-0.1315000057220459,955542742,1.6058751344680786,955551783,1.8045001029968262,,,,,,,,
adc,955560980,0.33912500739097595,955570030,0.0897500067949295,955579084,1.598750114440918,955588117,1.7756251096725464,,,,,,,,
adc,955597268,-0.01575000025331974,955606314,0.39387503266334534,955615348,1.6095000505447388,955624374,1.7436250448226929,,,,,,,,
mpu,,,,,,,,,955633748,3114,12608,-22384,955633748,-60,49,-91
adc,955633702,-0.14675000309944153,955642989,0.3921250104904175,955652029,1.5871250629425049,955661058,1.7530001401901245,,,,,,,,
adc,955670362,0.09325000643730164,955679417,0.10012500733137131,955688454,1.5857501029968262,955697484,1.7828750610351562,,,,,,,,
mpu,,,,,,,,,955733749,3216,12340,-22374,955733749,-87,-14,-76
adc,955706771,0.43300002813339233,955715820,-0.19050000607967377,955724853,1.6046251058578491,955734012,1.773875117301941,,,,,,,,
adc,955743322,0.5207500457763672,955752366,-0.18162500858306885,955761396,1.5963751077651978,955770426,1.7725000381469727,,,,,,,,
adc,955779620,0.1808750033378601,955788657,0.11812500655651093,955797690,1.6193751096725464,955806726,1.7792500257492065,,,,,,,,
mpu,,,,,,,,,955833740,3020,12212,-22358,955833740,-64,-5,-47
adc,955815850,-0.20737500488758087,955824888,0.3568750023841858,955834248,1.6101250648498535,955843536,1.787000060081482,,,,,,,,
adc,955852763,-0.2302500158548355,955861817,0.2697499990463257,955870856,1.6402500867843628,955879899,1.799375057220459,,,,,,,,
adc,955889213,0.10400000214576721,955898255,-0.04700000211596489,955907290,1.662000060081482,955916323,1.8325001001358032,,,,,,,,
mpu,,,,,,,,,955933742,3016,12348,-22380,955933742,-23,7,5
adc,955925631,0.41450002789497375,955935663,-0.2875000238418579,955944732,1.6395000219345093,955953761,1.880250096321106,,,,,,,,
adc,955962952,0.4337500333786011,955971990,-0.16850000619888306,955981062,1.6672500371932983,955990098,1.8910000324249268,,,,,,,,
adc,955999139,0.11375000327825546,956008177,0.25037500262260437,956017224,1.6777501106262207,956026251,1.9148751497268677,,,,,,,,
mpu,,,,,,,,,956033738,3162,12292,-22212,956033738,-1,0,-6
adc,956036250,-0.2522500157356262,956045295,0.4480000138282776,956054332,1.6898751258850098,956063369,1.9380000829696655,,,,,,,,
adc,956072555,-0.23400001227855682,956081632,0.36375001072883606,956090670,1.7098751068115234,956099700,1.9316251277923584,,,,,,,,
mpu,,,,,,,,,956133746,3558,12378,-22600,956133746,7,9,-12
adc,956108988,0.17212501168251038,956118033,0.017000000923871994,956127070,1.717000126838684,956136332,1.9668750762939453,,,,,,,,
adc,956145583,0.47975003719329834,956154623,-0.19950000941753387,956163656,1.7222501039505005,956172688,1.9505001306533813,,,,,,,,
adc,956181858,0.4397500157356262,956190902,-0.04750000312924385,956199937,1.7216250896453857,956208965,1.920375108718872,,,,,,,,
mpu,,,,,,,,,956233741,3328,12260,-22546,956233741,-34,11,-43
adc,956218321,0.05575000122189522,956227364,0.2588750123977661,956236524,1.6970000267028809,956245559,1.8873751163482666,,,,,,,,
adc,956254871,-0.19037501513957977,956263917,0.4480000138282776,956272948,1.66100013256073,956281991,1.8746250867843628,,,,,,,,
adc,956291195,-0.0021250001154839993,956300242,0.2461250126361847,956309276,1.652000069618225,956318307,1.8475000858306885,,,,,,,,
mpu,,,,,,,,,956333734,3304,12218,-22110,956333734,-75,53,-63
adc,956327435,0.3773750066757202,956336777,-0.0468750037252903,956345823,1.6572500467300415,956354855,1.8251250982284546,,,,,,,,
adc,956364087,0.5493749976158142,956373132,-0.07750000059604645,956382180,1.6656250953674316,956391212,1.7905000448226929,,,,,,,,
adc,956400241,0.28587502241134644,956409286,0.23112501204013824,956418318,1.6462501287460327,956427350,1.8108750581741333,,,,,,,,
mpu,,,,,,,,,956433732,2708,11932,-22232,956433732,-49,74,-100
adc,956436732,-0.13725000619888306,956445772,0.4958750307559967,956454808,1.667625069618225,956463846,1.808000087738037,,,,,,,,
adc,956473029,-0.24362501502037048,956482085,0.4415000081062317,956491121,1.6836251020431519,956500151,1.8186250925064087,,,,,,,,
mpu,,,,,,,,,956533743,2528,12398,-22164,956533743,6,65,-24
adc,956509178,0.11487500369548798,956518224,0.045500002801418304,956527255,1.6985000371932983,956536751,1.8591251373291016,,,,,,,,
adc,956545971,0.4687500298023224,956555019,-0.22975000739097595,956564057,1.6995000839233398,956573088,1.8423750400543213,,,,,,,,
adc,956582291,0.4911250174045563,956591339,-0.15912500023841858,956600376,1.6757501363754272,956609408,1.851750135421753,,,,,,,,
mpu,,,,,,,,,956633742,2890,12280,-22498,956633742,-13,15,1
adc,956618422,0.12150000780820847,956627470,0.19437500834465027,956636759,1.6562501192092896,956645803,1.839500069618225,,,,,,,,
adc,956655012,-0.19362500309944153,956664064,0.37287500500679016,956673104,1.6763750314712524,956682151,1.7785000801086426,,,,,,,,
adc,956691208,-0.061625003814697266,956700247,0.17275001108646393,956709284,1.6566250324249268,956718314,1.7935000658035278,,,,,,,,
mpu,,,,,,,,,956733739,2044,12724,-21826,956733739,-87,7,-32
adc,956727466,0.366750031709671,956736869,-0.1667500138282776,956745915,1.6576250791549683,956754946,1.7636250257492065,,,,,,,,
adc,956764162,0.5313750505447388,956773215,-0.2756250202655792,956782263,1.6948751211166382,956791294,1.7905000448226929,,,,,,,,
adc,956800493,0.3057500123977661,956809539,0.0247500017285347,956818573,1.6973750591278076,956827600,1.7898750305175781,,,,,,,,
mpu,,,,,,,,,956833738,2106,11952,-21660,956833738,-111,39,-59
adc,956836708,-0.10187500715255737,956845751,0.3760000169277191,956854787,1.645625114440918,956863822,1.8167500495910645,,,,,,,,
adc,956873030,-0.2508750259876251,956882096,0.35975000262260437,956891127,1.6921250820159912,956900157,1.7985000610351562,,,,,,,,
mpu,,,,,,,,,956933749,2412,11886,-21690,956933749,-63,31,-14
adc,956909207,0.08475000411272049,956918241,0.020375000312924385,956927279,1.7000000476837158,956936717,1.8305001258850098,,,,,,,,
adc,956945922,0.4532500207424164,956954966,-0.23525001108646393,956964003,1.6882500648498535,956973037,1.8242501020431519,,,,,,,,
adc,956982232,0.49275001883506775,956991275,-0.15425001084804535,957000310,1.6977500915527344,957009341,1.8103750944137573,,,,,,,,
mpu,,,,,,,,,957033736,2428,11676,-21816,957033736,-36,18,3
adc,957018671,0.10525000840425491,957027716,0.19962501525878906,957037051,1.7273750305175781,957046089,1.8075001239776611,,,,,,,,
adc,957055311,-0.21162500977516174,957064357,0.4383750259876251,957073427,1.7070001363754272,957082462,1.8200000524520874,,,,,,,,
adc,957091538,-0.14775000512599945,957100579,0.27912500500679016,957109615,1.6826250553131104,957118649,1.7845001220703125,,,,,,,,
mpu,,,,,,,,,957133736,2308,11774,-21496,957133736,-38,16,-25
adc,957127763,0.2783749997615814,957137270,-0.09412500262260437,957146313,1.727250099182129,957155345,1.786750078201294,,,,,,,,
adc,957164529,0.5418750047683716,957173582,-0.24412500858306885,957182615,1.7035000324249268,957191648,1.7957501411437988,,,,,,,,
adc,957200774,0.37687501311302185,957209826,0.032999999821186066,957218863,1.718250036239624,957227892,1.7792500257492065,,,,,,,,
mpu,,,,,,,,,957233756,2358,11832,-21704,957233756,-21,15,-32
adc,957237379,-0.04762500151991844,957246428,0.36662501096725464,957255463,1.7503750324249268,957264500,1.8143750429153442,,,,,,,,
adc,957273732,-0.25200000405311584,957282774,0.4633750319480896,957291811,1.730375051498413,957300839,1.8088750839233398,,,,,,,,
mpu,,,,,,,,,957333749,2274,11786,-21680,957333749,-6,19,-17
adc,957309964,0.024000000208616257,957319011,0.13762500882148743,957328044,1.7530001401901245,957337309,1.8010001182556152,,,,,,,,
adc,957346367,0.4165000319480896,957355417,-0.1886250078678131,957364455,1.7281250953674316,957373484,1.8071250915527344,,,,,,,,
adc,957382503,0.546125054359436,957391548,-0.14525000751018524,957400584,1.7262500524520874,957409619,1.7866250276565552,,,,,,,,
mpu,,,,,,,,,957433739,2294,11830,-21700,957433739,-9,20,-15
adc,957418661,0.1785000115633011,957427699,0.23775000870227814,957436797,1.7812501192092896,957445836,1.7452501058578491,,,,,,,,
adc,957455036,-0.18525001406669617,957464081,0.4611250162124634,957473114,1.7976250648498535,957482156,1.7478750944137573,,,,,,,,
adc,957491227,-0.11300000548362732,957500275,0.24712501466274261,957509311,1.7858750820159912,957518339,1.7511250972747803,,,,,,,,
mpu,,,,,,,,,957533768,2248,11782,-21678,957533768,-19,9,-20
adc,957527651,0.29750001430511475,957536803,-0.12087500840425491,957545857,1.798375129699707,957554889,1.7877501249313354,,,,,,,,
adc,957564125,0.5445000529289246,957573174,-0.2996250092983246,957582228,1.8015000820159912,957591261,1.7696250677108765,,,,,,,,
adc,957600310,0.3490000069141388,957609352,-0.017625000327825546,957618388,1.8158750534057617,957627421,1.7663750648498535,,,,,,,,
mpu,,,,,,,,,957633739,1988,11912,-21470,957633739,-32,12,-21
adc,957636826,-0.07150000333786011,957645875,0.3238750100135803,957654903,1.8398751020431519,957663937,1.751500129699707,,,,,,,,
adc,957673157,-0.22812500596046448,957682219,0.37537503242492676,957691253,1.8208750486373901,957700287,1.7461251020431519,,,,,,,,
mpu,,,,,,,,,957733752,2076,11820,-21334,957733752,-31,-3,2
adc,957709612,0.085875004529953,957718656,0.07387500256299973,957727688,1.851750135421753,957736838,1.764625072479248,,,,,,,,
adc,957746045,0.45375001430511475,957755094,-0.24000000953674316,957764129,1.8486250638961792,957773158,1.7532501220703125,,,,,,,,
adc,957782195,0.5198750495910645,957791247,-0.18175001442432404,957800280,1.8655000925064087,957809309,1.7412500381469727,,,,,,,,
mpu,,,,,,,,,957833736,2040,12004,-21272,957833736,-37,-5,-11
adc,957818343,0.13637501001358032,957827388,0.203000009059906,957836549,1.849500060081482,957845590,1.7458751201629639,,,,,,,,
adc,957854790,-0.21037501096725464,957863838,0.43800002336502075,957872876,1.8756251335144043,957881924,1.7348750829696655,,,,,,,,
adc,957891053,-0.10212500393390656,957900097,0.24687501788139343,957909127,1.8365000486373901,957918157,1.7278751134872437,,,,,,,,
mpu,,,,,,,,,957933731,2382,11624,-21620,957933731,-46,10,-18
adc,957927206,0.3215000033378601,957936719,-0.13575001060962677,957945772,1.8201251029968262,957954802,1.7265000343322754,,,,,,,,
adc,957964030,0.5422500371932983,957973072,-0.26887500286102295,957982126,1.841750144958496,957991158,1.7200000286102295,,,,,,,,
adc,958000347,0.3375000059604645,958009394,0.020750001072883606,958018427,1.8552501201629639,958027460,1.780250072479248,,,,,,,,
mpu,,,,,,,,,958033739,2012,11542,-21292,958033739,-42,21,-21
adc,958036744,-0.07075000554323196,958045798,0.3891250193119049,958054830,1.8597500324249268,958063861,1.779750108718872,,,,,,,,
adc,958073051,-0.2252500057220459,958082122,0.4323750138282776,958091159,1.8885000944137573,958100191,1.7848750352859497,,,,,,,,
mpu,,,,,,,,,958133751,2056,11532,-21272,958133751,-24,14,-3
adc,958109494,0.08300000429153442,958118546,0.10100000351667404,958127585,1.8970000743865967,958136861,1.7927501201629639,,,,,,,,
adc,958145901,0.429375022649765,958154948,-0.2173750102519989,958163986,1.898875117301941,958173021,1.782750129699707,,,,,,,,
adc,958182346,0.5007500052452087,958191391,-0.15850000083446503,958200423,1.9153751134872437,958209451,1.7878750562667847,,,,,,,,
mpu,,,,,,,,,958233735,2090,11610,-21292,958233735,-15,16,-3
adc,958218748,0.14925000071525574,958227793,0.21512500941753387,958237259,1.939750075340271,958246296,1.8015000820159912,,,,,,,,
adc,958255491,-0.1782500147819519,958264540,0.46000000834465027,958273588,1.9191250801086426,958282628,1.8258750438690186,,,,,,,,
adc,958291828,-0.21050001680850983,958300874,0.3695000112056732,958309910,1.9146250486373901,958318943,1.8250000476837158,,,,,,,,
mpu,,,,,,,,,958333733,1028,11100,-20312,958333733,-9,23,-11
adc,958327994,0.18650001287460327,958337297,-0.006750000175088644,958346333,1.9308750629425049,958355369,1.8151251077651978,,,,,,,,
adc,958364423,0.5042500495910645,958373484,-0.21650001406669617,958382519,1.9345000982284546,958391549,1.8213751316070557,,,,,,,,
adc,958400597,0.36537501215934753,958409640,0.01575000025331974,958418669,1.9542500972747803,958427706,1.820500135421753,,,,,,,,
mpu,,,,,,,,,958433737,1806,11634,-21292,958433737,-8,28,-20
adc,958436742,-0.058000002056360245,958445788,0.40687501430511475,958454824,1.9363751411437988,958463856,1.8000000715255737,,,,,,,,
adc,958473038,-0.2773750126361847,958482113,0.46300002932548523,958491149,1.9265000820159912,958500182,1.7981250286102295,,,,,,,,
mpu,,,,,,,,,958533740,1660,11690,-21224,958533740,-21,35,-23
adc,958509376,0.03137500211596489,958518421,0.13187500834465027,958527456,1.9218751192092896,958536778,1.8123750686645508,,,,,,,,
adc,958545988,0.4232500195503235,958555035,-0.19062501192092896,958564066,1.9412500858306885,958573096,1.7973750829696655,,,,,,,,
adc,958582383,0.5190000534057617,958591436,-0.1615000069141388,958600475,1.9051251411437988,958609508,1.7822500467300415,,,,,,,,
mpu,,,,,,,,,958633735,1808,11462,-21238,958633735,-23,16,-4
adc,958618553,0.17800000309944153,958627607,0.23112501204013824,958636787,1.8950001001358032,958645827,1.770875096321106,,,,,,,,
adc,958655021,-0.18687501549720764,958664064,0.48762503266334534,958673102,1.8658751249313354,958682147,1.7188750505447388,,,,,,,,
adc,958691463,-0.1456250101327896,958700502,0.335750013589859,958709537,1.8950001001358032,958718568,1.7277500629425049,,,,,,,,
mpu,,,,,,,,,958733750,1800,11490,-21068,958733750,-21,21,1
adc,958727634,0.2527500092983246,958736802,-0.0651250034570694,958745843,1.9031250476837158,958754874,1.7141250371932983,,,,,,,,
adc,958763906,0.546625018119812,958772944,-0.2523750066757202,958782000,1.9133751392364502,958791034,1.7148751020431519,,,,,,,,
adc,958800344,0.3531250059604645,958809396,0.016375001519918442,958818439,1.9088751077651978,958827470,1.7715001106262207,,,,,,,,
mpu,,,,,,,,,958833733,1780,11446,-21148,958833733,-13,5,12
adc,958836826,-0.04787500202655792,958845868,0.3711250126361847,958854904,1.8968751430511475,958863936,1.7617501020431519,,,,,,,,
adc,958873149,-0.24575001001358032,958882212,0.4592500329017639,958891249,1.9200000762939453,958900285,1.7763750553131104,,,,,,,,
mpu,,,,,,,,,958933747,2048,11450,-21148,958933747,-11,3,13
adc,958909337,0.03462500125169754,958918388,0.11475000530481339,958927425,1.9083751440048218,958936774,1.7290000915527344,,,,,,,,
adc,958946001,0.41825002431869507,958955049,-0.1991250067949295,958964078,1.9083751440048218,958973105,1.752500057220459,,,,,,,,
adc,958982303,0.5221250057220459,958991348,-0.17862500250339508,959000382,1.9060001373291016,959009416,1.7791250944137573,,,,,,,,
mpu,,,,,,,,,959033744,1874,11410,-21134,959033744,-8,-2,3
adc,959018500,0.17225000262260437,959027550,0.21687501668930054,959036884,1.917875051498413,959045929,1.81125009059906,,,,,,,,
adc,959055133,-0.18525001406669617,959064171,0.46937501430511475,959073234,1.9051251411437988,959082289,1.7476251125335693,,,,,,,,
adc,959091578,-0.18400001525878906,959100613,0.34187501668930054,959109649,1.917875051498413,959118680,1.7906250953674316,,,,,,,,
mpu,,,,,,,,,959133732,1836,11348,-21046,959133732,-12,27,0
adc,959127993,0.20787501335144043,959137339,-0.022875001654028893,959146388,1.9116251468658447,959155425,1.8108750581741333,,,,,,,,
adc,959164603,0.5013750195503235,959173655,-0.25975000858306885,959182697,1.9161250591278076,959191735,1.8088750839233398,,,,,,,,
adc,959200808,0.4207500219345093,959209851,-0.05012500286102295,959218887,1.924375057220459,959227919,1.798625111579895,,,,,,,,
mpu,,,,,,,,,959233734,1922,11496,-21194,959233734,-14,4,-4
adc,959237057,0.005875000264495611,959246105,0.35587501525878906,959255138,1.9351251125335693,959264171,1.7922500371932983,,,,,,,,
adc,959273422,-0.25587502121925354,959282468,0.491875022649765,959291502,1.9358750581741333,959300532,1.8403750658035278,,,,,,,,
mpu,,,,,,,,,959333763,1962,11328,-21124,959333763,-13,1,-7
adc,959309567,-0.0061250003054738045,959318605,0.16975000500679016,959327643,1.9375001192092896,959336840,1.8323750495910645,,,,,,,,
adc,959346056,0.40425002574920654,959355104,-0.17150001227855682,959364145,1.9621250629425049,959373175,1.8020000457763672,,,,,,,,
adc,959382480,0.5346250534057617,959391528,-0.18387500941753387,959400565,1.9478751420974731,959409602,1.8077501058578491,,,,,,,,
mpu,,,,,,,,,959433736,1940,11448,-21152,959433736,-5,14,4
adc,959418902,0.21175001561641693,959427941,0.17362500727176666,959437419,1.920125126838684,959446460,1.77162504196167,,,,,,,,
adc,959455895,-0.1262499988079071,959464935,0.468250036239624,959473991,1.9155000448226929,959483024,1.7360000610351562,,,,,,,,
adc,959492333,-0.17237500846385956,959501387,0.45112502574920654,959510417,1.9078750610351562,959519449,1.7017500400543213,,,,,,,,
mpu,,,,,,,,,959533738,1888,11332,-21162,959533738,-15,3,17
adc,959528599,0.14112500846385956,959537888,0.048375003039836884,959546930,1.9168751239776611,959555962,1.7567501068115234,,,,,,,,
adc,959565195,0.46550002694129944,959574276,-0.2422500103712082,959583308,1.9311250448226929,959592338,1.7666250467300415,,,,,,,,
adc,959601619,0.4843750298023224,959610673,-0.1340000033378601,959619706,1.9413751363754272,959628743,1.7565001249313354,,,,,,,,
mpu,,,,,,,,,959633770,1844,11246,-21132,959633770,-22,3,-6
adc,959637754,0.11600000411272049,959646800,0.2645000219345093,959655838,1.9532500505447388,959664867,1.7650001049041748,,,,,,,,
adc,959674148,-0.22750000655651093,959683194,0.49025002121925354,959692226,1.9363751411437988,959701260,1.7727501392364502,,,,,,,,
mpu,,,,,,,,,959733739,1914,11354,-20950,959733739,-17,-1,-11
adc,959710559,-0.10362500697374344,959719601,0.2942500114440918,959728639,1.954375147819519,959737958,1.7610000371932983,,,,,,,,
adc,959747216,0.2796249985694885,959756263,-0.07050000131130219,959765301,1.943000078201294,959774333,1.7432501316070557,,,,,,,,
adc,959783528,0.5367500185966492,959792575,-0.25725001096725464,959801606,1.9527500867843628,959810638,1.7541251182556152,,,,,,,,
mpu,,,,,,,,,959833737,1874,11250,-21034,959833737,-15,16,-11
adc,959819966,0.3243750035762787,959829005,0.013500000350177288,959838108,1.9560000896453857,959847155,1.7610000371932983,,,,,,,,
adc,959856368,-0.06287500262260437,959865409,0.4025000333786011,959874462,1.977250099182129,959883496,1.7601250410079956,,,,,,,,
adc,959892539,-0.25962501764297485,959901584,0.4660000205039978,959910622,1.9840000867843628,959919652,1.7680001258850098,,,,,,,,
mpu,,,,,,,,,959933737,1708,11196,-21014,959933737,-11,11,-13
adc,959928778,0.05612500384449959,959937894,0.0990000069141388,959946936,1.982875108718872,959955969,1.7732501029968262,,,,,,,,
adc,959965167,0.44475001096725464,959974232,-0.21175001561641693,959983269,1.9940000772476196,959992303,1.7833751440048218,,,,,,,,
adc,960001472,0.4790000319480896,960010517,-0.1132500022649765,960019560,2.004625082015991,960028600,1.7531250715255737,,,,,,,,
mpu,,,,,,,,,960033770,1832,11254,-21072,960033770,-9,32,-12
adc,960037783,0.10525000840425491,960046822,0.27775001525878906,960055855,2.0021250247955322,960064884,1.7762501239776611,,,,,,,,
adc,960074106,-0.2252500057220459,960083152,0.5133750438690186,960092184,2.0213751792907715,960101213,1.7576251029968262,,,,,,,,
mpu,,,,,,,,,960133759,1686,11352,-20988,960133759,-6,15,-2
adc,960110607,-0.08912500739097595,960119647,0.3072500228881836,960128678,2.0192501544952393,960137987,1.7540000677108765,,,,,,,,
adc,960147235,0.2775000035762787,960156288,-0.0533750019967556,960165322,1.9932501316070557,960174359,1.7570000886917114,,,,,,,,
adc,960183430,0.5513750314712524,960192469,-0.2433750182390213,960201502,2.0038750171661377,960210536,1.7521250247955322,,,,,,,,
mpu,,,,,,,,,960233741,1760,11232,-21060,960233741,-14,5,-1
adc,960219823,0.34062501788139343,960228872,0.04762500151991844,960238339,1.9933750629425049,960247382,1.7350001335144043,,,,,,,,
adc,960256584,-0.011125000193715096,960265626,0.39475002884864807,960274668,1.971250057220459,960283705,1.7392500638961792,,,,,,,,
adc,960292775,-0.23500001430511475,960301821,0.4883750379085541,960310860,1.9685001373291016,960319895,1.7480000257492065,,,,,,,,
mpu,,,,,,,,,960333738,1610,11300,-20986,960333738,-17,18,3
adc,960329234,0.04700000211596489,960338288,0.16625000536441803,960347326,1.9596251249313354,960356363,1.7497501373291016,,,,,,,,
adc,960365575,0.41862502694129944,960374636,-0.19987501204013824,960383672,1.9542500972747803,960392709,1.7166250944137573,,,,,,,,
adc,960401773,0.5111250281333923,960410831,-0.17625001072883606,960419865,1.9601250886917114,960428900,1.7025001049041748,,,,,,,,
mpu,,,,,,,,,960433771,1740,11494,-21082,960433771,-15,9,11
adc,960438337,0.15712501108646393,960447389,0.18787500262260437,960456425,1.9807500839233398,960465456,1.7106250524520874,,,,,,,,
adc,960474664,-0.17887501418590546,960483705,0.5073750019073486,960492740,1.955125093460083,960501769,1.70912504196167,,,,,,,,
mpu,,,,,,,,,960533746,1566,11852,-20814,960533746,-22,16,4
adc,960510968,-0.16562500596046448,960520021,0.3505000174045563,960529051,1.964750051498413,960538394,1.6910001039505005,,,,,,,,
adc,960547605,0.19887501001358032,960556659,-0.014875000342726707,960565694,1.9582500457763672,960574721,1.6817500591278076,,,,,,,,
adc,960583773,0.5327500104904175,960592817,-0.257750004529953,960601854,1.974500060081482,960610885,1.6662501096725464,,,,,,,,
mpu,,,,,,,,,960633732,1598,11162,-20840,960633732,-23,-5,6
adc,960619927,0.3928750157356262,960628977,0.036000002175569534,960638309,1.958875060081482,960647355,1.667875051498413,,,,,,,,
adc,960656552,-0.0006250000442378223,960665606,0.3985000252723694,960674658,1.9693751335144043,960683692,1.6875001192092896,,,,,,,,
adc,960692990,-0.24437500536441803,960702035,0.49150002002716064,960711066,1.94350004196167,960720099,1.689250111579895,,,,,,,,
mpu,,,,,,,,,960733731,1624,11126,-20918,960733731,-15,13,14
adc,960729396,-0.006750000175088644,960738822,0.1850000023841858,960747862,1.942750096321106,960756900,1.701625108718872,,,,,,,,
adc,960766114,0.35750001668930054,960775176,-0.1496250033378601,960784211,1.9317500591278076,960793240,1.6990001201629639,,,,,,,,
adc,960802274,0.5445000529289246,960811315,-0.2081250101327896,960820350,1.974250078201294,960829385,1.708625078201294,,,,,,,,
mpu,,,,,,,,,960833758,1730,11074,-20822,960833758,-10,5,20
adc,960838817,0.22687500715255737,960847861,0.132750004529953,960856894,1.9470001459121704,960865926,1.7342500686645508,,,,,,,,
adc,960875161,-0.1418750137090683,960884210,0.4827500283718109,960893249,1.9515000581741333,960902283,1.7030000686645508,,,,,,,,
mpu,,,,,,,,,960933751,1818,11118,-20812,960933751,-7,-3,16
adc,960911470,-0.2160000056028366,960920520,0.41087502241134644,960929555,1.9610000848770142,960938869,1.7130000591278076,,,,,,,,
adc,960948115,0.11175000667572021,960957158,0.05300000309944153,960966194,1.9666250944137573,960975224,1.727250099182129,,,,,,,,
adc,960984436,0.47475001215934753,960993477,-0.2521250247955322,961002509,1.9650001525878906,961011542,1.7076250314712524,,,,,,,,
mpu,,,,,,,,,961033737,1790,11038,-20916,961033737,-4,-1,13
adc,961020869,0.4376250207424164,961029913,-0.10075000673532486,961038920,1.9661251306533813,961047957,1.7022501230239868,,,,,,,,
adc,961057152,0.06075000390410423,961066195,0.30637502670288086,961075249,1.9755001068115234,961084283,1.6967500448226929,,,,,,,,
adc,961093338,-0.26112499833106995,961102383,0.5100000500679016,961111416,1.967250108718872,961120450,1.6981251239776611,,,,,,,,
mpu,,,,,,,,,961133736,1720,11088,-20790,961133736,2,5,9
adc,961129966,-0.08362500369548798,961139082,0.26875001192092896,961148125,1.9850001335144043,961157155,1.7230000495910645,,,,,,,,
adc,961166353,0.296500027179718,961175399,-0.11925000697374344,961184430,1.9592500925064087,961193467,1.761875033378601,,,,,,,,
adc,961202647,0.5382500290870667,961211689,-0.24362501502037048,961220721,1.9787501096725464,961229774,1.7532501220703125,,,,,,,,
mpu,,,,,,,,,961233793,1824,11120,-20720,961233793,5,8,15
adc,961238902,0.27925002574920654,961247946,0.09750000387430191,961256972,1.958375096321106,961266023,1.7447501420974731,,,,,,,,
adc,961275368,-0.13250000774860382,961284415,0.4480000138282776,961293447,1.930625081062317,961302538,1.7461251020431519,,,,,,,,
mpu,,,,,,,,,961333748,1848,11114,-20822,961333748,-3,-6,9
adc,961311880,-0.2395000159740448,961320929,0.4478750228881836,961329961,1.936000108718872,961339052,1.768125057220459,,,,,,,,
adc,961348289,0.09312500804662704,961357338,0.09212500602006912,961366376,1.9237500429153442,961375427,1.7570000886917114,,,,,,,,
adc,961384798,0.4723750352859497,961393841,-0.22675001621246338,961402878,1.955375075340271,961411929,1.7191250324249268,,,,,,,,
mpu,,,,,,,,,961433742,1862,11050,-20816,961433742,-9,-3,7
adc,961421076,0.49687501788139343,961430126,-0.13774999976158142,961439483,1.9627500772476196,961448539,1.6976250410079956,,,,,,,,
adc,961457759,0.15562500059604645,961466803,0.21762500703334808,961475838,1.9565000534057617,961484884,1.6995000839233398,,,,,,,,
adc,961494032,-0.20587500929832458,961503081,0.5057500004768372,961512117,1.9412500858306885,961521155,1.6875001192092896,,,,,,,,
mpu,,,,,,,,,961533743,1784,11048,-20638,961533743,-10,9,11
adc,961530476,-0.1262499988079071,961539676,0.3375000059604645,961548718,1.9525001049041748,961557762,1.676875114440918,,,,,,,,
adc,961566968,0.23912501335144043,961576013,-0.03850000351667404,961585053,1.938750147819519,961594103,1.6496250629425049,,,,,,,,
adc,961603394,0.5402500033378601,961612445,-0.24662500619888306,961621479,1.9533751010894775,961630529,1.6722500324249268,,,,,,,,
mpu,,,,,,,,,961633800,1784,11094,-20892,961633800,-4,3,11
adc,961639946,0.3816250264644623,961648991,0.0013750001089647412,961658028,1.9777500629425049,961667077,1.66225004196167,,,,,,,,
adc,961676281,-0.007000000216066837,961685327,0.41100001335144043,961694361,1.990125060081482,961703409,1.6775001287460327,,,,,,,,
mpu,,,,,,,,,961733747,1908,10950,-20758,961733747,5,3,2
adc,961712748,-0.2616250216960907,961721800,0.5337499976158142,961730832,1.9821250438690186,961739936,1.6611250638961792,,,,,,,,
adc,961749141,-0.04375000298023224,961758190,0.22425000369548798,961767224,1.9762500524520874,961776273,1.6516250371932983,,,,,,,,
adc,961785578,0.37825003266334534,961794622,-0.14637500047683716,961803654,1.9713751077651978,961812706,1.683750033378601,,,,,,,,
mpu,,,,,,,,,961833750,1880,11038,-20820,961833750,13,7,0
adc,961821775,0.5265000462532043,961830820,-0.17650000751018524,961839959,1.967750072479248,961849008,1.6618751287460327,,,,,,,,
adc,961858225,0.21312500536441803,961867274,0.18675000965595245,961876307,1.9840000867843628,961885357,1.6825001239776611,,,,,,,,
adc,961894545,-0.1782500147819519,961903587,0.518250048160553,961912615,2.011000156402588,961921661,1.6883751153945923,,,,,,,,
mpu,,,,,,,,,961933756,1880,11094,-20802,961933756,15,10,3
adc,961930938,-0.20537501573562622,961940183,0.42787501215934753,961949223,1.9760000705718994,961958274,1.736875057220459,,,,,,,,
adc,961967550,0.15962500870227814,961976599,0.09787500649690628,961985633,1.9587501287460327,961994709,1.7160000801086426,,,,,,,,
adc,962003984,0.47212502360343933,962013031,-0.10337500274181366,962022066,1.917875051498413,962031116,1.7065000534057617,,,,,,,,
mpu,,,,,,,,,962034410,2032,10940,-20960,962034410,21,7,-16
adc,962040150,0.32362502813339233,962049199,0.14212501049041748,962058233,1.9743751287460327,962067284,1.6903750896453857,,,,,,,,
adc,962076488,-0.03112500160932541,962085530,0.4220000207424164,962094562,2.0178751945495605,962103607,1.730125069618225,,,,,,,,
mpu,,,,,,,,,962133750,1746,11204,-20974,962133750,75,89,31
adc,962112889,-0.27937501668930054,962121931,0.4696250259876251,962130965,2.0335001945495605,962140171,1.7080000638961792,,,,,,,,
adc,962149455,-0.1731250137090683,962158501,0.28162500262260437,962167539,2.030125141143799,962176607,1.7257500886917114,,,,,,,,
adc,962185890,0.335875004529953,962194939,-0.10200000554323196,962203979,2.043375015258789,962213035,1.7305001020431519,,,,,,,,
mpu,,,,,,,,,962233747,1648,11684,-20940,962233747,12,64,9
adc,962222218,0.6370000243186951,962231257,-0.20125001668930054,962240441,2.028125047683716,962249537,1.7178751230239868,,,,,,,,
adc,962258754,0.40275001525878906,962267800,0.18525001406669617,962276839,1.9890000820159912,962285884,1.6537500619888306,,,,,,,,
adc,962295078,-0.03674999997019768,962304116,0.5898750424385071,962313148,2.000500202178955,962322191,1.6356251239776611,,,,,,,,
mpu,,,,,,,,,962333748,600,11102,-20452,962333748,-88,5,-96
adc,962331242,-0.13612501323223114,962340442,0.530875027179718,962349490,1.952375054359436,962358539,1.6292500495910645,,,,,,,,
adc,962367741,0.28737500309944153,962376782,0.16037501394748688,962385813,1.9162501096725464,962394860,1.5673750638961792,,,,,,,,
adc,962404143,0.6187500357627869,962413187,-0.15625,962422228,1.8883750438690186,962431288,1.5752500295639038,,,,,,,,
mpu,,,,,,,,,962433960,1568,10884,-20570,962433960,-113,23,7
adc,962440611,0.5413750410079956,962449656,-0.09537500143051147,962458689,1.9053751230239868,962467740,1.5532500743865967,,,,,,,,
adc,962476956,0.11487500369548798,962485998,0.35475000739097595,962495033,1.893375039100647,962504077,1.5405000448226929,,,,,,,,
mpu,,,,,,,,,962533746,1346,10284,-20328,962533746,-102,29,6
adc,962513295,-0.2343750149011612,962522335,0.643250048160553,962531363,1.8990000486373901,962540429,1.5425000190734863,,,,,,,,
adc,962549625,-0.1602500081062317,962558677,0.3500000238418579,962567712,1.8788751363754272,962576761,1.5673750638961792,,,,,,,,
adc,962585807,0.22725000977516174,962594841,-0.1602500081062317,962603877,1.9292501211166382,962612926,1.6410000324249268,,,,,,,,
mpu,,,,,,,,,962633745,1858,10186,-20784,962633745,-32,4,-37
adc,962622204,0.44337502121925354,962631251,-0.37150001525878906,962640470,1.9750001430511475,962649531,1.6891250610351562,,,,,,,,
adc,962658735,0.19887501001358032,962667788,-0.2685000002384186,962676819,1.995500087738037,962685865,1.7425000667572021,,,,,,,,
adc,962695142,-0.1938750147819519,962704190,-0.15075001120567322,962713224,2.0107500553131104,962722291,1.8645000457763672,,,,,,,,
mpu,,,,,,,,,962733748,230,11040,-20112,962733748,24,105,68
adc,962731355,-0.39512503147125244,962740852,0.0860000029206276,962749896,2.031125068664551,962758943,1.9458750486373901,,,,,,,,
adc,962768187,-0.20587500929832458,962777234,0.015500000678002834,962786266,2.055875062942505,962795320,2.001375198364258,,,,,,,,
adc,962804512,0.2770000100135803,962813557,-0.29500001668930054,962822589,2.0581250190734863,962831634,2.0293750762939453,,,,,,,,
mpu,,,,,,,,,962834398,2202,10620,-20530,962834398,92,-39,252
adc,962841138,0.3863750100135803,962850179,-0.31937500834465027,962859213,2.0848751068115234,962868262,2.067500114440918,,,,,,,,
adc,962877469,0.1446250081062317,962886510,0.3057500123977661,962895550,2.075500011444092,962904596,2.077625036239624,,,,,,,,
mpu,,,,,,,,,962933760,2618,9992,-20932,962933760,168,-87,150
adc,962913895,-0.2302500158548355,962922943,0.814875066280365,962931978,2.048375129699707,962941443,2.0996251106262207,,,,,,,,
adc,962950673,-0.3281250298023224,962959718,0.6145000457763672,962968755,2.0435001850128174,962977804,2.1402502059936523,,,,,,,,
adc,962986830,0.01900000125169754,962995870,0.11337500810623169,963004908,1.9875000715255737,963013955,2.144625186920166,,,,,,,,
mpu,,,,,,,,,963033780,2292,11546,-20780,963033780,306,-76,61
adc,963022977,0.4948750138282776,963032034,0.07962500303983688,963041464,1.9195001125335693,963050525,2.1196250915527344,,,,,,,,
adc,963059771,0.476375013589859,963068820,0.34325000643730164,963077855,1.883750081062317,963086905,2.1226251125335693,,,,,,,,
adc,963096223,0.024500001221895218,963105270,0.6646250486373901,963114301,1.860875129699707,963123408,2.0792500972747803,,,,,,,,
mpu,,,,,,,,,963133749,3158,9398,-21934,963133749,502,-200,66
adc,963132688,-0.27525001764297485,963141979,0.9342500567436218,963151026,1.936750054359436,963160086,2.082625150680542,,,,,,,,
adc,963169323,-0.006750000175088644,963178364,0.9350000619888306,963187396,1.929875135421753,963196432,2.081125020980835,,,,,,,,
adc,963205721,0.5432500243186951,963214765,0.9173750281333923,963223801,1.933000087738037,963232845,2.0164999961853027,,,,,,,,
mpu,,,,,,,,,963233925,-484,14364,-21134,963233925,734,-172,-12
adc,963242240,0.8822500705718994,963251285,0.6193750500679016,963260326,1.9762500524520874,963269372,1.9630000591278076,,,,,,,,
adc,963278594,1.0347501039505005,963287644,0.518875002861023,963296685,1.9778751134872437,963305727,1.920125126838684,,,,,,,,
mpu,,,,,,,,,963333752,4378,14610,-22712,963333752,933,-625,-202
adc,963315036,0.5758750438690186,963324084,0.7253750562667847,963333178,2.0295000076293945,963342550,1.9221251010894775,,,,,,,,
adc,963351771,-0.37150001525878906,963360814,0.5572500228881836,963369851,2.058000087738037,963378907,1.8563750982284546,,,,,,,,
adc,963387966,-0.1651250123977661,963397012,0.6233750581741333,963406043,2.027125120162964,963415093,1.864625096321106,,,,,,,,
mpu,,,,,,,,,963433743,3990,15406,-26338,963433743,944,-523,-131
adc,963424141,0.3542500138282776,963433188,0.7945000529289246,963442500,1.9267500638961792,963451603,1.8773751258850098,,,,,,,,
adc,963460820,0.5990000367164612,963469865,1.1082500219345093,963478899,1.8086251020431519,963487956,1.8450000286102295,,,,,,,,
adc,963497005,0.6202500462532043,963506055,1.1295000314712524,963515086,1.7193751335144043,963524136,1.7320001125335693,,,,,,,,
mpu,,,,,,,,,963533752,3912,16112,-28712,963533752,846,-432,-213
adc,963533424,0.8680000305175781,963542558,1.217250108718872,963551604,1.5890001058578491,963560658,1.5638750791549683,,,,,,,,
adc,963569859,1.0938750505447388,963578912,1.1856250762939453,963587951,1.4590001106262207,963597000,1.45912504196167,,,,,,,,
adc,963606055,0.9906250238418579,963615100,0.8103750348091125,963624133,1.3911250829696655,963633186,1.3885000944137573,,,,,,,,
mpu,,,,,,,,,963634257,1924,16542,-29792,963634257,676,-469,-430
adc,963642543,0.343375027179718,963651590,-0.3960000276565552,963660626,1.579875111579895,963669692,1.5991250276565552,,,,,,,,
adc,963678879,-0.296875,963687921,-0.4280000329017639,963696956,1.9000000953674316,963706007,1.7746250629425049,,,,,,,,
mpu,,,,,,,,,963733741,1142,16730,-29344,963733741,706,-337,-298
adc,963715077,-0.3321250081062317,963724127,-0.40412500500679016,963733181,2.0668749809265137,963742534,1.8272501230239868,,,,,,,,
adc,963751766,-0.35587501525878906,963760814,-0.23125001788139343,963769848,2.1832501888275146,963778902,1.88100004196167,,,,,,,,
adc,963787957,-0.2083750069141388,963797013,-0.01237500086426735,963806043,2.2301251888275146,963815094,1.9216251373291016,,,,,,,,
mpu,,,,,,,,,963833746,2070,16232,-32170,963833746,663,-63,-294
adc,963824134,0.10875000804662704,963833182,0.24837501347064972,963842524,2.2188751697540283,963851600,1.930625081062317,,,,,,,,
adc,963860804,0.2706250250339508,963869849,0.10300000756978989,963878886,2.2215001583099365,963887934,1.9632500410079956,,,,,,,,
adc,963896995,-0.0005000000237487257,963906042,-0.24125000834465027,963915072,2.2496252059936523,963924128,1.9622501134872437,,,,,,,,
mpu,,,,,,,,,963933748,552,17292,-32378,963933748,425,91,-301
adc,963933184,-0.22462500631809235,963942522,-0.3205000162124634,963951566,2.267000198364258,963960639,1.99037504196167,,,,,,,,
adc,963969842,-0.24687501788139343,963978891,-0.3153750002384186,963987921,2.291875123977661,963996977,1.9965001344680786,,,,,,,,
adc,964006006,-0.11612500250339508,964015054,-0.2863750159740448,964024084,2.3071250915527344,964033164,1.9943751096725464,,,,,,,,
mpu,,,,,,,,,964034223,900,17036,-32438,964034223,179,13,-206
adc,964042490,0.05225000157952309,964051536,-0.08762500435113907,964060571,2.3163750171661377,964069676,1.9758751392364502,,,,,,,,
adc,964078910,0.14875000715255737,964087963,0.3216250240802765,964096997,2.31850004196167,964106045,1.9897501468658447,,,,,,,,
mpu,,,,,,,,,964133747,718,16850,-32768,964133747,68,-35,-172
adc,964115350,0.2147500067949295,964124390,0.8407500386238098,964133421,2.1530001163482666,964142557,2.0203750133514404,,,,,,,,
adc,964151758,0.5230000019073486,964160803,1.121500015258789,964169837,1.79562509059906,964178885,1.946250081062317,,,,,,,,
adc,964187999,0.5098749995231628,964197044,0.8512500524520874,964206076,1.534250020980835,964215123,1.8656251430511475,,,,,,,,
mpu,,,,,,,,,964233752,182,18410,-32768,964233752,-153,4,-84
adc,964224307,0.6546250581741333,964233357,1.0180000066757202,964242533,1.2226250171661377,964251638,1.649375081062317,,,,,,,,
adc,964260855,1.0837500095367432,964269899,1.3088750839233398,964278931,0.6543750166893005,964287981,1.2548750638961792,,,,,,,,
adc,964297023,0.8846250176429749,964306062,1.3475000858306885,964315101,0.08637500554323196,964324137,0.8101250529289246,,,,,,,,
mpu,,,,,,,,,964333751,-4316,16052,-29020,964333751,-328,43,-56
adc,964333187,-0.2917500138282776,964342506,1.2441250085830688,964351557,0.000375000003259629,964360645,0.2277500182390213,,,,,,,,
adc,964369867,-0.4318750202655792,964378917,0.9933750629425049,964387951,-0.002875000238418579,964397000,0.012000000104308128,,,,,,,,
adc,964406060,-0.39750000834465027,964415108,0.5367500185966492,964424150,-0.000375000003259629,964433200,0.002500000176951289,,,,,,,,
mpu,,,,,,,,,964434262,-8598,14074,-24858,964434262,-887,-1683,-532
adc,964442526,-0.060875002294778824,964451570,0.3565000295639038,964460602,0.000750000006519258,964469714,0.000375000003259629,,,,,,,,
adc,964478923,0.37825003266334534,964487976,0.30387502908706665,964497017,0.001875000074505806,964506068,-0.001125000067986548,,,,,,,,
mpu,,,,,,,,,964533746,354,12774,-32768,964533746,-1135,-4336,-809
adc,964515354,0.7482500076293945,964524400,0.22300000488758087,964533437,0.0020000000949949026,964542814,0.1328750103712082,,,,,,,,
adc,964552006,1.1563750505447388,964561052,-0.14512500166893005,964570086,0.4047500193119049,964579124,0.24762500822544098,,,,,,,,
adc,964588190,0.7706250548362732,964597239,0.2461250126361847,964606277,0.6937500238418579,964615327,0.2370000183582306,,,,,,,,
mpu,,,,,,,,,964633749,4622,28828,-32768,964633749,-344,-2270,-337
adc,964624363,-0.04775000363588333,964633406,0.19112500548362732,964642543,0.8265000581741333,964651605,0.3892500102519989,,,,,,,,
adc,964660804,1.3262500762939453,964669850,-0.30550000071525574,964678882,0.8971250653266907,964687933,0.5560000538825989,,,,,,,,
adc,964697247,1.4947500228881836,964706298,-0.2227500081062317,964715335,1.1063750982284546,964724438,1.0477499961853027,,,,,,,,
mpu,,,,,,,,,964733769,-14006,15444,-17300,964733769,-7,623,598
adc,964733719,1.402500033378601,964743012,-0.3543750047683716,964752055,1.236625075340271,964761113,1.3828750848770142,,,,,,,,
adc,964770336,-0.41750001907348633,964779377,-0.3882500231266022,964788407,1.527250051498413,964797459,1.6345000267028809,,,,,,,,
adc,964806492,-0.4130000174045563,964815529,-0.38200002908706665,964824566,1.7360000610351562,964833715,1.7650001049041748,,,,,,,,
mpu,,,,,,,,,964833888,2618,16170,-28666,964833888,324,-552,584
adc,964843229,-0.36512503027915955,964852277,-0.38225001096725464,964861317,1.8365000486373901,964870370,1.8647501468658447,,,,,,,,
adc,964879576,-0.3382500112056732,964888620,-0.3893750309944153,964897657,1.9465000629425049,964906708,1.8755000829696655,,,,,,,,
mpu,,,,,,,,,964933755,4908,15190,-30366,964933755,532,-387,173
adc,964915991,-0.2697499990463257,964925036,-0.3693750202655792,964934267,2.0143752098083496,964943593,1.902250051498413,,,,,,,,
adc,964952816,-0.26625001430511475,964961859,-0.3062500059604645,964970893,2.083250045776367,964979948,1.9005000591278076,,,,,,,,
adc,964989245,-0.32862502336502075,964998290,0.09187500178813934,965007329,2.099250078201294,965016386,1.9287500381469727,,,,,,,,
mpu,,,,,,,,,965033749,2748,16752,-30800,965033749,492,-287,-72
adc,965025436,-0.3252500295639038,965034946,0.3317500054836273,965044109,2.096750020980835,965053167,1.9262501001358032,,,,,,,,
adc,965062371,-0.17862500250339508,965071415,0.7572500109672546,965080449,2.042250156402588,965089499,1.908250093460083,,,,,,,,
adc,965098670,-0.23787501454353333,965107717,0.3225000202655792,965116746,1.9760000705718994,965125786,1.8937500715255737,,,,,,,,
mpu,,,,,,,,,965133743,2894,16092,-32362,965133743,394,-199,-99
adc,965135737,-0.2536250054836273,965144800,-0.24787500500679016,965153840,1.9215000867843628,965162898,1.9088751077651978,,,,,,,,
adc,965172144,-0.2878750264644623,965181189,-0.2538750171661377,965190221,1.8872500658035278,965199263,1.9216251373291016,,,,,,,,
mpu,,,,,,,,,965233749,3134,16034,-31198,965233749,177,-292,-130
adc,965208348,-0.30150002241134644,965217398,-0.11037500202655792,965226438,1.8170000314712524,965236398,1.8822500705718994,,,,,,,,
adc,965245644,-0.06975000351667404,965254692,0.2567500174045563,965263729,1.662000060081482,965272780,1.8436250686645508,,,,,,,,
adc,965281993,0.2432500123977661,965291035,0.5287500023841858,965300069,1.5772501230239868,965309121,1.7858750820159912,,,,,,,,
mpu,,,,,,,,,965333749,2740,15950,-32260,965333749,241,-201,-218
adc,965318152,0.5553750395774841,965327195,0.6373750567436218,965336865,1.5543750524520874,965345913,1.7138750553131104,,,,,,,,
adc,965355133,0.6950000524520874,965364181,0.8636250495910645,965373216,1.5128750801086426,965382269,1.6508750915527344,,,,,,,,
adc,965391468,0.7423750162124634,965400514,1.0258750915527344,965409545,1.3436250686645508,965418600,1.545875072479248,,,,,,,,
mpu,,,,,,,,,965433768,2456,16204,-32626,965433768,356,-77,-366
adc,965427632,0.9336250424385071,965436871,1.1262500286102295,965445910,1.1608750820159912,965454958,1.4127501249313354,,,,,,,,
adc,965464179,1.2060000896453857,965473223,1.0943750143051147,965482258,1.00600004196167,965491306,1.2362500429153442,,,,,,,,
adc,965500504,1.3173750638961792,965509553,0.9947500228881836,965518589,0.7242500185966492,965527640,1.0788750648498535,,,,,,,,
mpu,,,,,,,,,965533744,648,16844,-32768,965533744,532,138,-549
adc,965536774,0.9766250252723694,965545826,0.9228750467300415,965554864,0.38712501525878906,965563917,0.8456250429153442,,,,,,,,
adc,965573113,-0.3127500116825104,965582162,0.9226250648498535,965591203,0.17887501418590546,965600255,0.6205000281333923,,,,,,,,
mpu,,,,,,,,,965633750,300,15418,-32768,965633750,669,106,-620
adc,965609327,-0.4148750305175781,965618373,0.6372500061988831,965627410,0.11912500858306885,965636858,0.5371250510215759,,,,,,,,
adc,965646074,-0.39387503266334534,965655121,0.29487502574920654,965664154,0.02162500098347664,965673201,0.3266250193119049,,,,,,,,
adc,965682232,-0.406125009059906,965691277,0.1797500103712082,965700305,-0.0021250001154839993,965709357,0.11425000429153442,,,,,,,,
mpu,,,,,,,,,965733752,454,18152,-32768,965733752,712,-229,-564
adc,965718444,0.18575000762939453,965727493,0.3058750033378601,965736765,0.006375000346451998,965745873,0.04000000283122063,,,,,,,,
adc,965755090,-0.10262500494718552,965764143,0.3725000321865082,965773179,0.007625000551342964,965782224,-0.008750000037252903,,,,,,,,
adc,965791279,-0.24950000643730164,965800325,0.35362502932548523,965809360,-0.0001250000059371814,965818410,0.0043750000186264515,,,,,,,,
mpu,,,,,,,,,965833741,-3652,17826,-32768,965833741,425,-1082,-313
adc,965827438,-0.009000000543892384,965836751,0.12562499940395355,965845798,-0.005750000476837158,965854913,0.010250000283122063,,,,,,,,
adc,965864121,0.1992500126361847,965873168,-0.13350000977516174,965882198,-0.005500000435858965,965891248,0.00787500012665987,,,,,,,,
adc,965900440,0.2841250002384186,965909490,0.020000001415610313,965918522,0.003375000087544322,965927568,-0.005125000141561031,,,,,,,,
mpu,,,,,,,,,965933753,-3696,17716,-32768,965933753,-492,-2992,365
adc,965936801,0.06562500447034836,965945843,0.24012501537799835,965954883,0.006750000175088644,965963936,-0.009125000797212124,,,,,,,,
adc,965973123,-0.15862500667572021,965982176,0.4397500157356262,965991212,0.0042500002309679985,966000264,-0.002875000238418579,,,,,,,,
mpu,,,,,,,,,966033737,-336,15328,-32768,966033737,-1200,-3600,577
adc,966009472,-0.11487500369548798,966018549,0.3006250262260437,966027585,-0.0035000001080334187,966036875,0.007375000510364771,,,,,,,,
adc,966046094,0.10987500846385956,966055134,-0.06700000166893005,966064170,-0.005375000182539225,966073219,0.010000000707805157,,,,,,,,
adc,966082263,0.2926250100135803,966091311,-0.21837501227855682,966100350,-0.0008750000270083547,966109397,0.000375000003259629,,,,,,,,
mpu,,,,,,,,,966133755,-1044,16224,-32768,966133755,-541,-1405,229
adc,966118683,0.16600000858306885,966127727,0.05562500283122063,966136798,0.005375000182539225,966145887,-0.006750000175088644,,,,,,,,
adc,966155124,-0.0442500002682209,966164168,0.3530000150203705,966173201,0.0062500000931322575,966182244,-0.007750000339001417,,,,,,,,
adc,966191549,-0.15837500989437103,966200595,0.42100003361701965,966209626,0.0001250000059371814,966218669,0.002875000238418579,,,,,,,,
mpu,,,,,,,,,966233741,904,15886,-32768,966233741,-35,-70,257
adc,966227856,-0.012250000610947609,966237317,0.09437500685453415,966246359,-0.0042500002309679985,966255415,0.00800000037997961,,,,,,,,
adc,966264620,0.18250000476837158,966273662,-0.16825000941753387,966282696,-0.004625000059604645,966291739,0.00800000037997961,,,,,,,,
adc,966300801,0.24825000762939453,966309842,-0.13450001180171967,966318877,0.0023750001564621925,966327933,-0.003750000149011612,,,,,,,,
mpu,,,,,,,,,966333771,-3416,15300,-31084,966333771,512,721,383
adc,966337355,0.06862500309944153,966346402,0.17250001430511475,966355437,0.005625000223517418,966364488,-0.007375000510364771,,,,,,,,
adc,966373716,-0.10912500321865082,966382763,0.42087501287460327,966391804,0.004625000059604645,966400850,-0.004625000059604645,,,,,,,,
mpu,,,,,,,,,966433751,-1608,16758,-31938,966433751,703,24,121
adc,966410139,-0.11400000751018524,966419179,0.37425002455711365,966428217,-0.0021250001154839993,966437359,0.006375000346451998,,,,,,,,
adc,966446582,0.07312500476837158,966455632,0.05950000137090683,966464667,-0.004625000059604645,966473715,0.008625000715255737,,,,,,,,
adc,966482720,0.23375001549720764,966491764,-0.19087500870227814,966500798,-0.001875000074505806,966509849,0.0023750001564621925,,,,,,,,
mpu,,,,,,,,,966533750,2090,17716,-32768,966533750,595,-505,40
adc,966519038,0.16962501406669617,966528082,0.03800000250339508,966537572,0.004750000312924385,966546629,-0.005375000182539225,,,,,,,,
adc,966555824,0.010625000111758709,966564874,0.36362501978874207,966573903,0.005875000264495611,966582952,-0.007625000551342964,,,,,,,,
adc,966592159,-0.12037500739097595,966601206,0.5452499985694885,966610247,0.0020000000949949026,966619299,0.0005000000237487257,,,,,,,,
mpu,,,,,,,,,966633747,542,16512,-32768,966633747,337,377,253
adc,966628583,-0.0468750037252903,966637890,0.2591250240802765,966646937,-0.0036250001285225153,966655986,0.006750000175088644,,,,,,,,
adc,966665226,0.12712500989437103,966674276,-0.10637500137090683,966683308,-0.004625000059604645,966692352,0.008625000715255737,,,,,,,,
adc,966701609,0.2305000126361847,966710654,-0.24787500500679016,966719693,0.000375000003259629,966728838,-0.0008750000270083547,,,,,,,,
mpu,,,,,,,,,966733747,1974,16918,-32768,966733747,201,767,392
adc,966738343,0.14275000989437103,966747390,0.002625000197440386,966756415,0.005000000353902578,966765471,-0.0062500000931322575,,,,,,,,
adc,966774699,0.009125000797212124,966783738,0.3700000047683716,966792772,0.005625000223517418,966801816,-0.007250000257045031,,,,,,,,
mpu,,,,,,,,,966833744,1546,15668,-32768,966833744,126,876,593
adc,966810871,-0.05362500250339508,966819916,0.37550002336502075,966828948,-0.0008750000270083547,966838117,0.004000000189989805,,,,,,,,
adc,966847330,0.11650000512599945,966856380,0.07525000721216202,966865414,-0.0043750000186264515,966874467,0.008375000208616257,,,,,,,,
adc,966883534,0.23237501084804535,966892578,-0.20862500369548798,966901613,-0.0032500000670552254,966910669,0.005750000476837158,,,,,,,,
mpu,,,,,,,,,966933744,3590,15622,-32660,966933744,-15,1024,585
adc,966919721,0.07625000178813934,966928770,-0.0806250050663948,966938063,0.0038750001695007086,966947165,-0.005500000435858965,,,,,,,,
adc,966956371,-0.04662500321865082,966965412,0.18712501227855682,966974449,0.006000000052154064,966983499,-0.008625000715255737,,,,,,,,
adc,966992555,1.167625069618225,967001605,0.43825003504753113,967010641,0.0031250000465661287,967019689,0.14362500607967377,,,,,,,,
mpu,,,,,,,,,967033752,-5894,12286,-30890,967033752,-270,1018,481
adc,967028724,-0.23475001752376556,967037840,0.3267500102519989,967046888,-0.003375000087544322,967055935,0.5105000138282776,,,,,,,,
adc,967065139,1.3970000743865967,967074182,-0.12725000083446503,967083214,0.203000009059906,967092261,0.7987500429153442,,,,,,,,
adc,967101441,1.0788750648498535,967110490,-0.29887500405311584,967119520,0.33375000953674316,967128568,0.9338750243186951,,,,,,,,
mpu,,,,,,,,,967133748,-3366,13316,-32080,967133748,-272,-1153,-3
adc,967137857,1.300125002861023,967146897,-0.02550000138580799,967155930,0.38350000977516174,967164995,1.1202501058578491,,,,,,,,
adc,967174239,0.9581250548362732,967183287,0.3681250214576721,967192322,0.4958750307559967,967201364,1.252500057220459,,,,,,,,
mpu,,,,,,,,,967233745,4878,16744,-32768,967233745,-226,-154,-76
adc,967210539,0.45775002241134644,967219592,0.5175000429153442,967228628,0.6383750438690186,967237987,1.448875069618225,,,,,,,,
adc,967247201,0.5517500042915344,967256244,0.22587500512599945,967265277,0.8221250176429749,967274325,1.6198750734329224,,,,,,,,
adc,967283361,0.9455000162124634,967292412,-0.1836250126361847,967301448,0.9218750596046448,967310499,1.7407500743865967,,,,,,,,
mpu,,,,,,,,,967333747,3922,15548,-32768,967333747,55,-30,-156
adc,967319556,0.9832500219345093,967328606,-0.19862501323223114,967337598,1.0723750591278076,967346652,1.811750054359436,,,,,,,,
adc,967355860,0.37450000643730164,967364901,0.2905000150203705,967373934,1.1545000076293945,967382983,1.9166251420974731,,,,,,,,
adc,967392155,-0.1966250091791153,967401194,0.6675000190734863,967410220,1.2013750076293945,967419269,1.9781250953674316,,,,,,,,
mpu,,,,,,,,,967433749,3628,15952,-32768,967433749,168,45,-150
adc,967428395,-0.2762500047683716,967437587,0.47425001859664917,967446635,1.2335000038146973,967455687,2.0192501544952393,,,,,,,,
adc,967464880,0.2068750113248825,967473922,0.006875000428408384,967482959,1.2905000448226929,967492015,2.0752501487731934,,,,,,,,
adc,967501208,0.6672500371932983,967510243,-0.2941250205039978,967519278,1.3867501020431519,967528327,2.117500066757202,,,,,,,,
mpu,,,,,,,,,967533745,2934,16604,-32768,967533745,-101,188,-23
adc,967537829,0.3227500021457672,967546878,-0.1731250137090683,967555909,1.5576250553131104,967564959,2.184375047683716,,,,,,,,
adc,967574184,-0.08712500333786011,967583227,0.26887500286102295,967592264,1.6560001373291016,967601307,2.2708752155303955,,,,,,,,
mpu,,,,,,,,,967633775,5138,15686,-31924,967633775,-440,-6,122
adc,967610623,-0.3941250145435333,967619671,0.48987501859664917,967628709,1.7475000619888306,967637854,2.2966251373291016,,,,,,,,
adc,967647071,-0.3216250240802765,967656113,0.24550001323223114,967665151,1.7915000915527344,967674203,2.3360002040863037,,,,,,,,
adc,967683245,0.33650001883506775,967692288,-0.17412500083446503,967701321,1.83287513256073,967710371,2.354250192642212,,,,,,,,
mpu,,,,,,,,,967733764,5170,15982,-32594,967733764,-234,60,-30
adc,967719638,0.8966250419616699,967728676,-0.1925000101327896,967737854,1.8402501344680786,967746907,2.35575008392334,,,,,,,,
adc,967756111,0.5323750376701355,967765162,0.2771250009536743,967774202,1.8662500381469727,967783254,2.3605000972747803,,,,,,,,
adc,967792562,-0.13825000822544098,967801606,0.6458750367164612,967810638,1.8781250715255737,967819761,2.368499994277954,,,,,,,,
mpu,,,,,,,,,967833752,4496,15662,-32768,967833752,-65,149,-96
adc,967828779,-0.3675000071525574,967837827,0.49937501549720764,967846867,1.8880001306533813,967855916,2.395750045776367,,,,,,,,
adc,967865141,0.09587500244379044,967874181,0.030375001952052116,967883215,1.9026250839233398,967892259,2.408125162124634,,,,,,,,
adc,967901281,0.8872500658035278,967910321,-0.2815000116825104,967919356,1.9453750848770142,967928411,2.4090001583099365,,,,,,,,
mpu,,,,,,,,,967933747,3278,16826,-32768,967933747,-110,22,-104
adc,967937850,0.765375018119812,967946899,-0.054875001311302185,967955936,1.9793751239776611,967964981,2.420875072479248,,,,,,,,
adc,967974191,0.08487500250339508,967983228,0.32212501764297485,967992261,2.0193750858306885,968001309,2.41225004196167,,,,,,,,
mpu,,,,,,,,,968033735,4228,15462,-32284,968033735,-165,-5,-64
adc,968010395,-0.3711250126361847,968019449,0.4973750114440918,968028489,2.0288751125335693,968037831,2.411375045776367,,,,,,,,
adc,968047053,-0.2317500114440918,968056108,0.2668749988079071,968065145,2.0611250400543213,968074190,2.399625062942505,,,,,,,,
adc,968083255,0.6203750371932983,968092293,-0.1667500138282776,968101326,2.044875144958496,968110373,2.370000123977661,,,,,,,,
mpu,,,,,,,,,968133775,2990,15956,-30806,968133775,-76,70,-135
adc,968119659,1.221000075340271,968128705,-0.0860000029206276,968137902,1.9852501153945923,968146964,2.358250141143799,,,,,,,,
adc,968156201,0.7310000061988831,968165243,0.3267500102519989,968174279,1.9983750581741333,968183334,2.324125051498413,,,,,,,,
adc,968192522,-0.08150000125169754,968201571,0.7035000324249268,968210609,2.0068750381469727,968219658,2.3257501125335693,,,,,,,,
mpu,,,,,,,,,968233749,3934,16396,-32768,968233749,-35,-7,-170
adc,968228949,-0.34037500619888306,968238394,0.6166250109672546,968247433,1.9988751411437988,968256481,2.3461251258850098,,,,,,,,
adc,968265708,0.10700000822544098,968274756,0.16237500309944153,968283795,1.9608750343322754,968292848,2.358375072479248,,,,,,,,
adc,968302135,0.7861250638961792,968311177,-0.2631250023841858,968320211,1.8917500972747803,968329266,2.360375165939331,,,,,,,,
mpu,,,,,,,,,968333750,2920,15790,-32152,968333750,-62,288,-101
adc,968338286,0.861750066280365,968347329,-0.1652500033378601,968356365,1.8176250457763672,968365416,2.354250192642212,,,,,,,,
adc,968374618,0.21375000476837158,968383664,0.26375001668930054,968392698,1.8448750972747803,968401745,2.3756251335144043,,,,,,,,
mpu,,,,,,,,,968433747,1536,16624,-30974,968433747,-214,245,-22
adc,968410929,-0.3465000092983246,968419984,0.5256250500679016,968429018,1.8451250791549683,968438330,2.4043750762939453,,,,,,,,
adc,968447537,-0.44437500834465027,968456587,0.2775000035762787,968465618,1.8006250858306885,968474674,2.4160001277923584,,,,,,,,
adc,968483708,-0.2581250071525574,968492750,-0.12525001168251038,968501786,1.7863750457763672,968510839,2.4286251068115234,,,,,,,,
mpu,,,,,,,,,968533746,2774,15956,-30022,968533746,-284,250,50
adc,968519916,0.23462501168251038,968528957,-0.2760000228881836,968538379,1.7756251096725464,968547444,2.393625020980835,,,,,,,,
adc,968556657,0.4227500259876251,968565698,0.2292500138282776,968574725,1.8132500648498535,968583773,2.379000186920166,,,,,,,,
adc,968592838,-0.05000000074505806,968601884,0.7222500443458557,968610919,1.8121250867843628,968619960,2.389500141143799,,,,,,,,
mpu,,,,,,,,,968633749,1062,17038,-30326,968633749,-125,429,-70
adc,968629000,-0.4243750274181366,968638336,0.5285000205039978,968647382,1.899375081062317,968656463,2.3907501697540283,,,,,,,,
adc,968665663,-0.3957500159740448,968674712,0.07349999994039536,968683747,1.9446251392364502,968692796,2.3912501335144043,,,,,,,,
adc,968701832,-0.3970000147819519,968710868,-0.3265000283718109,968719901,1.933500051498413,968728949,2.3965001106262207,,,,,,,,
mpu,,,,,,,,,968733747,1724,17232,-30540,968733747,-144,267,-87
adc,968738283,0.2487500160932541,968747323,-0.1965000033378601,968756360,1.9166251420974731,968765456,2.377500057220459,,,,,,,,
adc,968774676,-0.045250002294778824,968783720,0.37050002813339233,968792755,1.91100013256073,968801802,2.3927500247955322,,,,,,,,
mpu,,,,,,,,,968833744,2418,13240,-27174,968833744,-166,663,37
adc,968810852,-0.3813750147819519,968819898,0.7511250376701355,968828933,1.9043750762939453,968838344,2.399125099182129,,,,,,,,
adc,968847566,0.11012500524520874,968856618,0.7012500166893005,968865658,1.8743751049041748,968874702,2.40975022315979,,,,,,,,
adc,968883990,0.9495000243186951,968893030,0.1497500091791153,968902060,1.9230000972747803,968911137,2.4362502098083496,,,,,,,,
mpu,,,,,,,,,968933777,2364,16670,-28712,968933777,-49,527,-93
adc,968920184,1.2762500047683716,968929235,-0.21512500941753387,968938407,1.9892500638961792,968947467,2.4317500591278076,,,,,,,,
adc,968956644,1.3321250677108765,968965696,0.18262501060962677,968974731,1.9875000715255737,968983783,2.336125135421753,,,,,,,,
adc,968992831,1.4280000925064087,969001873,0.4857500195503235,969010911,1.9632500410079956,969019954,2.1591250896453857,,,,,,,,
mpu,,,,,,,,,969033744,2662,19468,-32768,969033744,84,-505,-294
adc,969028999,1.1782500743865967,969038358,0.41712501645088196,969047402,1.9607501029968262,969056452,1.986375093460083,,,,,,,,
adc,969065666,1.2232500314712524,969074716,0.39100003242492676,969083750,1.6767500638961792,969092798,1.7732501029968262,,,,,,,,
adc,969102100,1.6321250200271606,969111148,0.9326250553131104,969120186,0.7882500290870667,969129297,1.1536250114440918,,,,,,,,
mpu,,,,,,,,,969133748,-4316,22868,-32392,969133748,-408,79,257
adc,969138324,1.683000087738037,969147360,0.3916250169277191,969156393,-0.002875000238418579,969165442,0.14225000143051147,,,,,,,,
adc,969174645,-0.37787503004074097,969183688,0.3060000240802765,969192720,0.0061250003054738045,969201759,-0.014250000938773155,,,,,,,,
mpu,,,,,,,,,969233740,20012,22070,-32768,969233740,-522,573,1000
adc,969210947,-0.19037501513957977,969219996,0.38462501764297485,969229031,0.001125000067986548,969238337,0.004875000100582838,,,,,,,,
adc,969247563,-0.0027500002179294825,969256610,0.25987499952316284,969265647,-0.004124999977648258,969274695,0.014375000260770321,,,,,,,,
adc,969283906,0.17387500405311584,969292959,-0.1653750091791153,969301989,-0.004750000312924385,969311037,0.014875000342726707,,,,,,,,
mpu,,,,,,,,,969333746,-5362,20676,-21664,969333746,146,2770,1067
adc,969320059,0.32225000858306885,969329104,-0.17900000512599945,969338349,0.0021250001154839993,969347411,0.00962500087916851,,,,,,,,
adc,969356469,0.11537500470876694,969365512,0.13637501001358032,969374545,0.0061250003054738045,969383596,0.04150000214576721,,,,,,,,
adc,969392646,-0.14812500774860382,969401693,0.32462501525878906,969410726,0.0042500002309679985,969419779,0.05300000309944153,,,,,,,,
mpu,,,,,,,,,969433751,2346,4634,-28546,969433751,203,-188,847
adc,969428807,-0.14350000023841858,969437836,0.2096250057220459,969446883,-0.0035000001080334187,969455931,0.0690000057220459,,,,,,,,
adc,969465128,0.10687500238418579,969474163,-0.04450000077486038,969483200,-0.005000000353902578,969492248,0.0768750011920929,,,,,,,,
adc,969501568,0.273250013589859,969510605,-0.15050001442432404,969519644,-0.0008750000270083547,969528753,0.05975000187754631,,,,,,,,
mpu,,,,,,,,,969533746,1432,2980,-30604,969533746,579,-920,-329
adc,969537840,0.18250000476837158,969546884,0.04975000396370888,969555920,0.0043750000186264515,969564970,0.042875003069639206,,,,,,,,
adc,969574141,0.09262500703334808,969583184,0.22550001740455627,969592216,0.005875000264495611,969601269,0.11237500607967377,,,,,,,,
mpu,,,,,,,,,969633746,32767,22382,-32768,969633746,999,-1439,-916
adc,969610581,0.33912500739097595,969619620,0.5887500047683716,969628656,0.0021250001154839993,969637862,0.3135000169277191,,,,,,,,
adc,969647085,0.9067500233650208,969656128,0.45375001430511475,969665163,0.18437500298023224,969674215,0.47600001096725464,,,,,,,,
adc,969683399,0.4791250228881836,969692444,-0.15850000083446503,969701484,0.33900001645088196,969710530,0.5286250114440918,,,,,,,,
mpu,,,,,,,,,969733774,9708,19020,-31192,969733774,-207,438,-405
adc,969719665,1.299125075340271,969728700,-0.3398750126361847,969737893,0.41325002908706665,969746945,0.5038750171661377,,,,,,,,
adc,969756123,1.0099999904632568,969765173,0.11012500524520874,969774209,0.5552500486373901,969783265,0.5695000290870667,,,,,,,,
adc,969792402,0.11875000596046448,969801438,0.49375003576278687,969810473,0.6667500138282776,969819518,0.6343750357627869,,,,,,,,
mpu,,,,,,,,,969833741,3132,14864,-27566,969833741,-95,87,-314
adc,969828816,-0.273125022649765,969838290,0.5447500348091125,969847333,0.8201250433921814,969856380,0.8031250238418579,,,,,,,,
adc,969865590,0.30812501907348633,969874624,0.1941250115633011,969883654,0.9963750243186951,969892701,0.9181250333786011,,,,,,,,
adc,969901724,0.7605000138282776,969910772,-0.2461250126361847,969919806,1.008500099182129,969928854,0.9927500486373901,,,,,,,,
mpu,,,,,,,,,969933754,1510,17712,-30966,969933754,81,202,-95
adc,969938290,0.7246250510215759,969947337,-0.14912500977516174,969956369,1.0723750591278076,969965418,0.9418750405311584,,,,,,,,
adc,969974631,0.2487500160932541,969983678,0.3565000295639038,969992712,1.073625087738037,970001757,1.0352500677108765,,,,,,,,
mpu,,,,,,,,,970033739,2558,14530,-30926,970033739,123,110,-92
adc,970010787,-0.1833750158548355,970019837,0.7221250534057617,970028871,1.0881251096725464,970038335,1.1038750410079956,,,,,,,,
adc,970047480,0.021375000476837158,970056522,0.4296250343322754,970065558,1.1732500791549683,970074605,1.1443750858306885,,,,,,,,
adc,970083778,0.5533750057220459,970092827,-0.036125000566244125,970101860,1.2305001020431519,970110907,1.2261250019073486,,,,,,,,
mpu,,,,,,,,,970133752,1640,16522,-31064,970133752,246,81,-150
adc,970120232,0.9537500739097595,970129274,-0.23375001549720764,970138316,1.267875075340271,970147415,1.184000015258789,,,,,,,,
adc,970156614,0.6238750219345093,970165663,0.1366250067949295,970174700,1.367625117301941,970183749,1.2105000019073486,,,,,,,,
adc,970192937,0.10087500512599945,970201983,0.6058750152587891,970211021,1.3878750801086426,970220064,1.2878750562667847,,,,,,,,
mpu,,,,,,,,,970233752,1338,16574,-31810,970233752,336,60,-222
adc,970229238,-0.21700000762939453,970238358,0.6915000081062317,970247400,1.3957500457763672,970256454,1.2822500467300415,,,,,,,,
adc,970265634,0.2057500034570694,970274671,0.24137501418590546,970283708,1.346750020980835,970292757,1.367875099182129,,,,,,,,
adc,970301794,0.7970000505447388,970310834,-0.21687501668930054,970319871,1.3942500352859497,970328923,1.2886250019073486,,,,,,,,
mpu,,,,,,,,,970333750,1108,15908,-32768,970333750,389,-24,-176
adc,970338354,0.9070000648498535,970347399,-0.11575000733137131,970356434,1.4401251077651978,970365480,1.3458750247955322,,,,,,,,
adc,970374707,0.37662503123283386,970383745,0.38587501645088196,970392776,1.4946250915527344,970401827,1.3798750638961792,,,,,,,,
mpu,,,,,,,,,970433745,382,16610,-32768,970433745,344,-82,-208
adc,970410876,-0.16112500429153442,970419916,0.7286250591278076,970428956,1.505750060081482,970438389,1.4321250915527344,,,,,,,,
adc,970447608,-0.13562500476837158,970456659,0.5065000057220459,970465690,1.5346250534057617,970474733,1.4116250276565552,,,,,,,,
adc,970483808,0.38987502455711365,970492845,-0.02537500113248825,970501877,1.5471251010894775,970510924,1.477250099182129,,,,,,,,
mpu,,,,,,,,,970533745,-180,16238,-32768,970533745,290,-122,-182
adc,970519951,0.8880000710487366,970528987,-0.28687500953674316,970538396,1.5480000972747803,970547461,1.4308750629425049,,,,,,,,
adc,970556664,0.6810000538825989,970565704,0.06312499940395355,970574739,1.5512501001358032,970583791,1.4001250267028809,,,,,,,,
adc,970592991,0.09012500196695328,970602032,0.5921249985694885,970611065,1.5251250267028809,970620123,1.4247500896453857,,,,,,,,
mpu,,,,,,,,,970633747,428,16822,-32768,970633747,304,-90,-94
adc,970629172,-0.20600001513957977,970638404,0.6887500286102295,970647450,1.5140000581741333,970656498,1.4665000438690186,,,,,,,,
adc,970665707,0.11562500894069672,970674756,0.26225000619888306,970683787,1.5545001029968262,970692839,1.511125087738037,,,,,,,,
adc,970701862,0.7082500457763672,970710911,-0.2316250056028366,970719949,1.5915000438690186,970728997,1.5230001211166382,,,,,,,,
mpu,,,,,,,,,970733756,-326,16850,-32768,970733756,293,-86,-90
adc,970738412,0.8478750586509705,970747460,-0.19300000369548798,970756492,1.577875018119812,970765537,1.5162500143051147,,,,,,,,
adc,970774746,0.351375013589859,970783796,0.31450000405311584,970792827,1.6072500944137573,970801875,1.5317500829696655,,,,,,,,
mpu,,,,,,,,,970833746,214,16882,-32768,970833746,222,-55,-51
adc,970811085,-0.21175001561641693,970820128,0.7446250319480896,970829167,1.617625117301941,970838393,1.5091251134872437,,,,,,,,
adc,970847616,-0.2136250138282776,970856665,0.5283750295639038,970865700,1.6172500848770142,970874743,1.531000018119812,,,,,,,,
adc,970883878,0.3682500123977661,970892927,-0.006000000052154064,970901961,1.5993751287460327,970911018,1.530250072479248,,,,,,,,
mpu,,,,,,,,,970933740,86,16428,-32768,970933740,150,36,8
adc,970920048,0.8828750252723694,970929092,-0.3021250069141388,970938327,1.6185001134872437,970947385,1.5048750638961792,,,,,,,,
adc,970956605,0.6627500057220459,970965651,0.020375000312924385,970974683,1.6345000267028809,970983730,1.5217500925064087,,,,,,,,
adc,970992801,0.0560000017285347,971001838,0.5520000457763672,971010874,1.6530001163482666,971019917,1.5253751277923584,,,,,,,,
mpu,,,,,,,,,971033763,-600,17056,-32768,971033763,16,47,78
adc,971029186,-0.32462501525878906,971038348,0.6361250281333923,971047390,1.6290000677108765,971056439,1.5711250305175781,,,,,,,,
adc,971065680,0.06437500566244125,971074719,0.22350001335144043,971083750,1.6047500371932983,971092791,1.56850004196167,,,,,,,,
adc,971101972,0.7235000133514404,971111012,-0.21587501466274261,971120046,1.6105000972747803,971129094,1.536500096321106,,,,,,,,
mpu,,,,,,,,,971133747,-60,16908,-32768,971133747,-109,20,155
adc,971138371,0.9003750681877136,971147421,-0.19875000417232513,971156457,1.6112500429153442,971165522,1.5177500247955322,,,,,,,,
adc,971174717,0.40425002574920654,971183762,0.2697499990463257,971192793,1.595250129699707,971201837,1.495750069618225,,,,,,,,
mpu,,,,,,,,,971233747,304,16824,-32768,971233747,-126,-71,132
adc,971210898,-0.19312500953674316,971219938,0.6456250548362732,971228971,1.5715000629425049,971238353,1.521125078201294,,,,,,,,
adc,971247578,-0.20375001430511475,971256626,0.49637502431869507,971265657,1.5348750352859497,971274701,1.5331250429153442,,,,,,,,
adc,971283883,0.3525000214576721,971292932,0.010375000536441803,971301970,1.5093750953674316,971311021,1.5207500457763672,,,,,,,,
mpu,,,,,,,,,971333750,376,18364,-32768,971333750,-141,-35,105
adc,971320075,0.8290000557899475,971329116,-0.2786250114440918,971338409,1.4666250944137573,971347525,1.5026251077651978,,,,,,,,
adc,971356729,0.6567500233650208,971365778,-0.008875000290572643,971374814,1.3573750257492065,971383864,1.4576250314712524,,,,,,,,
adc,971393163,0.07250000536441803,971402218,0.43925002217292786,971411247,1.2726250886917114,971420298,1.3875000476837158,,,,,,,,
mpu,,,,,,,,,971433744,-16,18262,-32768,971433744,-344,66,218
adc,971429577,-0.3476250171661377,971438907,0.6116250157356262,971447951,1.062000036239624,971457005,1.2792500257492065,,,,,,,,
adc,971466221,-0.14650000631809235,971475267,0.29625001549720764,971484302,0.9320000410079956,971493351,1.2223750352859497,,,,,,,,
adc,971502484,0.41225001215934753,971511524,-0.15937501192092896,971520558,0.7600000500679016,971529605,1.1096251010894775,,,,,,,,
mpu,,,,,,,,,971533750,1448,17360,-32768,971533750,-447,51,325
adc,971538829,0.7392500638961792,971547875,-0.21550001204013824,971556901,0.6705000400543213,971565956,1.068000078201294,,,,,,,,
adc,971575156,0.36375001072883606,971584201,0.15912500023841858,971593234,0.6216250061988831,971602281,1.0246250629425049,,,,,,,,
mpu,,,,,,,,,971633740,2486,17346,-31398,971633740,-463,33,351
adc,971611454,-0.15600000321865082,971620506,0.5911250114440918,971629540,0.5062500238418579,971638872,0.937000036239624,,,,,,,,
adc,971648082,-0.3225000202655792,971657127,0.5113750100135803,971666166,0.45600003004074097,971675211,0.8808750510215759,,,,,,,,
adc,971684393,0.15675000846385956,971693437,0.05150000378489494,971702475,0.3876250088214874,971711516,0.8320000171661377,,,,,,,,
mpu,,,,,,,,,971733744,2792,17650,-30608,971733744,-496,-3,364
adc,971720778,0.5951250195503235,971729822,-0.2627499997615814,971738807,0.3218750059604645,971747866,0.7301250100135803,,,,,,,,
adc,971757069,0.4725000262260437,971766114,-0.0442500002682209,971775144,0.2761250138282776,971784197,0.5532500147819519,,,,,,,,
adc,971793382,0.06000000238418579,971802435,0.4037500321865082,971811468,0.2580000162124634,971820512,0.49812501668930054,,,,,,,,
mpu,,,,,,,,,971833756,5106,16758,-28762,971833756,-558,22,358
adc,971829706,-0.34325000643730164,971838913,0.5940000414848328,971847960,0.21650001406669617,971857030,0.4533750116825104,,,,,,,,
adc,971866244,-0.179500013589859,971875283,0.28162500262260437,971884320,0.18137501180171967,971893363,0.48487502336502075,,,,,,,,
adc,971902414,0.3996250331401825,971911454,-0.16237500309944153,971920482,0.1496250033378601,971929518,0.4702500104904175,,,,,,,,
mpu,,,,,,,,,971933748,4938,16912,-30306,971933748,-581,90,334
adc,971938833,0.6287500262260437,971947877,-0.2172500044107437,971956908,0.16250000894069672,971966027,0.45775002241134644,,,,,,,,
adc,971975245,0.3007500171661377,971984280,0.18112501502037048,971993317,0.1600000113248825,972002369,0.4036250114440918,,,,,,,,
mpu,,,,,,,,,972033727,5932,16660,-27842,972033727,-598,84,306
adc,972011560,-0.148375004529953,972020610,0.5668750405311584,972029643,0.15425001084804535,972038931,0.3787500262260437,,,,,,,,
adc,972048163,-0.32637500762939453,972057206,0.4957500100135803,972066235,0.10862500220537186,972075286,0.38600000739097595,,,,,,,,
adc,972084332,0.22037501633167267,972093378,0.05150000378489494,972102415,0.14500001072883606,972111464,0.38962501287460327,,,,,,,,
mpu,,,,,,,,,972133752,4878,15578,-28146,972133752,-578,27,360
adc,972120754,0.5707499980926514,972129804,-0.25699999928474426,972138898,0.10850000381469727,972147969,0.3955000042915344,,,,,,,,
adc,972157167,0.5547500252723694,972166213,-0.06800000369548798,972175249,0.10037500411272049,972184292,0.33887502551078796,,,,,,,,
adc,972193348,0.1158750057220459,972202394,0.4153750240802765,972211431,0.07737500220537186,972220484,0.31300002336502075,,,,,,,,
mpu,,,,,,,,,972233744,5006,14336,-27296,972233744,-543,29,364
adc,972229617,-0.29862502217292786,972238878,0.5893750190734863,972247916,0.0767500028014183,972256977,0.3097500205039978,,,,,,,,
adc,972266175,-0.01912500150501728,972275225,0.2773750126361847,972284262,0.09037500619888306,972293318,0.30287501215934753,,,,,,,,
adc,972302377,0.3960000276565552,972311427,-0.15387500822544098,972320459,0.049000002443790436,972329500,0.32625001668930054,,,,,,,,
mpu,,,,,,,,,972333782,4876,12992,-26708,972333782,-525,88,318
adc,972338950,0.718500018119812,972347995,-0.22837501764297485,972357025,0.06575000286102295,972366079,0.3267500102519989,,,,,,,,
adc,972375289,0.33000001311302185,972384337,0.16375000774860382,972393377,0.1223750039935112,972402426,0.3097500205039978,,,,,,,,
mpu,,,,,,,,,972433745,5986,14056,-24610,972433745,-480,94,283
adc,972411489,-0.12575000524520874,972420534,0.5556250214576721,972429562,0.14387500286102295,972438936,0.35975000262260437,,,,,,,,
adc,972448151,-0.2705000042915344,972457202,0.5098749995231628,972466234,0.1443750113248825,972475287,0.3987500071525574,,,,,,,,
adc,972484347,0.1536250114440918,972493392,0.07437500357627869,972502431,0.17937500774860382,972511478,0.413625031709671,,,,,,,,
mpu,,,,,,,,,972533745,5630,13878,-24048,972533745,-376,86,289
adc,972520528,0.6458750367164612,972529575,-0.25462502241134644,972538654,0.1833750158548355,972547705,0.41750001907348633,,,,,,,,
adc,972556913,0.5960000157356262,972565959,-0.054750002920627594,972574993,0.16725000739097595,972584049,0.43550002574920654,,,,,,,,
adc,972593233,0.09862500429153442,972602282,0.3968750238418579,972611313,0.13500000536441803,972620358,0.42500001192092896,,,,,,,,
mpu,,,,,,,,,972633753,5840,11698,-25848,972633753,-178,-8,296
adc,972629397,-0.2786250114440918,972638909,0.5867500305175781,972647946,0.13225001096725464,972656996,0.4321250319480896,,,,,,,,
adc,972666200,-0.09087500721216202,972675243,0.3160000145435333,972684282,0.12675000727176666,972693320,0.42900002002716064,,,,,,,,
adc,972702500,0.4585000276565552,972711543,-0.12312500923871994,972720576,0.13475000858306885,972729629,0.4663750231266022,,,,,,,,
mpu,,,,,,,,,972733746,7292,12798,-24162,972733746,1,-6,247
adc,972738922,0.6990000605583191,972747975,-0.23925000429153442,972757010,0.10125000774860382,972766059,0.4543750286102295,,,,,,,,
adc,972775272,0.421625018119812,972784312,0.13225001096725464,972793347,0.132625013589859,972802392,0.4617500305175781,,,,,,,,
mpu,,,,,,,,,972833749,6530,10974,-26118,972833749,64,-33,164
adc,972811463,-0.10600000619888306,972820508,0.5526250004768372,972829542,0.11300000548362732,972838911,0.4532500207424164,,,,,,,,
adc,972847971,-0.24025000631809235,972857016,0.5112500190734863,972866049,0.12012500315904617,972875110,0.4973750114440918,,,,,,,,
adc,972884168,0.1355000138282776,972893207,0.08225000649690628,972902241,0.08225000649690628,972911285,0.5125000476837158,,,,,,,,
mpu,,,,,,,,,972933757,6932,11370,-23690,972933757,189,-46,36
adc,972920323,0.6721250414848328,972929363,-0.257750004529953,972938822,0.07487500458955765,972947876,0.5242500305175781,,,,,,,,
adc,972957096,0.6450000405311584,972966144,-0.08375000208616257,972975180,0.055500004440546036,972984217,0.5046250224113464,,,,,,,,
adc,972993479,0.18837501108646393,973002528,0.34275001287460327,973011563,0.009125000797212124,973020634,0.5131250023841858,,,,,,,,
mpu,,,,,,,,,973034202,7122,11236,-27536,973034202,341,-106,-110
adc,973029674,-0.16462500393390656,973038846,0.5938750505447388,973047886,0.0038750001695007086,973056937,0.5417500138282776,,,,,,,,
adc,973066149,0.26100000739097595,973075199,0.2913750112056732,973084228,-0.0031250000465661287,973093272,0.5595000386238098,,,,,,,,
adc,973102592,0.8216250538825989,973111648,-0.08812500536441803,973120678,-0.005875000264495611,973129764,0.5677500367164612,,,,,,,,
mpu,,,,,,,,,973133819,4460,11332,-26652,973133819,478,20,-326
adc,973138986,1.189750075340271,973148037,-0.21400001645088196,973157075,-0.000375000003259629,973166112,0.5616250038146973,,,,,,,,
adc,973175345,1.0607500076293945,973184393,0.11950000375509262,973193432,0.0061250003054738045,973202490,0.5761250257492065,,,,,,,,
mpu,,,,,,,,,973233741,5144,12002,-23590,973233741,480,134,-620
adc,973211776,0.7356250286102295,973220817,0.47937503457069397,973229852,0.006875000428408384,973238919,0.6333750486373901,,,,,,,,
adc,973248135,0.24625001847743988,973257181,0.5100000500679016,973266214,0.000375000003259629,973275266,0.6380000114440918,,,,,,,,
adc,973284550,0.3943750262260437,973293599,0.1407500058412552,973302633,-0.0036250001285225153,973311684,0.6568750143051147,,,,,,,,
mpu,,,,,,,,,973333755,4486,12728,-28588,973333755,568,97,-654
adc,973320723,0.815125048160553,973329765,-0.24650001525878906,973338883,0.04412500187754631,973347942,0.7040000557899475,,,,,,,,
adc,973357174,0.8265000581741333,973366223,-0.15450000762939453,973375258,0.16450001299381256,973384309,0.8025000095367432,,,,,,,,
mpu,,,,,,,,,973433744,10610,18500,-19948,973433744,881,140,-620
adc,973411261,0.015500000678002834,973420316,0.5236250162124634,973429352,0.45637503266334534,973438328,0.9026250243186951,,,,,,,,
mpu,,,,,,,,,973533731,-314,11932,-32768,973533731,799,185,-498
adc,973511273,-0.12475000321865082,973520310,0.5220000147819519,973529339,0.6843750476837158,973538340,1.0451250076293945,,,,,,,,
mpu,,,,,,,,,973633732,1866,15458,-27764,973633732,710,148,-412
adc,973611261,-0.019375000149011612,973620292,0.5103750228881836,973629328,0.7443750500679016,973638515,1.152500033378601,,,,,,,,
mpu,,,,,,,,,973733726,384,15146,-32768,973733726,605,-22,-417
adc,973711260,-0.04750000312924385,973720295,0.5353749990463257,973729326,0.9722500443458557,973738396,1.3020000457763672,,,,,,,,
mpu,,,,,,,,,973833730,178,15734,-32768,973833730,585,-91,-427
adc,973811250,0.012000000104308128,973820287,0.5397500395774841,973829322,1.117875099182129,973838387,1.3433750867843628,,,,,,,,
mpu,,,,,,,,,973933728,1552,17836,-31948,973933728,520,-246,-253
adc,973911259,0.030625000596046448,973920296,0.5372500419616699,973929329,1.34975004196167,973938827,1.3638750314712524,,,,,,,,
mpu,,,,,,,,,974033725,858,17144,-32768,974033725,408,-178,-138
adc,974011243,0.008750000037252903,974020278,0.6221250295639038,974029309,1.4086251258850098,974038317,1.4307500123977661,,,,,,,,
mpu,,,,,,,,,974133732,-88,18696,-32768,974133732,220,-82,-45
adc,974111257,-0.012875000946223736,974120297,0.5130000114440918,974129332,1.4381250143051147,974138427,1.3661251068115234,,,,,,,,
mpu,,,,,,,,,974233729,-468,20074,-32768,974233729,-9,7,27
adc,974211256,-0.012750000692903996,974220297,0.43825003504753113,974229332,1.346250057220459,974238541,1.309000015258789,,,,,,,,
mpu,,,,,,,,,974333727,-2770,17266,-32768,974333727,-256,75,165
adc,974311256,0.018250001594424248,974320288,0.5078750252723694,974329324,0.9658750295639038,974338794,1.2528750896453857,,,,,,,,
mpu,,,,,,,,,974433727,-3796,20888,-32768,974433727,-767,105,507
adc,974411256,-0.0755000039935112,974420294,0.518750011920929,974429331,0.5446250438690186,974438792,0.9535000324249268,,,,,,,,
mpu,,,,,,,,,974533727,2704,15086,-32030,974533727,-1152,52,810
adc,974511254,-0.10475000739097595,974520291,0.4801250100135803,974529327,0.09875000268220901,974538388,0.4516250193119049,,,,,,,,
mpu,,,,,,,,,974633727,4210,16960,-31170,974633727,-1043,110,678
adc,974611256,-0.004500000271946192,974620291,0.48237502574920654,974629328,0.09037500619888306,974638801,0.43825003504753113,,,,,,,,
mpu,,,,,,,,,974733728,4228,17656,-29122,974733728,-1050,-59,561
adc,974711260,-0.004625000059604645,974720302,0.5011250376701355,974729338,0.12212500721216202,974738323,0.42762503027915955,,,,,,,,
mpu,,,,,,,,,974833734,6716,14872,-26962,974833734,-971,181,476
adc,974811264,0.004625000059604645,974820291,0.4803750216960907,974829326,0.09512500464916229,974838310,0.29337501525878906,,,,,,,,
mpu,,,,,,,,,974933730,4278,14718,-28010,974933730,-772,54,434
adc,974911261,-0.0021250001154839993,974920304,0.4988750219345093,974929335,0.14675000309944153,974938812,0.42612501978874207,,,,,,,,
mpu,,,,,,,,,975033726,4474,11394,-27252,975033726,-538,-14,402
adc,975011252,0.004000000189989805,975020290,0.5005000233650208,975029323,0.1691250056028366,975038810,0.43825003504753113,,,,,,,,
mpu,,,,,,,,,975133737,5604,10430,-25824,975133737,-198,-48,258
adc,975111273,-0.012875000946223736,975120305,0.499875009059906,975129345,0.051625002175569534,975138357,0.3643750250339508,,,,,,,,
mpu,,,,,,,,,975233731,5658,9938,-25526,975233731,128,-60,36
adc,975211252,0.039375003427267075,975220290,0.49775001406669617,975229328,0.006875000428408384,975238330,0.31850001215934753,,,,,,,,
mpu,,,,,,,,,975333733,6464,10070,-27464,975333733,417,-161,-259
adc,975311275,0.09025000780820847,975320314,0.4441250264644623,975329344,0.006750000175088644,975338806,0.3798750042915344,,,,,,,,
mpu,,,,,,,,,975433727,6810,10486,-26620,975433727,569,-175,-719
adc,975411251,0.7112500071525574,975420290,0.4090000092983246,975429321,0.007000000216066837,975438356,0.47075003385543823,,,,,,,,
mpu,,,,,,,,,975533733,4556,13704,-24672,975533733,780,151,-874
adc,975511253,0.3317500054836273,975520291,0.44725000858306885,975529326,0.19600000977516174,975538348,0.643625020980835,,,,,,,,
mpu,,,,,,,,,975633732,4146,13018,-26844,975633732,858,217,-691
adc,975611254,0.13175000250339508,975620289,0.437125027179718,975629330,0.8163750171661377,975638815,0.8921250700950623,,,,,,,,
mpu,,,,,,,,,975733736,5332,14806,-25964,975733736,807,233,-599
adc,975711254,0.22800001502037048,975720286,0.43412500619888306,975729316,1.0851250886917114,975738371,1.0887500047683716,,,,,,,,
mpu,,,,,,,,,975833729,1496,14106,-29860,975833729,957,171,-400
adc,975811257,0.12037500739097595,975820295,0.5048750042915344,975829328,1.2233750820159912,975838795,1.2288750410079956,,,,,,,,
mpu,,,,,,,,,975933736,1242,19550,-31206,975933736,973,-12,-352
adc,975911243,0.11262500286102295,975920273,0.5673750042915344,975929306,1.3111250400543213,975938321,1.3415000438690186,,,,,,,,
mpu,,,,,,,,,976033735,96,18668,-32768,976033735,721,-240,-209
adc,976011257,0.10250000655651093,976020303,0.4358750283718109,976029336,1.4472501277923584,976038784,1.3171250820159912,,,,,,,,
mpu,,,,,,,,,976133732,-168,19002,-32768,976133732,325,-47,-72
adc,976111262,0.16175000369548798,976120307,0.4878750145435333,976129341,1.4752501249313354,976138527,1.3138750791549683,,,,,,,,
mpu,,,,,,,,,976233728,-1458,21694,-32768,976233728,-143,-36,105
adc,976211254,0.1782500147819519,976220292,0.38087502121925354,976229326,1.2701250314712524,976238532,1.2300000190734863,,,,,,,,
mpu,,,,,,,,,976333730,1098,21772,-32768,976333730,-822,22,472
adc,976311247,0.11987500637769699,976320284,0.468625009059906,976329317,0.6033750176429749,976338800,0.8868750333786011,,,,,,,,
mpu,,,,,,,,,976433726,3176,16618,-29028,976433726,-1473,-42,776
adc,976411248,-0.07500000298023224,976420289,0.3213750123977661,976429326,0.10112500190734863,976438796,0.3398750126361847,,,,,,,,
mpu,,,,,,,,,976533728,4322,20758,-31066,976533728,-1394,40,774
adc,976511261,0.14775000512599945,976520298,0.46525001525878906,976529334,0.13300000131130219,976538323,0.34987500309944153,,,,,,,,
mpu,,,,,,,,,976633728,2938,15160,-23394,976633728,-1157,190,722
adc,976611260,0.023000001907348633,976620294,0.42387503385543823,976629328,0.020250000059604645,976638819,0.1496250033378601,,,,,,,,
mpu,,,,,,,,,976733727,5502,14428,-28174,976733727,-882,88,551
adc,976711259,0.04775000363588333,976720301,0.4281250238418579,976729336,0.006500000134110451,976738323,0.10987500846385956,,,,,,,,
mpu,,,,,,,,,976833725,4696,13956,-25908,976833725,-429,64,502
adc,976811247,0.035750001668930054,976820288,0.38487502932548523,976829322,0.006625000387430191,976838782,0.18437500298023224,,,,,,,,
mpu,,,,,,,,,976933727,4056,9400,-26738,976933727,-4,-111,288
adc,976911258,0.04787500202655792,976920287,0.41225001215934753,976929322,0.007375000510364771,976938319,0.17075000703334808,,,,,,,,
mpu,,,,,,,,,977033729,5200,8966,-27932,977033729,343,-278,-188
adc,977011266,0.37400001287460327,977020301,0.3317500054836273,977029336,0.007125000469386578,977038805,0.24512501060962677,,,,,,,,
mpu,,,,,,,,,977133727,3684,10120,-26420,977133727,504,-109,-835
adc,977111258,0.9610000252723694,977120301,0.31725001335144043,977129332,0.006750000175088644,977138313,0.5122500061988831,,,,,,,,
mpu,,,,,,,,,977233734,1418,10018,-27134,977233734,743,167,-980
adc,977211245,0.6628750562667847,977220287,0.3881250321865082,977229319,0.28187501430511475,977238534,0.6965000033378601,,,,,,,,
mpu,,,,,,,,,977333732,632,12538,-26192,977333732,939,327,-698
adc,977311259,0.38700002431869507,977320298,0.41050001978874207,977329333,0.936750054359436,977338809,0.8786250352859497,,,,,,,,
mpu,,,,,,,,,977433732,3966,13446,-29020,977433732,1067,82,-509
adc,977411256,0.2900000214576721,977420288,0.4700000286102295,977429325,1.3166251182556152,977438306,1.0660001039505005,,,,,,,,
mpu,,,,,,,,,977533732,4366,18290,-30332,977533732,1103,-228,-451
adc,977511260,0.2918750047683716,977520303,0.43687501549720764,977529333,1.531000018119812,977538342,1.2816250324249268,,,,,,,,
mpu,,,,,,,,,977633726,2924,19992,-32366,977633726,920,-324,-319
adc,977611259,0.31550002098083496,977620296,0.5081250071525574,977629331,1.721000075340271,977638311,1.3193750381469727,,,,,,,,
mpu,,,,,,,,,977733734,-718,19834,-32768,977733734,531,-36,-170
adc,977711260,0.40287500619888306,977720292,0.39775002002716064,977729326,1.7305001020431519,977738380,1.3511251211166382,,,,,,,,
mpu,,,,,,,,,977833729,1212,23746,-32768,977833729,-68,36,-4
adc,977811268,0.3303750157356262,977820306,0.3113750219345093,977829339,1.479875087738037,977838810,1.186750054359436,,,,,,,,
mpu,,,,,,,,,977933727,-1892,19352,-30782,977933727,-1175,177,635
adc,977911253,-0.2305000126361847,977920289,0.2343750149011612,977929319,0.3956250250339508,977938793,0.640250027179718,,,,,,,,
mpu,,,,,,,,,978033728,5352,18284,-28222,978033728,-1635,36,869
adc,978011259,0.014500000514090061,978020302,0.21512500941753387,978029337,0.045250002294778824,978038786,0.20337501168251038,,,,,,,,
mpu,,,,,,,,,978133730,-766,18130,-27602,978133730,-1414,213,853
adc,978111259,-0.007375000510364771,978120296,0.3581250309944153,978129335,0.010250000283122063,978138516,0.1821250021457672,,,,,,,,
mpu,,,,,,,,,978233732,5438,15848,-29258,978233732,-1230,-17,721
adc,978211261,-0.0042500002309679985,978220301,0.2722500264644623,978229332,0.006500000134110451,978238366,0.10250000655651093,,,,,,,,
mpu,,,,,,,,,978333728,5204,12454,-26982,978333728,-752,145,560
adc,978311255,0.023125000298023224,978320292,0.21950000524520874,978329327,0.006625000387430191,978338802,0.07312500476837158,,,,,,,,
mpu,,,,,,,,,978433722,3328,9254,-26624,978433722,-105,-2,216
adc,978411252,0.02525000087916851,978420288,0.19987501204013824,978429325,0.007750000339001417,978438811,0.10200000554323196,,,,,,,,
mpu,,,,,,,,,978533729,2226,4474,-29510,978533729,552,-148,-284
adc,978511265,0.045375000685453415,978520299,0.179500013589859,978529330,0.00812500063329935,978538327,0.2671250104904175,,,,,,,,
mpu,,,,,,,,,978633726,1236,5990,-29824,978633726,857,-76,-976
adc,978611263,1.4626250267028809,978620295,0.29350000619888306,978629335,0.19362500309944153,978638785,0.6778750419616699,,,,,,,,
mpu,,,,,,,,,978733728,2012,12176,-31148,978733728,1064,335,-916
adc,978711248,0.8786250352859497,978720285,0.3070000112056732,978729317,0.9166250228881836,978738326,0.8952500224113464,,,,,,,,
mpu,,,,,,,,,978833730,816,14128,-23476,978833730,1328,160,-528
adc,978811257,0.40412500500679016,978820293,0.36925002932548523,978829328,1.264625072479248,978838319,1.11537504196167,,,,,,,,
mpu,,,,,,,,,978933742,4426,18952,-25070,978933742,1307,-428,-512
adc,978911268,0.4180000126361847,978920303,0.4502500295639038,978929346,1.51437509059906,978938334,1.215000033378601,,,,,,,,
mpu,,,,,,,,,979033728,4426,18952,-25070,979033728,1307,-428,-512
adc,979011251,0.4413750171661377,979020284,0.18050001561641693,979029311,1.6470000743865967,979038402,1.0946249961853027,,,,,,,,
mpu,,,,,,,,,979133730,4700,19932,-31118,979133730,968,-312,-420
adc,979111247,0.37412500381469727,979120292,0.3813750147819519,979129328,1.5888750553131104,979138638,1.1082500219345093,,,,,,,,
mpu,,,,,,,,,979233730,-1060,24086,-32768,979233730,484,-13,-275
adc,979211263,0.37700000405311584,979220297,0.26875001192092896,979229334,0.7202500104904175,979238536,0.9962500333786011,,,,,,,,
mpu,,,,,,,,,979333735,-4766,30752,-32768,979333735,-584,110,290
adc,979311254,-0.023750001564621925,979320291,0.027000000700354576,979329323,0.07900000363588333,979338534,0.2510000169277191,,,,,,,,
mpu,,,,,,,,,979433734,4912,15338,-32170,979433734,-2080,71,1155
adc,979411247,0.1417500078678131,979420285,0.3068750202655792,979429324,0.006375000346451998,979438328,0.23750001192092896,,,,,,,,
mpu,,,,,,,,,979533732,0,21910,-30870,979533732,-1758,129,1108
adc,979511268,0.051625002175569534,979520306,0.11525000631809235,979529342,0.0062500000931322575,979538395,0.048625003546476364,,,,,,,,
mpu,,,,,,,,,979633725,2476,14388,-28176,979633725,-1425,262,952
adc,979611250,0.08612500131130219,979620293,0.18262501060962677,979629327,0.007750000339001417,979638803,0.07587500661611557,,,,,,,,
mpu,,,,,,,,,979733727,5154,10010,-28716,979733727,-618,-163,559
adc,979711256,0.09100000560283661,979720297,0.17087501287460327,979729326,0.006625000387430191,979738325,0.2758750021457672,,,,,,,,
mpu,,,,,,,,,979833732,962,3856,-30580,979833732,410,83,-188
adc,979811255,1.5810000896453857,979820289,0.17337501049041748,979829322,0.07725000381469727,979838796,0.5481250286102295,,,,,,,,
mpu,,,,,,,,,979933733,1814,3022,-32768,979933733,1056,-51,-1070
adc,979911258,1.0318750143051147,979920296,0.24625001847743988,979929331,0.7590000629425049,979938797,0.7860000133514404,,,,,,,,
mpu,,,,,,,,,980033736,1716,10072,-26490,980033736,1299,392,-1055
adc,980011259,0.6366250514984131,980020306,0.30925002694129944,980029340,1.104875087738037,980038821,0.9778750538825989,,,,,,,,
mpu,,,,,,,,,980133722,7890,13244,-22678,980133722,1560,-132,-678
adc,980111246,0.4671250283718109,980120285,0.4332500100135803,980129324,1.5035001039505005,980138348,1.1583750247955322,,,,,,,,
mpu,,,,,,,,,980233736,4528,22688,-30190,980233736,1461,-400,-516
adc,980211261,0.2535000145435333,980220299,0.08475000411272049,980229335,1.570750117301941,980238313,1.2108750343322754,,,,,,,,
mpu,,,,,,,,,980333728,-2916,29134,-32768,980333728,625,-21,-242
adc,980311276,0.1612500101327896,980320307,0.31550002098083496,980329342,0.5877500176429749,980338809,0.9062500596046448,,,,,,,,
mpu,,,,,,,,,980433737,-6820,32700,-32768,980433737,-1090,115,624
adc,980411261,0.4148750305175781,980420301,0.16300000250339508,980429331,0.017875000834465027,980438813,0.2772500216960907,,,,,,,,
mpu,,,,,,,,,980533726,5360,21290,-27236,980533726,-2303,136,1336
adc,980511249,0.1823750138282776,980520286,0.13500000536441803,980529319,0.09725000709295273,980538552,0.3003750145435333,,,,,,,,
mpu,,,,,,,,,980633734,-484,19798,-26826,980633734,-1972,338,1192
adc,980611269,0.12775000929832458,980620310,0.101500004529953,980629347,0.006000000052154064,980638576,0.12550000846385956,,,,,,,,
mpu,,,,,,,,,980733724,5722,8762,-31824,980733724,-1017,-93,719
adc,980711259,0.5262500047683716,980720294,0.14012500643730164,980729334,0.005750000476837158,980738331,0.2995000183582306,,,,,,,,
mpu,,,,,,,,,980833731,230,2692,-30350,980833731,369,-2,-113
adc,980811253,1.5981251001358032,980820291,0.08737500756978989,980829328,0.013500000350177288,980838536,0.4351250231266022,,,,,,,,
mpu,,,,,,,,,980933727,2468,-1118,-32768,980933727,1267,-146,-1224
adc,980911262,0.9283750653266907,980920303,0.19837501645088196,980929336,0.5866250395774841,980938545,0.7290000319480896,,,,,,,,
mpu,,,,,,,,,981033735,3420,7836,-22398,981033735,1575,348,-1309
adc,981011244,0.5480000376701355,981020287,0.3696250319480896,981029321,1.0376250743865967,981038802,0.9217500686645508,,,,,,,,
mpu,,,,,,,,,981133739,6680,20164,-22588,981133739,1750,-207,-680
adc,981111265,0.7662500143051147,981120301,0.11875000596046448,981129341,1.2938750982284546,981138549,1.042875051498413,,,,,,,,
mpu,,,,,,,,,981233730,4948,29314,-32768,981233730,1329,-204,-440
adc,981211260,0.780875027179718,981220295,0.03437500074505806,981229326,1.1033750772476196,981238822,1.0092500448226929,,,,,,,,
mpu,,,,,,,,,981333729,-7170,32767,-32768,981333729,-262,41,184
adc,981311261,0.001125000067986548,981320295,-0.1498750001192093,981329330,0.07825000584125519,981338324,0.4540000259876251,,,,,,,,
mpu,,,,,,,,,981433732,-218,19478,-31536,981433732,-2431,262,1443
adc,981411260,0.18912501633167267,981420296,0.048875004053115845,981429332,0.057500001043081284,981438331,0.35612502694129944,,,,,,,,
mpu,,,,,,,,,981533732,2564,21896,-32768,981533732,-2267,225,1470
adc,981511254,0.2771250009536743,981520293,0.03812500089406967,981529326,0.005000000353902578,981538536,0.12475000321865082,,,,,,,,
mpu,,,,,,,,,981633732,-2,8126,-28298,981633732,-1335,217,894
adc,981611255,0.4148750305175781,981620291,0.07400000095367432,981629327,0.006375000346451998,981638635,0.2016250044107437,,,,,,,,
mpu,,,,,,,,,981733723,-418,654,-31952,981733723,283,-277,-140
adc,981711261,1.5871250629425049,981720298,0.06100000441074371,981729334,0.005500000435858965,981738562,0.30550000071525574,,,,,,,,
mpu,,,,,,,,,981833735,4804,-3610,-32768,981833735,1329,-189,-1391
adc,981811257,1.4102500677108765,981820296,0.20350000262260437,981829330,0.3056250214576721,981838803,0.5991250276565552,,,,,,,,
mpu,,,,,,,,,981933730,7444,5542,-21476,981933730,1766,436,-1354
adc,981911256,0.7386250495910645,981920298,0.2785000205039978,981929333,0.7422500252723694,981938830,0.9182500243186951,,,,,,,,
mpu,,,,,,,,,982033737,4768,26030,-24930,982033737,1826,-120,-721
adc,982011261,0.9477500319480896,982020301,0.045500002801418304,982029330,1.100000023841858,982038312,0.8791250586509705,,,,,,,,
mpu,,,,,,,,,982133730,2228,31192,-32768,982133730,1196,-217,-332
adc,982111252,0.749875009059906,982120291,-0.17462500929832458,982129325,0.674875020980835,982138331,0.7812500596046448,,,,,,,,
mpu,,,,,,,,,982233724,-1918,32767,-32768,982233724,-871,19,504
adc,982211261,0.5391250252723694,982220291,-0.10575000196695328,982229324,0.048375003039836884,982238528,0.3173750042915344,,,,,,,,
mpu,,,,,,,,,982333737,2006,24612,-27966,982333737,-2743,363,1576
adc,982311252,0.40950003266334534,982320288,-0.04100000113248825,982329322,0.005500000435858965,982338347,0.24550001323223114,,,,,,,,
mpu,,,,,,,,,982433725,1900,19758,-27388,982433725,-2264,114,1338
adc,982411260,0.3957500159740448,982420298,-0.07312500476837158,982429330,0.005375000182539225,982438811,0.16950000822544098,,,,,,,,
mpu,,,,,,,,,982533727,1762,5774,-30304,982533727,-755,-15,560
adc,982511253,0.5997500419616699,982520289,-0.020375000312924385,982529321,0.005000000353902578,982538398,0.18175001442432404,,,,,,,,
mpu,,,,,,,,,982633731,-848,-2642,-32768,982633731,858,-312,-745
adc,982611260,1.134124994277954,982620298,-0.05000000074505806,982629331,0.005625000223517418,982638320,0.1990000158548355,,,,,,,,
mpu,,,,,,,,,982733725,2348,-3986,-22620,982733725,1688,93,-1765
adc,982711251,0.8798750638961792,982720294,0.22837501764297485,982729333,0.5196250081062317,982738314,0.6687500476837158,,,,,,,,
mpu,,,,,,,,,982833733,8846,18652,-18648,982833733,1978,427,-1024
adc,982811269,0.7461250424385071,982820305,-0.07500000298023224,982829341,0.971125066280365,982838816,0.8482500314712524,,,,,,,,
mpu,,,,,,,,,982933737,3620,30604,-29692,982933737,1725,-356,-523
adc,982911252,0.9803750514984131,982920279,-0.21812501549720764,982929316,1.090250015258789,982938527,0.8927500247955322,,,,,,,,
mpu,,,,,,,,,983033733,6368,32588,-32768,983033733,222,14,61
adc,983011258,0.1341250091791153,983020290,-0.1771250069141388,983029326,0.6098750233650208,983038805,0.861875057220459,,,,,,,,
mpu,,,,,,,,,983133731,-4910,32767,-32768,983133731,-2163,200,1243
adc,983111256,0.43425002694129944,983120296,-0.10325000435113907,983129335,0.08350000530481339,983138536,0.31975001096725464,,,,,,,,
mpu,,,,,,,,,983233734,1756,18394,-32768,983233734,-2815,269,1765
adc,983211249,0.48087501525878906,983220291,-0.08350000530481339,983229325,0.004875000100582838,983238326,0.29762500524520874,,,,,,,,
mpu,,,,,,,,,983333726,3056,8448,-29324,983333726,-1394,70,1001
adc,983311261,0.32450002431869507,983320297,-0.036250002682209015,983329335,0.004750000312924385,983338820,0.28837502002716064,,,,,,,,
mpu,,,,,,,,,983433731,952,856,-32388,983433731,300,-239,-212
adc,983411250,1.2728750705718994,983420286,-0.05587500333786011,983429319,0.005500000435858965,983438807,0.16612501442432404,,,,,,,,
mpu,,,,,,,,,983533744,5648,-3416,-32768,983533744,1454,-233,-1395
adc,983511275,1.2942500114440918,983520315,-0.11500000208616257,983529352,0.004500000271946192,983538337,0.3188750147819519,,,,,,,,
mpu,,,,,,,,,983633729,8204,5860,-24540,983633729,1739,366,-1225
adc,983611255,0.9948750734329224,983620292,-0.08100000023841858,983629328,0.23975001275539398,983638805,0.6913750171661377,,,,,,,,
mpu,,,,,,,,,983733727,6566,26262,-25442,983733727,1630,130,-663
adc,983711254,0.6625000238418579,983720294,0.020625000819563866,983729335,0.4516250193119049,983738824,0.7696250081062317,,,,,,,,
mpu,,,,,,,,,983833726,290,28438,-32012,983833726,851,6,-447
adc,983811251,1.136875033378601,983820290,-0.12587501108646393,983829324,0.7103750109672546,983838361,0.8370000123977661,,,,,,,,
mpu,,,,,,,,,983933726,-5044,26994,-32768,983933726,-459,-188,277
adc,983911259,0.8036250472068787,983920287,-0.20137500762939453,983929325,0.9383750557899475,983938314,1.03725004196167,,,,,,,,
mpu,,,,,,,,,984033725,-7930,8148,-32768,984033725,-460,76,247
adc,984011254,1.4816250801086426,984020296,-0.20625001192092896,984029324,1.2120000123977661,984038817,1.1866250038146973,,,,,,,,
mpu,,,,,,,,,984133729,5340,25546,-19856,984133729,939,-184,-592
adc,984111254,1.3785001039505005,984120292,-0.20375001430511475,984129328,1.4483751058578491,984138423,1.2903751134872437,,,,,,,,
mpu,,,,,,,,,984233724,4020,13278,-24444,984233724,-95,-99,115
adc,984211259,0.862500011920929,984220292,-0.12062500417232513,984229325,1.5033750534057617,984238317,1.3350000381469727,,,,,,,,
mpu,,,,,,,,,984333736,744,16960,-32342,984333736,-138,124,93
adc,984311265,0.7858750224113464,984320306,-0.1821250021457672,984329342,1.4067500829696655,984338823,1.3980001211166382,,,,,,,,
mpu,,,,,,,,,984433724,-3504,17376,-32768,984433724,318,209,-204
adc,984411255,0.862250030040741,984420298,-0.1510000079870224,984429331,1.2836250066757202,984438817,1.208375096321106,,,,,,,,
mpu,,,,,,,,,984533730,-590,16238,-32768,984533730,338,91,-213
adc,984511257,1.1901251077651978,984520292,-0.17937500774860382,984529326,1.3242501020431519,984538310,1.277250051498413,,,,,,,,
mpu,,,,,,,,,984633731,2672,15894,-30174,984633731,-207,-134,140
adc,984611245,1.030750036239624,984620287,-0.11212500184774399,984629322,1.4108750820159912,984638537,1.3385000228881836,,,,,,,,
mpu,,,,,,,,,984733728,-284,16478,-32768,984733728,-268,-112,176
adc,984711255,0.7680000066757202,984720292,-0.14000000059604645,984729325,1.4065001010894775,984738321,1.350250005722046,,,,,,,,
mpu,,,,,,,,,984833726,-3170,18984,-32768,984833726,110,171,-71
adc,984811263,0.6941250562667847,984820302,-0.1991250067949295,984829337,0.9878750443458557,984838827,1.2502501010894775,,,,,,,,
mpu,,,,,,,,,984933732,-366,16942,-32768,984933732,730,56,-415
adc,984911257,0.861875057220459,984920291,-0.1810000091791153,984929325,0.846375048160553,984938371,1.205125093460083,,,,,,,,
mpu,,,,,,,,,985033732,-60,15974,-32768,985033732,674,15,-387
adc,985011262,0.8680000305175781,985020294,-0.17350000143051147,985029330,0.9098750352859497,985038813,1.20912504196167,,,,,,,,
mpu,,,,,,,,,985133725,-1360,16108,-32768,985133725,290,103,-167
adc,985111251,0.8682500123977661,985120289,-0.1915000081062317,985129322,0.8232500553131104,985138320,1.1697500944137573,,,,,,,,
mpu,,,,,,,,,985233723,-1312,15840,-32768,985233723,17,30,-6
adc,985211253,0.9220000505447388,985220291,-0.1940000057220459,985229326,0.9491250514984131,985238529,1.2105000019073486,,,,,,,,
mpu,,,,,,,,,985333729,-1204,16350,-32768,985333729,-103,-59,81
adc,985311253,0.968000054359436,985320293,-0.20012500882148743,985329325,0.9288750290870667,985338301,1.2108750343322754,,,,,,,,
mpu,,,,,,,,,985433730,-1652,16568,-32768,985433730,-68,17,48
adc,985411260,0.9441250562667847,985420297,-0.21375000476837158,985429331,0.9601250290870667,985438797,1.2112500667572021,,,,,,,,
mpu,,,,,,,,,985533732,-2070,16484,-32768,985533732,4,60,-15
adc,985511242,0.9333750605583191,985520282,-0.2306250035762787,985529320,1.0072500705718994,985538550,1.2526251077651978,,,,,,,,
mpu,,,,,,,,,985633728,-1858,16478,-32768,985633728,43,-20,-22
adc,985611269,0.924500048160553,985620308,-0.23625001311302185,985629341,0.9770000576972961,985638789,1.2952500581741333,,,,,,,,
mpu,,,,,,,,,985733728,-1314,16344,-32768,985733728,23,-35,-15
adc,985711254,0.8946250677108765,985720296,-0.2317500114440918,985729331,0.8835000395774841,985738555,1.277250051498413,,,,,,,,
mpu,,,,,,,,,985833731,-1198,16162,-32768,985833731,-41,-11,-1
adc,985811252,0.8710000514984131,985820285,-0.2357500046491623,985829325,0.8437500596046448,985838548,1.2233750820159912,,,,,,,,
mpu,,,,,,,,,985933728,-1352,16086,-32768,985933728,-97,-24,23
adc,985911258,0.9120000600814819,985920296,-0.2407500147819519,985929325,0.9263750314712524,985938319,1.2108750343322754,,,,,,,,
mpu,,,,,,,,,986033724,-1088,16206,-32768,986033724,-121,-3,39
adc,986011259,0.9177500605583191,986020303,-0.24312500655651093,986029339,0.9376250505447388,986038795,1.2231251001358032,,,,,,,,
mpu,,,,,,,,,986133730,-1264,16294,-32768,986133730,-87,-11,27
adc,986111256,0.9178750514984131,986120294,-0.25050002336502075,986129331,0.9155000448226929,986138347,1.2201250791549683,,,,,,,,
mpu,,,,,,,,,986233730,-1278,16396,-32768,986233730,-42,-13,15
adc,986211257,0.9078750610351562,986220298,-0.2536250054836273,986229335,0.924500048160553,986238317,1.2082500457763672,,,,,,,,
mpu,,,,,,,,,986333726,-1300,16322,-32768,986333726,0,-16,-5
adc,986311252,0.9172500371932983,986320292,-0.25699999928474426,986329329,0.8982500433921814,986338826,1.1965000629425049,,,,,,,,
mpu,,,,,,,,,986433730,-1424,16426,-32768,986433730,1,-10,-7
adc,986411254,0.9168750643730164,986420294,-0.26237502694129944,986429331,0.9285000562667847,986438777,1.186750054359436,,,,,,,,
mpu,,,,,,,,,986533736,-1162,16330,-32768,986533736,-14,-5,-1
adc,986511256,0.9200000166893005,986520291,-0.2639999985694885,986529326,0.940125048160553,986538494,1.2007501125335693,,,,,,,,
mpu,,,,,,,,,986633733,-1252,16292,-32768,986633733,-16,-2,-3
adc,986611242,0.921375036239624,986620286,-0.2657500207424164,986629322,0.9751250743865967,986638314,1.2025001049041748,,,,,,,,
mpu,,,,,,,,,986733731,-1256,16240,-32768,986733731,-12,-5,-2
adc,986711260,0.9191250205039978,986720291,-0.2681250274181366,986729327,0.9771250486373901,986738401,1.203125,,,,,,,,
mpu,,,,,,,,,986833730,-1346,16276,-32768,986833730,-7,3,-3
adc,986811266,0.9195000529289246,986820306,-0.27125000953674316,986829335,0.9750000238418579,986838540,1.2043750286102295,,,,,,,,
mpu,,,,,,,,,986933725,-1442,16362,-32768,986933725,-9,-1,1
adc,986911262,0.9162500500679016,986920297,-0.27400001883506775,986929327,0.971750020980835,986938305,1.205125093460083,,,,,,,,
mpu,,,,,,,,,987033734,-1336,16440,-32768,987033734,-18,5,9
adc,987011266,0.9177500605583191,987020301,-0.2750000059604645,987029334,0.9676250219345093,987038827,1.1967500448226929,,,,,,,,
mpu,,,,,,,,,987133726,-1316,16436,-32768,987133726,-24,12,12
adc,987111251,0.9186250567436218,987120288,-0.27812501788139343,987129322,0.9768750667572021,987138543,1.2040001153945923,,,,,,,,
mpu,,,,,,,,,987233730,-1316,16442,-32768,987233730,-26,13,17
adc,987211262,0.9150000214576721,987220297,-0.27937501668930054,987229331,0.9581250548362732,987238545,1.2057501077651978,,,,,,,,
mpu,,,,,,,,,987333739,-1240,16316,-32768,987333739,-34,16,19
adc,987311261,0.9145000576972961,987320296,-0.2815000116825104,987329337,0.9640000462532043,987338824,1.2033751010894775,,,,,,,,
mpu,,,,,,,,,987433720,-1224,16350,-32768,987433720,-30,14,17
adc,987411255,0.9095000624656677,987420291,-0.28125,987429324,0.9691250324249268,987438764,1.2070000171661377,,,,,,,,
mpu,,,,,,,,,987533731,-1140,16312,-32768,987533731,-22,7,17
adc,987511247,0.909000039100647,987520287,-0.2813750207424164,987529317,1.0078750848770142,987538541,1.2103750705718994,,,,,,,,
mpu,,,,,,,,,987633732,-1168,16444,-32768,987633732,-11,8,7
adc,987611260,0.905375063419342,987620290,-0.28312501311302185,987629325,1.0082499980926514,987638799,1.2111250162124634,,,,,,,,
mpu,,,,,,,,,987733726,-1226,16424,-32768,987733726,-2,4,3
adc,987711258,0.9041250348091125,987720299,-0.2840000092983246,987729333,1.0262500047683716,987738511,1.2085000276565552,,,,,,,,
mpu,,,,,,,,,987833728,-1014,16492,-32768,987833728,-1,3,3
adc,987811254,0.9027500152587891,987820292,-0.28425002098083496,987829327,1.0112500190734863,987838802,1.20912504196167,,,,,,,,
mpu,,,,,,,,,987933727,-1188,16410,-32768,987933727,-2,4,1
adc,987911260,0.8992500305175781,987920293,-0.2840000092983246,987929325,1.0112500190734863,987938360,1.205125093460083,,,,,,,,
mpu,,,,,,,,,988033729,-1242,16412,-32768,988033729,-2,4,1
adc,988011258,0.8953750133514404,988020304,-0.2835000157356262,988029339,1.0053750276565552,988038321,1.2153750658035278,,,,,,,,
mpu,,,,,,,,,988133732,-1176,16464,-32768,988133732,2,1,-1
adc,988111266,0.8880000710487366,988120302,-0.2836250066757202,988129339,1.0076251029968262,988138566,1.2243750095367432,,,,,,,,
mpu,,,,,,,,,988233725,-1006,16492,-32768,988233725,0,-3,1
adc,988211258,0.8847500681877136,988220295,-0.2836250066757202,988229328,1.005750060081482,988238537,1.214500069618225,,,,,,,,
mpu,,,,,,,,,988333725,-1222,16386,-32768,988333725,-3,-4,2
adc,988311254,0.8793750405311584,988320296,-0.2821250259876251,988329331,1.002750039100647,988338400,1.2162500619888306,,,,,,,,
mpu,,,,,,,,,988433729,-1074,16474,-32768,988433729,0,1,-1
adc,988411263,0.8770000338554382,988420307,-0.28200000524520874,988429336,1.0240000486373901,988438362,1.2017500400543213,,,,,,,,
mpu,,,,,,,,,988533733,-1284,16420,-32768,988533733,-1,2,1
adc,988511249,0.8720000386238098,988520291,-0.28050002455711365,988529322,1.0106250047683716,988538507,1.2112500667572021,,,,,,,,
mpu,,,,,,,,,988633736,-1216,16394,-32768,988633736,-3,2,0
adc,988611255,0.8678750395774841,988620293,-0.28037500381469727,988629329,1.0053750276565552,988638308,1.2138750553131104,,,,,,,,
mpu,,,,,,,,,988733733,-1192,16364,-32768,988733733,2,4,2
adc,988711267,0.8636250495910645,988720305,-0.2786250114440918,988729338,0.9943750500679016,988738558,1.2092500925064087,,,,,,,,
mpu,,,,,,,,,988833733,-1134,16454,-32768,988833733,0,6,3
adc,988811260,0.858875036239624,988820300,-0.2772500216960907,988829329,0.9896250367164612,988838345,1.2067500352859497,,,,,,,,
mpu,,,,,,,,,988933732,-1232,16404,-32768,988933732,-1,4,2
adc,988911270,0.8536250591278076,988920310,-0.2758750021457672,988929338,0.9765000343322754,988938795,1.2078750133514404,,,,,,,,
mpu,,,,,,,,,989033727,-1078,16456,-32768,989033727,-5,-1,2
adc,989011265,0.8476250171661377,989020300,-0.27400001883506775,989029329,0.9772500395774841,989038806,1.2123750448226929,,,,,,,,
mpu,,,,,,,,,989133729,-1238,16412,-32768,989133729,0,4,0
adc,989111253,0.843250036239624,989120280,-0.273125022649765,989129316,0.9643750190734863,989138525,1.214250087738037,,,,,,,,
mpu,,,,,,,,,989233729,-1440,16338,-32768,989233729,6,4,-2
adc,989211251,0.8390000462532043,989220289,-0.27112501859664917,989229325,0.9893750548362732,989238788,1.2171250581741333,,,,,,,,
mpu,,,,,,,,,989333733,-1244,16430,-32768,989333733,2,3,1
adc,989311256,0.8332500457763672,989320299,-0.2678750157356262,989329341,0.999750018119812,989338791,1.2206250429153442,,,,,,,,
mpu,,,,,,,,,989433730,-1294,16446,-32768,989433730,-1,3,2
adc,989411255,0.8302500247955322,989420294,-0.2668749988079071,989429330,1.0067501068115234,989438784,1.2271250486373901,,,,,,,,
mpu,,,,,,,,,989533738,-1142,16414,-32768,989533738,-4,2,2
adc,989511254,0.8207500576972961,989520289,-0.26375001668930054,989529329,0.9941250681877136,989538574,1.225000023841858,,,,,,,,
mpu,,,,,,,,,989633731,-1320,16440,-32768,989633731,-1,1,-1
adc,989611265,0.815125048160553,989620300,-0.26100000739097595,989629333,0.9886250495910645,989638813,1.2216250896453857,,,,,,,,
mpu,,,,,,,,,989733732,-1200,16344,-32768,989733732,-4,1,2
adc,989711256,0.8108750581741333,989720295,-0.2592500150203705,989729330,0.9883750677108765,989738312,1.222000002861023,,,,,,,,
mpu,,,,,,,,,989833727,-1162,16364,-32768,989833727,-3,2,2
adc,989811253,0.8067500591278076,989820292,-0.2562500238418579,989829328,0.9882500171661377,989838792,1.214250087738037,,,,,,,,
mpu,,,,,,,,,989933730,-1332,16496,-32768,989933730,-2,4,3
adc,989911257,0.7983750104904175,989920290,-0.25425001978874207,989929326,1.0137500762939453,989938359,1.2160000801086426,,,,,,,,
mpu,,,,,,,,,990033729,-1274,16360,-32768,990033729,-6,0,3
adc,990011250,0.7921250462532043,990020285,-0.25175002217292786,990029319,0.9771250486373901,990038814,1.205125093460083,,,,,,,,
mpu,,,,,,,,,990133730,-1254,16398,-32768,990133730,2,4,-2
adc,990111267,0.7883750200271606,990120305,-0.24712501466274261,990129338,0.9988750219345093,990138557,1.202875018119812,,,,,,,,
mpu,,,,,,,,,990233728,-1210,16418,-32768,990233728,7,6,-1
adc,990211258,0.7823750376701355,990220290,-0.24437500536441803,990229323,0.9877500534057617,990238647,1.2008750438690186,,,,,,,,
mpu,,,,,,,,,990333726,-1372,16414,-32768,990333726,0,6,4
adc,990311256,0.7753750085830688,990320289,-0.2407500147819519,990329323,0.9428750276565552,990338787,1.2122501134872437,,,,,,,,
mpu,,,,,,,,,990433731,-1420,16488,-32768,990433731,-13,13,6
adc,990411260,0.7627500295639038,990420299,-0.23975001275539398,990429338,0.9345000386238098,990438801,1.2171250581741333,,,,,,,,
mpu,,,,,,,,,990533726,-1444,16278,-32768,990533726,-10,6,7
adc,990511262,0.7612500190734863,990520298,-0.23400001227855682,990529332,0.9441250562667847,990538328,1.2176250219345093,,,,,,,,
mpu,,,,,,,,,990633730,-1128,16324,-32768,990633730,26,3,-6
adc,990611259,0.7586250305175781,990620301,-0.22887501120567322,990629331,0.9546250700950623,990638813,1.2326250076293945,,,,,,,,
mpu,,,,,,,,,990733727,-1052,16490,-32768,990733727,18,14,-1
adc,990711257,0.7462500333786011,990720296,-0.2266250103712082,990729332,0.9630000591278076,990738801,1.2158750295639038,,,,,,,,
mpu,,,,,,,,,990833726,-1190,16382,-32768,990833726,-36,14,21
adc,990811264,0.7396250367164612,990820299,-0.22187501192092896,990829340,0.9757500290870667,990838796,1.1966251134872437,,,,,,,,
mpu,,,,,,,,,990933725,-1128,16652,-32768,990933725,-35,7,21
adc,990911264,0.733625054359436,990920297,-0.21837501227855682,990929331,0.971375048160553,990938813,1.198875069618225,,,,,,,,
mpu,,,,,,,,,991033735,-990,16448,-32768,991033735,-7,6,10
adc,991011260,0.7222500443458557,991020299,-0.21512500941753387,991029335,1.0168750286102295,991038796,1.1941250562667847,,,,,,,,
mpu,,,,,,,,,991133728,-1154,16442,-32768,991133728,4,9,1
adc,991111260,0.718000054359436,991120297,-0.21125000715255737,991129333,1.0127500295639038,991138820,1.1947500705718994,,,,,,,,
mpu,,,,,,,,,991233728,-1242,16442,-32768,991233728,4,2,1
adc,991211260,0.7117500305175781,991220302,-0.20650000870227814,991229332,1.031000018119812,991238321,1.1982500553131104,,,,,,,,
mpu,,,,,,,,,991333723,-1082,16446,-32768,991333723,5,4,0
adc,991311251,0.706000030040741,991320282,-0.20287500321865082,991329319,1.0313750505447388,991338775,1.202375054359436,,,,,,,,
mpu,,,,,,,,,991433735,-1226,16574,-32768,991433735,-5,7,1
adc,991411253,0.6973750591278076,991420285,-0.19850000739097595,991429318,1.0250000953674316,991438798,1.2017500400543213,,,,,,,,
mpu,,,,,,,,,991533725,-1150,16416,-32768,991533725,-10,4,5
adc,991511247,0.690125048160553,991520291,-0.19500000774860382,991529328,1.0083750486373901,991538526,1.2123750448226929,,,,,,,,
mpu,,,,,,,,,991633727,-1114,16410,-32768,991633727,1,1,2
adc,991611254,0.6830000281333923,991620294,-0.18925000727176666,991629328,1.0230000019073486,991638816,1.2132500410079956,,,,,,,,
mpu,,,,,,,,,991733731,-1178,16520,-32768,991733731,0,2,2
adc,991711266,0.674375057220459,991720296,-0.18425001204013824,991729330,1.0326250791549683,991738316,1.2228749990463257,,,,,,,,
mpu,,,,,,,,,991833730,-1094,16490,-32768,991833730,-4,2,2
adc,991811255,0.6695000529289246,991820284,-0.17925000190734863,991829318,1.040000081062317,991838807,1.2218750715255737,,,,,,,,
mpu,,,,,,,,,991933732,-1188,16490,-32768,991933732,-1,3,1
adc,991911250,0.6636250019073486,991920288,-0.1757500022649765,991929323,1.0288749933242798,991938325,1.2197500467300415,,,,,,,,
mpu,,,,,,,,,992033726,-1046,16378,-32768,992033726,8,-2,0
adc,992011245,0.6566250324249268,992020286,-0.1706250011920929,992029321,1.021125078201294,992038797,1.222000002861023,,,,,,,,
mpu,,,,,,,,,992133727,-1256,16470,-32768,992133727,-6,3,4
adc,992111259,0.6486250162124634,992120296,-0.16487500071525574,992129327,0.9987500309944153,992138338,1.215250015258789,,,,,,,,
mpu,,,,,,,,,992233730,-1212,16568,-32768,992233730,-21,3,7
adc,992211268,0.639875054359436,992220304,-0.15987500548362732,992229345,0.9856250286102295,992238321,1.202375054359436,,,,,,,,
mpu,,,,,,,,,992333728,-1154,16488,-32768,992333728,-11,4,4
adc,992311257,0.6346250176429749,992320294,-0.15675000846385956,992329327,0.983375072479248,992338802,1.2046250104904175,,,,,,,,
mpu,,,,,,,,,992433728,-1258,16414,-32768,992433728,2,1,1
adc,992411253,0.627750039100647,992420291,-0.1510000079870224,992429323,1.0002501010894775,992438802,1.2246251106262207,,,,,,,,
mpu,,,,,,,,,992533725,-1264,16518,-32768,992533725,16,3,-6
adc,992511250,0.6172500252723694,992520288,-0.14600001275539398,992529319,1.0047500133514404,992538562,1.2392500638961792,,,,,,,,
mpu,,,,,,,,,992633728,-1266,16474,-32768,992633728,16,4,-5
adc,992611269,0.6111250519752502,992620306,-0.1393750011920929,992629340,0.9898750185966492,992638786,1.2372500896453857,,,,,,,,
mpu,,,,,,,,,992733726,-1156,16412,-32768,992733726,-2,7,4
adc,992711257,0.6033750176429749,992720299,-0.1352500021457672,992729335,0.9893750548362732,992738778,1.2290000915527344,,,,,,,,
mpu,,,,,,,,,992833737,-1116,16324,-32768,992833737,-2,7,4
adc,992811254,0.5977500081062317,992820288,-0.13125000894069672,992829324,1.003000020980835,992838810,1.2136250734329224,,,,,,,,
mpu,,,,,,,,,992933732,-1174,16428,-32768,992933732,4,4,1
adc,992911264,0.5868750214576721,992920299,-0.12450000643730164,992929330,1.018125057220459,992938792,1.2125000953674316,,,,,,,,
mpu,,,,,,,,,993033733,-1170,16470,-32768,993033733,4,7,0
adc,993011263,0.5805000066757202,993020301,-0.11950000375509262,993029341,1.011625051498413,993038795,1.2167500257492065,,,,,,,,
mpu,,,,,,,,,993133724,-1162,16438,-32768,993133724,2,6,3
adc,993111265,0.5740000009536743,993120309,-0.11400000751018524,993129340,1.027250051498413,993138328,1.2146250009536743,,,,,,,,
mpu,,,,,,,,,993233726,-1244,16426,-32768,993233726,3,7,3
adc,993211247,0.5672500133514404,993220286,-0.11075000464916229,993229323,1.0283750295639038,993238814,1.2138750553131104,,,,,,,,
mpu,,,,,,,,,993333741,-1254,16382,-32768,993333741,2,6,1
adc,993311261,0.5613750219345093,993320312,-0.10462500154972076,993329351,1.0258750915527344,993338343,1.2067500352859497,,,,,,,,
mpu,,,,,,,,,993433731,-1144,16484,-32768,993433731,0,5,2
adc,993411256,0.5505000352859497,993420290,-0.09975000470876694,993429323,1.024125099182129,993438607,1.2103750705718994,,,,,,,,
mpu,,,,,,,,,993533727,-1162,16474,-32768,993533727,0,3,0
adc,993511249,0.5442500114440918,993520289,-0.09600000083446503,993529322,1.0088750123977661,993538306,1.198875069618225,,,,,,,,
mpu,,,,,,,,,993633728,-1166,16454,-32768,993633728,0,4,0
adc,993611248,0.5372500419616699,993620279,-0.09037500619888306,993629309,1.0136250257492065,993638805,1.1952500343322754,,,,,,,,
mpu,,,,,,,,,993733730,-1194,16498,-32768,993733730,-1,4,3
adc,993711265,0.53062504529953,993720304,-0.08350000530481339,993729340,1.0253750085830688,993738833,1.1936250925064087,,,,,,,,
mpu,,,,,,,,,993833731,-1174,16418,-32768,993833731,0,5,2
adc,993811253,0.5261250138282776,993820297,-0.08012500405311584,993829332,1.026750087738037,993838559,1.1903750896453857,,,,,,,,
mpu,,,,,,,,,993933731,-1168,16506,-32768,993933731,1,5,2
adc,993911263,0.5158750414848328,993920300,-0.07337500154972076,993929337,1.0101250410079956,993938319,1.18625009059906,,,,,,,,
mpu,,,,,,,,,994033726,-1204,16476,-32768,994033726,0,5,1
adc,994011270,0.5078750252723694,994020308,-0.06725000590085983,994029342,1.0131250619888306,994038831,1.1873750686645508,,,,,,,,
mpu,,,,,,,,,994133728,-1188,16404,-32768,994133728,2,7,1
adc,994111258,0.5022500157356262,994120292,-0.06387500464916229,994129326,1.0128750801086426,994138391,1.1920000314712524,,,,,,,,
mpu,,,,,,,,,994233731,-1162,16420,-32768,994233731,3,5,1
adc,994211248,0.4957500100135803,994220292,-0.05975000187754631,994229326,1.030250072479248,994238818,1.1890000104904175,,,,,,,,
mpu,,,,,,,,,994333728,-1190,16460,-32768,994333728,3,5,0
adc,994311261,0.4882500171661377,994320297,-0.05325000360608101,994329332,1.043125033378601,994338788,1.1841250658035278,,,,,,,,
mpu,,,,,,,,,994433729,-1206,16460,-32768,994433729,3,3,1
adc,994411248,0.48100003600120544,994420290,-0.04937500134110451,994429329,1.0356251001358032,994438793,1.1941250562667847,,,,,,,,
mpu,,,,,,,,,994533727,-1226,16378,-32768,994533727,3,6,1
adc,994511258,0.47287502884864807,994520291,-0.0430000014603138,994529327,1.0398750305175781,994538317,1.1863750219345093,,,,,,,,
mpu,,,,,,,,,994633722,-1108,16436,-32768,994633722,1,3,1
adc,994611251,0.4660000205039978,994620288,-0.03862500190734863,994629320,1.0386250019073486,994638802,1.1928750276565552,,,,,,,,
mpu,,,,,,,,,994733730,-1204,16424,-32768,994733730,-1,3,2
adc,994711247,0.46000000834465027,994720287,-0.03400000184774399,994729320,1.0383750200271606,994738793,1.1952500343322754,,,,,,,,
mpu,,,,,,,,,994833728,-1306,16448,-32768,994833728,0,0,0
adc,994811254,0.4532500207424164,994820286,-0.02825000137090683,994829322,1.0368750095367432,994838809,1.1838750839233398,,,,,,,,
mpu,,,,,,,,,994933725,-1162,16374,-32768,994933725,0,-1,2
adc,994911248,0.44450002908706665,994920283,-0.023875001817941666,994929319,1.0358750820159912,994938322,1.1852500438690186,,,,,,,,
mpu,,,,,,,,,995033735,-1012,16462,-32768,995033735,-1,2,1
adc,995011248,0.4390000104904175,995020285,-0.018000001087784767,995029322,1.0343750715255737,995038336,1.1896250247955322,,,,,,,,
mpu,,,,,,,,,995133734,-1168,16462,-32768,995133734,-1,1,3
adc,995111244,0.4312500059604645,995120281,-0.014000000432133675,995129315,1.0355000495910645,995138333,1.1893750429153442,,,,,,,,
mpu,,,,,,,,,995233725,-1110,16424,-32768,995233725,-3,1,3
adc,995211260,0.42600002884864807,995220293,-0.005375000182539225,995229325,1.040374994277954,995238320,1.1931250095367432,,,,,,,,
mpu,,,,,,,,,995333731,-1338,16514,-32768,995333731,-3,4,1
adc,995311263,0.4166250228881836,995320298,-0.0001250000059371814,995329334,1.0516250133514404,995338328,1.189250111579895,,,,,,,,
mpu,,,,,,,,,995433733,-1228,16384,-32768,995433733,-3,0,1
adc,995411263,0.40912503004074097,995420303,0.006000000052154064,995429340,1.0630000829696655,995438550,1.19350004196167,,,,,,,,
mpu,,,,,,,,,995533729,-1194,16510,-32768,995533729,4,3,-1
adc,995511254,0.40412500500679016,995520294,0.009875000454485416,995529334,1.0495001077651978,995538538,1.1956250667572021,,,,,,,,
mpu,,,,,,,,,995633727,-1214,16534,-32768,995633727,4,5,1
adc,995611264,0.39650002121925354,995620304,0.016375001519918442,995629336,1.0273751020431519,995638555,1.1958750486373901,,,,,,,,
mpu,,,,,,,,,995733726,-1194,16490,-32768,995733726,1,6,2
adc,995711251,0.3893750309944153,995720291,0.020375000312924385,995729326,1.0363750457763672,995738796,1.1995000839233398,,,,,,,,
mpu,,,,,,,,,995833733,-1232,16510,-32768,995833733,0,6,3
adc,995811258,0.38337501883506775,995820300,0.027000000700354576,995829336,1.0540000200271606,995838537,1.2002500295639038,,,,,,,,
mpu,,,,,,,,,995933732,-1210,16478,-32768,995933732,3,4,2
adc,995911263,0.3750000298023224,995920311,0.03375000134110451,995929342,1.0651251077651978,995938839,1.205625057220459,,,,,,,,
mpu,,,,,,,,,996033734,-1224,16464,-32768,996033734,5,6,1
adc,996011263,0.367000013589859,996020305,0.03887500241398811,996029341,1.053125023841858,996038326,1.2137500047683716,,,,,,,,
mpu,,,,,,,,,996133731,-1216,16450,-32768,996133731,1,6,4
adc,996111250,0.3617500066757202,996120290,0.042875003069639206,996129325,1.0517500638961792,996138538,1.217750072479248,,,,,,,,
mpu,,,,,,,,,996233728,-1274,16428,-32768,996233728,0,7,2
adc,996211255,0.35450002551078796,996220293,0.04937500134110451,996229322,1.058000087738037,996238409,1.2178750038146973,,,,,,,,
mpu,,,,,,,,,996333734,-1204,16530,-32768,996333734,2,7,2
adc,996311256,0.34687501192092896,996320293,0.05450000241398811,996329336,1.065000057220459,996338794,1.211875081062317,,,,,,,,
mpu,,,,,,,,,996433732,-1256,16344,-32768,996433732,1,5,3
adc,996411255,0.3381250202655792,996420297,0.06075000390410423,996429327,1.0663750171661377,996438814,1.2162500619888306,,,,,,,,
mpu,,,,,,,,,996533733,-1278,16462,-32768,996533733,1,5,1
adc,996511255,0.33012500405311584,996520292,0.06675000488758087,996529331,1.0618751049041748,996538595,1.2190001010894775,,,,,,,,
mpu,,,,,,,,,996633730,-1216,16416,-32768,996633730,1,5,3
adc,996611260,0.3225000202655792,996620296,0.07262500375509262,996629325,1.0548750162124634,996638542,1.2197500467300415,,,,,,,,
mpu,,,,,,,,,996733728,-1210,16404,-32768,996733728,2,4,3
adc,996711254,0.3173750042915344,996720290,0.07762500643730164,996729320,1.0483750104904175,996738774,1.2183750867843628,,,,,,,,
mpu,,,,,,,,,996833729,-1208,16502,-32768,996833729,1,6,2
adc,996811264,0.31175002455711365,996820292,0.08412500470876694,996829330,1.0640000104904175,996838788,1.218000054359436,,,,,,,,
mpu,,,,,,,,,996933728,-1200,16496,-32768,996933728,-1,2,2
adc,996911253,0.30100002884864807,996920293,0.08900000154972076,996929332,1.061000108718872,996938331,1.2206250429153442,,,,,,,,
mpu,,,,,,,,,997033731,-1218,16410,-32768,997033731,0,5,0
adc,997011247,0.2931250035762787,997020293,0.09437500685453415,997029326,1.050125002861023,997038792,1.2241250276565552,,,,,,,,
mpu,,,,,,,,,997133733,-1288,16440,-32768,997133733,-1,3,0
adc,997111252,0.28725001215934753,997120291,0.10075000673532486,997129322,1.0246250629425049,997138520,1.2257500886917114,,,,,,,,
mpu,,,,,,,,,997233728,-1232,16448,-32768,997233728,-1,0,2
adc,997211252,0.27937501668930054,997220284,0.10600000619888306,997229318,1.043375015258789,997238327,1.2263751029968262,,,,,,,,
mpu,,,,,,,,,997333734,-1244,16474,-32768,997333734,-1,5,2
adc,997311242,0.27662500739097595,997320274,0.11075000464916229,997329303,1.0618751049041748,997338540,1.2300000190734863,,,,,,,,
mpu,,,,,,,,,997433730,-1180,16450,-32768,997433730,-1,4,2
adc,997411259,0.2658750116825104,997420293,0.1197500079870224,997429326,1.0730000734329224,997438821,1.2357500791549683,,,,,,,,
mpu,,,,,,,,,997533728,-1284,16412,-32768,997533728,-2,4,2
adc,997511253,0.25737500190734863,997520286,0.12437500804662704,997529322,1.058750033378601,997538320,1.2356250286102295,,,,,,,,
mpu,,,,,,,,,997633729,-1242,16420,-32768,997633729,1,4,1
adc,997611261,0.2512499988079071,997620293,0.13125000894069672,997629326,1.0577501058578491,997638808,1.236375093460083,,,,,,,,
mpu,,,,,,,,,997733727,-1280,16480,-32768,997733727,0,2,2
adc,997711250,0.24450001120567322,997720288,0.13475000858306885,997729323,1.0686250925064087,997738300,1.2442500591278076,,,,,,,,
mpu,,,,,,,,,997833731,-1252,16404,-32768,997833731,-2,4,2
adc,997811252,0.2396250069141388,997820294,0.1417500078678131,997829329,1.0753750801086426,997838800,1.239375114440918,,,,,,,,
mpu,,,,,,,,,997933725,-1168,16458,-32768,997933725,0,4,3
adc,997911255,0.2305000126361847,997920296,0.14812500774860382,997929332,1.080875039100647,997938792,1.2345000505447388,,,,,,,,
mpu,,,,,,,,,998033727,-1278,16390,-32768,998033727,0,4,1
adc,998011262,0.2226250171661377,998020303,0.1550000011920929,998029342,1.0821250677108765,998038767,1.2362500429153442,,,,,,,,
mpu,,,,,,,,,998133727,-1286,16432,-32768,998133727,2,7,1
adc,998111252,0.21587501466274261,998120291,0.16037501394748688,998129319,1.0757499933242798,998138324,1.2391250133514404,,,,,,,,
mpu,,,,,,,,,998233727,-1248,16442,-32768,998233727,0,4,3
adc,998211264,0.20787501335144043,998220301,0.16762501001358032,998229336,1.0653750896453857,998238823,1.2310000658035278,,,,,,,,
mpu,,,,,,,,,998333736,-1236,16424,-32768,998333736,-2,6,4
adc,998311260,0.20287500321865082,998320300,0.1731250137090683,998329333,1.0455000400543213,998338821,1.2191250324249268,,,,,,,,
mpu,,,,,,,,,998433727,-1122,16404,-32768,998433727,0,5,5
adc,998411261,0.19425000250339508,998420299,0.179625004529953,998429334,1.0845000743865967,998438796,1.2223750352859497,,,,,,,,
mpu,,,,,,,,,998533725,-1252,16474,-32768,998533725,4,9,0
adc,998511257,0.1835000067949295,998520295,0.18512500822544098,998529333,1.0630000829696655,998538507,1.2288750410079956,,,,,,,,
mpu,,,,,,,,,998633728,-1244,16466,-32768,998633728,2,7,0
adc,998611257,0.1758750081062317,998620296,0.19187501072883606,998629329,1.06125009059906,998638817,1.2310000658035278,,,,,,,,
mpu,,,,,,,,,998733730,-1136,16450,-32768,998733730,-1,4,2
adc,998711256,0.16987501084804535,998720293,0.19712500274181366,998729327,1.0740000009536743,998738368,1.2296251058578491,,,,,,,,
mpu,,,,,,,,,998833734,-1236,16360,-32768,998833734,1,4,1
adc,998811261,0.16237500309944153,998820297,0.20537501573562622,998829332,1.0757499933242798,998838816,1.224000096321106,,,,,,,,
mpu,,,,,,,,,998933730,-1226,16500,-32768,998933730,1,5,1
adc,998911249,0.15437500178813934,998920291,0.21000000834465027,998929325,1.1038750410079956,998938801,1.2288750410079956,,,,,,,,
mpu,,,,,,,,,999033739,-1310,16376,-32768,999033739,-1,4,1
adc,999011252,0.14412499964237213,999020288,0.21700000762939453,999029319,1.084375023841858,999038813,1.2263751029968262,,,,,,,,
mpu,,,,,,,,,999133738,-1244,16336,-32768,999133738,0,4,2
adc,999111259,0.13737501204013824,999120299,0.22500000894069672,999129338,1.0973750352859497,999138534,1.2307500839233398,,,,,,,,
mpu,,,,,,,,,999233725,-1190,16392,-32768,999233725,-1,4,3
adc,999211260,0.13062500953674316,999220295,0.23137500882148743,999229325,1.093250036239624,999238764,1.2351250648498535,,,,,,,,
mpu,,,,,,,,,999333735,-1194,16360,-32768,999333735,-1,5,2
adc,999311260,0.12350000441074371,999320290,0.23750001192092896,999329327,1.0961250066757202,999338807,1.2386250495910645,,,,,,,,
mpu,,,,,,,,,999433727,-1254,16454,-32768,999433727,1,7,0
adc,999411256,0.11600000411272049,999420293,0.2435000091791153,999429330,1.118125081062317,999438766,1.2351250648498535,,,,,,,,
mpu,,,,,,,,,999533732,-1242,16426,-32768,999533732,1,5,3
adc,999511257,0.10712500661611557,999520292,0.249875009059906,999529324,1.0887500047683716,999538547,1.2381250858306885,,,,,,,,
mpu,,,,,,,,,999633731,-1214,16484,-32768,999633731,0,4,1
adc,999611253,0.09975000470876694,999620290,0.25587502121925354,999629325,1.0923750400543213,999638810,1.239375114440918,,,,,,,,
mpu,,,,,,,,,999733731,-1246,16386,-32768,999733731,1,5,2
adc,999711266,0.09350000321865082,999720305,0.26375001668930054,999729338,1.0973750352859497,999738792,1.2452501058578491,,,,,,,,
mpu,,,,,,,,,999833731,-1214,16408,-32768,999833731,0,4,3
adc,999811263,0.08837500214576721,999820303,0.2693750262260437,999829341,1.0980000495910645,999838835,1.2397500276565552,,,,,,,,
mpu,,,,,,,,,999933723,-1324,16420,-32768,999933723,0,6,1
adc,999911248,0.07862500101327896,999920284,0.27287501096725464,999929317,1.1134999990463257,999938803,1.2433750629425049,,,,,,,,
mpu,,,,,,,,,1000033734,-1218,16378,-32768,1000033734,0,3,2
adc,1000011258,0.06925000250339508,1000020301,0.28125,1000029336,1.0910000801086426,1000038793,1.2432500123977661,,,,,,,,
mpu,,,,,,,,,1000133732,-1272,16424,-32768,1000133732,-2,7,1
adc,1000111265,0.06025000289082527,1000120299,0.28850001096725464,1000129333,1.1012500524520874,1000138513,1.2458750009536743,,,,,,,,
mpu,,,,,,,,,1000233720,-1288,16366,-32768,1000233720,-3,0,3
adc,1000211251,0.05387500301003456,1000220294,0.2930000126361847,1000229333,1.0800000429153442,1000238788,1.2435001134872437,,,,,,,,
mpu,,,,,,,,,1000333729,-1222,16476,-32768,1000333729,-1,1,4
adc,1000311256,0.048625003546476364,1000320296,0.2997500002384186,1000329333,1.0787500143051147,1000338533,1.2451250553131104,,,,,,,,
mpu,,,,,,,,,1000433728,-1346,16446,-32768,1000433728,1,6,2
adc,1000411248,0.04387500137090683,1000420285,0.30512502789497375,1000429320,1.0896250009536743,1000438768,1.2440000772476196,,,,,,,,
mpu,,,,,,,,,1000533729,-1216,16446,-32768,1000533729,-1,3,3
adc,1000511255,0.03137500211596489,1000520292,0.31175002455711365,1000529328,1.097000002861023,1000538346,1.25,,,,,,,,
mpu,,,,,,,,,1000633729,-1272,16354,-32768,1000633729,-2,4,1
adc,1000611258,0.026875000447034836,1000620295,0.3190000057220459,1000629325,1.0855000019073486,1000638814,1.2521250247955322,,,,,,,,
mpu,,,,,,,,,1000733723,-1206,16488,-32768,1000733723,0,5,0
adc,1000711258,0.020125001668930054,1000720292,0.3251250088214874,1000729327,1.0728750228881836,1000738781,1.2507500648498535,,,,,,,,
mpu,,,,,,,,,1000833732,-1108,16458,-32768,1000833732,-3,3,4
adc,1000811266,0.012625000439584255,1000820306,0.3321250081062317,1000829347,1.0727500915527344,1000838552,1.2510000467300415,,,,,,,,
mpu,,,,,,,,,1000933727,-1244,16526,-32768,1000933727,2,7,2
adc,1000911257,0.00812500063329935,1000920294,0.3372500240802765,1000929328,1.0717500448226929,1000938788,1.2471250295639038,,,,,,,,
mpu,,,,,,,,,1001033729,-1168,16438,-32768,1001033729,2,4,3
adc,1001011266,-0.0013750001089647412,1001020304,0.3450000286102295,1001029338,1.0797500610351562,1001038802,1.252000093460083,,,,,,,,
mpu,,,,,,,,,1001133732,-1166,16424,-32768,1001133732,-2,5,1
adc,1001111264,-0.010375000536441803,1001120298,0.35062500834465027,1001129338,1.0691250562667847,1001138524,1.2435001134872437,,,,,,,,
mpu,,,,,,,,,1001233731,-1190,16440,-32768,1001233731,-1,10,3
adc,1001211259,-0.016625000163912773,1001220299,0.3565000295639038,1001229331,1.0853750705718994,1001238562,1.2340000867843628,,,,,,,,
mpu,,,,,,,,,1001333729,-1178,16498,-32768,1001333729,-1,9,4
adc,1001311241,-0.024125000461935997,1001320276,0.36000001430511475,1001329315,1.0941250324249268,1001338411,1.234375,,,,,,,,
mpu,,,,,,,,,1001433722,-1212,16416,-32768,1001433722,1,6,1
adc,1001411253,-0.029500002041459084,1001420296,0.36787500977516174,1001429328,1.0920000076293945,1001438527,1.2407500743865967,,,,,,,,
mpu,,,,,,,,,1001533729,-1168,16376,-32768,1001533729,2,7,2
adc,1001511252,-0.035875000059604645,1001520286,0.37437501549720764,1001529323,1.100250005722046,1001538413,1.233875036239624,,,,,,,,
mpu,,,,,,,,,1001633726,-1204,16478,-32768,1001633726,0,7,1
adc,1001611259,-0.0442500002682209,1001620298,0.3816250264644623,1001629332,1.0952500104904175,1001638794,1.227000117301941,,,,,,,,
mpu,,,,,,,,,1001733726,-1256,16438,-32768,1001733726,1,6,3
adc,1001711255,-0.04912500083446503,1001720291,0.38700002431869507,1001729324,1.0978749990463257,1001738806,1.230625033378601,,,,,,,,
mpu,,,,,,,,,1001833730,-1304,16454,-32768,1001833730,0,7,2
adc,1001811255,-0.05687500163912773,1001820291,0.3933750092983246,1001829327,1.083375096321106,1001838332,1.230375051498413,,,,,,,,
mpu,,,,,,,,,1001933728,-1356,16432,-32768,1001933728,0,7,2
adc,1001911267,-0.061375003308057785,1001920303,0.4020000100135803,1001929333,1.0928750038146973,1001938818,1.224500060081482,,,,,,,,
mpu,,,,,,,,,1002033728,-1192,16444,-32768,1002033728,-1,5,2
adc,1002011252,-0.07125000655651093,1002020292,0.4063750207424164,1002029323,1.1033750772476196,1002038387,1.222000002861023,,,,,,,,
mpu,,,,,,,,,1002133733,-1238,16438,-32768,1002133733,0,4,1
adc,1002111252,-0.07912500202655792,1002120293,0.413625031709671,1002129324,1.096000075340271,1002138546,1.2228749990463257,,,,,,,,
mpu,,,,,,,,,1002233732,-1270,16414,-32768,1002233732,0,4,2
adc,1002211253,-0.08400000631809235,1002220292,0.4206250309944153,1002229326,1.102500081062317,1002238823,1.2243750095367432,,,,,,,,
mpu,,,,,,,,,1002333732,-1254,16446,-32768,1002333732,-1,4,4
adc,1002311255,-0.09025000780820847,1002320296,0.42662501335144043,1002329329,1.100000023841858,1002338538,1.2228749990463257,,,,,,,,
mpu,,,,,,,,,1002433729,-1204,16396,-32768,1002433729,0,5,4
adc,1002411255,-0.09587500244379044,1002420297,0.4332500100135803,1002429331,1.1012500524520874,1002438806,1.2305001020431519,,,,,,,,
mpu,,,,,,,,,1002533734,-1290,16528,-32768,1002533734,-3,-1,5
adc,1002511265,-0.10362500697374344,1002520302,0.4387500286102295,1002529337,1.0642499923706055,1002538334,1.237125039100647,,,,,,,,
mpu,,,,,,,,,1002633730,-1250,16356,-32768,1002633730,9,-2,2
adc,1002611262,-0.10775000602006912,1002620304,0.44725000858306885,1002629336,1.0382500886917114,1002638317,1.2046250104904175,,,,,,,,
mpu,,,,,,,,,1002733730,-1160,16578,-32768,1002733730,44,-16,-24
adc,1002711263,-0.09850000590085983,1002720292,0.45500001311302185,1002729326,1.0182501077651978,1002738326,1.146125078201294,,,,,,,,
mpu,,,,,,,,,1002833730,-1134,16104,-32768,1002833730,91,-54,-23
adc,1002811253,-0.10425000637769699,1002820291,0.45900002121925354,1002829325,1.1462500095367432,1002838385,1.1105000972747803,,,,,,,,
mpu,,,,,,,,,1002933734,-1486,16118,-32768,1002933734,100,-23,-50
adc,1002911252,-0.13562500476837158,1002920292,0.4908750355243683,1002929325,1.1843750476837158,1002938534,1.1558750867843628,,,,,,,,
mpu,,,,,,,,,1003033734,-1832,16530,-32768,1003033734,162,-5,-71
adc,1003011258,-0.1420000046491623,1003020298,0.49900001287460327,1003029331,1.1761250495910645,1003038557,1.1613750457763672,,,,,,,,
mpu,,,,,,,,,1003133740,-1694,16596,-32768,1003133740,124,-15,-28
adc,1003111269,-0.16600000858306885,1003120311,0.5045000314712524,1003129349,1.2015000581741333,1003138565,1.1808750629425049,,,,,,,,
mpu,,,,,,,,,1003233725,-1908,16222,-32768,1003233725,-17,16,7
adc,1003211259,-0.1628750115633011,1003220292,0.5147500038146973,1003229325,1.1827501058578491,1003238301,1.1828750371932983,,,,,,,,
mpu,,,,,,,,,1003333730,-1320,16092,-32768,1003333730,-62,-9,15
adc,1003311261,-0.16500000655651093,1003320289,0.5205000042915344,1003329319,1.2170000076293945,1003338407,1.190000057220459,,,,,,,,
mpu,,,,,,,,,1003433726,-1486,16120,-32768,1003433726,-37,-7,2
adc,1003411258,-0.17150001227855682,1003420293,0.5267500281333923,1003429331,1.2416250705718994,1003438524,1.2067500352859497,,,,,,,,
mpu,,,,,,,,,1003533727,-1642,16408,-32768,1003533727,-18,5,2
adc,1003511255,-0.18137501180171967,1003520297,0.5335000157356262,1003529329,1.2515000104904175,1003538538,1.1643750667572021,,,,,,,,
mpu,,,,,,,,,1003633730,-1660,16408,-32768,1003633730,-22,-4,3
adc,1003611260,-0.18637500703334808,1003620290,0.53062504529953,1003629325,1.2632501125335693,1003638621,1.1998751163482666,,,,,,,,
mpu,,,,,,,,,1003733725,-1490,16296,-32768,1003733725,4,-6,-7
adc,1003711261,-0.18975001573562622,1003720300,0.5506250262260437,1003729337,1.2456250190734863,1003738812,1.1598750352859497,,,,,,,,
mpu,,,,,,,,,1003833730,-1530,16220,-32768,1003833730,8,1,-3
adc,1003811255,-0.1953750103712082,1003820296,0.5550000071525574,1003829332,1.267375111579895,1003838387,1.1740000247955322,,,,,,,,
mpu,,,,,,,,,1003933731,-1670,16302,-32768,1003933731,-4,2,6
adc,1003911262,-0.20200000703334808,1003920304,0.5630000233650208,1003929337,1.2778750658035278,1003938805,1.2060000896453857,,,,,,,,
mpu,,,,,,,,,1004033737,-1782,16366,-32768,1004033737,-12,6,8
adc,1004011264,-0.21012501418590546,1004020313,0.5672500133514404,1004029348,1.315500020980835,1004038814,1.1766250133514404,,,,,,,,
mpu,,,,,,,,,1004133732,-1520,16512,-32768,1004133732,-17,5,5
adc,1004111260,-0.21962501108646393,1004120294,0.5721250176429749,1004129331,1.3131250143051147,1004138335,1.1802500486373901,,,,,,,,
mpu,,,,,,,,,1004233729,-1706,16250,-32768,1004233729,-27,17,8
adc,1004211247,-0.22425000369548798,1004220282,0.581375002861023,1004229317,1.315500020980835,1004238798,1.2008750438690186,,,,,,,,
mpu,,,,,,,,,1004333731,-1696,16574,-32768,1004333731,-61,17,26
adc,1004311250,-0.23075000941753387,1004320287,0.5827500224113464,1004329319,1.315000057220459,1004338305,1.1982500553131104,,,,,,,,
mpu,,,,,,,,,1004433733,-1664,16874,-32768,1004433733,-181,33,88
adc,1004411248,-0.22175000607967377,1004420279,0.5637500286102295,1004429321,1.308250069618225,1004438500,1.193750023841858,,,,,,,,
mpu,,,,,,,,,1004533730,-1410,17920,-32768,1004533730,-367,95,189
adc,1004511257,-0.23325000703334808,1004520297,0.5666249990463257,1004529336,1.3035000562667847,1004538316,1.177125096321106,,,,,,,,
mpu,,,,,,,,,1004633731,1608,14716,-32742,1004633731,-493,50,249
adc,1004611261,-0.22150000929832458,1004620295,0.5715000033378601,1004629324,1.3601250648498535,1004638782,1.140375018119812,,,,,,,,
mpu,,,,,,,,,1004733731,-2242,16728,-32768,1004733731,-247,89,165
adc,1004711253,-0.23862500488758087,1004720293,0.5670000314712524,1004729325,1.2505000829696655,1004738299,1.1306250095367432,,,,,,,,
mpu,,,,,,,,,1004833724,120,17468,-32768,1004833724,-184,28,128
adc,1004811254,-0.31687501072883606,1004820290,0.5533750057220459,1004829323,1.0140000581741333,1004838551,1.0910000801086426,,,,,,,,
mpu,,,,,,,,,1004933727,-812,18226,-32768,1004933727,-110,69,77
adc,1004911261,-0.2590000033378601,1004920305,0.5838750004768372,1004929335,0.8853750228881836,1004938808,1.0362499952316284,,,,,,,,
mpu,,,,,,,,,1005033733,614,19264,-32768,1005033733,-153,42,110
adc,1005011262,-0.2756250202655792,1005020299,0.5772500038146973,1005029334,0.7587500214576721,1005038816,0.8928750157356262,,,,,,,,
mpu,,,,,,,,,1005133731,896,20788,-32768,1005133731,-236,55,155
adc,1005111250,-0.27425000071525574,1005120280,0.5755000114440918,1005129316,0.6203750371932983,1005138339,0.7736250162124634,,,,,,,,
mpu,,,,,,,,,1005233730,678,18446,-30362,1005233730,-448,-19,273
adc,1005211263,-0.2757500112056732,1005220299,0.5745000243186951,1005229336,0.43262502551078796,1005238824,0.6138750314712524,,,,,,,,
mpu,,,,,,,,,1005333729,3040,14920,-28290,1005333729,-579,-35,337
adc,1005311260,-0.28325000405311584,1005320297,0.5726250410079956,1005329330,0.2031250149011612,1005338552,0.5322500467300415,,,,,,,,
mpu,,,,,,,,,1005433724,998,11478,-26822,1005433724,-539,-118,356
adc,1005411261,-0.3725000321865082,1005420301,0.5787500143051147,1005429332,0.23150001466274261,1005438816,0.3022500276565552,,,,,,,,
mpu,,,,,,,,,1005533732,2046,12798,-30042,1005533732,-278,-309,402
adc,1005511257,-0.3112500011920929,1005520296,0.38875001668930054,1005529333,0.23262500762939453,1005538324,0.2677500247955322,,,,,,,,
mpu,,,,,,,,,1005633726,2756,12070,-31006,1005633726,32,430,360
adc,1005611260,-0.08637500554323196,1005620300,0.6155000329017639,1005629338,-0.0027500002179294825,1005638787,0.18775001168251038,,,,,,,,
mpu,,,,,,,,,1005733731,3298,16702,-27382,1005733731,-105,33,520
adc,1005711261,1.1023750305175781,1005720301,1.4728751182556152,1005729337,0.09137500077486038,1005738821,0.2993750274181366,,,,,,,,
mpu,,,,,,,,,1005833731,5762,20176,-32496,1005833731,-246,-480,127
adc,1005811263,-0.4390000104904175,1005820297,0.2122500091791153,1005829334,-0.009125000797212124,1005838315,0.09612500667572021,,,,,,,,
mpu,,,,,,,,,1005933725,2960,13020,-23932,1005933725,-112,-227,-119
adc,1005911260,-0.009875000454485416,1005920301,0.8077500462532043,1005929337,0.046000003814697266,1005938794,0.18162500858306885,,,,,,,,
mpu,,,,,,,,,1006033728,2880,12118,-32768,1006033728,-586,-493,142
adc,1006011249,-0.039125002920627594,1006020295,0.5649999976158142,1006029326,0.4618750214576721,1006038816,0.45887503027915955,,,,,,,,
mpu,,,,,,,,,1006133727,9004,15324,-21000,1006133727,240,609,-75
adc,1006111255,0.10812500864267349,1006120292,1.2591251134872437,1006129326,0.7815000414848328,1006138552,0.7991250157356262,,,,,,,,
mpu,,,,,,,,,1006233732,5692,17990,-30674,1006233732,48,339,120
adc,1006211262,0.07225000113248825,1006220305,0.6496250033378601,1006229343,0.7208750247955322,1006238326,0.956125020980835,,,,,,,,
mpu,,,,,,,,,1006333733,3012,14178,-25950,1006333733,-7,177,106
adc,1006311252,-0.3176250159740448,1006320288,0.9385000467300415,1006329323,0.8393750190734863,1006338426,0.9968750476837158,,,,,,,,
mpu,,,,,,,,,1006433729,6484,15636,-29180,1006433729,-196,-34,109
adc,1006411259,-0.09100000560283661,1006420296,0.9100000262260437,1006429329,0.9963750243186951,1006438352,1.2115000486373901,,,,,,,,
mpu,,,,,,,,,1006533735,3526,14198,-26812,1006533735,-211,121,69
adc,1006511258,-0.29512500762939453,1006520299,0.8530000448226929,1006529329,1.0495001077651978,1006538524,1.3086251020431519,,,,,,,,
mpu,,,,,,,,,1006633726,4908,14532,-27460,1006633726,-145,-46,75
adc,1006611254,-0.3176250159740448,1006620295,0.8637500405311584,1006629329,1.121749997138977,1006638327,1.3517500162124634,,,,,,,,
mpu,,,,,,,,,1006733728,5080,14270,-26564,1006733728,-21,75,61
adc,1006711249,-0.280875027179718,1006720289,0.983375072479248,1006729321,1.139875054359436,1006738796,1.3672500848770142,,,,,,,,
mpu,,,,,,,,,1006833728,4966,15086,-27004,1006833728,10,8,42
adc,1006811255,-0.3371250033378601,1006820298,1.076625108718872,1006829332,1.2047500610351562,1006838316,1.3632500171661377,,,,,,,,
mpu,,,,,,,,,1006933731,5392,14984,-27000,1006933731,-27,47,10
adc,1006911259,-0.3283750116825104,1006920291,1.1422500610351562,1006929323,1.2416250705718994,1006938804,1.4036250114440918,,,,,,,,
mpu,,,,,,,,,1007033726,4774,14370,-27028,1007033726,-81,135,52
adc,1007011260,-0.25725001096725464,1007020292,1.089250087738037,1007029325,1.308750033378601,1007038805,1.435750126838684,,,,,,,,
mpu,,,,,,,,,1007133727,4772,13236,-26852,1007133727,-85,124,40
adc,1007111259,-0.3370000123977661,1007120291,0.859000027179718,1007129327,1.4111250638961792,1007138309,1.5083750486373901,,,,,,,,
mpu,,,,,,,,,1007233731,4712,14146,-27342,1007233731,4,104,-6
adc,1007211259,-0.29087501764297485,1007220291,0.7883750200271606,1007229321,1.405750036239624,1007238806,1.59850013256073,,,,,,,,
mpu,,,,,,,,,1007333728,5224,15470,-25832,1007333728,68,67,-14
adc,1007311248,-0.22487501800060272,1007320280,0.85875004529953,1007329319,1.2598750591278076,1007338515,1.5308750867843628,,,,,,,,
mpu,,,,,,,,,1007433727,5828,14788,-27040,1007433727,-34,-52,11
adc,1007411266,-0.3217500150203705,1007420306,0.983625054359436,1007429341,1.234375,1007438806,1.5072500705718994,,,,,,,,
mpu,,,,,,,,,1007533728,4856,13734,-26620,1007533728,-74,-60,-18
adc,1007511260,-0.3283750116825104,1007520296,1.0226250886917114,1007529329,1.3083751201629639,1007538523,1.4900001287460327,,,,,,,,
mpu,,,,,,,,,1007633730,4930,14454,-26448,1007633730,-29,-16,-45
adc,1007611262,-0.3148750066757202,1007620299,1.0237500667572021,1007629335,1.3313751220703125,1007638810,1.4850000143051147,,,,,,,,
mpu,,,,,,,,,1007733725,4670,14676,-26502,1007733725,6,21,-5
adc,1007711259,-0.3056250214576721,1007720293,1.036500096321106,1007729330,1.3327500820159912,1007738781,1.5091251134872437,,,,,,,,
mpu,,,,,,,,,1007833726,4952,14210,-26472,1007833726,-18,-4,18
adc,1007811260,-0.30925002694129944,1007820301,1.040374994277954,1007829335,1.3417500257492065,1007838522,1.5228750705718994,,,,,,,,
mpu,,,,,,,,,1007933732,4878,14112,-26420,1007933732,-22,-1,-13
adc,1007911261,-0.32737502455711365,1007920305,1.045375108718872,1007929339,1.3580000400543213,1007938802,1.520875096321106,,,,,,,,
mpu,,,,,,,,,1008033726,4958,14422,-26336,1008033726,-44,-9,-51
adc,1008011254,-0.3192500174045563,1008020283,1.0460000038146973,1008029320,1.3665000200271606,1008038800,1.5066250562667847,,,,,,,,
mpu,,,,,,,,,1008133728,4458,14292,-26244,1008133728,-55,-20,-62
adc,1008111254,-0.3152500092983246,1008120292,1.0475000143051147,1008129327,1.4016250371932983,1008138313,1.4818750619888306,,,,,,,,
mpu,,,,,,,,,1008233734,4590,14398,-26024,1008233734,-56,-87,-69
adc,1008211248,-0.3126250207424164,1008220287,1.0470000505447388,1008229324,1.3982501029968262,1008238399,1.4508750438690186,,,,,,,,
mpu,,,,,,,,,1008333734,4644,14304,-26176,1008333734,-39,-57,-39
adc,1008311258,-0.31200000643730164,1008320296,1.049875020980835,1008329332,1.4336251020431519,1008338339,1.4560000896453857,,,,,,,,
mpu,,,,,,,,,1008433731,4876,14506,-26362,1008433731,-10,1,-5
adc,1008411254,-0.3071250021457672,1008420291,1.0571250915527344,1008429328,1.4663751125335693,1008438527,1.4620000123977661,,,,,,,,
mpu,,,,,,,,,1008533726,4810,14106,-26332,1008533726,-10,-9,-3
adc,1008511247,-0.3192500174045563,1008520284,1.0551249980926514,1008529322,1.4443750381469727,1008538638,1.467000126838684,,,,,,,,
mpu,,,,,,,,,1008633734,4366,13846,-26892,1008633734,-10,-25,-32
adc,1008611258,-0.32487502694129944,1008620296,1.0535000562667847,1008629329,1.4676250219345093,1008638392,1.4428750276565552,,,,,,,,
mpu,,,,,,,,,1008733734,4170,13850,-26438,1008733734,27,-22,-74
adc,1008711251,-0.3101250231266022,1008720289,1.0597500801086426,1008729322,1.4555001258850098,1008738356,1.4013750553131104,,,,,,,,
mpu,,,,,,,,,1008833723,8346,16870,-20804,1008833723,87,-66,-136
adc,1008811255,-0.23850001394748688,1008820289,1.1325000524520874,1008829322,1.648625135421753,1008838418,1.3451250791549683,,,,,,,,
mpu,,,,,,,,,1008933726,6504,13014,-27086,1008933726,16,-64,-108
adc,1008911255,-0.013625000603497028,1008920289,0.6877500414848328,1008929326,1.633250117301941,1008938805,1.406000018119812,,,,,,,,
mpu,,,,,,,,,1009033733,4774,14496,-27228,1009033733,83,1,-161
adc,1009011254,0.02175000123679638,1009020295,0.7011250257492065,1009029327,2.0248751640319824,1009038311,1.6385000944137573,,,,,,,,
mpu,,,,,,,,,1009133731,3812,13500,-27092,1009133731,206,129,-250
adc,1009111253,-0.30250000953674316,1009120290,0.924500048160553,1009129324,2.150750160217285,1009138343,1.7437500953674316,,,,,,,,
mpu,,,,,,,,,1009233732,2236,15664,-27412,1009233732,346,135,-265
adc,1009211254,-0.30762502551078796,1009220291,1.0240000486373901,1009229321,2.2723751068115234,1009238813,1.8352501392364502,,,,,,,,
mpu,,,,,,,,,1009333735,1856,14748,-28090,1009333735,459,68,-236
adc,1009311257,-0.30925002694129944,1009320297,1.0509999990463257,1009329333,2.340750217437744,1009338546,1.9472501277923584,,,,,,,,
mpu,,,,,,,,,1009433732,2108,15876,-28966,1009433732,468,-34,-223
adc,1009411260,-0.3162500262260437,1009420293,1.0816251039505005,1009429326,2.3781251907348633,1009438419,2.061500072479248,,,,,,,,
mpu,,,,,,,,,1009533728,1720,15248,-29872,1009533728,488,-24,-268
adc,1009511256,-0.3218750059604645,1009520296,1.0968750715255737,1009529332,2.4245002269744873,1009538329,2.1010000705718994,,,,,,,,
mpu,,,,,,,,,1009633726,1758,15388,-30168,1009633726,536,-104,-299
adc,1009611262,-0.3113750219345093,1009620292,1.1502500772476196,1009629332,2.4382500648498535,1009638816,2.180875062942505,,,,,,,,
mpu,,,,,,,,,1009733725,206,17224,-31528,1009733725,669,-104,-244
adc,1009711259,-0.24400001764297485,1009720301,1.2395000457763672,1009729338,2.4307501316070557,1009738798,2.2467501163482666,,,,,,,,
mpu,,,,,,,,,1009833730,706,15898,-32420,1009833730,471,-312,-143
adc,1009811250,-0.1837500035762787,1009820286,1.159500002861023,1009829316,2.4255001544952393,1009838440,2.2311251163482666,,,,,,,,
mpu,,,,,,,,,1009933728,1124,17648,-32768,1009933728,267,-302,-59
adc,1009911260,-0.19550001621246338,1009920298,1.1478750705718994,1009929332,2.423375129699707,1009938319,2.22587513923645,,,,,,,,
mpu,,,,,,,,,1010033731,1638,17396,-32768,1010033731,125,-67,81
adc,1010011252,0.14937500655651093,1010020292,1.1026250123977661,1010029327,2.3433752059936523,1010038324,2.2178750038146973,,,,,,,,
mpu,,,,,,,,,1010133734,1948,16956,-32432,1010133734,-35,2,150
adc,1010111262,0.5642500519752502,1010120297,1.080625057220459,1010129327,2.226250171661377,1010138417,2.1403751373291016,,,,,,,,
mpu,,,,,,,,,1010233726,2428,20926,-32768,1010233726,-133,10,123
adc,1010211258,0.36487501859664917,1010220296,1.0016250610351562,1010229335,1.9005000591278076,1010238529,2.0177500247955322,,,,,,,,
mpu,,,,,,,,,1010333733,4254,23718,-32768,1010333733,-533,119,400
adc,1010311256,-0.2591250240802765,1010320295,1.0322500467300415,1010329331,1.3232500553131104,1010338555,1.434000015258789,,,,,,,,
mpu,,,,,,,,,1010433730,944,17274,-30700,1010433730,-990,144,677
adc,1010411258,-0.4351250231266022,1010420286,0.5075000524520874,1010429325,0.09200000762939453,1010438405,0.24187500774860382,,,,,,,,
mpu,,,,,,,,,1010533740,4312,15228,-25874,1010533740,-1078,158,621
adc,1010511264,-0.35587501525878906,1010520304,1.3380000591278076,1010529335,0.048875004053115845,1010538575,0.10600000619888306,,,,,,,,
mpu,,,,,,,,,1010633731,5122,16846,-27960,1010633731,-1049,-324,364
adc,1010611258,-0.33937501907348633,1010620289,0.6065000295639038,1010629321,0.0006250000442378223,1010638312,0.0027500002179294825,,,,,,,,
mpu,,,,,,,,,1010733732,1798,14552,-25708,1010733732,-886,297,451
adc,1010711260,-0.34562501311302185,1010720300,0.39487501978874207,1010729333,-0.001875000074505806,1010738330,0.0002500000118743628,,,,,,,,
mpu,,,,,,,,,1010833730,5784,12304,-28598,1010833730,-735,-24,590
adc,1010811259,-0.2796249985694885,1010820301,0.4532500207424164,1010829335,0.001125000067986548,1010838535,0.0032500000670552254,,,,,,,,
mpu,,,,,,,,,1010933731,2836,13016,-24790,1010933731,-456,233,255
adc,1010911252,-0.1615000069141388,1010920293,0.5246250033378601,1010929331,0.001500000013038516,1010938549,0.03962500020861626,,,,,,,,
mpu,,,,,,,,,1011033731,-720,13380,-21430,1011033731,83,569,180
adc,1011011265,-0.18550001084804535,1011020304,0.6107500195503235,1011029342,0.002625000197440386,1011038799,0.13587500154972076,,,,,,,,
mpu,,,,,,,,,1011133732,4970,6174,-27320,1011133732,423,100,24
adc,1011111256,0.058125004172325134,1011120293,0.8690000176429749,1011129329,0.002875000238418579,1011138305,0.30112501978874207,,,,,,,,
mpu,,,,,,,,,1011233744,3430,11480,-24372,1011233744,672,-228,-563
adc,1011211270,0.7140000462532043,1011220308,0.7363750338554382,1011229348,0.7626250386238098,1011238837,0.7237500548362732,,,,,,,,
mpu,,,,,,,,,1011333734,140,9912,-26054,1011333734,812,201,-1030
adc,1011311246,0.11337500810623169,1011320287,1.1351250410079956,1011329322,1.4573750495910645,1011338314,1.2087500095367432,,,,,,,,
mpu,,,,,,,,,1011433728,4672,8150,-27642,1011433728,1093,176,-516
adc,1011411260,-0.19100001454353333,1011420294,1.0413750410079956,1011429328,1.7822500467300415,1011438817,1.5497500896453857,,,,,,,,
mpu,,,,,,,,,1011533734,3170,15086,-27078,1011533734,1265,-21,-556
adc,1011511249,-0.22212500870227814,1011520286,1.0177500247955322,1011529318,2.111250162124634,1011538504,1.7498750686645508,,,,,,,,
mpu,,,,,,,,,1011633734,2324,17824,-25900,1011633734,1380,-373,-528
adc,1011611260,-0.1797500103712082,1011620305,1.1228750944137573,1011629338,2.24750018119812,1011638810,1.8012501001358032,,,,,,,,
mpu,,,,,,,,,1011733722,534,21154,-32768,1011733722,1096,-250,-380
adc,1011711248,-0.12275000661611557,1011720285,0.8371250629425049,1011729323,2.2386250495910645,1011738785,1.8547500371932983,,,,,,,,
mpu,,,,,,,,,1011833738,-2998,25406,-32768,1011833738,530,120,-214
adc,1011811258,-0.2563750147819519,1011820293,0.7106250524520874,1011829328,1.8917500972747803,1011838663,1.7407500743865967,,,,,,,,
mpu,,,,,,,,,1011933733,-6724,32686,-32768,1011933733,-683,-2,306
adc,1011911266,-0.4177500307559967,1011920299,0.1941250115633011,1011929334,0.5567499995231628,1011938332,0.7630000114440918,,,,,,,,
mpu,,,,,,,,,1012033726,1260,15646,-24094,1012033726,-2500,-279,1332
adc,1012011257,-0.2393750101327896,1012020300,0.41087502241134644,1012029334,0.002500000176951289,1012038819,0.005250000394880772,,,,,,,,
mpu,,,,,,,,,1012133731,1554,14102,-28012,1012133731,-2083,-595,1401
adc,1012111261,-0.2226250171661377,1012120291,1.2128750085830688,1012129318,0.0038750001695007086,1012138421,0.045875001698732376,,,,,,,,
mpu,,,,,,,,,1012233729,3660,19548,-27558,1012233729,-1540,930,921
adc,1012211261,-0.3047500252723694,1012220298,0.7350000143051147,1012229337,0.08775000274181366,1012238325,0.08237500488758087,,,,,,,,
mpu,,,,,,,,,1012333731,3806,7342,-28516,1012333731,-670,-28,784
adc,1012311260,0.9331250190734863,1012320300,0.9978750348091125,1012329332,0.05000000074505806,1012338800,0.1550000011920929,,,,,,,,
mpu,,,,,,,,,1012433730,3420,5642,-26000,1012433730,384,297,79
adc,1012411267,-0.2070000171661377,1012420308,1.1688750982284546,1012429341,0.3630000054836273,1012438796,0.4673750102519989,,,,,,,,
mpu,,,,,,,,,1012533730,3822,1886,-25596,1012533730,1042,-274,-851
adc,1012511248,1.1386250257492065,1012520286,0.28025001287460327,1012529317,1.4535000324249268,1012538330,1.0575000047683716,,,,,,,,
mpu,,,,,,,,,1012633730,1538,9212,-30340,1012633730,1320,491,-1325
adc,1012611255,0.0017500000540167093,1012620294,0.7516250610351562,1012629326,2.1403751373291016,1012638792,1.7161251306533813,,,,,,,,
mpu,,,,,,,,,1012733728,9332,14260,-26168,1012733728,1756,-151,-790
adc,1012711259,-0.18775001168251038,1012720289,1.1658750772476196,1012729324,2.2502501010894775,1012738772,1.9466251134872437,,,,,,,,
mpu,,,,,,,,,1012833728,4946,21486,-26380,1012833728,1621,-420,-625
adc,1012811264,0.382500022649765,1012820298,1.1653751134872437,1012829333,2.2426249980926514,1012838349,2.0098750591278076,,,,,,,,
mpu,,,,,,,,,1012933730,4740,29606,-32768,1012933730,923,-149,-263
adc,1012911256,0.9916250705718994,1012920293,0.9958750605583191,1012929330,2.032250165939331,1012938316,1.9951250553131104,,,,,,,,
mpu,,,,,,,,,1013033738,-2080,32767,-32768,1013033738,-602,4,326
adc,1013011256,-0.3373750150203705,1013020297,1.1325000524520874,1013029330,0.8376250267028809,1013038415,0.799875020980835,,,,,,,,
mpu,,,,,,,,,1013133732,4300,17008,-28930,1013133732,-2321,-27,1258
adc,1013111261,-0.2757500112056732,1013120296,0.5138750076293945,1013129330,0.000375000003259629,1013138322,0.15425001084804535,,,,,,,,
mpu,,,,,,,,,1013233726,4966,19798,-30030,1013233726,-2108,105,1166
adc,1013211254,-0.29737502336502075,1013220295,0.9486250281333923,1013229330,0.004875000100582838,1013238820,0.11550000309944153,,,,,,,,
mpu,,,,,,,,,1013333730,3162,14754,-29230,1013333730,-1461,496,1183
adc,1013311265,-0.2226250171661377,1013320298,1.0021250247955322,1013329331,0.003750000149011612,1013338349,0.11900000274181366,,,,,,,,
mpu,,,,,,,,,1013433738,3598,4866,-27744,1013433738,-337,7,428
adc,1013411261,0.09912500530481339,1013420301,0.999250054359436,1013429335,0.10912500321865082,1013438784,0.29725000262260437,,,,,,,,
mpu,,,,,,,,,1013533732,114,-244,-32768,1013533732,787,-92,-617
adc,1013511255,1.1281250715255737,1013520292,0.4542500078678131,1013529321,0.6860000491142273,1013538340,0.565625011920929,,,,,,,,
mpu,,,,,,,,,1013633732,5268,-1046,-31322,1013633732,1483,100,-1391
adc,1013611267,0.7093750238418579,1013620305,0.1807500123977661,1013629338,1.7195000648498535,1013638822,1.3983750343322754,,,,,,,,
mpu,,,,,,,,,1013733728,1822,13870,-23456,1013733728,1758,547,-1000
adc,1013711260,-0.08550000190734863,1013720303,0.9848750233650208,1013729339,2.1166250705718994,1013738792,1.9216251373291016,,,,,,,,
mpu,,,,,,,,,1013833734,3552,23938,-24720,1013833734,1905,-467,-616
adc,1013811252,0.9642500281333923,1013820292,1.1221250295639038,1013829326,2.158750057220459,1013838653,1.971000075340271,,,,,,,,
mpu,,,,,,,,,1013933732,2078,27152,-32768,1013933732,909,-399,-236
adc,1013911254,0.5372500419616699,1013920291,0.8877500295639038,1013929320,1.7976250648498535,1013938312,1.68625009059906,,,,,,,,
mpu,,,,,,,,,1014033726,-1224,32767,-32768,1014033726,-886,65,549
adc,1014011260,-0.32450002431869507,1014020287,1.162000060081482,1014029326,0.4493750333786011,1014038779,0.6887500286102295,,,,,,,,
mpu,,,,,,,,,1014133730,5564,25106,-31134,1014133730,-2496,49,1381
adc,1014111258,-0.32762500643730164,1014120302,0.24950000643730164,1014129336,0.05587500333786011,1014138530,0.24575001001358032,,,,,,,,
mpu,,,,,,,,,1014233728,5348,17852,-27548,1014233728,-2174,249,1270
adc,1014211251,-0.1352500021457672,1014220278,0.6517500281333923,1014229309,0.01587500050663948,1014238378,0.15700000524520874,,,,,,,,
mpu,,,,,,,,,1014333729,-238,11076,-26808,1014333729,-1158,358,854
adc,1014311258,-0.22700001299381256,1014320292,0.9071250557899475,1014329333,0.004500000271946192,1014338557,0.1471250057220459,,,,,,,,
mpu,,,,,,,,,1014433728,2966,-530,-31572,1014433728,216,-228,-142
adc,1014411271,0.28037500381469727,1014420307,0.7471250295639038,1014429337,0.09987500309944153,1014438817,0.3657500147819519,,,,,,,,
mpu,,,,,,,,,1014533732,1142,-1540,-32196,1014533732,1326,-72,-1203
adc,1014511253,1.5207500457763672,1014520296,0.9178750514984131,1014529323,1.0847500562667847,1014538399,0.908875048160553,,,,,,,,
mpu,,,,,,,,,1014633731,5304,5600,-19818,1014633731,1778,424,-1357
adc,1014611257,-0.06700000166893005,1014620297,0.3568750023841858,1014629334,1.7843750715255737,1014638334,1.642875075340271,,,,,,,,
mpu,,,,,,,,,1014733733,7620,22528,-21870,1014733733,1960,-38,-787
adc,1014711256,-0.1340000033378601,1014720295,0.8997500538825989,1014729330,2.07562518119812,1014738788,1.8445000648498535,,,,,,,,
mpu,,,,,,,,,1014833733,3678,31258,-32768,1014833733,1430,-356,-351
adc,1014811259,0.8860000371932983,1014820302,0.8876250386238098,1014829335,1.9930001497268677,1014838513,1.752250075340271,,,,,,,,
mpu,,,,,,,,,1014933734,-910,32767,-32768,1014933734,-521,-90,368
adc,1014911254,-0.1615000069141388,1014920290,1.11537504196167,1014929322,1.0518749952316284,1014938313,0.9905000329017639,,,,,,,,
mpu,,,,,,,,,1015033726,1750,24332,-31144,1015033726,-2558,96,1474
adc,1015011256,-0.16587500274181366,1015020289,0.1575000137090683,1015029324,0.12550000846385956,1015038557,0.3017500042915344,,,,,,,,
mpu,,,,,,,,,1015133732,3918,18334,-31730,1015133732,-2295,319,1446
adc,1015111258,-0.09225000441074371,1015120293,0.6455000042915344,1015129329,0.008750000037252903,1015138523,0.22050000727176666,,,,,,,,
mpu,,,,,,,,,1015233729,1920,10312,-27430,1015233729,-1250,304,916
adc,1015211250,-0.14512500166893005,1015220290,0.8511250615119934,1015229325,0.006000000052154064,1015238400,0.26237502694129944,,,,,,,,
mpu,,,,,,,,,1015333725,312,-10,-32244,1015333725,249,-135,-153
adc,1015311261,0.38737502694129944,1015320297,0.7168750166893005,1015329331,0.016875000670552254,1015338329,0.4333750307559967,,,,,,,,
mpu,,,,,,,,,1015433732,2078,-3970,-32310,1015433732,1365,-143,-1306
adc,1015411261,1.0628750324249268,1015420300,0.7442500591278076,1015429331,0.9116250276565552,1015438809,0.8878750205039978,,,,,,,,
mpu,,,,,,,,,1015533734,4522,7656,-21750,1015533734,1770,379,-1388
adc,1015511263,-0.0035000001080334187,1015520303,0.05962500348687172,1015529341,1.9468750953674316,1015538337,1.6792501211166382,,,,,,,,
mpu,,,,,,,,,1015633731,8024,23810,-21252,1015633731,1965,-120,-764
adc,1015611263,0.06662500649690628,1015620296,0.8890000581741333,1015629331,2.149250030517578,1015638621,1.8203750848770142,,,,,,,,
mpu,,,,,,,,,1015733730,5428,30638,-32768,1015733730,1189,-280,-241
adc,1015711255,0.6881250143051147,1015720295,0.8340000510215759,1015729331,2.0199999809265137,1015738809,1.8193750381469727,,,,,,,,
mpu,,,,,,,,,1015833730,920,32767,-32768,1015833730,-926,-39,553
adc,1015811247,-0.20600001513957977,1015820284,1.0740000009536743,1015829318,0.9915000200271606,1015838641,1.0110000371932983,,,,,,,,
mpu,,,,,,,,,1015933724,2750,24826,-29874,1015933724,-2784,239,1557
adc,1015911255,-0.1236250028014183,1015920293,0.3602500259876251,1015929328,0.014875000342726707,1015938314,0.27400001883506775,,,,,,,,
mpu,,,,,,,,,1016033735,3688,14530,-28092,1016033735,-2159,155,1349
adc,1016011258,-0.0637500062584877,1016020304,0.5550000071525574,1016029342,0.005750000476837158,1016038550,0.1861250102519989,,,,,,,,
mpu,,,,,,,,,1016133731,2218,7082,-29548,1016133731,-794,255,625
adc,1016111259,0.12537500262260437,1016120291,0.5921249985694885,1016129330,0.014250000938773155,1016138563,0.33225002884864807,,,,,,,,
mpu,,,,,,,,,1016233732,26,-2102,-32356,1016233732,701,-270,-530
adc,1016211263,0.4711250364780426,1016220303,0.6877500414848328,1016229340,0.15162500739097595,1016238566,0.4907500147819519,,,,,,,,
mpu,,,,,,,,,1016333732,1238,-3834,-32768,1016333732,1666,-18,-1502
adc,1016311252,1.4886250495910645,1016320287,0.8111250400543213,1016329326,0.8678750395774841,1016338579,0.9813750386238098,,,,,,,,
mpu,,,,,,,,,1016433733,7918,14280,-14930,1016433733,1880,513,-1156
adc,1016411254,-0.01850000023841858,1016420293,0.5438750386238098,1016429331,1.5878751277923584,1016438312,1.611375093460083,,,,,,,,
mpu,,,,,,,,,1016533730,5364,29248,-24536,1016533730,1786,-306,-604
adc,1016511249,0.8700000643730164,1016520292,0.8506250381469727,1016529327,1.789500117301941,1016538330,1.689750075340271,,,,,,,,
mpu,,,,,,,,,1016633732,1558,31978,-32768,1016633732,519,-312,6
adc,1016611248,0.7907500267028809,1016620288,0.608875036239624,1016629318,1.6485000848770142,1016638298,1.5595000982284546,,,,,,,,
mpu,,,,,,,,,1016733726,346,32767,-30828,1016733726,-1761,97,978
adc,1016711257,-0.3398750126361847,1016720290,0.4427500069141388,1016729324,0.33800002932548523,1016738793,0.48762503266334534,,,,,,,,
mpu,,,,,,,,,1016833723,3850,21056,-28626,1016833723,-2817,298,1591
adc,1016811248,-0.001125000067986548,1016820293,0.5590000152587891,1016829331,0.026375001296401024,1016838330,0.22350001335144043,,,,,,,,
mpu,,,,,,,,,1016933733,2098,11014,-27392,1016933733,-1767,205,1137
adc,1016911254,-0.0742500051856041,1016920300,0.5386250019073486,1016929330,0.014625000767409801,1016938308,0.281000018119812,,,,,,,,
mpu,,,,,,,,,1017033727,1834,216,-32208,1017033727,-68,-150,143
adc,1017011257,-0.06487500667572021,1017020301,0.5438750386238098,1017029339,0.017375001683831215,1017038825,0.3021250069141388,,,,,,,,
mpu,,,,,,,,,1017133729,-3658,-7890,-32768,1017133729,1373,-165,-1033
adc,1017111265,1.4781250953674316,1017120302,0.5270000100135803,1017129338,0.14662501215934753,1017138347,0.5040000081062317,,,,,,,,
mpu,,,,,,,,,1017233733,9090,3280,-25324,1017233733,1772,200,-1485
adc,1017211271,0.6858750581741333,1017220306,0.5172500014305115,1017229344,1.1063750982284546,1017238343,1.156000018119812,,,,,,,,
mpu,,,,,,,,,1017333727,5058,21014,-19120,1017333727,1838,348,-942
adc,1017311252,-0.024500001221895218,1017320283,0.7098750472068787,1017329318,1.5871250629425049,1017338313,1.4731251001358032,,,,,,,,
mpu,,,,,,,,,1017433725,5052,32767,-29832,1017433725,1306,-528,-338
adc,1017411260,0.4710000157356262,1017420296,0.6468750238418579,1017429327,1.6218750476837158,1017438378,1.4325001239776611,,,,,,,,
mpu,,,,,,,,,1017533733,-2462,32767,-32768,1017533733,-535,-57,475
adc,1017511262,-0.015250001102685928,1017520301,0.6306250095367432,1017529338,0.9703750610351562,1017538537,0.9353750348091125,,,,,,,,
mpu,,,,,,,,,1017633728,-3382,24386,-32768,1017633728,-2557,355,1452
adc,1017611253,-0.012000000104308128,1017620285,-0.026750002056360245,1017629318,0.19575001299381256,1017638307,0.42637503147125244,,,,,,,,
mpu,,,,,,,,,1017733739,3136,16426,-30514,1017733739,-2360,270,1419
adc,1017711248,0.03550000116229057,1017720286,0.4411250352859497,1017729313,0.011125000193715096,1017738375,0.2685000002384186,,,,,,,,
mpu,,,,,,,,,1017833724,2280,5762,-27856,1017833724,-970,86,650
adc,1017811254,0.020125001668930054,1017820284,0.5610000491142273,1017829317,0.006000000052154064,1017838537,0.27025002241134644,,,,,,,,
mpu,,,,,,,,,1017933731,538,-1398,-32304,1017933731,701,-250,-499
adc,1017911263,0.140500009059906,1017920300,0.6676250100135803,1017929333,0.007250000257045031,1017938828,0.31937500834465027,,,,,,,,
mpu,,,,,,,,,1018033724,-728,-5612,-32768,1018033724,1635,-4,-1467
adc,1018011257,1.5601251125335693,1018020300,0.593250036239624,1018029334,0.484000027179718,1018038567,0.7295000553131104,,,,,,,,
mpu,,,,,,,,,1018133729,5852,13876,-17042,1018133729,1816,375,-1157
adc,1018111256,0.28175002336502075,1018120293,0.5350000262260437,1018129331,1.3186250925064087,1018138345,1.2836250066757202,,,,,,,,
mpu,,,,,,,,,1018233731,7528,29664,-25410,1018233731,1654,-230,-608
adc,1018211258,0.48125001788139343,1018220294,0.6046250462532043,1018229325,1.6182501316070557,1018238661,1.4438750743865967,,,,,,,,
mpu,,,,,,,,,1018333733,218,31642,-32768,1018333733,527,-277,1
adc,1018311243,0.7488750219345093,1018320283,0.49375003576278687,1018329317,1.4943751096725464,1018338556,1.2652500867843628,,,,,,,,
mpu,,,,,,,,,1018433735,1120,32384,-32062,1018433735,-1525,113,877
adc,1018411250,0.03237500041723251,1018420285,-0.18787500262260437,1018429318,0.4831250309944153,1018438295,0.6306250095367432,,,,,,,,
mpu,,,,,,,,,1018533728,6970,22864,-30048,1018533728,-2622,296,1487
adc,1018511249,0.19425000250339508,1018520284,0.1535000056028366,1018529319,0.03350000083446503,1018538320,0.30137500166893005,,,,,,,,
mpu,,,,,,,,,1018633727,698,11276,-27378,1018633727,-1802,321,1132
adc,1018611260,0.03450000286102295,1018620299,0.32587501406669617,1018629337,0.006000000052154064,1018638829,0.20800000429153442,,,,,,,,
mpu,,,,,,,,,1018733728,2974,486,-31630,1018733728,-95,-167,250
adc,1018711246,0.2096250057220459,1018720285,0.4633750319480896,1018729314,0.007250000257045031,1018738316,0.2432500123977661,,,,,,,,
mpu,,,,,,,,,1018833732,-2606,-5014,-32768,1018833732,1244,-179,-908
adc,1018811267,0.9625000357627869,1018820304,0.5136250257492065,1018829334,0.012250000610947609,1018838669,0.3097500205039978,,,,,,,,
mpu,,,,,,,,,1018933730,9472,732,-22700,1018933730,1728,44,-1474
adc,1018911260,0.8721250295639038,1018920297,0.9317500591278076,1018929332,0.7873750329017639,1018938801,0.8968750238418579,,,,,,,,
mpu,,,,,,,,,1019033734,7350,19970,-20002,1019033734,1788,416,-892
adc,1019011244,0.2631250023841858,1019020276,0.659250020980835,1019029308,1.3631250858306885,1019038333,1.289500117301941,,,,,,,,
mpu,,,,,,,,,1019133728,3242,31494,-30028,1019133728,1290,-497,-412
adc,1019111260,0.549625039100647,1019120300,0.43387502431869507,1019129335,1.5541250705718994,1019138524,1.383250117301941,,,,,,,,
mpu,,,,,,,,,1019233738,348,32767,-32768,1019233738,-292,-41,349
adc,1019211252,0.2581250071525574,1019220283,0.37575000524520874,1019229319,1.0717500448226929,1019238394,0.971125066280365,,,,,,,,
mpu,,,,,,,,,1019333727,1060,25664,-32768,1019333727,-2368,244,1297
adc,1019311249,0.11125000566244125,1019320293,-0.004124999977648258,1019329324,0.10950000584125519,1019338331,0.4611250162124634,,,,,,,,
mpu,,,,,,,,,1019433730,42,18888,-28346,1019433730,-2404,288,1362
adc,1019411254,0.22112500667572021,1019420289,0.17137500643730164,1019429321,0.017750000581145287,1019438305,0.2588750123977661,,,,,,,,
mpu,,,,,,,,,1019533729,672,7704,-26718,1019533729,-1143,88,762
adc,1019511258,0.17350000143051147,1019520299,0.2928750216960907,1019529333,0.006000000052154064,1019538555,0.2630000114440918,,,,,,,,
mpu,,,,,,,,,1019633726,1060,-2290,-32768,1019633726,595,-339,-295
adc,1019611256,0.3776250183582306,1019620294,0.43012502789497375,1019629327,0.0061250003054738045,1019638819,0.23637500405311584,,,,,,,,
mpu,,,,,,,,,1019733725,266,-7716,-32768,1019733725,1606,-64,-1443
adc,1019711259,1.4698750972747803,1019720292,0.2590000033378601,1019729327,0.09000000357627869,1019738812,0.6478750109672546,,,,,,,,
mpu,,,,,,,,,1019833732,5120,12620,-19334,1019833732,1738,355,-1198
adc,1019811257,1.120500087738037,1019820296,0.8840000629425049,1019829330,1.1626250743865967,1019838413,1.2668750286102295,,,,,,,,
mpu,,,,,,,,,1019933729,1350,26672,-21782,1019933729,1684,41,-688
adc,1019911262,0.41862502694129944,1019920296,0.5045000314712524,1019929330,1.452375054359436,1019938806,1.4816250801086426,,,,,,,,
mpu,,,,,,,,,1020033743,4328,32640,-32768,1020033743,803,-441,-102
adc,1020011262,0.7566250562667847,1020020321,0.3411250114440918,1020029356,1.4961251020431519,1020038843,1.4098750352859497,,,,,,,,
mpu,,,,,,,,,1020133731,-696,32767,-32768,1020133731,-1250,83,768
adc,1020111252,0.04450000077486038,1020120288,-0.19687500596046448,1020129314,0.7557500600814819,1020138455,0.9142500162124634,,,,,,,,
mpu,,,,,,,,,1020233735,3382,23464,-30486,1020233735,-2673,319,1515
adc,1020211267,0.23862500488758087,1020220307,0.124875009059906,1020229342,0.07225000113248825,1020238819,0.36125001311302185,,,,,,,,
mpu,,,,,,,,,1020333731,2176,13154,-27034,1020333731,-1950,184,1191
adc,1020311259,0.2853749990463257,1020320292,0.1771250069141388,1020329328,0.014375000260770321,1020338522,0.304500013589859,,,,,,,,
mpu,,,,,,,,,1020433725,1920,3352,-28742,1020433725,-405,-15,328
adc,1020411256,0.3215000033378601,1020420299,0.2266250103712082,1020429331,0.017625000327825546,1020438801,0.39375001192092896,,,,,,,,
mpu,,,,,,,,,1020533730,-1014,-4374,-32768,1020533730,1086,-258,-796
adc,1020511258,0.3347500264644623,1020520299,0.43700000643730164,1020529335,0.005875000264495611,1020538830,0.3722500205039978,,,,,,,,
mpu,,,,,,,,,1020633729,7426,-2346,-28084,1020633729,1703,-16,-1499
adc,1020611250,1.4421250820159912,1020620285,0.6722500324249268,1020629321,0.7195000052452087,1020638348,0.9600000381469727,,,,,,,,
mpu,,,,,,,,,1020733722,5010,13236,-21506,1020733722,1741,454,-1060
adc,1020711251,0.5740000009536743,1020720287,0.4388750195503235,1020729322,1.2188750505447388,1020738791,1.3245000839233398,,,,,,,,
mpu,,,,,,,,,1020833726,4966,30882,-28356,1020833726,1553,-140,-469
adc,1020811253,0.43400001525878906,1020820292,0.21762500703334808,1020829330,1.46750009059906,1020838546,1.3987500667572021,,,,,,,,
mpu,,,,,,,,,1020933729,1104,32767,-32768,1020933729,104,-220,166
adc,1020911259,0.6370000243186951,1020920296,0.25837501883506775,1020929327,1.4076250791549683,1020938819,1.2702500820159912,,,,,,,,
mpu,,,,,,,,,1021033727,-3880,27608,-32768,1021033727,-2036,195,1117
adc,1021011261,0.22575001418590546,1021020296,-0.08612500131130219,1021029332,0.45912501215934753,1021038808,0.7002500295639038,,,,,,,,
mpu,,,,,,,,,1021133727,2468,19424,-32038,1021133727,-2648,161,1458
adc,1021111250,0.2291250079870224,1021120290,0.11412500590085983,1021129320,0.032625000923871994,1021138331,0.3567500114440918,,,,,,,,
mpu,,,,,,,,,1021233728,1330,9092,-27042,1021233728,-1523,40,950
adc,1021211260,0.4007500112056732,1021220300,0.16962501406669617,1021229342,0.010375000536441803,1021238786,0.3710000216960907,,,,,,,,
mpu,,,,,,,,,1021333732,2334,-1434,-31050,1021333732,275,-91,-11
adc,1021311257,0.43400001525878906,1021320291,0.37312501668930054,1021329322,0.005500000435858965,1021338820,0.34700000286102295,,,,,,,,
mpu,,,,,,,,,1021433733,1500,-5572,-30120,1021433733,1422,-229,-1204
adc,1021411263,1.2906250953674316,1021420299,0.44875001907348633,1021429336,0.005625000223517418,1021438783,0.4151250123977661,,,,,,,,
mpu,,,,,,,,,1021533729,3364,5700,-27084,1021533729,1766,215,-1322
adc,1021511255,0.6493750214576721,1021520291,0.5575000047683716,1021529324,0.9050000309944153,1021538549,1.1019999980926514,,,,,,,,
mpu,,,,,,,,,1021633724,9248,19676,-20546,1021633724,1784,253,-838
adc,1021611254,0.21312500536441803,1021620293,0.47600001096725464,1021629328,1.2917500734329224,1021638311,1.4063750505447388,,,,,,,,
mpu,,,,,,,,,1021733731,4284,32192,-32564,1021733731,1218,-261,-248
adc,1021711250,0.9670000672340393,1021720280,0.21000000834465027,1021729313,1.4262501001358032,1021738359,1.4256250858306885,,,,,,,,
mpu,,,,,,,,,1021833734,832,32767,-32768,1021833734,-683,-197,471
adc,1021811252,0.005500000435858965,1021820288,0.24550001323223114,1021829329,0.8195000290870667,1021838566,0.9612500667572021,,,,,,,,
mpu,,,,,,,,,1021933727,688,25084,-30824,1021933727,-2554,212,1393
adc,1021911254,0.07212500274181366,1021920298,-0.10212500393390656,1021929334,0.019500000402331352,1021938814,0.3165000081062317,,,,,,,,
mpu,,,,,,,,,1022033747,4088,11866,-26042,1022033747,-2045,268,1193
adc,1022011253,0.36650002002716064,1022020325,0.08387500047683716,1022029363,0.005125000141561031,1022038835,0.2005000114440918,,,,,,,,
mpu,,,,,,,,,1022133734,1926,8596,-30916,1022133734,-472,-6,369
adc,1022111259,0.5282500386238098,1022120296,0.26625001430511475,1022129333,0.21975001692771912,1022138434,0.5142500400543213,,,,,,,,
mpu,,,,,,,,,1022233732,-3354,-4404,-31044,1022233732,1204,-292,-565
adc,1022211264,1.1256250143051147,1022220298,0.17775000631809235,1022229331,0.7037500143051147,1022238399,0.9131250381469727,,,,,,,,
mpu,,,,,,,,,1022333729,60,3560,-26630,1022333729,1698,339,-1433
adc,1022311251,1.2258750200271606,1022320288,0.3761250078678131,1022329327,1.3148750066757202,1022338327,1.3941251039505005,,,,,,,,
mpu,,,,,,,,,1022433727,8860,18690,-23940,1022433727,2043,-63,-889
adc,1022411256,0.40425002574920654,1022420298,0.47950002551078796,1022429335,1.767625093460083,1022438799,1.7513750791549683,,,,,,,,
mpu,,,,,,,,,1022533734,6988,29074,-29968,1022533734,1459,-298,-368
adc,1022511249,0.19850000739097595,1022520280,0.6342500448226929,1022529314,1.7591251134872437,1022538369,1.7946250438690186,,,,,,,,
mpu,,,,,,,,,1022633740,-1168,32767,-32768,1022633740,-179,120,135
adc,1022611251,0.38225001096725464,1022620292,0.17462500929832458,1022629324,1.4416251182556152,1022638359,1.2978750467300415,,,,,,,,
mpu,,,,,,,,,1022733732,5016,28506,-30482,1022733732,-2151,104,1104
adc,1022711258,0.09912500530481339,1022720295,-0.016750000417232513,1022729328,0.3446250259876251,1022738788,0.6968750357627869,,,,,,,,
mpu,,,,,,,,,1022833730,3204,24646,-32768,1022833730,-2539,263,1331
adc,1022811251,-0.09712500125169754,1022820293,0.34450000524520874,1022829330,0.14687500894069672,1022838319,0.3596250116825104,,,,,,,,
mpu,,,,,,,,,1022933730,1558,9732,-25390,1022933730,-1609,179,951
adc,1022911243,0.03437500074505806,1022920281,-0.022750001400709152,1022929315,0.013750000856816769,1022938805,0.3283750116825104,,,,,,,,
mpu,,,,,,,,,1023033734,684,1474,-32768,1023033734,163,-314,-57
adc,1023011260,0.22550001740455627,1023020288,0.1627500057220459,1023029327,0.032999999821186066,1023038548,0.3095000088214874,,,,,,,,
mpu,,,,,,,,,1023133733,-1978,-4612,-24934,1023133733,1549,-183,-1237
adc,1023111255,1.5381250381469727,1023120285,0.015000000596046448,1023129319,0.030500002205371857,1023138405,0.4610000252723694,,,,,,,,
mpu,,,,,,,,,1023233727,8260,7948,-22732,1023233727,1894,136,-1277
adc,1023211262,1.161750078201294,1023220291,0.18775001168251038,1023229328,0.577875018119812,1023238325,1.026750087738037,,,,,,,,
mpu,,,,,,,,,1023333728,10566,23068,-21032,1023333728,1764,310,-868
adc,1023311255,0.09775000810623169,1023320287,0.81187504529953,1023329316,0.8762500286102295,1023338552,1.2871251106262207,,,,,,,,
mpu,,,,,,,,,1023433731,286,32767,-32768,1023433731,1093,-241,-451
adc,1023411266,1.0447500944137573,1023420305,0.09325000643730164,1023429342,1.1077500581741333,1023438347,1.3078750371932983,,,,,,,,
mpu,,,,,,,,,1023533734,1456,32767,-32768,1023533734,-807,135,560
adc,1023511258,0.2862500250339508,1023520300,-0.23900000751018524,1023529332,0.27812501788139343,1023538536,1.0413750410079956,,,,,,,,
mpu,,,,,,,,,1023633731,246,26398,-30164,1023633731,-2772,419,1183
adc,1023611259,0.20475001633167267,1023620298,-0.101500004529953,1023629336,0.004500000271946192,1023638561,0.21262501180171967,,,,,,,,
mpu,,,,,,,,,1023733727,2428,12168,-29180,1023733727,-2447,-131,1054
adc,1023711257,0.21937501430511475,1023720297,0.13375000655651093,1023729330,0.005875000264495611,1023738809,0.054875001311302185,,,,,,,,
mpu,,,,,,,,,1023833730,1560,8410,-30034,1023833730,-797,-310,734
adc,1023811262,0.765250027179718,1023820297,0.10600000619888306,1023829328,0.018250001594424248,1023838551,0.2671250104904175,,,,,,,,
mpu,,,,,,,,,1023933730,962,-5720,-32768,1023933730,845,-408,-355
adc,1023911253,0.7538750171661377,1023920292,0.08237500488758087,1023929325,0.005625000223517418,1023938673,0.27012500166893005,,,,,,,,
mpu,,,,,,,,,1024033728,4310,-2844,-31062,1024033728,1633,-50,-1475
adc,1024011250,1.451375126838684,1024020295,0.1691250056028366,1024029330,0.0860000029206276,1024038612,0.5953750014305115,,,,,,,,
mpu,,,,,,,,,1024133732,5324,11698,-16022,1024133732,1791,696,-1130
adc,1024111249,1.1845000982284546,1024120283,0.3530000150203705,1024129319,0.8001250624656677,1024138363,1.140625,,,,,,,,
mpu,,,,,,,,,1024233724,4358,32767,-25774,1024233724,1624,-120,-716
adc,1024211264,0.21387501060962677,1024220300,0.4855000376701355,1024229335,1.2170000076293945,1024238322,1.3620001077651978,,,,,,,,
mpu,,,,,,,,,1024333728,-756,29934,-32768,1024333728,538,5,7
adc,1024311259,0.8682500123977661,1024320296,-0.08775000274181366,1024329329,1.1938750743865967,1024338536,1.3302500247955322,,,,,,,,
mpu,,,,,,,,,1024433725,1884,32767,-32768,1024433725,-1645,32,902
adc,1024411250,0.5540000200271606,1024420291,-0.19500000774860382,1024429330,0.4123750329017639,1024438317,0.956125020980835,,,,,,,,
mpu,,,,,,,,,1024533737,2678,23230,-31518,1024533737,-2822,330,1323
adc,1024511265,0.4595000147819519,1024520304,-0.10250000655651093,1024529340,0.03550000116229057,1024538821,0.3370000123977661,,,,,,,,
mpu,,,,,,,,,1024633735,2206,11358,-26406,1024633735,-2008,2,878
adc,1024611246,0.6072500348091125,1024620275,-0.06200000271201134,1024629312,0.004750000312924385,1024638366,0.234125018119812,,,,,,,,
mpu,,,,,,,,,1024733730,1338,4918,-28088,1024733730,-228,-311,337
adc,1024711259,0.6061250567436218,1024720290,0.08400000631809235,1024729324,0.004750000312924385,1024738542,0.2917500138282776,,,,,,,,
mpu,,,,,,,,,1024833733,-2970,-3478,-29514,1024833733,1228,-417,-783
adc,1024811267,1.3873751163482666,1024820302,0.0560000017285347,1024829338,0.009875000454485416,1024838356,0.34837502241134644,,,,,,,,
mpu,,,,,,,,,1024933728,9614,2002,-27872,1024933728,1851,155,-1313
adc,1024911258,1.2036250829696655,1024920295,0.28962501883506775,1024929327,0.48350003361701965,1024938387,0.780375063419342,,,,,,,,
mpu,,,,,,,,,1025033732,4958,16838,-19840,1025033732,1836,525,-947
adc,1025011268,0.8101250529289246,1025020304,0.014750001020729542,1025029337,0.9283750653266907,1025038799,1.268875002861023,,,,,,,,
mpu,,,,,,,,,1025133732,6152,32300,-29870,1025133732,1464,-352,-514
adc,1025111265,0.721375048160553,1025120305,0.30237501859664917,1025129340,1.2332500219345093,1025138408,1.3200000524520874,,,,,,,,
mpu,,,,,,,,,1025233724,-4072,31882,-32768,1025233724,-22,88,134
adc,1025211261,0.8392500281333923,1025220295,-0.23762501776218414,1025229324,1.2052500247955322,1025238313,1.3153750896453857,,,,,,,,
mpu,,,,,,,,,1025333734,-998,26304,-32768,1025333734,-2235,133,1158
adc,1025311253,0.09600000083446503,1025320285,-0.265500009059906,1025329318,0.17525000870227814,1025338671,0.7592500448226929,,,,,,,,
mpu,,,,,,,,,1025433736,1146,20342,-31796,1025433736,-2651,310,1219
adc,1025411255,0.5166250467300415,1025420300,-0.07225000113248825,1025429331,0.01237500086426735,1025438439,0.37937501072883606,,,,,,,,
mpu,,,,,,,,,1025533728,602,9552,-28518,1025533728,-1556,113,820
adc,1025511260,0.6791250109672546,1025520295,-0.036250002682209015,1025529329,0.012500000186264515,1025538396,0.3673750162124634,,,,,,,,
mpu,,,,,,,,,1025633727,1542,1366,-30860,1025633727,182,-417,106
adc,1025611251,0.7780000567436218,1025620285,-0.04612500220537186,1025629317,0.004500000271946192,1025638786,0.3087500035762787,,,,,,,,
mpu,,,,,,,,,1025733734,3536,-2712,-30062,1025733734,1490,-259,-1116
adc,1025711253,1.4811251163482666,1025720290,0.148375004529953,1025729320,0.004500000271946192,1025738369,0.44475001096725464,,,,,,,,
mpu,,,,,,,,,1025833727,5818,6792,-23066,1025833727,1819,225,-1263
adc,1025811262,1.1350001096725464,1025820301,0.38062500953674316,1025829339,0.4478750228881836,1025838581,0.906000018119812,,,,,,,,
mpu,,,,,,,,,1025933727,5730,21226,-18814,1025933727,1787,457,-859
adc,1025911258,0.9303750395774841,1025920297,-0.058750003576278687,1025929333,0.8993750214576721,1025938329,1.2942500114440918,,,,,,,,
mpu,,,,,,,,,1026033730,4692,32136,-32768,1026033730,1257,-453,-307
adc,1026011256,0.8202500343322754,1026020301,0.005625000223517418,1026029338,1.1691250801086426,1026038806,1.2545000314712524,,,,,,,,
mpu,,,,,,,,,1026133727,-1780,32767,-32768,1026133727,-509,22,347
adc,1026111273,1.0293750762939453,1026120305,-0.30387502908706665,1026129338,0.9705000519752502,1026138339,1.3202500343322754,,,,,,,,
mpu,,,,,,,,,1026233734,442,24376,-32768,1026233734,-2485,213,1331
adc,1026211262,0.2710000276565552,1026220303,-0.35200002789497375,1026229340,0.035750001668930054,1026238316,0.5897500514984131,,,,,,,,
mpu,,,,,,,,,1026333731,1020,15132,-32292,1026333731,-2438,204,1153
adc,1026311260,0.5096250176429749,1026320300,-0.13837499916553497,1026329329,0.0043750000186264515,1026338331,0.3058750033378601,,,,,,,,
mpu,,,,,,,,,1026433729,1836,7628,-28520,1026433729,-1144,42,655
adc,1026411259,0.7688750624656677,1026420295,-0.14675000309944153,1026429328,0.004124999977648258,1026438811,0.3165000081062317,,,,,,,,
mpu,,,,,,,,,1026533727,1394,200,-31902,1026533727,469,-363,-137
adc,1026511251,0.858875036239624,1026520294,-0.013000000268220901,1026529330,0.0042500002309679985,1026538811,0.3206250071525574,,,,,,,,
mpu,,,,,,,,,1026633732,7758,-204,-32392,1026633732,1581,-239,-1154
adc,1026611253,1.4165000915527344,1026620290,0.21375000476837158,1026629326,0.009875000454485416,1026638341,0.5200000405311584,,,,,,,,
mpu,,,,,,,,,1026733729,4246,8918,-24292,1026733729,1857,426,-1205
adc,1026711260,0.862375020980835,1026720297,0.023625001311302185,1026729329,0.6953750252723694,1026738378,0.8575000166893005,,,,,,,,
mpu,,,,,,,,,1026833728,4876,21542,-22624,1026833728,1637,143,-814
adc,1026811265,0.6766250133514404,1026820303,0.19375000894069672,1026829340,1.1671251058578491,1026838333,1.0721250772476196,,,,,,,,
mpu,,,,,,,,,1026933739,2048,32230,-32768,1026933739,1028,-366,-301
adc,1026911262,0.7210000157356262,1026920302,-0.1965000033378601,1026929340,1.34250009059906,1026938430,1.2696250677108765,,,,,,,,
mpu,,,,,,,,,1027033728,-3350,32767,-32768,1027033728,-689,171,478
adc,1027011254,0.9152500629425049,1027020293,-0.3566250205039978,1027029323,0.9547500610351562,1027038788,1.2607500553131104,,,,,,,,
mpu,,,,,,,,,1027133733,1476,24652,-31716,1027133733,-2515,367,1279
adc,1027111247,0.5766250491142273,1027120282,-0.2997500002384186,1027129317,0.026125000789761543,1027138402,0.5013750195503235,,,,,,,,
mpu,,,,,,,,,1027233731,1536,15658,-28872,1027233731,-2399,142,1049
adc,1027211263,0.6023750305175781,1027220302,-0.2226250171661377,1027229336,0.0032500000670552254,1027238812,0.19987501204013824,,,,,,,,
mpu,,,,,,,,,1027333730,2688,8128,-28270,1027333730,-1032,-199,617
adc,1027311264,0.7076250314712524,1027320298,-0.17862500250339508,1027329331,0.007500000298023224,1027338821,0.30812501907348633,,,,,,,,
mpu,,,,,,,,,1027433732,1654,-372,-31752,1027433732,588,-305,-183
adc,1027411250,0.7946250438690186,1027420287,-0.052125003188848495,1027429319,0.0035000001080334187,1027438370,0.25200000405311584,,,,,,,,
mpu,,,,,,,,,1027533727,6896,-2434,-32768,1027533727,1614,-154,-1175
adc,1027511249,1.4438750743865967,1027520289,0.08887500315904617,1027529320,0.002875000238418579,1027538331,0.42375001311302185,,,,,,,,
mpu,,,,,,,,,1027633724,7286,8880,-21966,1027633724,1792,362,-1102
adc,1027611254,1.314250111579895,1027620286,-0.06050000339746475,1027629320,0.6506250500679016,1027638802,0.9708750247955322,,,,,,,,
mpu,,,,,,,,,1027733727,6804,23980,-23770,1027733727,1614,163,-830
adc,1027711260,0.7202500104904175,1027720303,0.10500000417232513,1027729336,1.0038750171661377,1027738777,1.3071250915527344,,,,,,,,
mpu,,,,,,,,,1027833733,-542,31774,-32768,1027833733,1068,-244,-313
adc,1027811257,0.846500039100647,1027820300,-0.24750001728534698,1027829330,1.2153750658035278,1027838406,1.321250081062317,,,,,,,,
mpu,,,,,,,,,1027933733,1750,32767,-32768,1027933733,-929,20,591
adc,1027911264,0.893500030040741,1027920302,-0.4347500205039978,1027929331,0.7085000276565552,1027938802,1.168624997138977,,,,,,,,
mpu,,,,,,,,,1028033735,212,25324,-31520,1028033735,-2672,343,1285
adc,1028011260,0.6340000033378601,1028020308,-0.2915000021457672,1028029346,0.02800000086426735,1028038815,0.4723750352859497,,,,,,,,
mpu,,,,,,,,,1028133730,888,14094,-25112,1028133730,-2328,160,945
adc,1028111245,0.4506250321865082,1028120281,-0.218625009059906,1028129314,0.0032500000670552254,1028138421,0.1666250079870224,,,,,,,,
mpu,,,,,,,,,1028233730,2202,6706,-29200,1028233730,-835,-255,437
adc,1028211254,0.47062501311302185,1028220287,-0.15300001204013824,1028229324,0.0036250001285225153,1028238804,0.2252500057220459,,,,,,,,
mpu,,,,,,,,,1028333730,532,-82,-31468,1028333730,730,-353,-250
adc,1028311262,0.940000057220459,1028320300,-0.11400000751018524,1028329334,0.0027500002179294825,1028338334,0.3296250104904175,,,,,,,,
mpu,,,,,,,,,1028433731,6892,-2168,-29054,1028433731,1696,-140,-1097
adc,1028411265,1.562000036239624,1028420300,-0.22950001060962677,1028429338,0.002625000197440386,1028438340,0.5195000171661377,,,,,,,,
mpu,,,,,,,,,1028533728,10184,12650,-23096,1028533728,1736,534,-1115
adc,1028511261,1.5440000295639038,1028520298,0.17100000381469727,1028529333,0.5713750123977661,1028538385,1.1462500095367432,,,,,,,,
mpu,,,,,,,,,1028633735,4310,25900,-24484,1028633735,1475,128,-741
adc,1028611254,0.8550000190734863,1028620294,0.018000001087784767,1028629331,0.9493750333786011,1028638811,1.3372501134872437,,,,,,,,
mpu,,,,,,,,,1028733729,1704,28782,-32768,1028733729,753,-405,-109
adc,1028711253,0.5173750519752502,1028720293,-0.3330000042915344,1028729328,1.2135000228881836,1028738364,1.3717501163482666,,,,,,,,
mpu,,,,,,,,,1028833729,118,32767,-32768,1028833729,-1105,98,694
adc,1028811253,0.6478750109672546,1028820291,-0.3737500309944153,1028829326,0.7295000553131104,1028838323,1.1921250820159912,,,,,,,,
mpu,,,,,,,,,1028933731,5080,24826,-32254,1028933731,-2585,356,1356
adc,1028911261,0.8571250438690186,1028920296,-0.31075000762939453,1028929331,0.0598750039935112,1028938820,0.6460000276565552,,,,,,,,
mpu,,,,,,,,,1029033725,580,16904,-23646,1029033725,-2146,322,1055
adc,1029011256,0.8856250643730164,1029020288,-0.2316250056028366,1029029319,0.004875000100582838,1029038816,0.4910000264644623,,,,,,,,
mpu,,,,,,,,,1029133727,2384,4688,-28532,1029133727,-708,-297,469
adc,1029111252,0.8667500615119934,1029120290,-0.24750001728534698,1029129320,0.0013750001089647412,1029138533,0.33525002002716064,,,,,,,,
mpu,,,,,,,,,1029233730,1884,-2228,-32768,1029233730,865,-371,-409
adc,1029211255,1.1597501039505005,1029220292,-0.011750000528991222,1029229329,0.0013750001089647412,1029238323,0.2876250147819519,,,,,,,,
mpu,,,,,,,,,1029333731,3210,-1378,-28980,1029333731,1725,-101,-1326
adc,1029311265,1.5278750658035278,1029320308,0.21937501430511475,1029329339,0.009125000797212124,1029338338,0.5728750228881836,,,,,,,,
mpu,,,,,,,,,1029433730,7058,10630,-20294,1029433730,1786,429,-1168
adc,1029411269,0.7557500600814819,1029420307,-0.10375000536441803,1029429339,0.7595000267028809,1029438820,1.1163750886917114,,,,,,,,
mpu,,,,,,,,,1029533726,3328,30574,-24178,1029533726,1759,71,-721
adc,1029511245,0.19612501561641693,1029520278,0.2787500023841858,1029529310,1.1951251029968262,1029538322,1.349000096321106,,,,,,,,
mpu,,,,,,,,,1029633731,-790,30790,-32768,1029633731,847,-200,-105
adc,1029611248,0.9308750629425049,1029620294,-0.4088750183582306,1029629326,1.2075001001358032,1029638319,1.3248751163482666,,,,,,,,
mpu,,,,,,,,,1029733727,2286,32328,-32768,1029733727,-1392,-82,741
adc,1029711257,1.0726250410079956,1029720295,-0.4282500147819519,1029729329,0.6563750505447388,1029738819,1.1728750467300415,,,,,,,,
mpu,,,,,,,,,1029833737,3488,22798,-31916,1029833737,-2777,380,1247
adc,1029811250,0.6958750486373901,1029820291,-0.3693750202655792,1029829325,0.02800000086426735,1029838333,0.5241250395774841,,,,,,,,
mpu,,,,,,,,,1029933728,-236,14048,-27622,1029933728,-2214,300,866
adc,1029911253,0.783875048160553,1029920287,-0.30375000834465027,1029929319,0.001125000067986548,1029938299,0.28300002217292786,,,,,,,,
mpu,,,,,,,,,1030033730,3224,5438,-30118,1030033730,-564,-338,535
adc,1030011244,0.753125011920929,1030020286,-0.2302500158548355,1030029318,0.0006250000442378223,1030038313,0.22087500989437103,,,,,,,,
mpu,,,,,,,,,1030133729,2666,-3142,-32768,1030133729,945,-472,-439
adc,1030111266,1.2400000095367432,1030120298,-0.13737501204013824,1030129335,0.000375000003259629,1030138823,0.19962501525878906,,,,,,,,
mpu,,,,,,,,,1030233732,5532,-1156,-26038,1030233732,1703,21,-1388
adc,1030211254,1.4805001020431519,1030220290,-0.20262500643730164,1030229321,0.04337500035762787,1030238809,0.5530000329017639,,,,,,,,
mpu,,,,,,,,,1030333731,5724,12504,-23866,1030333731,1835,542,-992
adc,1030311258,0.940250039100647,1030320299,0.11112500727176666,1030329332,0.6972500085830688,1030338314,1.048875093460083,,,,,,,,
mpu,,,,,,,,,1030433732,6404,28592,-26694,1030433732,1678,-47,-546
adc,1030411267,0.25062501430511475,1030420312,0.18525001406669617,1030429345,1.130250096321106,1030438812,1.300125002861023,,,,,,,,
mpu,,,,,,,,,1030533733,-1302,31744,-32768,1030533733,567,-18,-91
adc,1030511261,0.8642500638961792,1030520296,-0.3621250092983246,1030529325,1.0946249961853027,1030538396,1.2125000953674316,,,,,,,,
mpu,,,,,,,,,1030633729,104,32154,-32768,1030633729,-1522,17,790
adc,1030611261,0.8376250267028809,1030620298,-0.4048750102519989,1030629333,0.2978750169277191,1030638311,1.024125099182129,,,,,,,,
mpu,,,,,,,,,1030733727,3578,24342,-29362,1030733727,-2703,315,1232
adc,1030711255,0.48612502217292786,1030720290,-0.36762502789497375,1030729321,0.010625000111758709,1030738517,0.35350000858306885,,,,,,,,
mpu,,,,,,,,,1030833730,864,13288,-25142,1030833730,-2055,194,943
adc,1030811260,0.5103750228881836,1030820295,-0.30387502908706665,1030829326,0.0012500000884756446,1030838309,0.3373750150203705,,,,,,,,
mpu,,,,,,,,,1030933733,2390,8056,-29804,1030933733,-558,-428,480
adc,1030911253,0.7622500658035278,1030920292,-0.13112500309944153,1030929328,0.012000000104308128,1030938554,0.3642500042915344,,,,,,,,
mpu,,,,,,,,,1031033732,-214,-4766,-32768,1031033732,978,-381,-614
adc,1031011251,0.9781250357627869,1031020296,-0.20500001311302185,1031029335,-0.0016250000335276127,1031038567,0.15812501311302185,,,,,,,,
mpu,,,,,,,,,1031133729,980,-1096,-27978,1031133729,1692,74,-1278
adc,1031111253,1.3342500925064087,1031120284,-0.2146250158548355,1031129317,0.01612500101327896,1031138325,0.5762500166893005,,,,,,,,
mpu,,,,,,,,,1031233733,3978,12274,-24200,1031233733,1750,449,-1036
adc,1031211256,1.0157500505447388,1031220298,0.0572500042617321,1031229327,0.7227500081062317,1031238483,1.1176249980926514,,,,,,,,
mpu,,,,,,,,,1031333730,4684,30700,-25026,1031333730,1546,-109,-731
adc,1031311261,0.5302500128746033,1031320299,-0.20400001108646393,1031329336,1.1838750839233398,1031338479,1.2817500829696655,,,,,,,,
mpu,,,,,,,,,1031433731,746,31272,-32768,1031433731,596,-150,-80
adc,1031411249,0.6207500100135803,1031420289,-0.3057500123977661,1031429322,1.1755000352859497,1031438793,1.170875072479248,,,,,,,,
mpu,,,,,,,,,1031533724,-1866,31626,-32768,1031533724,-1493,122,855
adc,1031511259,0.7435000538825989,1031520294,-0.382500022649765,1031529329,0.4662500321865082,1031538325,1.142875075340271,,,,,,,,
mpu,,,,,,,,,1031633730,2830,23504,-32502,1031633730,-2698,375,1293
adc,1031611258,0.5748750567436218,1031620291,-0.31950002908706665,1031629325,0.001500000013038516,1031638792,0.484125018119812,,,,,,,,
mpu,,,,,,,,,1031733728,1122,12038,-24680,1031733728,-2046,200,926
adc,1031711253,0.5403750538825989,1031720288,-0.3022500276565552,1031729326,-0.002625000197440386,1031738797,0.25450000166893005,,,,,,,,
mpu,,,,,,,,,1031833729,1954,6154,-28832,1031833729,-499,-411,441
adc,1031811262,0.6575000286102295,1031820300,-0.21850000321865082,1031829338,-0.002500000176951289,1031838317,0.3440000116825104,,,,,,,,
mpu,,,,,,,,,1031933729,-1324,-3308,-32768,1031933729,990,-330,-517
adc,1031911250,0.9222500324249268,1031920286,-0.18437500298023224,1031929318,-0.003750000149011612,1031938389,0.22700001299381256,,,,,,,,
mpu,,,,,,,,,1032033728,3634,-1430,-27042,1032033728,1722,51,-1266
adc,1032011251,1.308750033378601,1032020289,-0.08525000512599945,1032029322,0.0038750001695007086,1032038313,0.6231250166893005,,,,,,,,
mpu,,,,,,,,,1032133735,6482,12290,-19474,1032133735,1701,383,-1121
adc,1032111253,1.1071250438690186,1032120293,-0.05575000122189522,1032129328,0.7868750095367432,1032138541,1.1992501020431519,,,,,,,,
mpu,,,,,,,,,1032233721,4310,30608,-26840,1032233721,1611,-94,-689
adc,1032211248,0.1823750138282776,1032220283,0.03787500038743019,1032229310,1.208875060081482,1032238547,1.408500075340271,,,,,,,,
mpu,,,,,,,,,1032333721,518,30304,-32768,1032333721,643,-38,-86
adc,1032311254,0.7557500600814819,1032320298,-0.23262500762939453,1032329333,1.17787504196167,1032338556,1.4207500219345093,,,,,,,,
mpu,,,,,,,,,1032433731,1800,32767,-32768,1032433731,-1502,-10,824
adc,1032411252,0.6175000071525574,1032420297,-0.34175002574920654,1032429332,0.627500057220459,1032438564,1.2201250791549683,,,,,,,,
mpu,,,,,,,,,1032533735,1642,21602,-32380,1032533735,-2789,531,1327
adc,1032511252,0.4478750228881836,1032520293,-0.28737500309944153,1032529324,0.0017500000540167093,1032538673,0.4751250147819519,,,,,,,,
mpu,,,,,,,,,1032633726,-28,10398,-25986,1032633726,-2030,5,906
adc,1032611261,0.5250000357627869,1032620299,-0.28125,1032629334,-0.0043750000186264515,1032638823,0.17912501096725464,,,,,,,,
mpu,,,,,,,,,1032733730,3244,5048,-31934,1032733730,-436,-490,287
adc,1032711260,0.6552500128746033,1032720292,-0.21150000393390656,1032729325,-0.004625000059604645,1032738422,0.2136250138282776,,,,,,,,
mpu,,,,,,,,,1032833736,-4718,-3178,-31780,1032833736,1050,-200,-738
adc,1032811257,1.1026250123977661,1032820298,-0.17350000143051147,1032829330,-0.004625000059604645,1032838537,0.249750018119812,,,,,,,,
mpu,,,,,,,,,1032933733,1132,-126,-26454,1032933733,1798,190,-1284
adc,1032911267,0.9413750171661377,1032920306,0.2593750059604645,1032929342,0.039125002920627594,1032938349,0.5168750286102295,,,,,,,,
mpu,,,,,,,,,1033033735,6938,12678,-18048,1033033735,1884,433,-939
adc,1033011267,0.8883750438690186,1033020303,0.024500001221895218,1033029341,0.8513750433921814,1033038785,1.1413750648498535,,,,,,,,
mpu,,,,,,,,,1033133731,8584,31722,-31316,1033133731,1678,-273,-521
adc,1033111260,0.6112500429153442,1033120299,-0.039000000804662704,1033129332,1.198625087738037,1033138578,1.336375117301941,,,,,,,,
mpu,,,,,,,,,1033233731,-4264,29406,-32768,1033233731,441,68,14
adc,1033211261,0.8062500357627869,1033220292,-0.2316250056028366,1033229320,1.206125020980835,1033238791,1.3183751106262207,,,,,,,,
mpu,,,,,,,,,1033333730,-1492,30484,-32768,1033333730,-1848,127,953
adc,1033311261,0.21012501418590546,1033320302,-0.27650001645088196,1033329335,0.502875030040741,1033338413,1.0810000896453857,,,,,,,,
mpu,,,,,,,,,1033433727,1576,20798,-31772,1033433727,-2813,516,1139
adc,1033411260,0.15650001168251038,1033420298,-0.2172500044107437,1033429331,0.014750001020729542,1033438825,0.40300002694129944,,,,,,,,
mpu,,,,,,,,,1033533733,1440,9524,-26346,1033533733,-1852,-8,810
adc,1033511257,0.17487500607967377,1033520294,-0.20662501454353333,1033529329,-0.005250000394880772,1033538446,0.1720000058412552,,,,,,,,
mpu,,,,,,,,,1033633731,1114,5580,-30994,1033633731,-208,-530,302
adc,1033611258,0.5133750438690186,1033620288,-0.1678750067949295,1033629327,-0.005375000182539225,1033638633,0.23900000751018524,,,,,,,,
mpu,,,,,,,,,1033733725,-4076,-3412,-32768,1033733725,1175,-334,-705
adc,1033711258,0.8412500619888306,1033720293,-0.017750000581145287,1033729327,-0.005625000223517418,1033738348,0.2938750088214874,,,,,,,,
mpu,,,,,,,,,1033833728,6582,-158,-28278,1033833728,1777,134,-1307
adc,1033811256,1.2228749990463257,1033820287,-0.0846250057220459,1033829318,0.125,1033838526,0.6646250486373901,,,,,,,,
mpu,,,,,,,,,1033933731,3650,13004,-23348,1033933731,1831,465,-955
adc,1033911255,0.702875018119812,1033920295,0.12050000578165054,1033929329,0.9482500553131104,1033938311,1.2827500104904175,,,,,,,,
mpu,,,,,,,,,1034033726,7170,32156,-31210,1034033726,1649,-264,-535
adc,1034011251,0.1693750023841858,1034020295,0.6140000224113464,1034029328,1.1977500915527344,1034038769,1.392375111579895,,,,,,,,
mpu,,,,,,,,,1034133726,982,31598,-32768,1034133726,248,74,-10
adc,1034111266,0.534125030040741,1034120298,-0.1302500069141388,1034129334,1.2445000410079956,1034138546,1.3857500553131104,,,,,,,,
mpu,,,,,,,,,1034233731,238,30964,-32768,1034233731,-2113,151,1098
adc,1034211265,0.04050000011920929,1034220302,-0.24825000762939453,1034229335,0.17650000751018524,1034238825,1.0145000219345093,,,,,,,,
mpu,,,,,,,,,1034333731,1980,23016,-31050,1034333731,-2768,242,1275
adc,1034311265,0.32725000381469727,1034320303,-0.11237500607967377,1034329336,-0.0061250003054738045,1034338319,0.37675002217292786,,,,,,,,
mpu,,,,,,,,,1034433728,1940,10006,-28980,1034433728,-1632,-20,945
adc,1034411265,0.20925000309944153,1034420305,-0.16300000250339508,1034429340,-0.006375000346451998,1034438797,0.2097500115633011,,,,,,,,
mpu,,,,,,,,,1034533730,-944,5074,-30330,1034533730,-22,-240,221
adc,1034511254,0.6678750514984131,1034520286,-0.10525000840425491,1034529324,-0.005875000264495611,1034538329,0.4333750307559967,,,,,,,,
mpu,,,,,,,,,1034633731,4060,-4086,-31096,1034633731,1207,-429,-948
adc,1034611256,1.0201250314712524,1034620289,-0.013375001028180122,1034629322,-0.0061250003054738045,1034638811,0.382625013589859,,,,,,,,
mpu,,,,,,,,,1034733731,5656,3590,-20544,1034733731,1783,271,-1305
adc,1034711262,0.7051250338554382,1034720296,0.03087500110268593,1034729326,0.016875000670552254,1034738339,0.7395000457763672,,,,,,,,
mpu,,,,,,,,,1034833735,5692,18612,-20126,1034833735,1767,409,-964
adc,1034811253,0.3308750092983246,1034820285,0.49125003814697266,1034829318,0.9292500615119934,1034838347,1.3288750648498535,,,,,,,,
mpu,,,,,,,,,1034933732,3602,31544,-32768,1034933732,1494,-278,-460
adc,1034911247,0.45387503504753113,1034920290,0.27112501859664917,1034929325,1.237375020980835,1034938401,1.4062501192092896,,,,,,,,
mpu,,,,,,,,,1035033728,-1224,31728,-32768,1035033728,-214,54,218
adc,1035011258,0.6503750085830688,1035020298,-0.07875000685453415,1035029329,1.11537504196167,1035038785,1.2940000295639038,,,,,,,,
mpu,,,,,,,,,1035133731,-434,28574,-32768,1035133731,-2393,100,1197
adc,1035111260,-0.0923750028014183,1035120298,-0.13637501001358032,1035129330,0.14887501299381256,1035138545,0.783875048160553,,,,,,,,
mpu,,,,,,,,,1035233727,2942,17538,-30368,1035233727,-2611,68,1213
adc,1035211257,-0.08825000375509262,1035220287,-0.07875000685453415,1035229322,-0.005875000264495611,1035238314,0.22987501323223114,,,,,,,,
mpu,,,,,,,,,1035333728,532,8640,-27228,1035333728,-1414,259,689
adc,1035311257,0.13900001347064972,1035320291,-0.06387500464916229,1035329326,-0.005500000435858965,1035338519,0.24362501502037048,,,,,,,,
mpu,,,,,,,,,1035433736,1438,852,-31096,1035433736,193,-570,-85
adc,1035411266,0.28300002217292786,1035420304,-0.03112500160932541,1035429336,-0.005875000264495611,1035438792,0.2880000174045563,,,,,,,,
mpu,,,,,,,,,1035533728,2634,-828,-31024,1035533728,1454,-126,-1104
adc,1035511257,1.0513750314712524,1035520302,-0.04662500321865082,1035529332,-0.005750000476837158,1035538407,0.3283750116825104,,,,,,,,
mpu,,,,,,,,,1035633731,6462,7246,-23622,1035633731,1849,372,-1141
adc,1035611256,0.7777500152587891,1035620294,0.5378749966621399,1035629327,0.34850001335144043,1035638801,0.9535000324249268,,,,,,,,
mpu,,,,,,,,,1035733727,4250,21584,-20604,1035733727,1809,357,-772
adc,1035711259,0.28737500309944153,1035720294,0.1288750022649765,1035729331,0.9276250600814819,1035738803,1.3510000705718994,,,,,,,,
mpu,,,,,,,,,1035833728,2628,32767,-32768,1035833728,1371,-376,-309
adc,1035811260,-0.006625000387430191,1035820297,0.518875002861023,1035829331,1.1857500076293945,1035838362,1.355125069618225,,,,,,,,
mpu,,,,,,,,,1035933726,2628,32767,-32768,1035933726,1371,-376,-309
adc,1035911269,0.4253750145435333,1035920308,0.10300000756978989,1035929339,1.062000036239624,1035938806,1.342250108718872,,,,,,,,
mpu,,,,,,,,,1036033723,1734,32618,-32768,1036033723,-435,98,278
adc,1036011258,-0.2355000078678131,1036020289,-0.04050000011920929,1036029323,0.03562500327825546,1036038822,0.702875018119812,,,,,,,,
mpu,,,,,,,,,1036133731,-1536,23314,-32768,1036133731,-2541,274,1314
adc,1036111252,0.05737500265240669,1036120296,0.001500000013038516,1036129330,-0.004750000312924385,1036138497,0.2788750231266022,,,,,,,,
mpu,,,,,,,,,1036233733,2136,17350,-29092,1036233733,-2509,214,1124
adc,1036211259,0.09050000458955765,1036220300,0.051375001668930054,1036229334,-0.005000000353902578,1036238822,0.2578750252723694,,,,,,,,
mpu,,,,,,,,,1036333732,4586,8120,-30424,1036333732,-1267,-16,703
adc,1036311258,0.3138750195503235,1036320295,0.10200000554323196,1036329329,-0.006000000052154064,1036338524,0.27387502789497375,,,,,,,,
mpu,,,,,,,,,1036433733,700,1066,-30594,1036433733,410,-409,-106
adc,1036411255,0.8667500615119934,1036420297,0.20125001668930054,1036429336,-0.0061250003054738045,1036438328,0.3192500174045563,,,,,,,,
mpu,,,,,,,,,1036533731,3616,-3028,-32768,1036533731,1568,-126,-1214
adc,1036511247,0.753125011920929,1036520284,0.5852500200271606,1036529319,0.3295000195503235,1036538346,0.8395000696182251,,,,,,,,
mpu,,,,,,,,,1036633726,4126,8070,-25288,1036633726,1772,229,-1192
adc,1036611260,-0.07875000685453415,1036620293,0.7592500448226929,1036629323,0.8752500414848328,1036638797,1.2636250257492065,,,,,,,,
mpu,,,,,,,,,1036733728,4806,25156,-21728,1036733728,1670,252,-866
adc,1036711260,0.005000000353902578,1036720300,0.3240000009536743,1036729336,1.1432501077651978,1036738802,1.3906251192092896,,,,,,,,
mpu,,,,,,,,,1036833725,1836,31994,-32768,1036833725,1185,-325,-224
adc,1036811256,0.3477500081062317,1036820280,0.03212499991059303,1036829316,0.905875027179718,1036838320,1.3517500162124634,,,,,,,,
mpu,,,,,,,,,1036933730,1550,32767,-32768,1036933730,-701,116,451
adc,1036911261,-0.14362500607967377,1036920299,0.029250001534819603,1036929334,0.03425000235438347,1036938822,0.5832500457763672,,,,,,,,
mpu,,,,,,,,,1037033731,1316,25654,-32768,1037033731,-2726,303,1267
adc,1037011260,-0.24962501227855682,1037020297,0.15812501311302185,1037029329,-0.004875000100582838,1037038788,0.22037501633167267,,,,,,,,
mpu,,,,,,,,,1037133735,818,16086,-28118,1037133735,-2477,184,1007
adc,1037111251,0.05737500265240669,1037120285,0.14237500727176666,1037129327,-0.004500000271946192,1037138335,0.2750000059604645,,,,,,,,
mpu,,,,,,,,,1037233731,3198,8860,-27114,1037233731,-999,-197,594
adc,1037211266,0.1055000051856041,1037220303,0.2226250171661377,1037229342,-0.004875000100582838,1037238326,0.27250000834465027,,,,,,,,
mpu,,,,,,,,,1037333727,574,-1368,-31860,1037333727,683,-333,-292
adc,1037311268,0.624250054359436,1037320306,0.2977500259876251,1037329342,-0.0042500002309679985,1037338434,0.42737501859664917,,,,,,,,
mpu,,,,,,,,,1037433722,3278,-3774,-32768,1037433722,1649,-129,-1259
adc,1037411256,0.30000001192092896,1037420289,0.643625020980835,1037429322,0.5601250529289246,1037438807,0.9773750305175781,,,,,,,,
mpu,,,,,,,,,1037533729,5600,9854,-23456,1037533729,1819,463,-1130
adc,1037511259,0.05587500333786011,1037520305,0.6957500576972961,1037529341,1.0807501077651978,1037538541,1.4105000495910645,,,,,,,,
mpu,,,,,,,,,1037633727,2630,28332,-24278,1037633727,1785,85,-695
adc,1037611254,-0.10250000655651093,1037620289,0.11362500488758087,1037629322,1.1345000267028809,1037638305,1.4371250867843628,,,,,,,,
mpu,,,,,,,,,1037733727,-346,28880,-32768,1037733727,935,-168,-142
adc,1037711258,0.07100000232458115,1037720296,0.11812500655651093,1037729332,0.8637500405311584,1037738519,1.4198750257492065,,,,,,,,
mpu,,,,,,,,,1037833731,-1756,32767,-32768,1037833731,-1193,56,632
adc,1037811256,-0.43700000643730164,1037820298,0.21900001168251038,1037829336,-0.006500000134110451,1037838532,0.4631250202655792,,,,,,,,
mpu,,,,,,,,,1037933731,4248,22914,-29468,1037933731,-2710,429,1371
adc,1037911257,-0.08737500756978989,1037920291,0.33412501215934753,1037929327,-0.005625000223517418,1037938307,0.28450000286102295,,,,,,,,
mpu,,,,,,,,,1038033727,2376,13210,-28832,1038033727,-2215,343,1140
adc,1038011257,0.3616250157356262,1038020303,0.15400001406669617,1038029347,-0.0023750001564621925,1038038822,0.38325002789497375,,,,,,,,
mpu,,,,,,,,,1038133726,1318,8662,-28306,1038133726,-749,-336,629
adc,1038111263,-0.07637500017881393,1038120304,0.2017500102519989,1038129335,-0.004124999977648258,1038138409,0.4960000216960907,,,,,,,,
mpu,,,,,,,,,1038233728,2314,-764,-32768,1038233728,719,-596,-360
adc,1038211247,0.971375048160553,1038220285,0.5125000476837158,1038229320,0.002500000176951289,1038238379,0.5771250128746033,,,,,,,,
mpu,,,,,,,,,1038333730,4652,-1934,-28094,1038333730,1656,-218,-1373
adc,1038311258,0.49662503600120544,1038320294,0.7775000333786011,1038329328,0.7222500443458557,1038338515,1.1108750104904175,,,,,,,,
mpu,,,,,,,,,1038433729,5354,11722,-21190,1038433729,1742,486,-1282
adc,1038411265,-0.15625,1038420303,0.6572500467300415,1038429339,1.0435000658035278,1038438790,1.4327501058578491,,,,,,,,
mpu,,,,,,,,,1038533728,3040,25906,-24798,1038533728,1678,214,-698
adc,1038511252,-0.12275000661611557,1038520286,0.5862500071525574,1038529321,1.090499997138977,1038538612,1.3992500305175781,,,,,,,,
mpu,,,,,,,,,1038633737,2954,29076,-32768,1038633737,791,-115,-132
adc,1038611254,-0.043125003576278687,1038620291,0.24700000882148743,1038629325,0.796625018119812,1038638306,1.230875015258789,,,,,,,,
mpu,,,,,,,,,1038733722,730,32767,-32768,1038733722,-1276,5,598
adc,1038711264,-0.3698750138282776,1038720303,0.32862502336502075,1038729335,0.10225000232458115,1038738801,0.659375011920929,,,,,,,,
mpu,,,,,,,,,1038833725,1382,25486,-29814,1038833725,-2788,222,1178
adc,1038811264,-0.2630000114440918,1038820296,0.29350000619888306,1038829332,0.00962500087916851,1038838315,0.4203750193119049,,,,,,,,
mpu,,,,,,,,,1038933730,2136,14294,-27012,1038933730,-2239,27,975
adc,1038911253,-0.051375001668930054,1038920288,0.2906250059604645,1038929322,0.005125000141561031,1038938809,0.30925002694129944,,,,,,,,
mpu,,,,,,,,,1039033734,1440,5504,-29026,1039033734,-626,-148,471
adc,1039011252,0.0005000000237487257,1039020291,0.37425002455711365,1039029329,0.003000000026077032,1039038816,0.288875013589859,,,,,,,,
mpu,,,,,,,,,1039133730,682,-3532,-32768,1039133730,817,-427,-474
adc,1039111262,0.5193750262260437,1039120300,0.5393750071525574,1039129333,0.0598750039935112,1039138419,0.47687503695487976,,,,,,,,
mpu,,,,,,,,,1039233731,3282,-1222,-25658,1039233731,1719,18,-1247
adc,1039211263,0.22562500834465027,1039220299,1.0268750190734863,1039229332,0.7832500338554382,1039238418,1.1545000076293945,,,,,,,,
mpu,,,,,,,,,1039333733,4102,13372,-20628,1039333733,1857,553,-997
adc,1039311264,-0.40037500858306885,1039320307,0.8948750495910645,1039329348,1.15625,1039338575,1.4702500104904175,,,,,,,,
mpu,,,,,,,,,1039433734,5884,28314,-23914,1039433734,1720,5,-661
adc,1039411250,-0.1862500160932541,1039420281,0.7770000100135803,1039429310,1.2486250400543213,1039438404,1.3986250162124634,,,,,,,,
mpu,,,,,,,,,1039533726,-3460,30540,-32768,1039533726,675,-159,-120
adc,1039511249,-0.051625002175569534,1039520290,0.46137502789497375,1039529325,0.8165000677108765,1039538541,1.3946250677108765,,,,,,,,
mpu,,,,,,,,,1039633728,244,32767,-32768,1039633728,-1399,-15,725
adc,1039611257,-0.4255000054836273,1039620296,0.3632500171661377,1039629335,0.0637500062584877,1039638540,0.6490000486373901,,,,,,,,
mpu,,,,,,,,,1039733728,1188,22568,-29624,1039733728,-2792,467,1303
adc,1039711265,-0.3178750276565552,1039720297,0.39487501978874207,1039729331,-0.0032500000670552254,1039738546,0.3048750162124634,,,,,,,,
mpu,,,,,,,,,1039833725,3416,12304,-27104,1039833725,-2091,21,977
adc,1039811254,-0.27637502551078796,1039820285,0.38887500762939453,1039829318,-0.003375000087544322,1039838379,0.34575000405311584,,,,,,,,
mpu,,,,,,,,,1039933729,2772,5626,-30202,1039933729,-536,-292,460
adc,1039911253,-0.001125000067986548,1039920289,0.5990000367164612,1039929326,-0.0031250000465661287,1039938407,0.28050002455711365,,,,,,,,
mpu,,,,,,,,,1040033732,-2142,-3214,-32768,1040033732,892,-416,-549
adc,1040011257,0.18537500500679016,1040020293,0.9581250548362732,1040029331,0.06312499940395355,1040038404,0.5148749947547913,,,,,,,,
mpu,,,,,,,,,1040133727,5074,-728,-27902,1040133727,1715,41,-1281
adc,1040111257,0.004750000312924385,1040120293,1.0125000476837158,1040129326,0.8143750429153442,1040138418,1.0917500257492065,,,,,,,,
mpu,,,,,,,,,1040233726,6932,13156,-22092,1040233726,1805,467,-1048
adc,1040211257,-0.3141250014305115,1040220293,0.7280000448226929,1040229330,1.1598750352859497,1040238546,1.3052500486373901,,,,,,,,
mpu,,,,,,,,,1040333732,7914,27250,-23426,1040333732,1621,-201,-743
adc,1040311254,-0.27537500858306885,1040320284,0.9063750505447388,1040329317,1.3158750534057617,1040338496,1.4191250801086426,,,,,,,,
mpu,,,,,,,,,1040433737,2274,32498,-32768,1040433737,746,-18,-136
adc,1040411263,-0.32462501525878906,1040420298,0.5291250348091125,1040429334,0.82750004529953,1040438820,1.370750069618225,,,,,,,,
mpu,,,,,,,,,1040533721,-1732,32767,-32768,1040533721,-1456,137,817
adc,1040511260,-0.40400001406669617,1040520296,0.4253750145435333,1040529326,-0.002875000238418579,1040538579,0.6013750433921814,,,,,,,,
mpu,,,,,,,,,1040633730,502,18576,-29906,1040633730,-2910,508,1297
adc,1040611259,-0.2971250116825104,1040620299,0.518500030040741,1040629326,-0.001875000074505806,1040638405,0.24925000965595245,,,,,,,,
mpu,,,,,,,,,1040733732,1754,11992,-28530,1040733732,-2112,-249,940
adc,1040711258,-0.26375001668930054,1040720292,0.5388750433921814,1040729323,0.000750000006519258,1040738799,0.33925002813339233,,,,,,,,
mpu,,,,,,,,,1040833726,1524,5500,-28364,1040833726,-509,-179,478
adc,1040811262,0.07212500274181366,1040820299,0.7251250147819519,1040829329,-0.001500000013038516,1040838539,0.2591250240802765,,,,,,,,
mpu,,,,,,,,,1040933726,-2208,-3752,-32768,1040933726,992,-372,-598
adc,1040911262,-0.010375000536441803,1040920303,0.8410000205039978,1040929339,0.08100000023841858,1040938809,0.49912503361701965,,,,,,,,
mpu,,,,,,,,,1041033730,3924,-550,-28196,1041033730,1750,71,-1337
adc,1041011254,-0.15862500667572021,1041020291,1.1347500085830688,1041029329,0.9261250495910645,1041038817,1.0567500591278076,,,,,,,,
mpu,,,,,,,,,1041133731,2248,12470,-21592,1041133731,1836,500,-1060
adc,1041111264,-0.27637502551078796,1041120291,1.1176249980926514,1041129325,1.2310000658035278,1041138662,1.4575001001358032,,,,,,,,
mpu,,,,,,,,,1041233732,5064,32767,-32138,1041233732,1736,-114,-662
adc,1041211247,-0.3057500123977661,1041220284,0.8288750648498535,1041229320,1.1982500553131104,1041238304,1.4792500734329224,,,,,,,,
mpu,,,,,,,,,1041333730,3390,29270,-32768,1041333730,560,71,-43
adc,1041311260,-0.29200002551078796,1041320295,0.47337502241134644,1041329329,0.7356250286102295,1041338572,1.4327501058578491,,,,,,,,
mpu,,,,,,,,,1041433733,-314,32767,-32768,1041433733,-1689,169,869
adc,1041411248,-0.40187501907348633,1041420278,0.4856250286102295,1041429317,0.020125001668930054,1041438305,0.5240000486373901,,,,,,,,
mpu,,,,,,,,,1041533727,1368,21026,-31968,1041533727,-2994,299,1174
adc,1041511253,-0.38625001907348633,1041520288,0.5961250066757202,1041529323,-0.0021250001154839993,1041538405,0.16750000417232513,,,,,,,,
mpu,,,,,,,,,1041633732,540,9974,-27930,1041633732,-1993,-121,882
adc,1041611254,-0.17387500405311584,1041620285,0.5872500538825989,1041629320,-0.000375000003259629,1041638512,0.25337502360343933,,,,,,,,
mpu,,,,,,,,,1041733729,722,5894,-30742,1041733729,-279,-372,384
adc,1041711266,-0.011875000782310963,1041720303,0.7241250276565552,1041729341,-0.000375000003259629,1041738522,0.2901250123977661,,,,,,,,
mpu,,,,,,,,,1041833730,-802,-3642,-28012,1041833730,1182,-285,-680
adc,1041811254,1.0271250009536743,1041820291,0.9463750720024109,1041829327,0.07800000160932541,1041838528,0.6686250567436218,,,,,,,,
mpu,,,,,,,,,1041933735,7074,1484,-28364,1041933735,1766,157,-1296
adc,1041911262,-0.30525001883506775,1041920304,0.7618750333786011,1041929336,0.7248750329017639,1041938532,1.3585001230239868,,,,,,,,
mpu,,,,,,,,,1042033724,3024,13098,-16626,1042033724,1790,689,-952
adc,1042011260,-0.35850000381469727,1042020302,1.245500087738037,1042029335,1.1263750791549683,1042038780,1.5633751153945923,,,,,,,,
mpu,,,,,,,,,1042133731,7458,31820,-29878,1042133731,1642,-348,-492
adc,1042111265,-0.3398750126361847,1042120307,0.814875066280365,1042129344,1.314250111579895,1042138833,1.3920000791549683,,,,,,,,
mpu,,,,,,,,,1042233726,-5946,29846,-32768,1042233726,277,2,0
adc,1042211254,-0.36362501978874207,1042220298,0.187375009059906,1042229331,0.42662501335144043,1042238757,1.2188750505447388,,,,,,,,
mpu,,,,,,,,,1042333736,-1994,27850,-32768,1042333736,-2027,73,1009
adc,1042311270,-0.3856250047683716,1042320308,0.6227500438690186,1042329342,0.007250000257045031,1042338542,0.39662501215934753,,,,,,,,
mpu,,,,,,,,,1042433718,2584,21154,-31108,1042433718,-2747,332,1192
adc,1042411249,-0.3281250298023224,1042420290,0.5727500319480896,1042429326,0.0008750000270083547,1042438787,0.2537500262260437,,,,,,,,
mpu,,,,,,,,,1042533729,1048,11186,-27710,1042533729,-1738,-14,903
adc,1042511251,-0.28025001287460327,1042520292,0.5877500176429749,1042529329,0.001500000013038516,1042538531,0.28725001215934753,,,,,,,,
mpu,,,,,,,,,1042633733,896,2688,-31152,1042633733,-92,-386,263
adc,1042611254,-0.017125001177191734,1042620289,0.7311250567436218,1042629325,0.001500000013038516,1042638613,0.288875013589859,,,,,,,,
mpu,,,,,,,,,1042733731,2970,-3196,-28986,1042733731,1245,-360,-845
adc,1042711261,0.3490000069141388,1042720298,0.9978750348091125,1042729330,0.055250003933906555,1042738374,0.6040000319480896,,,,,,,,
mpu,,,,,,,,,1042833731,6126,3118,-22058,1042833731,1772,164,-1324
adc,1042811259,-0.3097500205039978,1042820292,1.0847500562667847,1042829331,0.8075000643730164,1042838544,1.3265000581741333,,,,,,,,
mpu,,,,,,,,,1042933729,2848,16874,-17810,1042933729,1760,642,-1049
adc,1042911258,-0.37400001287460327,1042920297,1.2791250944137573,1042929329,1.2117500305175781,1042938820,1.4411250352859497,,,,,,,,
mpu,,,,,,,,,1043033731,664,32170,-32768,1043033731,1578,-350,-455
adc,1043011247,-0.2813750207424164,1043020285,0.8240000605583191,1043029319,1.2410000562667847,1043038320,1.4452500343322754,,,,,,,,
mpu,,,,,,,,,1043133727,-1436,31084,-32768,1043133727,-15,15,164
adc,1043111263,-0.3212500214576721,1043120292,0.17387500405311584,1043129328,0.47075003385543823,1043138553,1.2581250667572021,,,,,,,,
mpu,,,,,,,,,1043233735,-892,27800,-32768,1043233735,-2253,350,1180
adc,1043211253,-0.3151250183582306,1043220291,0.6535000205039978,1043229321,0.04762500151991844,1043238361,0.6206250190734863,,,,,,,,
mpu,,,,,,,,,1043333735,1446,19690,-29332,1043333735,-2707,347,1131
adc,1043311251,-0.23875001072883606,1043320289,0.5950000286102295,1043329318,0.010625000111758709,1043338548,0.2550000250339508,,,,,,,,
mpu,,,,,,,,,1043433732,3624,9062,-27644,1043433732,-1668,-291,694
adc,1043411268,-0.2862500250339508,1043420308,0.7091250419616699,1043429339,0.006000000052154064,1043438807,0.2826250195503235,,,,,,,,
mpu,,,,,,,,,1043533731,1084,2316,-30494,1043533731,110,-320,-62
adc,1043511256,-0.2240000069141388,1043520287,0.6891250610351562,1043529323,0.004000000189989805,1043538521,0.21837501227855682,,,,,,,,
mpu,,,,,,,,,1043633727,1940,-5944,-32768,1043633727,1472,-219,-1066
adc,1043611245,0.7048750519752502,1043620290,1.0823750495910645,1043629324,0.15437500178813934,1043638340,0.765375018119812,,,,,,,,
mpu,,,,,,,,,1043733728,5960,5412,-24038,1043733728,1936,303,-1117
adc,1043711263,0.08862500637769699,1043720298,1.0670000314712524,1043729329,0.9770000576972961,1043738807,1.376750111579895,,,,,,,,
mpu,,,,,,,,,1043833733,4766,19730,-23400,1043833733,1889,373,-741
adc,1043811255,-0.10450000315904617,1043820296,1.1518750190734863,1043829332,1.264625072479248,1043838568,1.5093750953674316,,,,,,,,
mpu,,,,,,,,,1043933720,4294,32767,-32768,1043933720,1459,-323,-416
adc,1043911253,-0.16737501323223114,1043920299,0.5110000371932983,1043929329,1.3477500677108765,1043938510,1.5386251211166382,,,,,,,,
mpu,,,,,,,,,1044033730,660,32767,-32768,1044033730,-392,-5,257
adc,1044011266,-0.29512500762939453,1044020307,0.24787500500679016,1044029338,0.22687500715255737,1044038339,1.0760000944137573,,,,,,,,
mpu,,,,,,,,,1044133729,2102,24806,-32768,1044133729,-2618,132,1382
adc,1044111253,-0.288875013589859,1044120294,0.6161250472068787,1044129329,0.0038750001695007086,1044138552,0.30287501215934753,,,,,,,,
mpu,,,,,,,,,1044233729,4410,16014,-32078,1044233729,-2592,31,1170
adc,1044211250,-0.24125000834465027,1044220290,0.546750009059906,1044229325,0.0043750000186264515,1044238323,0.22975000739097595,,,,,,,,
mpu,,,,,,,,,1044333728,-2708,10054,-25784,1044333728,-1320,89,728
adc,1044311245,-0.20737500488758087,1044320287,0.5803750157356262,1044329327,0.0043750000186264515,1044338619,0.2985000014305115,,,,,,,,
mpu,,,,,,,,,1044433732,780,646,-32410,1044433732,224,-388,-168
adc,1044411263,0.7762500643730164,1044420301,0.6861250400543213,1044429332,0.005125000141561031,1044438791,0.32875001430511475,,,,,,,,
mpu,,,,,,,,,1044533725,4796,-1120,-32768,1044533725,1506,-267,-1104
adc,1044511261,0.17887501418590546,1044520301,1.1480000019073486,1044529334,0.3006250262260437,1044538532,0.7246250510215759,,,,,,,,
mpu,,,,,,,,,1044633735,8558,7510,-25566,1044633735,1858,354,-1166
adc,1044611262,-0.20212501287460327,1044620301,0.9917500615119934,1044629337,1.0536251068115234,1044638798,1.3541250228881836,,,,,,,,
mpu,,,,,,,,,1044733733,10590,22210,-17274,1044733733,1855,447,-870
adc,1044711247,-0.2070000171661377,1044720283,1.0742501020431519,1044729317,1.3902500867843628,1044738811,1.4865000247955322,,,,,,,,
mpu,,,,,,,,,1044833728,-120,32062,-31976,1044833728,1390,-219,-469
adc,1044811255,-0.0885000005364418,1044820290,0.671625018119812,1044829327,1.2062500715255737,1044838326,1.5051250457763672,,,,,,,,
mpu,,,,,,,,,1044933730,4190,32767,-32768,1044933730,-505,103,337
adc,1044911256,-0.23762501776218414,1044920285,0.281125009059906,1044929320,0.11387500911951065,1044938386,0.909125030040741,,,,,,,,
mpu,,,,,,,,,1045033728,-1870,24412,-32768,1045033728,-2749,359,1238
adc,1045011255,-0.2383750081062317,1045020294,0.5841250419616699,1045029333,0.004750000312924385,1045038822,0.15525001287460327,,,,,,,,
mpu,,,,,,,,,1045133730,3118,14800,-28102,1045133730,-2662,-112,1034
adc,1045111262,-0.2032500058412552,1045120302,0.6022500395774841,1045129333,0.006500000134110451,1045138580,0.14300000667572021,,,,,,,,
mpu,,,,,,,,,1045233728,3340,8830,-29290,1045233728,-1178,-246,623
adc,1045211256,-0.03812500089406967,1045220297,0.6392500400543213,1045229331,0.0062500000931322575,1045238522,0.23800000548362732,,,,,,,,
mpu,,,,,,,,,1045333730,614,-768,-32712,1045333730,483,-318,-132
adc,1045311252,0.49925002455711365,1045320292,0.5693750381469727,1045329322,0.0061250003054738045,1045338410,0.3656250238418579,,,,,,,,
mpu,,,,,,,,,1045433728,2158,-2886,-31704,1045433728,1671,-68,-1065
adc,1045411261,0.5955000519752502,1045420302,1.0083750486373901,1045429334,0.2606250047683716,1045438531,0.8018750548362732,,,,,,,,
mpu,,,,,,,,,1045533735,8790,10182,-20866,1045533735,1842,424,-1177
adc,1045511246,-0.10875000804662704,1045520285,1.1965000629425049,1045529317,1.0230000019073486,1045538422,1.3817501068115234,,,,,,,,
mpu,,,,,,,,,1045633734,5566,27130,-24302,1045633734,1756,286,-859
adc,1045611267,0.02537500113248825,1045620313,0.8203750252723694,1045629347,1.2913750410079956,1045638835,1.499250054359436,,,,,,,,
mpu,,,,,,,,,1045733730,22,29342,-32552,1045733730,1100,-250,-257
adc,1045711267,0.028750000521540642,1045720303,0.1848750114440918,1045729342,1.0476250648498535,1045738570,1.4608750343322754,,,,,,,,
mpu,,,,,,,,,1045833728,-1394,32767,-32768,1045833728,-969,218,581
adc,1045811263,-0.17650000751018524,1045820297,0.37575000524520874,1045829329,0.020750001072883606,1045838611,0.6117500066757202,,,,,,,,
mpu,,,,,,,,,1045933730,3304,23272,-31286,1045933730,-2807,211,1309
adc,1045911252,-0.2672500014305115,1045920296,0.7227500081062317,1045929331,0.004875000100582838,1045938580,0.21575000882148743,,,,,,,,
mpu,,,,,,,,,1046033729,-862,13688,-28984,1046033729,-2309,259,1148
adc,1046011257,-0.17487500607967377,1046020296,0.5370000004768372,1046029336,0.005875000264495611,1046038832,0.22325001657009125,,,,,,,,
mpu,,,,,,,,,1046133735,700,6910,-25322,1046133735,-683,-260,637
adc,1046111266,0.1313749998807907,1046120302,0.49012503027915955,1046129341,0.006875000428408384,1046138336,0.28025001287460327,,,,,,,,
mpu,,,,,,,,,1046233722,764,-2714,-32768,1046233722,708,-735,-396
adc,1046211247,1.0666249990463257,1046220290,0.7257500290870667,1046229323,0.007125000469386578,1046238322,0.5049999952316284,,,,,,,,
mpu,,,,,,,,,1046333725,916,-1578,-28570,1046333725,1645,-46,-1395
adc,1046311259,0.41037502884864807,1046320295,1.015625,1046329325,0.43175002932548523,1046338418,0.9751250743865967,,,,,,,,
mpu,,,,,,,,,1046433721,6254,12316,-20602,1046433721,1832,490,-1158
adc,1046411257,0.006000000052154064,1046420293,0.877625048160553,1046429330,1.0323750972747803,1046438308,1.3930000066757202,,,,,,,,
mpu,,,,,,,,,1046533727,4602,28764,-24936,1046533727,1684,94,-763
adc,1046511254,0.29637500643730164,1046520285,0.8098750114440918,1046529320,1.2095000743865967,1046538538,1.2122501134872437,,,,,,,,
mpu,,,,,,,,,1046633733,-1208,32024,-32768,1046633733,740,-57,-192
adc,1046611261,0.11987500637769699,1046620296,0.32375001907348633,1046629333,0.846875011920929,1046638319,1.2755000591278076,,,,,,,,
mpu,,,,,,,,,1046733727,660,32767,-32768,1046733727,-1405,80,729
adc,1046711258,-0.11075000464916229,1046720289,0.3343750238418579,1046729321,0.013500000350177288,1046738553,0.5143750309944153,,,,,,,,
mpu,,,,,,,,,1046833725,1820,22934,-31506,1046833725,-2959,296,1226
adc,1046811255,-0.1807500123977661,1046820289,0.5142500400543213,1046829327,0.0062500000931322575,1046838532,0.12525001168251038,,,,,,,,
mpu,,,,,,,,,1046933728,2586,12132,-27540,1046933728,-2154,-199,945
adc,1046911256,-0.09262500703334808,1046920297,0.4633750319480896,1046929334,0.007750000339001417,1046938580,0.20087501406669617,,,,,,,,
mpu,,,,,,,,,1047033727,1660,5492,-30354,1047033727,-505,-206,419
adc,1047011251,0.08212500065565109,1047020282,0.5832500457763672,1047029318,0.007750000339001417,1047038561,0.24187500774860382,,,,,,,,
mpu,,,,,,,,,1047133731,-3730,-3112,-32768,1047133731,985,-382,-633
adc,1047111262,0.5303750038146973,1047120302,0.7131250500679016,1047129340,0.019750000908970833,1047138534,0.45900002121925354,,,,,,,,
mpu,,,,,,,,,1047233732,3168,-1202,-26624,1047233732,1807,140,-1345
adc,1047211257,0.6757500171661377,1047220295,0.9230000376701355,1047229334,0.8257500529289246,1047238393,1.0101250410079956,,,,,,,,
mpu,,,,,,,,,1047333731,5364,14606,-16174,1047333731,1920,573,-975
adc,1047311254,0.35075002908706665,1047320294,0.9302500486373901,1047329328,1.2321250438690186,1047338552,1.3902500867843628,,,,,,,,
mpu,,,,,,,,,1047433724,6628,32767,-31364,1047433724,1678,-262,-586
adc,1047411247,0.27162501215934753,1047420285,0.6082500219345093,1047429318,1.3181250095367432,1047438347,1.3148750066757202,,,,,,,,
mpu,,,,,,,,,1047533729,-5286,29720,-32768,1047533729,314,85,-17
adc,1047511260,-0.007500000298023224,1047520285,0.12312500923871994,1047529322,0.6693750023841858,1047538390,1.1910001039505005,,,,,,,,
mpu,,,,,,,,,1047633726,706,30368,-32768,1047633726,-1975,164,1067
adc,1047611246,-0.09387500584125519,1047620275,0.2747500240802765,1047629312,0.025875002145767212,1047638556,0.3321250081062317,,,,,,,,
mpu,,,,,,,,,1047733731,3406,20114,-31122,1047733731,-2801,323,1235
adc,1047711263,0.054875001311302185,1047720300,0.4737500250339508,1047729338,0.01900000125169754,1047738419,0.2639999985694885,,,,,,,,
mpu,,,,,,,,,1047833729,1530,12426,-25424,1047833729,-1807,-27,932
adc,1047811253,-0.03762500360608101,1047820297,0.5257500410079956,1047829337,0.013750000856816769,1047838397,0.2916250228881836,,,,,,,,
mpu,,,,,,,,,1047933733,2008,3546,-32006,1047933733,-187,-441,228
adc,1047911264,0.4697500169277191,1047920305,0.45750001072883606,1047929340,0.007625000551342964,1047938807,0.234125018119812,,,,,,,,
mpu,,,,,,,,,1048033734,1292,-2916,-26880,1048033734,1279,-250,-969
adc,1048011250,1.0731250047683716,1048020290,0.6887500286102295,1048029326,0.04725000262260437,1048038810,0.5166250467300415,,,,,,,,
mpu,,,,,,,,,1048133731,6578,2016,-26866,1048133731,1873,50,-1346
adc,1048111265,0.5607500076293945,1048120305,0.7573750615119934,1048129337,0.8362500667572021,1048138817,1.0537500381469727,,,,,,,,
mpu,,,,,,,,,1048233735,6566,17858,-20312,1048233735,1810,456,-1036
adc,1048211257,0.5001250505447388,1048220301,0.8127500414848328,1048229341,1.3137500286102295,1048238837,1.3716250658035278,,,,,,,,
mpu,,,,,,,,,1048333736,3592,32767,-32768,1048333736,1565,-207,-551
adc,1048311250,0.38225001096725464,1048320289,0.4241250157356262,1048329323,1.206375002861023,1048338528,1.3731250762939453,,,,,,,,
mpu,,,,,,,,,1048433731,-2996,31518,-32768,1048433731,-152,281,273
adc,1048411262,-0.04150000214576721,1048420298,-0.014875000342726707,1048429334,0.2551250159740448,1048438334,1.0357500314712524,,,,,,,,
mpu,,,,,,,,,1048533729,-3004,25096,-32768,1048533729,-2440,376,1216
adc,1048511254,0.030125001445412636,1048520295,0.35612502694129944,1048529331,0.01912500150501728,1048538320,0.28987500071525574,,,,,,,,
mpu,,,,,,,,,1048633730,2020,18790,-31978,1048633730,-2684,24,1122
adc,1048611261,0.10225000232458115,1048620291,0.44812503457069397,1048629322,0.012500000186264515,1048638307,0.2502500116825104,,,,,,,,
mpu,,,,,,,,,1048733731,1382,8828,-27324,1048733731,-1462,-68,783
adc,1048711264,0.017500000074505806,1048720299,0.5196250081062317,1048729330,0.007625000551342964,1048738827,0.26225000619888306,,,,,,,,
mpu,,,,,,,,,1048833731,792,40,-32404,1048833731,254,-460,-53
adc,1048811258,0.5162500143051147,1048820297,0.32475000619888306,1048829331,0.007625000551342964,1048838336,0.30025002360343933,,,,,,,,
mpu,,,,,,,,,1048933736,5676,-3188,-32768,1048933736,1536,-325,-1177
adc,1048911267,1.1478750705718994,1048920306,0.6451250314712524,1048929344,0.29325002431869507,1048938326,0.628250002861023,,,,,,,,
mpu,,,,,,,,,1049033731,4552,7368,-24458,1049033731,1836,369,-1313
adc,1049011258,0.3446250259876251,1049020299,0.8096250295639038,1049029335,1.071000099182129,1049038805,1.1916249990463257,,,,,,,,
mpu,,,,,,,,,1049133734,10896,24568,-20266,1049133734,1827,200,-828
adc,1049111255,0.4663750231266022,1049120293,0.8083750605583191,1049129326,1.295875072479248,1049138373,1.355875015258789,,,,,,,,
mpu,,,,,,,,,1049233733,438,32767,-32768,1049233733,1359,124,-319
adc,1049211253,0.4676250219345093,1049220292,0.27950000762939453,1049229329,1.115125060081482,1049238363,1.4451251029968262,,,,,,,,
mpu,,,,,,,,,1049333731,-1582,32767,-32768,1049333731,-744,129,442
adc,1049311266,-0.05287500098347664,1049320304,-0.016499999910593033,1049329335,0.048750001937150955,1049338549,0.877500057220459,,,,,,,,
mpu,,,,,,,,,1049433729,3004,24658,-30206,1049433729,-2804,372,1280
adc,1049411254,0.20237500965595245,1049420288,0.3070000112056732,1049429319,0.00800000037997961,1049438291,0.2670000195503235,,,,,,,,
mpu,,,,,,,,,1049533725,3694,15246,-30496,1049533725,-2489,-35,1038
adc,1049511258,0.11487500369548798,1049520290,0.34812501072883606,1049529319,0.006875000428408384,1049538645,0.234250009059906,,,,,,,,
mpu,,,,,,,,,1049633738,2156,6750,-29572,1049633738,-984,-105,640
adc,1049611260,0.18700000643730164,1049620304,0.5163750052452087,1049629338,0.00812500063329935,1049638808,0.24287500977516174,,,,,,,,
mpu,,,,,,,,,1049733731,314,-2248,-32548,1049733731,702,-514,-244
adc,1049711264,0.6415000557899475,1049720303,0.413625031709671,1049729339,0.008249999955296516,1049738827,0.2880000174045563,,,,,,,,
mpu,,,,,,,,,1049833725,-3002,-3680,-32768,1049833725,1733,-273,-1307
adc,1049811267,0.9386250376701355,1049820298,0.7628750205039978,1049829333,0.3895000219345093,1049838343,0.8540000319480896,,,,,,,,
mpu,,,,,,,,,1049933728,6472,10828,-20090,1049933728,1823,456,-1203
adc,1049911257,0.3346250057220459,1049920294,0.7705000638961792,1049929326,1.0402500629425049,1049938374,1.314500093460083,,,,,,,,
mpu,,,,,,,,,1050033737,2916,31382,-28102,1050033737,1774,187,-777
adc,1050011265,0.11412500590085983,1050020304,0.4241250157356262,1050029343,1.2540000677108765,1050038792,1.3601250648498535,,,,,,,,
mpu,,,,,,,,,1050133727,1526,32660,-32768,1050133727,718,-87,-224
adc,1050111251,0.4268750250339508,1050120289,-0.06862500309944153,1050129325,0.8766250610351562,1050138320,1.3781250715255737,,,,,,,,
mpu,,,,,,,,,1050233731,-1528,32767,-32768,1050233731,-1500,134,781
adc,1050211241,0.10562500357627869,1050220278,0.06475000083446503,1050229310,0.026500001549720764,1050238297,0.6100000143051147,,,,,,,,
mpu,,,,,,,,,1050333733,2188,23092,-31496,1050333733,-2877,418,1271
adc,1050311251,0.16325001418590546,1050320288,0.3238750100135803,1050329323,0.00812500063329935,1050338546,0.2240000069141388,,,,,,,,
mpu,,,,,,,,,1050433733,1564,13348,-26864,1050433733,-2096,30,982
adc,1050411254,0.21950000524520874,1050420290,0.2824999988079071,1050429324,0.006750000175088644,1050438817,0.2758750021457672,,,,,,,,
mpu,,,,,,,,,1050533731,2368,3788,-30460,1050533731,-419,-423,471
adc,1050511258,0.2435000091791153,1050520294,0.4282500147819519,1050529329,0.00787500012665987,1050538415,0.20662501454353333,,,,,,,,
mpu,,,,,,,,,1050633724,-3634,-3822,-32402,1050633724,1067,-420,-715
adc,1050611257,0.8055000305175781,1050620298,0.3581250309944153,1050629332,0.009000000543892384,1050638311,0.5103750228881836,,,,,,,,
mpu,,,,,,,,,1050733735,6262,216,-29012,1050733735,1769,138,-1470
adc,1050711244,0.6457500457763672,1050720279,0.44337502121925354,1050729311,0.7387500405311584,1050738807,1.1407500505447388,,,,,,,,
mpu,,,,,,,,,1050833737,5872,13106,-21248,1050833737,1833,475,-955
adc,1050811266,0.4228750169277191,1050820305,0.6061250567436218,1050829332,1.1883751153945923,1050838564,1.4422500133514404,,,,,,,,
mpu,,,,,,,,,1050933731,5118,32767,-31536,1050933731,1598,-182,-525
adc,1050911260,0.45137500762939453,1050920295,0.33150002360343933,1050929325,1.2906250953674316,1050938347,1.4226250648498535,,,,,,,,
mpu,,,,,,,,,1051033732,-11628,30016,-32768,1051033732,266,168,48
adc,1051011251,0.33400002121925354,1051020288,-0.19475001096725464,1051029323,0.658875048160553,1051038813,1.1663750410079956,,,,,,,,
mpu,,,,,,,,,1051133730,1014,25278,-32768,1051133730,-2167,45,1002
adc,1051111264,0.3503750264644623,1051120303,0.15125000476837158,1051129341,0.054625000804662704,1051138537,0.580875039100647,,,,,,,,
mpu,,,,,,,,,1051233731,1802,23414,-31780,1051233731,-2731,219,1197
adc,1051211259,0.28300002217292786,1051220296,0.26250001788139343,1051229330,0.03100000135600567,1051238799,0.27300000190734863,,,,,,,,
mpu,,,,,,,,,1051333727,-986,13628,-22580,1051333727,-1760,170,831
adc,1051311256,0.23000000417232513,1051320293,0.24400001764297485,1051329331,0.006375000346451998,1051338506,0.24400001764297485,,,,,,,,
mpu,,,,,,,,,1051433724,996,3302,-31436,1051433724,-58,-544,213
adc,1051411253,0.5236250162124634,1051420285,0.4456250071525574,1051429317,0.007125000469386578,1051438511,0.19325001537799835,,,,,,,,
mpu,,,,,,,,,1051533736,2094,-3674,-27700,1051533736,1372,-282,-991
adc,1051511257,1.127500057220459,1051520296,0.4985000193119049,1051529331,0.02537500113248825,1051538373,0.5703750252723694,,,,,,,,
mpu,,,,,,,,,1051633731,10730,4542,-23274,1051633731,1883,218,-1231
adc,1051611253,0.8407500386238098,1051620285,0.53062504529953,1051629316,0.9597500562667847,1051638409,1.2700001001358032,,,,,,,,
mpu,,,,,,,,,1051733728,7262,18930,-20228,1051733728,1907,420,-803
adc,1051711269,0.6636250019073486,1051720307,0.2708750069141388,1051729337,1.2437500953674316,1051738535,1.4083750247955322,,,,,,,,
mpu,,,,,,,,,1051833729,5468,31862,-32768,1051833729,1448,-357,-419
adc,1051811245,0.4976250231266022,1051820285,0.1446250081062317,1051829317,1.1982500553131104,1051838547,1.3677500486373901,,,,,,,,
mpu,,,,,,,,,1051933733,-454,32767,-32768,1051933733,-274,45,200
adc,1051911261,0.4480000138282776,1051920302,-0.17512500286102295,1051929340,0.6178750395774841,1051938832,1.2025001049041748,,,,,,,,
mpu,,,,,,,,,1052033730,-2306,27998,-32768,1052033730,-2468,255,1160
adc,1052011254,0.2485000044107437,1052020306,0.07075000554323196,1052029344,0.0625,1052038819,0.4767500162124634,,,,,,,,
mpu,,,,,,,,,1052133730,3288,18902,-32768,1052133730,-2707,240,1076
adc,1052111258,0.42762503027915955,1052120290,0.1913750022649765,1052129325,0.00950000062584877,1052138409,0.20537501573562622,,,,,,,,
mpu,,,,,,,,,1052233725,2304,9230,-25018,1052233725,-1445,-43,759
adc,1052211243,0.3551250100135803,1052220285,0.19337500631809235,1052229321,0.0062500000931322575,1052238351,0.21762500703334808,,,,,,,,
mpu,,,,,,,,,1052333735,1410,748,-32768,1052333735,264,-477,-43
adc,1052311258,0.49550002813339233,1052320287,0.257750004529953,1052329321,0.006500000134110451,1052338334,0.2796249985694885,,,,,,,,
mpu,,,,,,,,,1052433725,4936,-3522,-32768,1052433725,1591,-193,-1084
adc,1052411266,1.1171250343322754,1052420310,0.518250048160553,1052429339,0.249750018119812,1052438514,0.6382500529289246,,,,,,,,
mpu,,,,,,,,,1052533726,4572,8972,-24616,1052533726,1922,384,-1004
adc,1052511257,0.8040000200271606,1052520293,0.3541250228881836,1052529322,0.9660000205039978,1052538622,1.251750111579895,,,,,,,,
mpu,,,,,,,,,1052633724,8460,21108,-20558,1052633724,1820,255,-649
adc,1052611242,0.45600003004074097,1052620279,0.3602500259876251,1052629314,1.318000078201294,1052638318,1.4317500591278076,,,,,,,,
mpu,,,,,,,,,1052733730,3118,30408,-32174,1052733730,1132,-346,-410
adc,1052711262,0.6220000386238098,1052720301,-0.03187500312924385,1052729336,1.3223750591278076,1052738536,1.3443750143051147,,,,,,,,
mpu,,,,,,,,,1052833731,-1400,32622,-32768,1052833731,-683,75,287
adc,1052811253,0.19050000607967377,1052820298,-0.24962501227855682,1052829333,0.37275001406669617,1052838538,1.0827500820159912,,,,,,,,
mpu,,,,,,,,,1052933732,1446,26190,-32768,1052933732,-2575,245,1244
adc,1052911264,0.35200002789497375,1052920303,0.05350000411272049,1052929342,0.017500000074505806,1052938835,0.27787500619888306,,,,,,,,
mpu,,,,,,,,,1053033735,3066,17096,-29170,1053033735,-2465,167,1033
adc,1053011256,0.49512502551078796,1053020291,0.055375002324581146,1053029327,0.005750000476837158,1053038368,0.1782500147819519,,,,,,,,
mpu,,,,,,,,,1053133728,4356,5672,-28828,1053133728,-1167,-143,531
adc,1053111260,0.5,1053120289,0.1587500125169754,1053129326,0.009125000797212124,1053138639,0.24162501096725464,,,,,,,,
mpu,,,,,,,,,1053233727,642,1350,-32748,1053233727,486,-321,-311
adc,1053211262,0.9692500233650208,1053220292,0.24362501502037048,1053229326,0.005875000264495611,1053238646,0.31187501549720764,,,,,,,,
mpu,,,,,,,,,1053333730,2860,-2962,-30194,1053333730,1724,-95,-1137
adc,1053311259,0.9897500276565552,1053320296,0.4727500081062317,1053329331,0.34675002098083496,1053338584,0.7540000081062317,,,,,,,,
mpu,,,,,,,,,1053433726,6738,9660,-18978,1053433726,1939,414,-1003
adc,1053411258,0.6778750419616699,1053420298,0.4645000100135803,1053429329,1.0497500896453857,1053438799,1.3047500848770142,,,,,,,,
mpu,,,,,,,,,1053533731,5386,28504,-21290,1053533731,1820,56,-676
adc,1053511247,0.4007500112056732,1053520278,0.20125001668930054,1053529311,1.3181250095367432,1053538399,1.339250087738037,,,,,,,,
mpu,,,,,,,,,1053633728,1728,30282,-32768,1053633728,932,-221,-276
adc,1053611258,0.827375054359436,1053620290,-0.029125001281499863,1053629318,1.2391250133514404,1053638312,1.3523750305175781,,,,,,,,
mpu,,,,,,,,,1053733732,-2808,32767,-32768,1053733732,-1069,-26,536
adc,1053711266,0.16887500882148743,1053720305,-0.21437500417232513,1053729338,0.3020000159740448,1053738816,0.9488750696182251,,,,,,,,
mpu,,,,,,,,,1053833730,744,24064,-30330,1053833730,-2753,326,1326
adc,1053811255,0.4662500321865082,1053820289,0.0442500002682209,1053829324,0.013875001110136509,1053838559,0.3033750057220459,,,,,,,,
mpu,,,,,,,,,1053933736,1514,14584,-25948,1053933736,-2286,233,1033
adc,1053911256,0.4922500252723694,1053920289,0.09100000560283661,1053929324,0.011375000700354576,1053938324,0.2588750123977661,,,,,,,,
mpu,,,,,,,,,1054033727,2764,5928,-30290,1054033727,-807,-189,559
adc,1054011248,0.48912501335144043,1054020291,0.2121250033378601,1054029323,0.006000000052154064,1054038389,0.30275002121925354,,,,,,,,
mpu,,,,,,,,,1054133728,96,-1556,-32768,1054133728,820,-378,-400
adc,1054111256,1.0671250820159912,1054120291,0.29087501764297485,1054129327,0.005625000223517418,1054138418,0.45887503027915955,,,,,,,,
mpu,,,,,,,,,1054233732,-94,-1608,-28444,1054233732,1780,2,-1293
adc,1054211255,1.2321250438690186,1054220298,0.4658750295639038,1054229338,0.5108750462532043,1054238337,0.9790000319480896,,,,,,,,
mpu,,,,,,,,,1054333726,9754,11400,-17592,1054333726,1830,379,-1041
adc,1054311268,0.5567499995231628,1054320307,0.5958750247955322,1054329343,1.0758750438690186,1054338566,1.3977500200271606,,,,,,,,
mpu,,,,,,,,,1054433733,5370,29882,-26100,1054433733,1664,-53,-662
adc,1054411253,0.8318750262260437,1054420293,0.15912500023841858,1054429328,1.3140000104904175,1054438422,1.420875072479248,,,,,,,,
mpu,,,,,,,,,1054533737,1902,29652,-32768,1054533737,708,-75,-131
adc,1054511259,1.0326250791549683,1054520296,-0.1993750035762787,1054529328,1.1798750162124634,1054538568,1.3673750162124634,,,,,,,,
mpu,,,,,,,,,1054633735,-584,32767,-32768,1054633735,-1471,-77,646
adc,1054611265,0.4826250374317169,1054620298,-0.18650001287460327,1054629330,0.24800001084804535,1054638392,0.737000048160553,,,,,,,,
mpu,,,,,,,,,1054733732,2628,23406,-28272,1054733732,-2881,433,1303
adc,1054711264,0.3661250174045563,1054720296,0.026375001296401024,1054729330,0.01600000075995922,1054738327,0.288875013589859,,,,,,,,
mpu,,,,,,,,,1054833726,1858,13314,-27014,1054833726,-2107,82,978
adc,1054811254,0.42000001668930054,1054820291,0.06100000441074371,1054829320,0.006625000387430191,1054838577,0.25425001978874207,,,,,,,,
mpu,,,,,,,,,1054933736,2678,3664,-29456,1054933736,-508,-325,426
adc,1054911269,0.45862501859664917,1054920307,0.1067500039935112,1054929343,0.005500000435858965,1054938561,0.265250027179718,,,,,,,,
mpu,,,,,,,,,1055033739,-2224,-2950,-32768,1055033739,1041,-398,-617
adc,1055011271,1.1206250190734863,1055020315,0.226500004529953,1055029349,0.014125000685453415,1055038560,0.4803750216960907,,,,,,,,
mpu,,,,,,,,,1055133732,4286,-2318,-27242,1055133732,1821,117,-1310
adc,1055111249,1.0497500896453857,1055120284,0.5015000104904175,1055129314,0.7228750586509705,1055138510,0.9768750667572021,,,,,,,,
mpu,,,,,,,,,1055233734,5370,15190,-19684,1055233734,1928,490,-952
adc,1055211262,0.8017500638961792,1055220298,0.34950003027915955,1055229336,1.224250078201294,1055238823,1.3541250228881836,,,,,,,,
mpu,,,,,,,,,1055333729,3392,29224,-29154,1055333729,1653,-321,-549
adc,1055311269,0.7618750333786011,1055320299,-0.01600000075995922,1055329338,1.318000078201294,1055338545,1.2822500467300415,,,,,,,,
mpu,,,,,,,,,1055433724,-502,30062,-32768,1055433724,344,80,-28
adc,1055411255,0.8576250672340393,1055420288,-0.22412501275539398,1055429321,1.0073750019073486,1055438298,1.3146250247955322,,,,,,,,
mpu,,,,,,,,,1055533728,1842,31148,-32768,1055533728,-1788,35,884
adc,1055511257,0.3771250247955322,1055520297,-0.21937501430511475,1055529330,0.10650000721216202,1055538337,0.6422500014305115,,,,,,,,
mpu,,,,,,,,,1055633734,2982,22546,-31932,1055633734,-2764,404,1206
adc,1055611261,0.39775002002716064,1055620300,-0.05712500214576721,1055629328,0.010500000789761543,1055638679,0.3098750114440918,,,,,,,,
mpu,,,,,,,,,1055733726,-1160,10602,-27220,1055733726,-1951,144,851
adc,1055711257,0.5986250042915344,1055720290,-0.03450000286102295,1055729329,0.01100000087171793,1055738806,0.2866250276565552,,,,,,,,
mpu,,,,,,,,,1055833726,1008,3798,-30214,1055833726,-302,-389,251
adc,1055811256,0.9676250219345093,1055820296,0.023375000804662704,1055829331,0.02162500098347664,1055838549,0.35087502002716064,,,,,,,,
mpu,,,,,,,,,1055933729,-370,-940,-29862,1055933729,1106,-357,-905
adc,1055911255,1.1644999980926514,1055920295,0.12712500989437103,1055929326,0.0793750062584877,1055938358,0.5995000004768372,,,,,,,,
mpu,,,,,,,,,1056033725,2700,146,-25210,1056033725,1830,246,-1287
adc,1056011257,1.1442500352859497,1056020301,0.3061250150203705,1056029334,0.967750072479248,1056038799,1.1333750486373901,,,,,,,,
mpu,,,,,,,,,1056133728,4278,15616,-21316,1056133728,1927,361,-817
adc,1056111262,1.0223751068115234,1056120298,0.101500004529953,1056129332,1.283750057220459,1056138315,1.37375009059906,,,,,,,,
mpu,,,,,,,,,1056233724,7628,30314,-30762,1056233724,1625,-247,-400
adc,1056211256,0.6926250457763672,1056220289,-0.0215000007301569,1056229322,1.336625099182129,1056238354,1.3065000772476196,,,,,,,,
mpu,,,,,,,,,1056333731,190,31182,-32768,1056333731,135,78,60
adc,1056311255,0.8976250290870667,1056320296,-0.3607500195503235,1056329326,1.0432500839233398,1056338523,1.3351250886917114,,,,,,,,
mpu,,,,,,,,,1056433726,648,30330,-32768,1056433726,-2145,70,1043
adc,1056411258,0.6018750071525574,1056420298,-0.24300001561641693,1056429333,0.08162500709295273,1056438793,0.546750009059906,,,,,,,,
mpu,,,,,,,,,1056533729,2586,20334,-32768,1056533729,-2768,398,1207
adc,1056511259,0.78062504529953,1056520297,-0.05300000309944153,1056529331,0.007750000339001417,1056538317,0.17600001394748688,,,,,,,,
mpu,,,,,,,,,1056633722,1424,10156,-25666,1056633722,-1716,-12,842
adc,1056611253,0.7597500085830688,1056620291,-0.021375000476837158,1056629326,0.009875000454485416,1056638788,0.3083750009536743,,,,,,,,
mpu,,,,,,,,,1056733728,906,2984,-30978,1056733728,-13,-491,107
adc,1056711256,1.034500002861023,1056720287,0.06400000303983688,1056729315,0.005250000394880772,1056738781,0.30162501335144043,,,,,,,,
mpu,,,,,,,,,1056833729,4098,-4424,-32276,1056833729,1383,-311,-1002
adc,1056811256,0.878000020980835,1056820294,0.1353750079870224,1056829329,0.11150000244379044,1056838552,0.6142500042915344,,,,,,,,
mpu,,,,,,,,,1056933737,7002,5764,-25902,1056933737,1923,296,-1176
adc,1056911258,1.1521250009536743,1056920294,0.26750001311302185,1056929329,0.8978750705718994,1056938367,1.186750054359436,,,,,,,,
mpu,,,,,,,,,1057033728,7526,20772,-21466,1057033728,1824,516,-837
adc,1057011258,0.7167500257492065,1057020299,0.3472500145435333,1057029335,1.1655000448226929,1057038831,1.4126250743865967,,,,,,,,
mpu,,,,,,,,,1057133729,3864,31788,-32768,1057133729,1370,-253,-498
adc,1057111255,1.4368751049041748,1057120284,-0.1678750067949295,1057129317,1.2733750343322754,1057138549,1.3088750839233398,,,,,,,,
mpu,,,,,,,,,1057233729,1054,32767,-32768,1057233729,-214,19,176
adc,1057211256,0.8498750329017639,1057220286,-0.3686250150203705,1057229320,0.6038750410079956,1057238788,1.196250081062317,,,,,,,,
mpu,,,,,,,,,1057333732,-2458,25444,-32768,1057333732,-2376,206,1128
adc,1057311260,0.4936250150203705,1057320290,-0.21775001287460327,1057329321,0.04050000011920929,1057338662,0.5713750123977661,,,,,,,,
mpu,,,,,,,,,1057433733,1684,19056,-31446,1057433733,-2682,77,1090
adc,1057411261,0.7701250314712524,1057420299,-0.1367500126361847,1057429330,0.010000000707805157,1057438354,0.3070000112056732,,,,,,,,
mpu,,,,,,,,,1057533729,3028,8214,-28650,1057533729,-1511,81,557
adc,1057511258,0.5987500548362732,1057520301,-0.07600000500679016,1057529336,0.029625002294778824,1057538337,0.31962502002716064,,,,,,,,
mpu,,,,,,,,,1057633730,632,1520,-30310,1057633730,123,-290,-144
adc,1057611255,0.8577500581741333,1057620284,-0.013000000268220901,1057629320,0.026750002056360245,1057638806,0.28450000286102295,,,,,,,,
mpu,,,,,,,,,1057733735,3348,-2288,-31138,1057733735,1476,-260,-993
adc,1057711256,1.255500078201294,1057720298,-0.05287500098347664,1057729333,0.24400001764297485,1057738825,0.6677500605583191,,,,,,,,
mpu,,,,,,,,,1057833728,7582,4770,-21880,1057833728,1946,318,-994
adc,1057811255,1.1512500047683716,1057820293,0.312250018119812,1057829324,1.0338751077651978,1057838324,1.287000060081482,,,,,,,,
mpu,,,,,,,,,1057933731,4620,21980,-22712,1057933731,1846,391,-743
adc,1057911266,0.8677500486373901,1057920307,0.024000000208616257,1057929342,1.3351250886917114,1057938803,1.421125054359436,,,,,,,,
mpu,,,,,,,,,1058033725,1356,31920,-32768,1058033725,1453,-228,-376
adc,1058011250,0.9231250286102295,1058020294,-0.2522500157356262,1058029328,1.2702500820159912,1058038804,1.3673750162124634,,,,,,,,
mpu,,,,,,,,,1058133728,1592,32767,-32768,1058133728,-355,79,249
adc,1058111261,0.5407500267028809,1058120300,-0.3630000054836273,1058129334,0.5491250157356262,1058138559,1.2222501039505005,,,,,,,,
mpu,,,,,,,,,1058233736,-1664,25298,-30982,1058233736,-2591,233,1164
adc,1058211253,0.7388750314712524,1058220297,-0.18275000154972076,1058229333,0.009750000201165676,1058238394,0.48762503266334534,,,,,,,,
mpu,,,,,,,,,1058333730,3826,18012,-30964,1058333730,-2621,66,1083
adc,1058311265,0.7086250185966492,1058320301,-0.1691250056028366,1058329337,0.007500000298023224,1058338347,0.27012500166893005,,,,,,,,
mpu,,,,,,,,,1058433733,4934,7776,-30378,1058433733,-1243,-93,743
adc,1058411259,0.7067500352859497,1058420305,-0.06387500464916229,1058429344,0.003750000149011612,1058438325,0.30662500858306885,,,,,,,,
mpu,,,,,,,,,1058533737,562,1690,-32768,1058533737,379,-467,29
adc,1058511251,0.9187500476837158,1058520289,-0.09325000643730164,1058529323,0.0038750001695007086,1058538349,0.29200002551078796,,,,,,,,
mpu,,,,,,,,,1058633729,3994,-3124,-32768,1058633729,1606,-204,-1113
adc,1058611255,1.4293750524520874,1058620284,0.1862500160932541,1058629320,0.12125000357627869,1058638378,0.6680000424385071,,,,,,,,
mpu,,,,,,,,,1058733725,3704,7840,-25194,1058733725,1872,359,-1128
adc,1058711266,1.0616250038146973,1058720304,0.1497500091791153,1058729337,0.9945000410079956,1058738798,1.2692500352859497,,,,,,,,
mpu,,,,,,,,,1058833733,8042,25016,-20948,1058833733,1787,197,-812
adc,1058811255,1.0817500352859497,1058820296,0.16737501323223114,1058829329,1.3002500534057617,1058838510,1.3815001249313354,,,,,,,,
mpu,,,,,,,,,1058933732,762,32767,-32768,1058933732,1156,-158,-438
adc,1058911254,1.1903750896453857,1058920290,-0.30925002694129944,1058929322,1.2878750562667847,1058938584,1.2806251049041748,,,,,,,,
mpu,,,,,,,,,1059033724,2858,32767,-32768,1059033724,-785,30,450
adc,1059011250,0.4360000193119049,1059020287,-0.4116250276565552,1059029323,0.22100001573562622,1059038801,0.9622500538825989,,,,,,,,
mpu,,,,,,,,,1059133727,-432,24294,-30978,1059133727,-2763,314,1280
adc,1059111257,0.7405000329017639,1059120297,-0.22112500667572021,1059129331,0.013375001028180122,1059138539,0.335750013589859,,,,,,,,
mpu,,,,,,,,,1059233727,1498,15634,-27854,1059233727,-2437,42,1029
adc,1059211260,0.8953750133514404,1059220302,-0.19737501442432404,1059229336,0.004000000189989805,1059238817,0.2705000042915344,,,,,,,,
mpu,,,,,,,,,1059333730,2886,10498,-27674,1059333730,-1034,-177,630
adc,1059311256,0.7635000348091125,1059320294,-0.030375001952052116,1059329327,0.012625000439584255,1059338513,0.3343750238418579,,,,,,,,
mpu,,,,,,,,,1059433720,436,-1434,-32768,1059433720,600,-337,-289
adc,1059411256,1.1828750371932983,1059420289,-0.22212500870227814,1059429320,0.0023750001564621925,1059438784,0.3216250240802765,,,,,,,,
mpu,,,,,,,,,1059533729,144,-2950,-30522,1059533729,1702,-119,-1214
adc,1059511265,1.3415000438690186,1059520301,0.04725000262260437,1059529345,0.42125001549720764,1059538336,0.7785000205039978,,,,,,,,
mpu,,,,,,,,,1059633737,4878,8790,-22076,1059633737,1940,480,-1026
adc,1059611272,1.1500000953674316,1059620313,0.1837500035762787,1059629349,1.1338750123977661,1059638830,1.3128750324249268,,,,,,,,
mpu,,,,,,,,,1059733725,3790,28326,-24368,1059733725,1768,64,-687
adc,1059711258,1.190000057220459,1059720301,-0.08187500387430191,1059729334,1.3983750343322754,1059738813,1.3967500925064087,,,,,,,,
mpu,,,,,,,,,1059833727,-4222,31188,-32400,1059833727,919,-103,-289
adc,1059811249,1.187250018119812,1059820284,-0.351375013589859,1059829317,1.1623750925064087,1059838424,1.2411251068115234,,,,,,,,
mpu,,,,,,,,,1059933730,-1172,32767,-32768,1059933730,-1227,64,600
adc,1059911261,0.11487500369548798,1059920296,-0.320125013589859,1059929327,0.15712501108646393,1059938324,0.7400000095367432,,,,,,,,
mpu,,,,,,,,,1060033732,3104,26264,-29170,1060033732,-2842,138,1222
adc,1060011264,0.5786250233650208,1060020304,-0.2852500081062317,1060029336,0.003375000087544322,1060038328,0.2939999997615814,,,,,,,,
mpu,,,,,,,,,1060133728,2232,14568,-24798,1060133728,-2280,81,960
adc,1060111257,0.5482500195503235,1060120298,-0.23487500846385956,1060129326,0.0020000000949949026,1060138560,0.24362501502037048,,,,,,,,
mpu,,,,,,,,,1060233737,856,6280,-27310,1060233737,-725,-151,496
adc,1060211268,0.6352500319480896,1060220315,-0.11700000613927841,1060229346,0.003000000026077032,1060238359,0.3240000009536743,,,,,,,,
mpu,,,,,,,,,1060333725,-1212,-1972,-32768,1060333725,854,-379,-437
adc,1060311256,1.2102500200271606,1060320296,-0.21237501502037048,1060329327,0.002250000135973096,1060338320,0.3386250138282776,,,,,,,,
mpu,,,,,,,,,1060433727,3918,-794,-24948,1060433727,1823,72,-1227
adc,1060411258,1.4036250114440918,1060420288,0.01862500049173832,1060429320,0.6061250567436218,1060438788,0.8501250147819519,,,,,,,,
mpu,,,,,,,,,1060533727,7376,13224,-19590,1060533727,1898,354,-947
adc,1060511258,1.1805000305175781,1060520302,0.06350000202655792,1060529337,1.1775000095367432,1060538321,1.3283751010894775,,,,,,,,
mpu,,,,,,,,,1060633731,8274,32767,-28106,1060633731,1697,-103,-639
adc,1060611248,1.1856250762939453,1060620287,-0.3320000171661377,1060629323,1.426875114440918,1060638812,1.3326250314712524,,,,,,,,
mpu,,,,,,,,,1060733732,128,32186,-32768,1060733732,509,-17,-115
adc,1060711250,1.1350001096725464,1060720284,-0.38862502574920654,1060729322,1.2193750143051147,1060738645,1.340000033378601,,,,,,,,
mpu,,,,,,,,,1060833729,3044,32767,-32768,1060833729,-1651,73,847
adc,1060811259,0.6143750548362732,1060820296,-0.37700000405311584,1060829327,0.10975000262260437,1060838530,0.7667500376701355,,,,,,,,
mpu,,,,,,,,,1060933728,3522,23608,-31436,1060933728,-2792,329,1272
adc,1060911262,0.7201250195503235,1060920292,-0.25824999809265137,1060929326,0.01600000075995922,1060938790,0.3187500238418579,,,,,,,,
mpu,,,,,,,,,1061033733,-1166,12242,-25338,1061033733,-1991,190,932
adc,1061011257,1.0048750638961792,1061020299,-0.22287501394748688,1061029337,0.0027500002179294825,1061038813,0.3570000231266022,,,,,,,,
mpu,,,,,,,,,1061133729,1848,5258,-31506,1061133729,-361,-441,332
adc,1061111250,0.9583750367164612,1061120280,-0.12700000405311584,1061129318,0.000750000006519258,1061138551,0.3517500162124634,,,,,,,,
mpu,,,,,,,,,1061233725,-2390,-3370,-26602,1061233725,1216,-285,-787
adc,1061211242,1.236625075340271,1061220283,0.0950000062584877,1061229316,0.0016250000335276127,1061238360,0.5130000114440918,,,,,,,,
mpu,,,,,,,,,1061333735,7290,130,-31798,1061333735,1861,113,-1282
adc,1061311252,1.2841250896453857,1061320295,0.09162500500679016,1061329330,0.7878750562667847,1061338339,1.0380001068115234,,,,,,,,
mpu,,,,,,,,,1061433728,9746,17854,-14214,1061433728,1922,477,-919
adc,1061411257,0.8132500648498535,1061420296,-0.0013750001089647412,1061429329,1.2808750867843628,1061438324,1.389625072479248,,,,,,,,
mpu,,,,,,,,,1061533733,4516,31582,-32344,1061533733,1545,-429,-524
adc,1061511249,1.0166250467300415,1061520280,-0.35987502336502075,1061529314,1.3240001201629639,1061538451,1.3526250123977661,,,,,,,,
mpu,,,,,,,,,1061633734,-574,31712,-32768,1061633734,-45,157,80
adc,1061611252,1.042875051498413,1061620290,-0.4098750054836273,1061629325,0.8821250200271606,1061638796,1.3055000305175781,,,,,,,,
mpu,,,,,,,,,1061733730,1196,28830,-32768,1061733730,-2220,142,1074
adc,1061711263,0.6762500405311584,1061720300,-0.36412501335144043,1061729334,0.09012500196695328,1061738368,0.5921249985694885,,,,,,,,
mpu,,,,,,,,,1061833725,3846,18914,-31760,1061833725,-2718,262,1153
adc,1061811258,0.8892500400543213,1061820301,-0.2866250276565552,1061829334,0.0012500000884756446,1061838388,0.29462501406669617,,,,,,,,
mpu,,,,,,,,,1061933726,1614,8446,-27656,1061933726,-1579,52,783
adc,1061911260,0.8170000314712524,1061920297,-0.20637500286102295,1061929333,0.0005000000237487257,1061938326,0.25587502121925354,,,,,,,,
mpu,,,,,,,,,1062033730,718,1470,-32438,1062033730,93,-499,72
adc,1062011257,1.145875096321106,1062020301,-0.017125001177191734,1062029329,0.0010000000474974513,1062038322,0.3086250126361847,,,,,,,,
mpu,,,,,,,,,1062133730,1982,-2804,-29444,1062133730,1473,-180,-1003
adc,1062111248,1.1198750734329224,1062120279,0.12000000476837158,1062129312,0.029750000685453415,1062138428,0.5257500410079956,,,,,,,,
mpu,,,,,,,,,1062233727,8000,7096,-21548,1062233727,1919,247,-1183
adc,1062211257,1.4716250896453857,1062220296,-0.08612500131130219,1062229331,0.9665000438690186,1062238538,1.1231250762939453,,,,,,,,
mpu,,,,,,,,,1062333731,5382,20554,-17226,1062333731,1852,412,-827
adc,1062311263,-0.07750000059604645,1062320305,-0.25950002670288086,1062329339,1.2675000429153442,1062338558,1.3975000381469727,,,,,,,,
mpu,,,,,,,,,1062433730,4076,32767,-32748,1062433730,1302,-391,-390
adc,1062411253,0.983500063419342,1062420285,-0.3737500309944153,1062429322,1.333125114440918,1062438818,1.3821250200271606,,,,,,,,
mpu,,,,,,,,,1062533731,4944,32767,-32768,1062533731,-545,109,332
adc,1062511253,0.6758750081062317,1062520288,-0.4115000069141388,1062529317,0.6196250319480896,1062538392,1.3022500276565552,,,,,,,,
mpu,,,,,,,,,1062633731,-1430,26440,-32768,1062633731,-2622,330,1220
adc,1062611260,0.6506250500679016,1062620293,-0.3231250047683716,1062629322,0.051625002175569534,1062638391,0.5301250219345093,,,,,,,,
mpu,,,,,,,,,1062733731,1100,16318,-29954,1062733731,-2568,176,1045
adc,1062711248,0.8248750567436218,1062720285,-0.2840000092983246,1062729320,0.0032500000670552254,1062738307,0.2918750047683716,,,,,,,,
mpu,,,,,,,,,1062833725,3448,7650,-28660,1062833725,-1197,-131,630
adc,1062811265,0.8790000677108765,1062820302,-0.2775000035762787,1062829338,0.01587500050663948,1062838331,0.3672500252723694,,,,,,,,
mpu,,,,,,,,,1062933728,1202,-1400,-32406,1062933728,557,-459,-203
adc,1062911263,1.0051250457763672,1062920298,-0.26637500524520874,1062929333,-0.0005000000237487257,1062938808,0.4036250114440918,,,,,,,,
mpu,,,,,,,,,1063033730,1588,-4586,-32768,1063033730,1655,-54,-1248
adc,1063011257,1.3396251201629639,1063020299,0.15300001204013824,1063029334,0.42375001311302185,1063038806,0.9120000600814819,,,,,,,,
mpu,,,,,,,,,1063133730,6152,8740,-22154,1063133730,1953,548,-997
adc,1063111265,0.9180000424385071,1063120305,0.49387502670288086,1063129335,1.152999997138977,1063138539,1.4113750457763672,,,,,,,,
mpu,,,,,,,,,1063233729,5400,27502,-25662,1063233729,1837,-25,-576
adc,1063211251,0.7083750367164612,1063220283,-0.05950000137090683,1063229311,1.4708750247955322,1063238337,1.4686250686645508,,,,,,,,
mpu,,,,,,,,,1063333727,-308,31286,-30360,1063333727,821,-218,-203
adc,1063311263,0.9885000586509705,1063320298,-0.3218750059604645,1063329336,1.3020000457763672,1063338526,1.4881250858306885,,,,,,,,
mpu,,,,,,,,,1063433732,1852,32767,-32768,1063433732,-1256,-72,644
adc,1063411254,0.3071250021457672,1063420294,-0.4073750078678131,1063429329,0.37187501788139343,1063438330,1.1696250438690186,,,,,,,,
mpu,,,,,,,,,1063533733,3372,24296,-31224,1063533733,-2714,229,1370
adc,1063511244,0.4792500138282776,1063520279,-0.32350000739097595,1063529313,0.10625000298023224,1063538334,0.6612500548362732,,,,,,,,
mpu,,,,,,,,,1063633728,890,14470,-28036,1063633728,-2219,226,996
adc,1063611252,0.612000048160553,1063620291,-0.24287500977516174,1063629323,0.012250000610947609,1063638801,0.4242500066757202,,,,,,,,
mpu,,,,,,,,,1063733724,2360,4648,-30614,1063733724,-714,-161,404
adc,1063711255,0.7428750395774841,1063720291,-0.011875000782310963,1063729322,0.027250001206994057,1063738366,0.39887502789497375,,,,,,,,
mpu,,,,,,,,,1063833729,-5112,-4530,-32396,1063833729,960,-257,-636
adc,1063811268,1.2508751153945923,1063820309,0.20475001633167267,1063829338,0.2110000103712082,1063838591,0.7086250185966492,,,,,,,,
mpu,,,,,,,,,1063933726,6242,4420,-23154,1063933726,1645,122,-1260
adc,1063911260,1.1827501058578491,1063920301,-0.2368750125169754,1063929337,1.0721250772476196,1063938812,1.296375036239624,,,,,,,,
mpu,,,,,,,,,1064033727,5842,14400,-25236,1064033727,1821,584,-782
adc,1064011262,0.9727500677108765,1064020313,-0.22200001776218414,1064029346,1.4186251163482666,1064038740,1.5678750276565552,,,,,,,,
mpu,,,,,,,,,1064133736,4282,29534,-26842,1064133736,1515,-113,-456
adc,1064111257,0.6631250381469727,1064120297,-0.31050002574920654,1064129334,1.4007500410079956,1064138825,1.427375078201294,,,,,,,,
mpu,,,,,,,,,1064233728,-188,29576,-32768,1064233728,189,-216,91
adc,1064211260,1.01437509059906,1064220297,-0.3843750059604645,1064229332,0.8716250658035278,1064238741,1.2882500886917114,,,,,,,,
mpu,,,,,,,,,1064333727,2326,32638,-32768,1064333727,-1727,-98,898
adc,1064311260,0.4280000329017639,1064320286,-0.36112502217292786,1064329320,0.14662501215934753,1064338776,0.7312500476837158,,,,,,,,
mpu,,,,,,,,,1064433729,1822,23404,-29474,1064433729,-2581,42,1382
adc,1064411262,0.0325000025331974,1064420298,-0.3295000195503235,1064429331,-0.0020000000949949026,1064438709,0.1288750022649765,,,,,,,,
mpu,,,,,,,,,1064533725,5784,8732,-32332,1064533725,-1898,-338,1030
adc,1064511255,0.41837501525878906,1064520293,-0.29887500405311584,1064529327,-0.0017500000540167093,1064538746,0.2588750123977661,,,,,,,,
mpu,,,,,,,,,1064633731,2914,2882,-29928,1064633731,-156,-254,39
adc,1064611259,0.4321250319480896,1064620295,-0.25475001335144043,1064629328,-0.002250000135973096,1064638741,0.34050002694129944,,,,,,,,
mpu,,,,,,,,,1064733730,-2206,-6386,-32768,1064733730,1203,-58,-1009
adc,1064711259,1.2478750944137573,1064720296,-0.18000000715255737,1064729334,-0.002625000197440386,1064738734,0.46512502431869507,,,,,,,,
mpu,,,,,,,,,1064833734,2412,2308,-26282,1064833734,1777,261,-1453
adc,1064811267,1.3225001096725464,1064820307,0.40575000643730164,1064829341,0.5583750009536743,1064838766,1.0306251049041748,,,,,,,,
mpu,,,,,,,,,1064933731,7528,17356,-21060,1064933731,1724,515,-937
adc,1064911270,0.6758750081062317,1064920307,-0.16625000536441803,1064929339,0.9518750309944153,1064938742,1.2001250982284546,,,,,,,,
mpu,,,,,,,,,1065033729,2482,28944,-25180,1065033729,1302,-145,-498
adc,1065011253,1.061000108718872,1065020290,-0.1745000034570694,1065029322,1.173625111579895,1065038296,1.0791250467300415,,,,,,,,
mpu,,,,,,,,,1065133727,-570,32767,-32768,1065133727,-196,-285,234
adc,1065111254,0.45787501335144043,1065120283,-0.3316250145435333,1065129314,0.62437504529953,1065138362,0.9316250681877136,,,,,,,,
mpu,,,,,,,,,1065233732,-838,28882,-31366,1065233732,-2162,286,1160
adc,1065211255,0.2508750259876251,1065220301,-0.3657500147819519,1065229334,-0.0016250000335276127,1065238738,0.37562501430511475,,,,,,,,
mpu,,,,,,,,,1065333728,3186,18924,-28148,1065333728,-2485,118,1421
adc,1065311261,0.3855000138282776,1065320295,-0.27425000071525574,1065329325,-0.0023750001564621925,1065338755,0.3385000228881836,,,,,,,,
mpu,,,,,,,,,1065433734,2010,10208,-26886,1065433734,-1385,-108,912
adc,1065411261,0.6362500190734863,1065420291,-0.28725001215934753,1065429326,-0.003750000149011612,1065438713,0.2992500066757202,,,,,,,,
mpu,,,,,,,,,1065533734,3266,-780,-31124,1065533734,328,-213,-59
adc,1065511269,0.6058750152587891,1065520310,-0.12312500923871994,1065529342,-0.004000000189989805,1065538759,0.31975001096725464,,,,,,,,
mpu,,,,,,,,,1065633731,2274,-4316,-30074,1065633731,1489,-57,-1130
adc,1065611266,1.2782500982284546,1065620306,-0.14775000512599945,1065629341,-0.0038750001695007086,1065638711,0.5823750495910645,,,,,,,,
mpu,,,,,,,,,1065733737,6660,7412,-23138,1065733737,1807,234,-1243
adc,1065711259,0.9437500238418579,1065720303,0.5745000243186951,1065729339,0.7117500305175781,1065738748,1.1875,,,,,,,,
mpu,,,,,,,,,1065833735,5612,18922,-16882,1065833735,1670,393,-848
adc,1065811253,0.2915000021457672,1065820288,0.07200000435113907,1065829320,1.1502500772476196,1065838766,1.29562509059906,,,,,,,,
mpu,,,,,,,,,1065933732,3952,31730,-30786,1065933732,1091,-376,-371
adc,1065911251,1.0653750896453857,1065920284,-0.2601250112056732,1065929320,1.171125054359436,1065938311,1.1462500095367432,,,,,,,,
mpu,,,,,,,,,1066033733,3278,32767,-32768,1066033733,-585,-120,388
adc,1066011250,0.4397500157356262,1066020295,-0.35362502932548523,1066029329,0.35337501764297485,1066038718,0.9950000643730164,,,,,,,,
mpu,,,,,,,,,1066133734,4,25392,-32768,1066133734,-2379,200,1257
adc,1066111263,-0.24250000715255737,1066120303,-0.28824999928474426,1066129341,-0.004000000189989805,1066138763,0.17887501418590546,,,,,,,,
mpu,,,,,,,,,1066233730,2974,17038,-27916,1066233730,-2445,-10,1323
adc,1066211264,0.3292500078678131,1066220300,-0.25037500262260437,1066229334,-0.004000000189989805,1066238770,0.1876250058412552,,,,,,,,
mpu,,,,,,,,,1066333729,108,8202,-25060,1066333729,-1265,-213,831
adc,1066311254,0.4025000333786011,1066320283,-0.2692500054836273,1066329319,-0.003750000149011612,1066338368,0.2788750231266022,,,,,,,,
mpu,,,,,,,,,1066433732,74,708,-30930,1066433732,402,-114,-264
adc,1066411253,0.8858750462532043,1066420294,-0.25312501192092896,1066429323,0.002250000135973096,1066438737,0.46812501549720764,,,,,,,,
mpu,,,,,,,,,1066533727,2038,-4008,-32768,1066533727,1546,-28,-1147
adc,1066511260,1.2413750886917114,1066520300,-0.19887501001358032,1066529331,0.07700000703334808,1066538813,0.7016250491142273,,,,,,,,
mpu,,,,,,,,,1066633730,8726,7652,-24914,1066633730,1814,312,-1210
adc,1066611259,0.9148750305175781,1066620296,0.024625001475214958,1066629330,0.8835000395774841,1066638733,1.2755000591278076,,,,,,,,
mpu,,,,,,,,,1066733724,6660,20990,-23460,1066733724,1645,341,-803
adc,1066711262,0.8637500405311584,1066720306,0.03687500208616257,1066729343,1.22475004196167,1066738728,1.3518750667572021,,,,,,,,
mpu,,,,,,,,,1066833730,6596,31854,-32768,1066833730,1035,-411,-346
adc,1066811251,1.1273750066757202,1066820288,-0.015375000424683094,1066829322,1.2421250343322754,1066838708,1.2472500801086426,,,,,,,,
mpu,,,,,,,,,1066933733,5452,32767,-32768,1066933733,-689,-68,492
adc,1066911262,0.17012500762939453,1066920297,-0.2822500169277191,1066929335,0.44837501645088196,1066938740,0.8686250448226929,,,,,,,,
mpu,,,,,,,,,1067033738,3072,26138,-32128,1067033738,-2388,216,1351
adc,1067011274,0.12650001049041748,1067020310,-0.2861250042915344,1067029347,0.004124999977648258,1067038732,0.42137500643730164,,,,,,,,
mpu,,,,,,,,,1067133733,2860,15116,-27962,1067133733,-2224,203,1333
adc,1067111262,0.28862500190734863,1067120302,-0.22575001418590546,1067129338,-0.005125000141561031,1067138764,0.2906250059604645,,,,,,,,
mpu,,,,,,,,,1067233726,2096,8820,-28772,1067233726,-1082,-78,664
adc,1067211263,0.5941250324249268,1067220297,-0.2407500147819519,1067229334,0.001500000013038516,1067238763,0.47062501311302185,,,,,,,,
mpu,,,,,,,,,1067333735,890,-1534,-31372,1067333735,565,-154,-328
adc,1067311261,0.7070000171661377,1067320299,-0.05700000375509262,1067329332,-0.0012500000884756446,1067338419,0.3556250035762787,,,,,,,,
mpu,,,,,,,,,1067433731,2508,-4360,-29684,1067433731,1682,-81,-1250
adc,1067411256,1.255000114440918,1067420294,0.36112502217292786,1067429328,0.37562501430511475,1067438316,0.8170000314712524,,,,,,,,
mpu,,,,,,,,,1067533733,8032,10840,-17456,1067533733,1792,413,-1164
adc,1067511256,0.8146250247955322,1067520290,-0.1821250021457672,1067529327,1.0876250267028809,1067538814,1.4601250886917114,,,,,,,,
mpu,,,,,,,,,1067633730,4292,24152,-22906,1067633730,1725,174,-716
adc,1067611262,0.4163750112056732,1067620302,-0.04775000363588333,1067629332,1.408250093460083,1067638786,1.5152500867843628,,,,,,,,
mpu,,,,,,,,,1067733735,3220,32767,-30890,1067733735,786,-509,-293
adc,1067711252,0.8262500166893005,1067720287,-0.09287500381469727,1067729323,1.386625051498413,1067738813,1.3813750743865967,,,,,,,,
mpu,,,,,,,,,1067833732,3358,32767,-32768,1067833732,-1038,-69,651
adc,1067811249,0.019375000149011612,1067820286,-0.28987500071525574,1067829321,0.47725000977516174,1067838736,0.8681250214576721,,,,,,,,
mpu,,,,,,,,,1067933736,2538,24640,-31500,1067933736,-2603,290,1486
adc,1067911255,0.3675000071525574,1067920287,-0.18950000405311584,1067929316,0.061500001698732376,1067938728,0.46912503242492676,,,,,,,,
mpu,,,,,,,,,1068033726,2784,13604,-29170,1068033726,-2115,266,1254
adc,1068011248,0.5368750095367432,1068020287,-0.18187500536441803,1068029318,-0.004750000312924385,1068038760,0.3215000033378601,,,,,,,,
mpu,,,,,,,,,1068133727,2116,4928,-27432,1068133727,-722,-20,475
adc,1068111261,0.4531250298023224,1068120302,-0.15575000643730164,1068129337,0.014000000432133675,1068138775,0.37700000405311584,,,,,,,,
mpu,,,,,,,,,1068233732,1184,-1768,-31984,1068233732,871,-301,-503
adc,1068211261,0.6960000395774841,1068220297,-0.12737500667572021,1068229329,0.0005000000237487257,1068238806,0.4502500295639038,,,,,,,,
mpu,,,,,,,,,1068333722,7496,-4778,-32768,1068333722,1704,-165,-1395
adc,1068311253,0.9663750529289246,1068320299,0.3425000309944153,1068329332,0.577750027179718,1068338782,0.9700000286102295,,,,,,,,
mpu,,,,,,,,,1068433728,7774,14772,-19022,1068433728,1797,581,-1092
adc,1068411262,0.4321250319480896,1068420298,-0.13075000047683716,1068429333,1.192750096321106,1068438818,1.4538750648498535,,,,,,,,
mpu,,,,,,,,,1068533733,5916,30224,-21736,1068533733,1625,35,-683
adc,1068511258,0.4697500169277191,1068520295,0.12862500548362732,1068529328,1.3571250438690186,1068538826,1.4331250190734863,,,,,,,,
mpu,,,,,,,,,1068633730,-2060,32678,-29862,1068633730,489,-433,-122
adc,1068611262,0.49250003695487976,1068620303,-0.08787500113248825,1068629336,1.255750060081482,1068638761,1.2947500944137573,,,,,,,,
mpu,,,,,,,,,1068733731,1604,32666,-32768,1068733731,-1502,8,852
adc,1068711269,-0.04125000163912773,1068720302,-0.20462501049041748,1068729338,0.3628750145435333,1068738767,0.73375004529953,,,,,,,,
mpu,,,,,,,,,1068833731,2772,23948,-31450,1068833731,-2605,252,1529
adc,1068811254,0.1602500081062317,1068820282,-0.18662500381469727,1068829313,0.032625000923871994,1068838334,0.4722500145435333,,,,,,,,
mpu,,,,,,,,,1068933734,4426,11032,-29770,1068933734,-1928,172,1137
adc,1068911259,0.37062501907348633,1068920300,-0.11375000327825546,1068929338,-0.0006250000442378223,1068938540,0.29250001907348633,,,,,,,,
mpu,,,,,,,,,1069033732,942,3688,-29416,1069033732,-356,-44,265
adc,1069011260,0.5427500009536743,1069020293,-0.132750004529953,1069029330,-0.0038750001695007086,1069038406,0.40962502360343933,,,,,,,,
mpu,,,,,,,,,1069133730,-4068,-4242,-32768,1069133730,1138,-303,-852
adc,1069111254,0.9188750386238098,1069120289,-0.048750001937150955,1069129321,-0.005875000264495611,1069138575,0.4280000329017639,,,,,,,,
mpu,,,,,,,,,1069233724,1628,36,-29022,1069233724,1757,79,-1500
adc,1069211246,1.121749997138977,1069220277,0.7878750562667847,1069229313,0.6646250486373901,1069238303,1.055999994277954,,,,,,,,
mpu,,,,,,,,,1069333735,4984,12534,-19392,1069333735,1770,473,-946
adc,1069311258,0.6598750352859497,1069320302,-0.00812500063329935,1069329342,1.1720000505447388,1069338324,1.4146250486373901,,,,,,,,
mpu,,,,,,,,,1069433731,3552,31192,-28494,1069433731,1508,-180,-485
adc,1069411254,0.8950000405311584,1069420293,0.1525000035762787,1069429327,1.3538750410079956,1069438413,1.4038751125335693,,,,,,,,
mpu,,,,,,,,,1069533733,586,32148,-32768,1069533733,-3,-309,152
adc,1069511269,0.24275001883506775,1069520308,-0.008500000461935997,1069529345,0.9931250214576721,1069538530,1.1880000829696655,,,,,,,,
mpu,,,,,,,,,1069633727,-1062,26766,-32768,1069633727,-2112,120,1158
adc,1069611256,-0.31687501072883606,1069620297,-0.13300000131130219,1069629336,0.14550000429153442,1069638554,0.6155000329017639,,,,,,,,
mpu,,,,,,,,,1069733732,2732,19074,-28348,1069733732,-2540,278,1448
adc,1069711259,0.3097500205039978,1069720304,-0.09025000780820847,1069729337,0.030250001698732376,1069738560,0.4930000305175781,,,,,,,,
mpu,,,,,,,,,1069833733,1710,9780,-26474,1069833733,-1518,102,925
adc,1069811251,0.20362500846385956,1069820287,-0.03475000336766243,1069829316,-0.001125000067986548,1069838385,0.3372500240802765,,,,,,,,
mpu,,,,,,,,,1069933728,2858,-106,-31490,1069933728,209,-235,-1
adc,1069911257,0.39775002002716064,1069920296,0.026875000447034836,1069929325,-0.005875000264495611,1069938476,0.3267500102519989,,,,,,,,
mpu,,,,,,,,,1070033725,5550,-7294,-32768,1070033725,1507,-197,-1129
adc,1070011246,0.8258750438690186,1070020276,0.03725000098347664,1070029309,-0.005375000182539225,1070038307,0.5685000419616699,,,,,,,,
mpu,,,,,,,,,1070133732,6744,6814,-22024,1070133732,1811,330,-1326
adc,1070111252,0.6058750152587891,1070120287,0.7477500438690186,1070129317,0.827250063419342,1070138627,1.1443750858306885,,,,,,,,
mpu,,,,,,,,,1070233737,11818,20758,-17506,1070233737,1658,339,-810
adc,1070211264,0.17750000953674316,1070220303,0.4596250355243683,1070229341,1.155500054359436,1070238328,1.4016250371932983,,,,,,,,
mpu,,,,,,,,,1070333724,3660,31286,-29314,1070333724,1034,-389,-322
adc,1070311257,0.6105000376701355,1070320292,0.05100000277161598,1070329324,1.3162500858306885,1070338791,1.3561251163482666,,,,,,,,
mpu,,,,,,,,,1070433727,2506,32767,-32768,1070433727,-610,-174,453
adc,1070411263,0.2460000067949295,1070420302,-0.07750000059604645,1070429334,0.8031250238418579,1070438523,1.118499994277954,,,,,,,,
mpu,,,,,,,,,1070533732,-930,25820,-32576,1070533732,-2412,253,1314
adc,1070511256,-0.05937500298023224,1070520289,-0.041875001043081284,1070529324,0.24512501060962677,1070538663,0.6695000529289246,,,,,,,,
mpu,,,,,,,,,1070633730,3252,17274,-28424,1070633730,-2298,195,1343
adc,1070611255,0.1926250159740448,1070620292,-0.01100000087171793,1070629326,0.013625000603497028,1070638819,0.36637502908706665,,,,,,,,
mpu,,,,,,,,,1070733730,2506,6666,-27796,1070733730,-1048,45,698
adc,1070711250,0.32100000977516174,1070720283,-0.015375000424683094,1070729321,-0.005125000141561031,1070738302,0.34150001406669617,,,,,,,,
mpu,,,,,,,,,1070833728,452,124,-32114,1070833728,637,-232,-299
adc,1070811256,0.3375000059604645,1070820291,0.14237500727176666,1070829327,-0.005250000394880772,1070838805,0.34312501549720764,,,,,,,,
mpu,,,,,,,,,1070933730,2932,-6874,-32768,1070933730,1658,-144,-1273
adc,1070911259,0.8521250486373901,1070920296,0.21925000846385956,1070929333,0.009750000201165676,1070938344,0.6183750033378601,,,,,,,,
mpu,,,,,,,,,1071033726,7152,9342,-21126,1071033726,1751,392,-1197
adc,1071011255,0.3687500059604645,1071020292,0.8703750371932983,1071029324,0.9488750696182251,1071038364,1.3012501001358032,,,,,,,,
mpu,,,,,,,,,1071133732,6082,23920,-20050,1071133732,1633,267,-724
adc,1071111252,0.2097500115633011,1071120292,0.4493750333786011,1071129332,1.352500081062317,1071138372,1.5202500820159912,,,,,,,,
mpu,,,,,,,,,1071233733,3388,31214,-32768,1071233733,848,-376,-219
adc,1071211240,0.44337502121925354,1071220273,0.22462500631809235,1071229308,1.327125072479248,1071238333,1.3753750324249268,,,,,,,,
mpu,,,,,,,,,1071333730,2468,31944,-32768,1071333730,-1035,-128,631
adc,1071311249,0.05687500163912773,1071320280,-0.05400000140070915,1071329316,0.6081250309944153,1071338323,1.0777500867843628,,,,,,,,
mpu,,,,,,,,,1071433738,2002,25820,-30730,1071433738,-2600,228,1364
adc,1071411247,0.10375000536441803,1071420285,0.078125,1071429318,0.17650000751018524,1071438402,0.6255000233650208,,,,,,,,
mpu,,,,,,,,,1071533731,1586,14178,-27528,1071533731,-2216,211,1184
adc,1071511249,0.27387502789497375,1071520282,-0.011625000275671482,1071529315,0.030625000596046448,1071538550,0.3205000162124634,,,,,,,,
mpu,,,,,,,,,1071633736,240,3670,-27318,1071633736,-703,-45,461
adc,1071611245,0.25862500071525574,1071620286,0.05287500098347664,1071629320,-0.005000000353902578,1071638796,0.33150002360343933,,,,,,,,
mpu,,,,,,,,,1071733734,490,-1850,-32768,1071733734,962,-371,-478
adc,1071711270,0.33925002813339233,1071720309,0.1667500138282776,1071729344,-0.006000000052154064,1071738320,0.3281250298023224,,,,,,,,
mpu,,,,,,,,,1071833727,3974,-2682,-27066,1071833727,1734,-92,-1284
adc,1071811251,0.6005000472068787,1071820286,0.42087501287460327,1071829319,0.0416250005364418,1071838348,0.6936250329017639,,,,,,,,
mpu,,,,,,,,,1071933728,3990,11486,-23104,1071933728,1724,485,-1111
adc,1071911257,0.39787501096725464,1071920298,0.44700002670288086,1071929337,0.9687500596046448,1071938814,1.3803750276565552,,,,,,,,
mpu,,,,,,,,,1072033732,6048,27644,-22840,1072033732,1576,109,-610
adc,1072011243,1.0290000438690186,1072020285,0.5361250042915344,1072029326,1.3592500686645508,1072038310,1.5175000429153442,,,,,,,,
mpu,,,,,,,,,1072133727,1726,31558,-32768,1072133727,470,-480,-74
adc,1072111256,0.06837500631809235,1072120296,0.32500001788139343,1072129329,1.1943750381469727,1072138402,1.339500069618225,,,,,,,,
mpu,,,,,,,,,1072233726,-1308,32524,-32768,1072233726,-1679,-241,859
adc,1072211243,-0.46137502789497375,1072220275,0.0586250014603138,1072229309,0.05637500435113907,1072238328,0.2997500002384186,,,,,,,,
mpu,,,,,,,,,1072333732,7030,23774,-27330,1072333732,-2798,-200,1613
adc,1072311248,0.14112500846385956,1072320286,0.19500000774860382,1072329322,-0.0042500002309679985,1072338382,0.22625000774860382,,,,,,,,
mpu,,,,,,,,,1072433732,-2284,10156,-31742,1072433732,-2132,193,1762
adc,1072411270,0.3265000283718109,1072420307,0.08450000733137131,1072429343,0.2541249990463257,1072438546,0.3798750042915344,,,,,,,,
mpu,,,,,,,,,1072533736,1082,2838,-27212,1072533736,-135,291,394
adc,1072511259,0.4520000219345093,1072520305,0.17162500321865082,1072529341,0.140500009059906,1072538526,0.47562500834465027,,,,,,,,
mpu,,,,,,,,,1072633729,684,-2888,-32768,1072633729,1069,-461,-782
adc,1072611254,1.0896250009536743,1072620287,0.12300000339746475,1072629321,0.08787500113248825,1072638525,0.6876250505447388,,,,,,,,
mpu,,,,,,,,,1072733729,6266,2226,-23196,1072733729,1952,114,-1571
adc,1072711255,0.9188750386238098,1072720286,-0.19862501323223114,1072729318,0.7358750104904175,1072738372,1.1503750085830688,,,,,,,,
mpu,,,,,,,,,1072833727,9298,14104,-21670,1072833727,1691,356,-1117
adc,1072811257,-0.36100003123283386,1072820293,0.04075000062584877,1072829329,1.2543751001358032,1072838782,1.4221251010894775,,,,,,,,
mpu,,,,,,,,,1072933736,11030,27628,-24068,1072933736,1388,-131,-638
adc,1072911261,0.7300000190734863,1072920302,0.7882500290870667,1072929340,1.414500117301941,1072938341,1.3985000848770142,,,,,,,,
mpu,,,,,,,,,1073033731,678,32767,-31336,1073033731,163,-286,79
adc,1073011256,0.4323750138282776,1073020291,0.8002500534057617,1073029329,1.0536251068115234,1073038308,1.2307500839233398,,,,,,,,
mpu,,,,,,,,,1073133733,4106,29734,-30258,1073133733,-1741,65,987
adc,1073111261,-0.4596250355243683,1073120296,0.6150000095367432,1073129337,0.0663750022649765,1073138345,0.47075003385543823,,,,,,,,
mpu,,,,,,,,,1073233733,7840,19774,-32534,1073233733,-2455,52,1390
adc,1073211249,-0.4385000169277191,1073220285,0.2981250286102295,1073229317,0.009750000201165676,1073238798,0.2722500264644623,,,,,,,,
mpu,,,,,,,,,1073333732,3292,11638,-26040,1073333732,-1686,48,1040
adc,1073311257,-0.054875001311302185,1073320289,0.2665000259876251,1073329322,0.014000000432133675,1073338602,0.3321250081062317,,,,,,,,
mpu,,,,,,,,,1073433731,3308,1260,-29490,1073433731,-112,57,167
adc,1073411264,-0.2562500238418579,1073420292,0.1926250159740448,1073429328,-0.0042500002309679985,1073438312,0.3332500159740448,,,,,,,,
mpu,,,,,,,,,1073533732,-1182,-5624,-32526,1073533732,1432,-78,-917
adc,1073511259,0.940375030040741,1073520298,0.16212500631809235,1073529331,0.000750000006519258,1073538421,0.49125003814697266,,,,,,,,
mpu,,,,,,,,,1073633733,36,870,-27100,1073633733,1931,419,-1245
adc,1073611257,1.3542500734329224,1073620296,0.3213750123977661,1073629333,0.5697500109672546,1073638314,1.1796250343322754,,,,,,,,
mpu,,,,,,,,,1073733731,9444,15002,-19722,1073733731,1677,221,-909
adc,1073711266,-0.28600001335144043,1073720305,0.31725001335144043,1073729342,1.161500096321106,1073738802,1.3543750047683716,,,,,,,,
mpu,,,,,,,,,1073833726,4812,32352,-28806,1073833726,1349,-305,-605
adc,1073811255,0.5301250219345093,1073820295,0.6610000133514404,1073829324,1.390375018119812,1073838323,1.4471250772476196,,,,,,,,
mpu,,,,,,,,,1073933735,1240,30216,-32768,1073933735,-76,-251,195
adc,1073911255,0.028750000521540642,1073920289,0.49375003576278687,1073929319,0.8388750553131104,1073938322,1.0898751020431519,,,,,,,,
mpu,,,,,,,,,1074033730,-1896,25308,-31888,1074033730,-2089,70,1161
adc,1074011261,-0.3465000092983246,1074020307,0.25950002670288086,1074029340,0.08425000309944153,1074038350,0.4818750321865082,,,,,,,,
mpu,,,,,,,,,1074133733,3876,19028,-28668,1074133733,-2417,70,1439
adc,1074111255,0.011500000953674316,1074120295,0.06612500548362732,1074129326,0.061125002801418304,1074138641,0.4896250367164612,,,,,,,,
mpu,,,,,,,,,1074233729,1400,10286,-28224,1074233729,-1518,128,933
adc,1074211252,-0.09162500500679016,1074220291,0.23275001347064972,1074229321,0.1041250079870224,1074238411,0.4672500193119049,,,,,,,,
mpu,,,,,,,,,1074333725,1840,-648,-29704,1074333725,153,-93,4
adc,1074311251,-0.0162500012665987,1074320289,0.30412501096725464,1074329321,0.02787500061094761,1074338802,0.43550002574920654,,,,,,,,
mpu,,,,,,,,,1074433726,286,-4828,-30182,1074433726,1476,-154,-1038
adc,1074411261,0.6981250047683716,1074420303,0.3758750259876251,1074429337,0.012250000610947609,1074438559,0.5767500400543213,,,,,,,,
mpu,,,,,,,,,1074533731,9038,4750,-23490,1074533731,1818,237,-1324
adc,1074511262,0.5647500157356262,1074520301,0.5509999990463257,1074529335,0.6695000529289246,1074538527,1.3065000772476196,,,,,,,,
mpu,,,,,,,,,1074633732,11872,19464,-17546,1074633732,1677,315,-907
adc,1074611272,-0.3348750174045563,1074620310,0.6396250128746033,1074629343,1.289750099182129,1074638552,1.4886250495910645,,,,,,,,
mpu,,,,,,,,,1074733731,3916,32767,-30824,1074733731,1101,-489,-447
adc,1074711257,0.10337500274181366,1074720295,0.7175000309944153,1074729326,1.4006251096725464,1074738374,1.2505000829696655,,,,,,,,
mpu,,,,,,,,,1074833736,1832,32230,-32768,1074833736,-504,-166,441
adc,1074811251,0.3996250331401825,1074820290,0.5446250438690186,1074829324,0.6537500023841858,1074838384,0.6810000538825989,,,,,,,,
mpu,,,,,,,,,1074933734,-66,24754,-32768,1074933734,-2301,51,1299
adc,1074911255,-0.44837501645088196,1074920286,0.20875000953674316,1074929321,0.07775000482797623,1074938415,0.3852500319480896,,,,,,,,
mpu,,,,,,,,,1075033729,2904,17484,-27964,1075033729,-2322,128,1354
adc,1075011268,-0.3603750169277191,1075020303,0.34150001406669617,1075029337,0.02837500162422657,1075038826,0.28687500953674316,,,,,,,,
mpu,,,,,,,,,1075133731,3400,7724,-26598,1075133731,-1212,70,733
adc,1075111253,-0.15312500298023224,1075120289,0.2760000228881836,1075129323,0.033625002950429916,1075138550,0.3540000021457672,,,,,,,,
mpu,,,,,,,,,1075233733,1004,838,-30012,1075233733,510,-10,-140
adc,1075211257,-0.052000001072883606,1075220294,0.38475000858306885,1075229333,-0.002250000135973096,1075238317,0.3240000009536743,,,,,,,,
mpu,,,,,,,,,1075333732,3880,-6140,-32768,1075333732,1651,-147,-1151
adc,1075311254,0.6648750305175781,1075320293,0.4633750319480896,1075329327,-0.003000000026077032,1075338824,0.49387502670288086,,,,,,,,
mpu,,,,,,,,,1075433729,5714,8750,-22036,1075433729,1854,381,-1204
adc,1075411249,0.13750000298023224,1075420287,0.7010000348091125,1075429321,0.6528750061988831,1075438409,1.189500093460083,,,,,,,,
mpu,,,,,,,,,1075533733,9764,20226,-20444,1075533733,1630,287,-699
adc,1075511257,-0.2772500216960907,1075520290,0.6563750505447388,1075529320,1.1501250267028809,1075538328,1.4267500638961792,,,,,,,,
mpu,,,,,,,,,1075633738,3116,31604,-28868,1075633738,844,-518,-369
adc,1075611259,0.02200000174343586,1075620301,0.706125020980835,1075629329,1.2283750772476196,1075638312,1.112625002861023,,,,,,,,
mpu,,,,,,,,,1075733728,2154,32767,-32768,1075733728,-879,-120,561
adc,1075711264,-0.2706250250339508,1075720304,0.43287500739097595,1075729337,0.5313750505447388,1075738804,0.8005000352859497,,,,,,,,
mpu,,,,,,,,,1075833732,2556,24600,-31342,1075833732,-2446,98,1409
adc,1075811257,-0.3700000047683716,1075820289,0.3070000112056732,1075829321,0.17987500131130219,1075838389,0.5556250214576721,,,,,,,,
mpu,,,,,,,,,1075933729,3106,16512,-27674,1075933729,-2226,139,1278
adc,1075911263,-0.20900000631809235,1075920299,0.35600000619888306,1075929337,0.09200000762939453,1075938826,0.36112502217292786,,,,,,,,
mpu,,,,,,,,,1076033726,3280,3724,-26536,1076033726,-869,81,518
adc,1076011257,-0.2581250071525574,1076020297,0.28312501311302185,1076029334,-0.001125000067986548,1076038546,0.36137500405311584,,,,,,,,
mpu,,,,,,,,,1076133727,592,-102,-32768,1076133727,840,-150,-403
adc,1076111261,-0.0846250057220459,1076120298,0.4346250295639038,1076129331,0.0042500002309679985,1076138341,0.34562501311302185,,,,,,,,
mpu,,,,,,,,,1076233729,5904,-4016,-29730,1076233729,1728,-72,-1387
adc,1076211249,0.6575000286102295,1076220285,0.5380000472068787,1076229327,0.187375009059906,1076238375,0.6976250410079956,,,,,,,,
mpu,,,,,,,,,1076333733,6122,11082,-20198,1076333733,1781,501,-1126
adc,1076311256,0.03212499991059303,1076320291,0.7413750290870667,1076329326,0.9782500267028809,1076338564,1.2746250629425049,,,,,,,,
mpu,,,,,,,,,1076433729,5376,27772,-21044,1076433729,1579,132,-636
adc,1076411250,-0.23225000500679016,1076420287,0.7863750457763672,1076429320,1.3205000162124634,1076438523,1.4656250476837158,,,,,,,,
mpu,,,,,,,,,1076533729,1288,32767,-32768,1076533729,529,-496,-102
adc,1076511258,0.19050000607967377,1076520300,0.7241250276565552,1076529333,1.2948750257492065,1076538575,1.2246251106262207,,,,,,,,
mpu,,,,,,,,,1076633733,-2386,30648,-32426,1076633733,-1384,-23,807
adc,1076611248,-0.4363750219345093,1076620290,0.3318750262260437,1076629327,0.4688750207424164,1076638541,0.6850000619888306,,,,,,,,
mpu,,,,,,,,,1076733732,4216,22564,-29828,1076733732,-2556,190,1447
adc,1076711251,-0.37162500619888306,1076720290,0.44225001335144043,1076729323,0.03125,1076738339,0.3472500145435333,,,,,,,,
mpu,,,,,,,,,1076833728,2162,13002,-25928,1076833728,-1949,201,1144
adc,1076811246,-0.30400002002716064,1076820281,0.382500022649765,1076829319,0.01862500049173832,1076838651,0.2927500009536743,,,,,,,,
mpu,,,,,,,,,1076933733,1632,4064,-27748,1076933733,-456,-58,418
adc,1076911255,-0.22987501323223114,1076920286,0.47687503695487976,1076929317,-0.0020000000949949026,1076938558,0.3758750259876251,,,,,,,,
mpu,,,,,,,,,1077033730,332,-3744,-32768,1077033730,1055,-255,-605
adc,1077011257,-0.19212500751018524,1077020295,0.5190000534057617,1077029329,-0.0013750001089647412,1077038406,0.34550002217292786,,,,,,,,
mpu,,,,,,,,,1077133723,1574,1186,-30094,1077133723,1712,24,-1363
adc,1077111254,0.5928750038146973,1077120287,0.7252500057220459,1077129320,0.49037501215934753,1077138309,0.815125048160553,,,,,,,,
mpu,,,,,,,,,1077233728,9690,9132,-19028,1077233728,1659,455,-1022
adc,1077211256,0.019500000402331352,1077220290,0.9178750514984131,1077229326,0.9138750433921814,1077238314,1.1828750371932983,,,,,,,,
mpu,,,,,,,,,1077333731,3042,29486,-27018,1077333731,1400,-48,-597
adc,1077311244,0.12987500429153442,1077320285,0.8727500438690186,1077329319,1.3358750343322754,1077338416,1.3463751077651978,,,,,,,,
mpu,,,,,,,,,1077433728,870,31830,-32684,1077433728,288,-413,-16
adc,1077411258,0.38100001215934753,1077420294,0.8061250448226929,1077429323,1.1351250410079956,1077438334,1.0796250104904175,,,,,,,,
mpu,,,,,,,,,1077533730,-806,28718,-32768,1077533730,-1616,30,954
adc,1077511252,-0.4271250069141388,1077520291,0.5068750381469727,1077529329,0.06200000271201134,1077538528,0.5611250400543213,,,,,,,,
mpu,,,,,,,,,1077633729,2228,22532,-25910,1077633729,-2404,284,1460
adc,1077611248,-0.4541250169277191,1077620288,0.6217500567436218,1077629325,-0.010375000536441803,1077638795,0.1886250078678131,,,,,,,,
mpu,,,,,,,,,1077733727,5110,9930,-28002,1077733727,-1880,-88,1236
adc,1077711256,-0.42487502098083496,1077720291,0.7392500638961792,1077729328,-0.0031250000465661287,1077738804,0.27537500858306885,,,,,,,,
mpu,,,,,,,,,1077833729,3460,6168,-27746,1077833729,-244,-15,320
adc,1077811255,0.10362500697374344,1077820295,0.41200003027915955,1077829333,0.0403750017285347,1077838808,0.4100000262260437,,,,,,,,
mpu,,,,,,,,,1077933732,-756,-4204,-32768,1077933732,1159,-185,-767
adc,1077911253,-0.22325001657009125,1077920293,0.41350001096725464,1077929324,0.020500000566244125,1077938322,0.413625031709671,,,,,,,,
mpu,,,,,,,,,1078033730,6458,164,-24924,1078033730,1766,-86,-1460
adc,1078011249,0.8567500114440918,1078020290,1.042875051498413,1078029325,0.4350000321865082,1078038316,0.8287500143051147,,,,,,,,
mpu,,,,,,,,,1078133732,6472,13700,-19540,1078133732,1614,541,-1049
adc,1078111256,0.3190000057220459,1078120298,0.7920000553131104,1078129340,1.0648750066757202,1078138332,1.3098750114440918,,,,,,,,
mpu,,,,,,,,,1078233732,3840,32672,-25268,1078233732,1364,-41,-629
adc,1078211250,-0.2433750182390213,1078220284,1.061750054359436,1078229316,1.3887500762939453,1078238313,1.3482500314712524,,,,,,,,
mpu,,,,,,,,,1078333731,2856,30826,-30250,1078333731,4,-462,166
adc,1078311251,-0.23512500524520874,1078320279,0.8800000548362732,1078329315,1.0787500143051147,1078338296,1.0160000324249268,,,,,,,,
mpu,,,,,,,,,1078433725,1948,27886,-31962,1078433725,-1742,119,1084
adc,1078411263,-0.44575002789497375,1078420300,0.37412500381469727,1078429336,0.03825000301003456,1078438825,0.4552500247955322,,,,,,,,
mpu,,,,,,,,,1078533727,3366,20452,-30288,1078533727,-2266,211,1404
adc,1078511259,-0.3997500240802765,1078520289,0.6316250562667847,1078529323,0.02225000038743019,1078538315,0.3317500054836273,,,,,,,,
mpu,,,,,,,,,1078633724,3442,12066,-26200,1078633724,-1609,18,1025
adc,1078611259,-0.3060000240802765,1078620298,0.4907500147819519,1078629332,0.014250000938773155,1078638825,0.3113750219345093,,,,,,,,
mpu,,,,,,,,,1078733725,3456,1028,-29606,1078733725,-87,-104,142
adc,1078711263,-0.234250009059906,1078720298,0.5681250095367432,1078729332,0.004124999977648258,1078738816,0.3763750195503235,,,,,,,,
mpu,,,,,,,,,1078833731,-3036,-3976,-31208,1078833731,1225,-28,-885
adc,1078811251,-0.007750000339001417,1078820291,0.6462500095367432,1078829326,-0.0005000000237487257,1078838592,0.3661250174045563,,,,,,,,
mpu,,,,,,,,,1078933730,5452,1376,-22980,1078933730,1761,25,-1411
adc,1078911262,0.44575002789497375,1078920291,1.0418750047683716,1078929329,0.3438750207424164,1078938315,0.8253750205039978,,,,,,,,
mpu,,,,,,,,,1079033734,8506,16660,-16634,1079033734,1591,499,-893
adc,1079011258,-0.0013750001089647412,1079020296,0.8881250619888306,1079029327,0.9641250371932983,1079038309,1.3312500715255737,,,,,,,,
mpu,,,,,,,,,1079133731,3432,29938,-25914,1079133731,1241,-141,-510
adc,1079111254,-0.33100003004074097,1079120289,1.0600000619888306,1079129323,1.2420001029968262,1079138352,1.248500108718872,,,,,,,,
mpu,,,,,,,,,1079233730,722,32106,-31124,1079233730,-96,-308,175
adc,1079211257,-0.09087500721216202,1079220298,0.9753750562667847,1079229335,0.8072500228881836,1079238337,0.921375036239624,,,,,,,,
mpu,,,,,,,,,1079333728,1178,27668,-32768,1079333728,-1846,65,1085
adc,1079311262,-0.43387502431869507,1079320296,0.22550001740455627,1079329330,-0.0043750000186264515,1079338808,0.37450000643730164,,,,,,,,
mpu,,,,,,,,,1079433734,1842,20258,-26834,1079433734,-2293,151,1310
adc,1079411263,-0.4152500331401825,1079420305,0.5878750085830688,1079429339,-0.002500000176951289,1079438330,0.1041250079870224,,,,,,,,
mpu,,,,,,,,,1079533730,1974,10016,-29904,1079533730,-1670,-182,1026
adc,1079511259,-0.1978750079870224,1079520294,0.4688750207424164,1079529330,-0.001500000013038516,1079538330,0.1861250102519989,,,,,,,,
mpu,,,,,,,,,1079633740,1778,2762,-30272,1079633740,-3,23,110
adc,1079611267,-0.17075000703334808,1079620310,0.5120000243186951,1079629345,-0.0016250000335276127,1079638800,0.29512500762939453,,,,,,,,
mpu,,,,,,,,,1079733728,-1582,-2986,-30380,1079733728,1240,-170,-929
adc,1079711261,0.24675001204013824,1079720297,0.5607500076293945,1079729329,0.009750000201165676,1079738398,0.4038750231266022,,,,,,,,
mpu,,,,,,,,,1079833733,5956,2292,-23264,1079833733,1782,166,-1316
adc,1079811252,0.35887500643730164,1079820296,1.0101250410079956,1079829331,0.4930000305175781,1079838794,0.968000054359436,,,,,,,,
mpu,,,,,,,,,1079933731,8426,13984,-17048,1079933731,1588,472,-958
adc,1079911258,-0.2408750057220459,1079920297,0.920875072479248,1079929331,1.1351250410079956,1079938385,1.4037500619888306,,,,,,,,
mpu,,,,,,,,,1080033726,4218,32072,-25294,1080033726,1301,-324,-606
adc,1080011256,0.37062501907348633,1080020294,1.2111250162124634,1080029328,1.4391250610351562,1080038822,1.3126250505447388,,,,,,,,
mpu,,,,,,,,,1080133732,-568,29492,-32768,1080133732,-58,-247,275
adc,1080111263,-0.3817500174045563,1080120300,1.0341250896453857,1080129335,0.8730000257492065,1080138540,0.968000054359436,,,,,,,,
mpu,,,,,,,,,1080233731,2084,26096,-31508,1080233731,-1890,98,1173
adc,1080211258,-0.4412500262260437,1080220296,0.846125066280365,1080229332,0.02237500064074993,1080238316,0.4815000295639038,,,,,,,,
mpu,,,,,,,,,1080333735,2626,20308,-26858,1080333735,-2286,332,1395
adc,1080311263,-0.398375004529953,1080320290,0.6041250228881836,1080329322,-0.001875000074505806,1080338369,0.21537500619888306,,,,,,,,
mpu,,,,,,,,,1080433731,2954,10300,-26752,1080433731,-1552,-18,971
adc,1080411250,-0.2722500264644623,1080420288,0.5616250038146973,1080429320,-0.000375000003259629,1080438350,0.2605000138282776,,,,,,,,
mpu,,,,,,,,,1080533728,2194,2622,-29530,1080533728,-18,-185,3
adc,1080511259,-0.2227500081062317,1080520300,0.5162500143051147,1080529332,0.005250000394880772,1080538517,0.34187501668930054,,,,,,,,
mpu,,,,,,,,,1080633732,-5006,-5474,-30004,1080633732,1331,30,-1011
adc,1080611269,0.2840000092983246,1080620305,0.5506250262260437,1080629341,0.0032500000670552254,1080638323,0.4518750309944153,,,,,,,,
mpu,,,,,,,,,1080733730,8688,3080,-26372,1080733730,1741,129,-1395
adc,1080711256,0.2756250202655792,1080720289,1.178375005722046,1080729323,0.7418750524520874,1080738791,1.0881251096725464,,,,,,,,
mpu,,,,,,,,,1080833727,8698,14514,-21432,1080833727,1677,419,-927
adc,1080811257,-0.3048750162124634,1080820299,1.0203750133514404,1080829333,1.3232500553131104,1080838535,1.396125078201294,,,,,,,,
mpu,,,,,,,,,1080933724,6546,30620,-26380,1080933724,1271,-426,-459
adc,1080911249,0.002250000135973096,1080920278,1.1828750371932983,1080929311,1.5095000267028809,1080938525,1.321000099182129,,,,,,,,
mpu,,,,,,,,,1081033739,-1548,32767,-32768,1081033739,-259,-160,368
adc,1081011247,-0.10325000435113907,1081020287,0.8850000500679016,1081029320,1.0200001001358032,1081038588,1.0711250305175781,,,,,,,,
mpu,,,,,,,,,1081133728,830,26648,-32768,1081133728,-2084,176,1282
adc,1081111253,-0.2813750207424164,1081120287,0.5523750185966492,1081129326,0.00937500037252903,1081138306,0.41737502813339233,,,,,,,,
mpu,,,,,,,,,1081233728,5190,19150,-29188,1081233728,-2253,254,1407
adc,1081211253,-0.40937501192092896,1081220293,0.6443750262260437,1081229327,-0.0032500000670552254,1081238361,0.048625003546476364,,,,,,,,
mpu,,,,,,,,,1081333733,4430,5968,-31392,1081333733,-1312,-157,1004
adc,1081311261,-0.3268750011920929,1081320305,0.6933750510215759,1081329338,-0.0005000000237487257,1081338324,0.10337500274181366,,,,,,,,
mpu,,,,,,,,,1081433730,4508,4250,-31554,1081433730,140,-71,-186
adc,1081411264,0.06662500649690628,1081420303,0.5866250395774841,1081429337,0.04937500134110451,1081438822,0.367000013589859,,,,,,,,
mpu,,,,,,,,,1081533728,-2114,-6934,-32768,1081533728,1306,-271,-1247
adc,1081511266,0.04650000110268593,1081520306,0.5425000190734863,1081529340,0.02500000037252903,1081538562,0.41475000977516174,,,,,,,,
mpu,,,,,,,,,1081633731,4864,6142,-26692,1081633731,1806,378,-1368
adc,1081611245,0.43137502670288086,1081620280,1.1800000667572021,1081629311,0.7708750367164612,1081638297,1.1588751077651978,,,,,,,,
mpu,,,,,,,,,1081733733,9868,20166,-22488,1081733733,1649,156,-800
adc,1081711252,-0.3465000092983246,1081720291,1.1782500743865967,1081729324,1.2730000019073486,1081738611,1.4428750276565552,,,,,,,,
mpu,,,,,,,,,1081833733,6362,29000,-29068,1081833733,1052,-493,-372
adc,1081811255,0.24762500822544098,1081820300,1.0256249904632568,1081829334,1.301875114440918,1081838331,1.2113749980926514,,,,,,,,
mpu,,,,,,,,,1081933729,-1868,32767,-32768,1081933729,-629,-73,565
adc,1081911261,-0.3450000286102295,1081920297,0.4648750126361847,1081929326,0.6888750195503235,1081938433,0.8445000648498535,,,,,,,,
mpu,,,,,,,,,1082033731,-6300,19926,-32768,1082033731,-2343,8,1416
adc,1082011263,-0.39537501335144043,1082020305,0.92125004529953,1082029340,0.07987500727176666,1082038351,0.5197499990463257,,,,,,,,
mpu,,,,,,,,,1082133732,5114,17774,-27302,1082133732,-2155,141,1374
adc,1082111256,-0.3711250126361847,1082120295,0.5681250095367432,1082129329,0.048250000923871994,1082138537,0.4348750114440918,,,,,,,,
mpu,,,,,,,,,1082233737,4750,6202,-28154,1082233737,-903,179,782
adc,1082211251,-0.30550000071525574,1082220295,0.581125020980835,1082229329,0.004124999977648258,1082238379,0.3543750047683716,,,,,,,,
mpu,,,,,,,,,1082333728,-1610,-764,-30856,1082333728,662,-15,-434
adc,1082311265,-0.32450002431869507,1082320299,0.6730000376701355,1082329336,0.001125000067986548,1082338564,0.2955000102519989,,,,,,,,
mpu,,,,,,,,,1082433732,4724,-5712,-32768,1082433732,1603,1,-1303
adc,1082411263,0.11687500774860382,1082420297,1.0197499990463257,1082429332,0.02550000138580799,1082438307,0.5043750405311584,,,,,,,,
mpu,,,,,,,,,1082533745,10332,10198,-20388,1082533745,1751,362,-1248
adc,1082511269,0.21137501299381256,1082520311,1.2478750944137573,1082529347,0.7507500648498535,1082538326,1.192500114440918,,,,,,,,
mpu,,,,,,,,,1082633738,3136,24294,-22450,1082633738,1558,258,-689
adc,1082611264,-0.2847500145435333,1082620308,1.198875069618225,1082629343,1.2042500972747803,1082638814,1.3995000123977661,,,,,,,,
mpu,,,,,,,,,1082733729,-2770,32767,-29022,1082733729,680,-381,-60
adc,1082711236,-0.1276250034570694,1082720275,0.9802500605583191,1082729310,1.1951251029968262,1082738516,1.167375087738037,,,,,,,,
mpu,,,,,,,,,1082833727,-418,32344,-32208,1082833727,-1208,-200,761
adc,1082811257,-0.39400002360343933,1082820294,0.0885000005364418,1082829326,0.3698750138282776,1082838809,0.6003750562667847,,,,,,,,
mpu,,,,,,,,,1082933730,5478,24292,-30826,1082933730,-2464,73,1464
adc,1082911261,-0.37175002694129944,1082920299,0.6175000071525574,1082929331,0.0010000000474974513,1082938323,0.30762502551078796,,,,,,,,
mpu,,,,,,,,,1083033735,10226,11646,-31274,1083033735,-2007,43,1201
adc,1083011268,-0.3711250126361847,1083020306,0.57750004529953,1083029337,0.001125000067986548,1083038827,0.124875009059906,,,,,,,,
mpu,,,,,,,,,1083133724,868,2252,-30538,1083133724,-521,216,538
adc,1083111252,-0.23975001275539398,1083120290,0.4752500355243683,1083129325,0.0012500000884756446,1083138327,0.2330000102519989,,,,,,,,
mpu,,,,,,,,,1083233731,790,-856,-32228,1083233731,1026,-54,-665
adc,1083211259,-0.0247500017285347,1083220298,0.6051250100135803,1083229332,0.003375000087544322,1083238313,0.3306250274181366,,,,,,,,
mpu,,,,,,,,,1083333737,2150,-4204,-32768,1083333737,1693,-159,-1467
adc,1083311270,0.3225000202655792,1083320312,0.7173750400543213,1083329345,0.010000000707805157,1083338563,0.5218750238418579,,,,,,,,
mpu,,,,,,,,,1083433727,5892,12680,-18332,1083433727,1688,522,-1084
adc,1083411245,0.19037501513957977,1083420281,1.175125002861023,1083429315,0.7831250429153442,1083438526,1.2157500982284546,,,,,,,,
mpu,,,,,,,,,1083533732,4434,31622,-23564,1083533732,1395,-85,-643
adc,1083511255,-0.19025000929832458,1083520288,1.1742500066757202,1083529319,1.2696250677108765,1083538417,1.3528751134872437,,,,,,,,
mpu,,,,,,,,,1083633732,942,30080,-32768,1083633732,199,-382,116
adc,1083611254,-0.2083750069141388,1083620295,0.9945000410079956,1083629323,1.0598750114440918,1083638555,0.9151250720024109,,,,,,,,
mpu,,,,,,,,,1083733722,506,28696,-30930,1083733722,-1637,-147,1080
adc,1083711260,-0.3643750250339508,1083720295,0.20737500488758087,1083729330,0.3752500116825104,1083738406,0.3863750100135803,,,,,,,,
mpu,,,,,,,,,1083833727,5446,19030,-27052,1083833727,-2161,252,1566
adc,1083811268,-0.3125,1083820300,0.6853750348091125,1083829339,0.002500000176951289,1083838817,0.17125001549720764,,,,,,,,
mpu,,,,,,,,,1083933729,2114,12252,-27678,1083933729,-1573,195,1095
adc,1083911260,-0.3061250150203705,1083920295,0.6211250424385071,1083929329,0.0038750001695007086,1083938406,0.18412500619888306,,,,,,,,
mpu,,,,,,,,,1084033730,2868,3734,-30910,1084033730,-211,-200,220
adc,1084011263,-0.27025002241134644,1084020309,0.6038750410079956,1084029344,0.0036250001285225153,1084038336,0.3072500228881836,,,,,,,,
mpu,,,,,,,,,1084133730,-1780,-3682,-30322,1084133730,1161,-54,-926
adc,1084111262,-0.22612501680850983,1084120301,0.7423750162124634,1084129334,0.004124999977648258,1084138548,0.265500009059906,,,,,,,,
mpu,,,,,,,,,1084233736,4578,-2276,-29664,1084233736,1669,129,-1444
adc,1084211270,0.4935000240802765,1084220307,1.0162500143051147,1084229340,0.0677500069141388,1084238623,0.6462500095367432,,,,,,,,
mpu,,,,,,,,,1084333733,8754,15110,-21636,1084333733,1561,432,-993
adc,1084311261,-0.171750009059906,1084320299,1.1256250143051147,1084329337,0.8786250352859497,1084338551,1.2067500352859497,,,,,,,,
mpu,,,,,,,,,1084433726,7566,29946,-28848,1084433726,1190,-258,-572
adc,1084411251,-0.27512502670288086,1084420293,1.0792500972747803,1084429331,1.1858750581741333,1084438576,1.2687500715255737,,,,,,,,
mpu,,,,,,,,,1084533729,-1924,31710,-32102,1084533729,-52,-229,264
adc,1084511260,0.3007500171661377,1084520299,0.9801250696182251,1084529332,1.1003750562667847,1084538627,0.9961250424385071,,,,,,,,
mpu,,,,,,,,,1084633735,3214,26866,-29682,1084633735,-1827,151,1129
adc,1084611263,-0.2990000247955322,1084620294,0.4426250159740448,1084629326,0.0027500002179294825,1084638317,0.31837502121925354,,,,,,,,
mpu,,,,,,,,,1084733730,1040,19632,-26934,1084733730,-2235,251,1447
adc,1084711248,-0.28200000524520874,1084720287,0.6808750033378601,1084729322,0.0032500000670552254,1084738299,0.15062500536441803,,,,,,,,
mpu,,,,,,,,,1084833732,4378,10898,-27094,1084833732,-1516,-20,986
adc,1084811246,-0.24412500858306885,1084820279,0.5922500491142273,1084829314,0.0042500002309679985,1084838785,0.20500001311302185,,,,,,,,
mpu,,,,,,,,,1084933732,3070,1784,-29404,1084933732,75,-201,-13
adc,1084911255,-0.17225000262260437,1084920284,0.6783750057220459,1084929323,0.004625000059604645,1084938803,0.2672500014305115,,,,,,,,
mpu,,,,,,,,,1085033732,-652,-3268,-29502,1085033732,1297,-19,-1072
adc,1085011256,-0.05125000327825546,1085020295,0.7487500309944153,1085029330,0.005375000182539225,1085038367,0.2756250202655792,,,,,,,,
mpu,,,,,,,,,1085133722,7712,1992,-26828,1085133722,1727,102,-1323
adc,1085111256,0.6096250414848328,1085120293,0.920875072479248,1085129326,0.1522500067949295,1085138317,0.7150000333786011,,,,,,,,
mpu,,,,,,,,,1085233725,7048,15756,-20336,1085233725,1497,373,-957
adc,1085211260,0.08250000327825546,1085220295,1.178125023841858,1085229330,0.9218750596046448,1085238803,1.2325000762939453,,,,,,,,
mpu,,,,,,,,,1085333727,2184,32732,-25906,1085333727,1195,-261,-535
adc,1085311255,0.16700001060962677,1085320293,1.1012500524520874,1085329323,1.2435001134872437,1085338545,1.258750081062317,,,,,,,,
mpu,,,,,,,,,1085433734,-1482,32767,-32768,1085433734,-215,-122,393
adc,1085411256,-0.1508750021457672,1085420287,0.9298750162124634,1085429319,0.7952500581741333,1085438424,0.7416250109672546,,,,,,,,
mpu,,,,,,,,,1085533730,8116,28420,-22402,1085533730,-2039,212,1192
adc,1085511252,-0.2510000169277191,1085520291,0.7328750491142273,1085529322,0.027125000953674316,1085538346,0.2942500114440918,,,,,,,,
mpu,,,,,,,,,1085633730,5196,23252,-31690,1085633730,-2262,55,1422
adc,1085611258,-0.3085000216960907,1085620296,0.5098749995231628,1085629329,0.14025001227855682,1085638311,0.40937501192092896,,,,,,,,
mpu,,,,,,,,,1085733727,4158,6924,-26900,1085733727,-1378,105,907
adc,1085711263,-0.21137501299381256,1085720309,0.5390000343322754,1085729340,0.005375000182539225,1085738808,0.22675001621246338,,,,,,,,
mpu,,,,,,,,,1085833728,2850,1228,-30144,1085833728,208,-169,-70
adc,1085811258,-0.09300000220537186,1085820292,0.6372500061988831,1085829329,0.005750000476837158,1085838814,0.28850001096725464,,,,,,,,
mpu,,,,,,,,,1085933736,-1756,-4826,-26174,1085933736,1344,-79,-1159
adc,1085911258,0.02862500213086605,1085920297,0.8802500367164612,1085929329,0.005625000223517418,1085938387,0.33137500286102295,,,,,,,,
mpu,,,,,,,,,1086033727,5270,6102,-21854,1086033727,1632,174,-1345
adc,1086011261,0.4931250214576721,1086020297,1.165000081062317,1086029334,0.4792500138282776,1086038818,0.8141250610351562,,,,,,,,
mpu,,,,,,,,,1086133732,10862,17106,-17864,1086133732,1536,370,-921
adc,1086111257,-0.07050000131130219,1086120292,0.7511250376701355,1086129326,1.1016250848770142,1086138329,1.2377500534057617,,,,,,,,
mpu,,,,,,,,,1086233729,5110,32424,-31734,1086233729,1181,-389,-434
adc,1086211265,0.921125054359436,1086220303,1.0460000038146973,1086229337,1.3642500638961792,1086238818,1.333875060081482,,,,,,,,
mpu,,,,,,,,,1086333737,-1728,32767,-32768,1086333737,-208,-97,367
adc,1086311257,0.2537500262260437,1086320283,0.8707500696182251,1086329319,0.9420000314712524,1086338811,1.0053750276565552,,,,,,,,
mpu,,,,,,,,,1086433736,-2932,24040,-32768,1086433736,-2055,313,1282
adc,1086411252,-0.16212500631809235,1086420287,0.24537500739097595,1086429324,0.033625002950429916,1086438312,0.46775001287460327,,,,,,,,
mpu,,,,,,,,,1086533730,2436,17854,-27316,1086533730,-2277,168,1370
adc,1086511252,-0.17475001513957977,1086520280,0.5590000152587891,1086529316,0.004875000100582838,1086538631,0.28824999928474426,,,,,,,,
mpu,,,,,,,,,1086633724,3138,9366,-27890,1086633724,-1381,-101,855
adc,1086611258,-0.22475001215934753,1086620285,0.5728750228881836,1086629321,0.005500000435858965,1086638777,0.3422500193119049,,,,,,,,
mpu,,,,,,,,,1086733727,2216,646,-31484,1086733727,243,-110,-170
adc,1086711247,-0.11075000464916229,1086720285,0.5086250305175781,1086729318,0.006375000346451998,1086738365,0.28812500834465027,,,,,,,,
mpu,,,,,,,,,1086833730,-514,-4330,-32768,1086833730,1367,17,-1276
adc,1086811254,0.3395000100135803,1086820293,0.7413750290870667,1086829329,0.006500000134110451,1086838822,0.4077500104904175,,,,,,,,
mpu,,,,,,,,,1086933721,4740,5972,-20222,1086933721,1655,205,-1307
adc,1086911247,0.702625036239624,1086920280,0.484125018119812,1086929323,0.6270000338554382,1086938797,1.01437509059906,,,,,,,,
mpu,,,,,,,,,1087033730,9196,16702,-18182,1087033730,1577,315,-705
adc,1087011252,0.11375000327825546,1087020286,0.9876250624656677,1087029324,1.1166250705718994,1087038388,1.439250111579895,,,,,,,,
mpu,,,,,,,,,1087133729,5996,32767,-30578,1087133729,1148,-292,-280
adc,1087111251,0.4112500250339508,1087120283,1.1202501058578491,1087129322,1.301875114440918,1087138407,1.2652500867843628,,,,,,,,
mpu,,,,,,,,,1087233725,-2888,32767,-31624,1087233725,-500,-136,442
adc,1087211257,0.4150000214576721,1087220293,0.6993750333786011,1087229326,0.7480000257492065,1087238309,0.7817500233650208,,,,,,,,
mpu,,,,,,,,,1087333738,4404,23290,-32768,1087333738,-2234,48,1332
adc,1087311269,-0.24425001442432404,1087320309,0.1938750147819519,1087329346,0.007500000298023224,1087338841,0.39500001072883606,,,,,,,,
mpu,,,,,,,,,1087433733,1400,17752,-27118,1087433733,-2146,327,1404
adc,1087411251,-0.10875000804662704,1087420282,0.5403750538825989,1087429314,0.023250000551342964,1087438541,0.2642500102519989,,,,,,,,
mpu,,,,,,,,,1087533733,4488,10600,-25570,1087533733,-1163,-97,795
adc,1087511262,-0.02237500064074993,1087520291,0.4921250343322754,1087529323,0.006500000134110451,1087538413,0.31562501192092896,,,,,,,,
mpu,,,,,,,,,1087633731,2796,-950,-31888,1087633731,583,-14,-269
adc,1087611261,-0.09487500786781311,1087620301,0.6338750123977661,1087629335,0.007250000257045031,1087638795,0.2345000058412552,,,,,,,,
mpu,,,,,,,,,1087733730,1840,-3952,-31668,1087733730,1515,-58,-1210
adc,1087711253,0.49537503719329834,1087720289,0.8506250381469727,1087729326,0.007750000339001417,1087738798,0.3267500102519989,,,,,,,,
mpu,,,,,,,,,1087833733,8168,7264,-22928,1087833733,1678,166,-1220
adc,1087811247,0.8375000357627869,1087820283,1.0435000658035278,1087829316,0.5426250100135803,1087838307,0.9140000343322754,,,,,,,,
mpu,,,,,,,,,1087933733,4878,19680,-21926,1087933733,1510,240,-875
adc,1087911264,-0.10650000721216202,1087920301,0.8506250381469727,1087929336,1.131250023841858,1087938815,1.284500002861023,,,,,,,,
mpu,,,,,,,,,1088033725,4218,31954,-32668,1088033725,879,-458,-306
adc,1088011255,0.671750009059906,1088020296,0.7881250381469727,1088029328,1.3385000228881836,1088038327,1.130750060081482,,,,,,,,
mpu,,,,,,,,,1088133731,5380,32767,-32768,1088133731,-699,-15,572
adc,1088111257,0.1417500078678131,1088120297,0.44225001335144043,1088129331,0.6015000343322754,1088138547,0.7845000624656677,,,,,,,,
mpu,,,,,,,,,1088233726,5380,24694,-29540,1088233726,-2285,267,1332
adc,1088211247,-0.18012501299381256,1088220281,-0.010500000789761543,1088229316,0.005625000223517418,1088238370,0.21687501668930054,,,,,,,,
mpu,,,,,,,,,1088333731,2474,17028,-28182,1088333731,-2159,233,1260
adc,1088311255,-0.19812500476837158,1088320291,0.5453750491142273,1088329327,0.0062500000931322575,1088338806,0.10625000298023224,,,,,,,,
mpu,,,,,,,,,1088433733,2192,5928,-29112,1088433733,-1023,-337,732
adc,1088411254,-0.125,1088420287,0.4960000216960907,1088429318,0.007000000216066837,1088438382,0.09950000792741776,,,,,,,,
mpu,,,,,,,,,1088533734,3636,164,-31444,1088533734,623,-404,-284
adc,1088511251,0.1693750023841858,1088520296,0.47312501072883606,1088529331,0.007000000216066837,1088538410,0.3177500069141388,,,,,,,,
mpu,,,,,,,,,1088633728,408,-5314,-32768,1088633728,1607,76,-1267
adc,1088611253,0.7006250619888306,1088620291,0.7863750457763672,1088629328,0.007000000216066837,1088638823,0.35837501287460327,,,,,,,,
mpu,,,,,,,,,1088733729,6404,9714,-19384,1088733729,1680,387,-1302
adc,1088711258,0.7745000123977661,1088720298,1.1700000762939453,1088729329,0.5160000324249268,1088738778,0.8981250524520874,,,,,,,,
mpu,,,,,,,,,1088833729,8062,22102,-18878,1088833729,1394,139,-946
adc,1088811254,0.16162501275539398,1088820287,0.7416250109672546,1088829325,1.1445000171661377,1088838781,1.1478750705718994,,,,,,,,
mpu,,,,,,,,,1088933722,2932,31388,-30888,1088933722,686,-474,-252
adc,1088911254,0.1756250113248825,1088920291,0.7635000348091125,1088929322,1.3011250495910645,1088938309,1.0382500886917114,,,,,,,,
mpu,,,,,,,,,1089033731,-1888,31994,-32106,1089033731,-899,2,712
adc,1089011255,-0.13312500715255737,1089020290,0.11475000530481339,1089029318,0.565250039100647,1089038801,0.5257500410079956,,,,,,,,
mpu,,,,,,,,,1089133724,-2998,24214,-32768,1089133724,-2318,307,1452
adc,1089111252,-0.06025000289082527,1089120294,0.31437501311302185,1089129327,0.01087500061839819,1089138554,0.2618750035762787,,,,,,,,
mpu,,,,,,,,,1089233730,3588,14786,-27354,1089233730,-2035,104,1277
adc,1089211254,-0.04400000348687172,1089220293,0.3967500329017639,1089229323,0.007625000551342964,1089238810,0.16687500476837158,,,,,,,,
mpu,,,,,,,,,1089333728,1944,5380,-26370,1089333728,-716,-48,690
adc,1089311261,0.017625000327825546,1089320295,0.48725003004074097,1089329333,0.007375000510364771,1089338317,0.125,,,,,,,,
mpu,,,,,,,,,1089433735,2300,-862,-31138,1089433735,932,-138,-460
adc,1089411246,0.04975000396370888,1089420283,0.5382500290870667,1089429313,0.007625000551342964,1089438431,0.19862501323223114,,,,,,,,
mpu,,,,,,,,,1089533726,764,-4610,-31892,1089533726,1595,-79,-1334
adc,1089511251,0.7391250133514404,1089520299,0.7708750367164612,1089529336,0.00800000037997961,1089538531,0.30262500047683716,,,,,,,,
mpu,,,,,,,,,1089633731,7972,11742,-19704,1089633731,1685,398,-1142
adc,1089611261,0.7270000576972961,1089620303,1.015375018119812,1089629334,0.502750039100647,1089638801,0.9433750510215759,,,,,,,,
mpu,,,,,,,,,1089733730,2764,22078,-20174,1089733730,1329,66,-804
adc,1089711253,-0.01837499998509884,1089720293,0.8052500486373901,1089729325,1.0338751077651978,1089738813,1.236875057220459,,,,,,,,
mpu,,,,,,,,,1089833727,3236,32767,-32768,1089833727,563,-473,-178
adc,1089811255,0.4878750145435333,1089820300,0.5878750085830688,1089829336,1.1476250886917114,1089838816,1.0661250352859497,,,,,,,,
mpu,,,,,,,,,1089933733,-428,32340,-32008,1089933733,-1189,-16,779
adc,1089911257,0.08875000476837158,1089920300,0.2913750112056732,1089929332,0.1600000113248825,1089938315,0.565250039100647,,,,,,,,
mpu,,,,,,,,,1090033729,5062,24390,-28410,1090033729,-2400,-113,1501
adc,1090011258,-0.08950000256299973,1090020290,-0.1328750103712082,1090029327,0.005375000182539225,1090038818,0.30412501096725464,,,,,,,,
mpu,,,,,,,,,1090133724,5604,11968,-27692,1090133724,-2019,-27,1368
adc,1090111255,-0.07762500643730164,1090120287,0.5326250195503235,1090129322,0.007000000216066837,1090138332,0.18462501466274261,,,,,,,,
mpu,,,,,,,,,1090233740,1622,6368,-27340,1090233740,-609,146,579
adc,1090211271,0.019750000908970833,1090220310,0.3615000247955322,1090229345,0.006625000387430191,1090238330,0.25475001335144043,,,,,,,,
mpu,,,,,,,,,1090333731,2080,-2712,-32768,1090333731,862,-176,-674
adc,1090311253,0.11162500828504562,1090320294,0.4817500114440918,1090329329,0.007000000216066837,1090338795,0.31175002455711365,,,,,,,,
mpu,,,,,,,,,1090433730,4202,-196,-27176,1090433730,1624,68,-1552
adc,1090411250,1.1801249980926514,1090420284,0.48100003600120544,1090429316,0.006375000346451998,1090438321,0.5077500343322754,,,,,,,,
mpu,,,,,,,,,1090533726,8120,11276,-19570,1090533726,1626,451,-1150
adc,1090511264,0.7543750405311584,1090520302,0.7360000610351562,1090529337,0.6505000591278076,1090538317,1.0263750553131104,,,,,,,,
mpu,,,,,,,,,1090633733,6298,24970,-19224,1090633733,1363,57,-720
adc,1090611264,0.055375002324581146,1090620299,0.8576250672340393,1090629333,1.0120000839233398,1090638318,1.2232500314712524,,,,,,,,
mpu,,,,,,,,,1090733737,4186,32767,-29706,1090733737,528,-444,-96
adc,1090711264,0.7203750610351562,1090720304,0.4596250355243683,1090729338,1.1983751058578491,1090738401,1.0543750524520874,,,,,,,,
mpu,,,,,,,,,1090833733,1850,28978,-32768,1090833733,-1155,59,852
adc,1090811265,0.27812501788139343,1090820305,-0.17462500929832458,1090829345,0.5432500243186951,1090838384,0.6918750405311584,,,,,,,,
mpu,,,,,,,,,1090933733,4566,26996,-27942,1090933733,-2334,219,1477
adc,1090911243,0.624875009059906,1090920279,0.08487500250339508,1090929314,0.26475000381469727,1090938544,0.5143750309944153,,,,,,,,
mpu,,,,,,,,,1091033725,3694,14258,-26122,1091033725,-1905,162,1250
adc,1091011254,0.23537501692771912,1091020296,0.35362502932548523,1091029331,0.085875004529953,1091038572,0.2786250114440918,,,,,,,,
mpu,,,,,,,,,1091133729,3088,4826,-27688,1091133729,-540,16,477
adc,1091111255,0.2835000157356262,1091120291,0.23212501406669617,1091129325,0.04012500122189522,1091138563,0.2847500145435333,,,,,,,,
mpu,,,,,,,,,1091233731,440,-856,-32418,1091233731,984,-231,-546
adc,1091211257,0.31425002217292786,1091220293,0.4612500071525574,1091229326,0.006375000346451998,1091238313,0.29887500405311584,,,,,,,,
mpu,,,,,,,,,1091333731,4868,-2500,-27900,1091333731,1619,-112,-1412
adc,1091311261,0.5920000076293945,1091320295,0.48500001430511475,1091329329,0.01875000074505806,1091338313,0.46562501788139343,,,,,,,,
mpu,,,,,,,,,1091433731,5982,13242,-21134,1091433731,1582,471,-1219
adc,1091411247,0.6161250472068787,1091420284,0.8367500305175781,1091429321,0.8030000329017639,1091438418,1.1273750066757202,,,,,,,,
mpu,,,,,,,,,1091533731,4724,25134,-18002,1091533731,1371,79,-718
adc,1091511254,0.03750000149011612,1091520293,0.6146250367164612,1091529325,1.2786250114440918,1091538618,1.3706250190734863,,,,,,,,
mpu,,,,,,,,,1091633731,1008,32767,-29078,1091633731,514,-490,-53
adc,1091611269,0.734250009059906,1091620296,0.4332500100135803,1091629326,1.3310000896453857,1091638546,1.096000075340271,,,,,,,,
mpu,,,,,,,,,1091733724,1470,30532,-32768,1091733724,-1174,-9,806
adc,1091711263,0.15937501192092896,1091720300,-0.15850000083446503,1091729336,0.7427500486373901,1091738824,0.7293750643730164,,,,,,,,
mpu,,,,,,,,,1091833730,4400,23672,-28710,1091833730,-2307,309,1523
adc,1091811262,0.17237500846385956,1091820295,-0.06275000423192978,1091829329,0.11787500232458115,1091838390,0.491875022649765,,,,,,,,
mpu,,,,,,,,,1091933735,4508,13574,-29254,1091933735,-1904,174,1275
adc,1091911252,0.3681250214576721,1091920290,0.24512501060962677,1091929326,0.09962500631809235,1091938385,0.4148750305175781,,,,,,,,
mpu,,,,,,,,,1092033728,2370,4796,-27220,1092033728,-662,-8,405
adc,1092011265,0.4866250157356262,1092020311,0.23587501049041748,1092029343,0.11212500184774399,1092038322,0.49637502431869507,,,,,,,,
mpu,,,,,,,,,1092133733,414,-768,-32322,1092133733,855,-135,-537
adc,1092111260,0.4286250174045563,1092120299,0.40525001287460327,1092129335,0.09925000369548798,1092138431,0.5442500114440918,,,,,,,,
mpu,,,,,,,,,1092233727,14578,518,-24452,1092233727,1724,-105,-1318
adc,1092211253,0.718250036239624,1092220281,0.1913750022649765,1092229317,0.05225000157952309,1092238426,0.593625009059906,,,,,,,,
mpu,,,,,,,,,1092333735,10130,10278,-21568,1092333735,1664,435,-1073
adc,1092311258,0.9186250567436218,1092320291,0.878125011920929,1092329321,0.8595000505447388,1092338809,1.2178750038146973,,,,,,,,
mpu,,,,,,,,,1092433730,3806,25010,-20248,1092433730,1409,240,-719
adc,1092411251,0.674625039100647,1092420290,0.4987500309944153,1092429328,1.245750069618225,1092438651,1.4035000801086426,,,,,,,,
mpu,,,,,,,,,1092533727,2236,32767,-32768,1092533727,622,-410,-199
adc,1092511256,0.6192500591278076,1092520291,0.5447500348091125,1092529327,1.2750000953674316,1092538561,1.152500033378601,,,,,,,,
mpu,,,,,,,,,1092633731,4850,31422,-32768,1092633731,-1154,-106,778
adc,1092611252,0.1875000149011612,1092620289,-0.02562500163912773,1092629324,0.7438750267028809,1092638814,0.608875036239624,,,,,,,,
mpu,,,,,,,,,1092733731,6894,22754,-29424,1092733731,-2348,249,1431
adc,1092711268,0.7928750514984131,1092720308,-0.10762500762939453,1092729337,0.08812500536441803,1092738327,0.43150001764297485,,,,,,,,
mpu,,,,,,,,,1092833727,3472,17648,-27074,1092833727,-1996,207,1191
adc,1092811256,0.35200002789497375,1092820290,0.12162500619888306,1092829322,0.15062500536441803,1092838767,0.5242500305175781,,,,,,,,
mpu,,,,,,,,,1092933729,3252,5010,-27062,1092933729,-848,-69,394
adc,1092911249,0.32987502217292786,1092920289,0.23275001347064972,1092929323,0.009750000201165676,1092938369,0.30787500739097595,,,,,,,,
mpu,,,,,,,,,1093033729,878,-744,-30538,1093033729,772,-158,-506
adc,1093011256,0.398125022649765,1093020297,0.20337501168251038,1093029334,0.01850000023841858,1093038811,0.3360000252723694,,,,,,,,
mpu,,,,,,,,,1093133732,8464,-3362,-31398,1093133732,1656,-96,-1301
adc,1093111258,0.9736250638961792,1093120294,0.468375027179718,1093129331,0.008249999955296516,1093138406,0.49125003814697266,,,,,,,,
mpu,,,,,,,,,1093233733,8464,-3362,-31398,1093233733,1656,-96,-1301
adc,1093211262,0.921125054359436,1093220302,0.7126250267028809,1093229340,0.764875054359436,1093238822,1.0578750371932983,,,,,,,,
mpu,,,,,,,,,1093333728,7138,11172,-21498,1093333728,1672,402,-1131
adc,1093311248,0.40287500619888306,1093320291,0.42475003004074097,1093329325,1.178375005722046,1093338368,1.3176250457763672,,,,,,,,
mpu,,,,,,,,,1093433731,2808,21922,-21948,1093433731,1554,173,-638
adc,1093411266,0.986625075340271,1093420305,0.23875001072883606,1093429340,1.427125096321106,1093438822,1.1506251096725464,,,,,,,,
mpu,,,,,,,,,1093533735,4266,31652,-31348,1093533735,705,-497,-119
adc,1093511265,0.6915000081062317,1093520309,0.13337500393390656,1093529342,0.9451250433921814,1093538530,0.8367500305175781,,,,,,,,
mpu,,,,,,,,,1093633730,-4162,32678,-30586,1093633730,-937,-107,618
adc,1093611257,0.21937501430511475,1093620296,-0.32325002551078796,1093629328,0.11600000411272049,1093638348,0.5038750171661377,,,,,,,,
mpu,,,,,,,,,1093733728,1420,23294,-31064,1093733728,-2331,220,1414
adc,1093711262,0.5278750061988831,1093720297,0.08962500095367432,1093729333,0.057750001549720764,1093738812,0.39250001311302185,,,,,,,,
mpu,,,,,,,,,1093833728,2416,15320,-27162,1093833728,-2053,244,1232
adc,1093811261,0.7033750414848328,1093820293,0.08262500166893005,1093829325,0.09687500447034836,1093838814,0.37687501311302185,,,,,,,,
mpu,,,,,,,,,1093933733,4646,7668,-26762,1093933733,-1112,-267,351
adc,1093911263,0.48225003480911255,1093920300,0.20725001394748688,1093929336,0.02825000137090683,1093938833,0.3321250081062317,,,,,,,,
mpu,,,,,,,,,1094033723,5008,-2520,-32264,1094033723,259,-481,-829
adc,1094011249,0.675000011920929,1094020296,0.28675001859664917,1094029327,0.09737500548362732,1094038804,0.4612500071525574,,,,,,,,
mpu,,,,,,,,,1094133730,-4182,-4960,-32140,1094133730,1587,459,-1313
adc,1094111254,1.268375039100647,1094120290,0.4803750216960907,1094129323,0.9893750548362732,1094138813,0.9805000424385071,,,,,,,,
mpu,,,,,,,,,1094233735,7260,11192,-20292,1094233735,1848,502,-1171
adc,1094211263,1.024125099182129,1094220302,0.2592500150203705,1094229338,1.333375096321106,1094238811,1.29562509059906,,,,,,,,
mpu,,,,,,,,,1094333725,4078,22262,-21738,1094333725,1663,60,-631
adc,1094311258,0.8498750329017639,1094320293,0.27412500977516174,1094329327,1.4382500648498535,1094338312,1.2326250076293945,,,,,,,,
mpu,,,,,,,,,1094433731,2604,31090,-30614,1094433731,768,-487,-123
adc,1094411252,0.47187501192092896,1094420296,-0.2562500238418579,1094429327,0.9451250433921814,1094438334,0.8696250319480896,,,,,,,,
mpu,,,,,,,,,1094533726,5946,31706,-32768,1094533726,-843,-117,763
adc,1094511254,0.5492500066757202,1094520285,-0.1288750022649765,1094529319,0.15550000965595245,1094538534,0.45375001430511475,,,,,,,,
mpu,,,,,,,,,1094633732,1986,25658,-28480,1094633732,-2248,-146,1518
adc,1094611267,0.5683750510215759,1094620306,-0.032625000923871994,1094629341,0.09487500786781311,1094638825,0.2787500023841858,,,,,,,,
mpu,,,,,,,,,1094733731,3538,13502,-27388,1094733731,-2164,-398,1368
adc,1094711254,0.5442500114440918,1094720287,-0.03562500327825546,1094729322,0.10425000637769699,1094738537,0.3228750228881836,,,,,,,,
mpu,,,,,,,,,1094833725,5630,8868,-28426,1094833725,-1010,-422,595
adc,1094811248,0.5076250433921814,1094820285,0.009750000201165676,1094829321,0.09675000607967377,1094838807,0.2982500195503235,,,,,,,,
mpu,,,,,,,,,1094933729,1814,-2772,-31940,1094933729,373,295,-626
adc,1094911260,1.451375126838684,1094920296,0.31937500834465027,1094929328,0.19025000929832458,1094938332,0.4323750138282776,,,,,,,,
mpu,,,,,,,,,1095033727,6600,-1478,-32768,1095033727,1174,460,-1638
adc,1095011257,1.2120000123977661,1095020286,0.5785000324249268,1095029315,0.6793750524520874,1095038398,0.8397500514984131,,,,,,,,
mpu,,,,,,,,,1095133727,5134,8730,-24326,1095133727,1794,795,-1204
adc,1095111248,0.7120000123977661,1095120283,0.31837502121925354,1095129319,1.0876250267028809,1095138350,1.193250060081482,,,,,,,,
mpu,,,,,,,,,1095233731,8962,19712,-24784,1095233731,1818,296,-454
adc,1095211253,0.5160000324249268,1095220291,-0.07300000637769699,1095229331,1.2672500610351562,1095238808,1.327625036239624,,,,,,,,
mpu,,,,,,,,,1095333731,5750,31706,-30500,1095333731,909,-389,-122
adc,1095311268,0.8190000653266907,1095320305,-0.09837500751018524,1095329337,1.1168750524520874,1095338799,1.0958750247955322,,,,,,,,
mpu,,,,,,,,,1095433733,-688,32767,-32768,1095433733,-573,-105,597
adc,1095411256,0.33537501096725464,1095420296,-0.3568750023841858,1095429330,0.07087500393390656,1095438407,0.5322500467300415,,,,,,,,
mpu,,,,,,,,,1095533725,4798,22796,-32638,1095533725,-1969,388,1605
adc,1095511261,0.5558750033378601,1095520294,-0.055375002324581146,1095529332,0.0215000007301569,1095538515,0.3205000162124634,,,,,,,,
mpu,,,,,,,,,1095633735,-336,17954,-26996,1095633735,-1814,944,1558
adc,1095611258,0.4856250286102295,1095620293,-0.09062500298023224,1095629324,0.03350000083446503,1095638810,0.30887502431869507,,,,,,,,
mpu,,,,,,,,,1095733731,5502,7354,-28236,1095733731,-1162,-86,644
adc,1095711259,0.6970000267028809,1095720302,0.05612500384449959,1095729338,0.04087500274181366,1095738813,0.3178750276565552,,,,,,,,
mpu,,,,,,,,,1095833722,1338,984,-28670,1095833722,336,-134,-325
adc,1095811259,0.7760000228881836,1095820298,0.03137500211596489,1095829329,0.004625000059604645,1095838802,0.3160000145435333,,,,,,,,
mpu,,,,,,,,,1095933725,3334,-4918,-29184,1095933725,1602,165,-1204
adc,1095911265,1.5108751058578491,1095920297,0.6240000128746033,1095929332,0.5202500224113464,1095938815,0.6678750514984131,,,,,,,,
mpu,,,,,,,,,1096033728,6922,9000,-28404,1096033728,1778,263,-1080
adc,1096011256,1.0396250486373901,1096020298,0.05962500348687172,1096029331,1.1085000038146973,1096038790,1.0570000410079956,,,,,,,,
mpu,,,,,,,,,1096133729,9074,19616,-15572,1096133729,1562,259,-814
adc,1096111258,1.0976250171661377,1096120295,0.03087500110268593,1096129329,1.2486250400543213,1096138531,1.246500015258789,,,,,,,,
mpu,,,,,,,,,1096233729,3676,31176,-27074,1096233729,925,-372,-255
adc,1096211258,0.4647500216960907,1096220292,-0.19300000369548798,1096229322,1.0471251010894775,1096238549,1.1248750686645508,,,,,,,,
mpu,,,,,,,,,1096333731,3126,32230,-32768,1096333731,-576,-64,465
adc,1096311254,-0.24550001323223114,1096320293,-0.18425001204013824,1096329327,0.011500000953674316,1096338793,0.405875027179718,,,,,,,,
mpu,,,,,,,,,1096433733,1052,24608,-32768,1096433733,-2276,-54,1227
adc,1096411257,0.1925000101327896,1096420290,-0.27549999952316284,1096429323,0.005000000353902578,1096438354,0.1850000023841858,,,,,,,,
mpu,,,,,,,,,1096533731,5860,15626,-31108,1096533731,-2297,74,1397
adc,1096511261,0.4072500169277191,1096520299,-0.0832500010728836,1096529333,0.04800000041723251,1096538528,0.3412500023841858,,,,,,,,
mpu,,,,,,,,,1096633723,1952,10536,-23354,1096633723,-1119,377,790
adc,1096611257,0.7040000557899475,1096620297,-0.019875001162290573,1096629329,0.2031250149011612,1096638310,0.43412500619888306,,,,,,,,
mpu,,,,,,,,,1096733731,2412,1562,-30496,1096733731,270,-217,-263
adc,1096711258,0.8141250610351562,1096720294,-0.15775001049041748,1096729335,0.26862502098083496,1096738363,0.3815000057220459,,,,,,,,
mpu,,,,,,,,,1096833725,-1200,-2730,-28906,1096833725,1578,92,-1167
adc,1096811256,1.3012501001358032,1096820298,0.5006250143051147,1096829332,0.6631250381469727,1096838336,0.6300000548362732,,,,,,,,
mpu,,,,,,,,,1096933734,7066,5202,-23814,1096933734,1793,61,-1179
adc,1096911254,1.058250069618225,1096920293,-0.18650001287460327,1096929330,1.2505000829696655,1096938393,1.2732501029968262,,,,,,,,
mpu,,,,,,,,,1097033727,9196,18918,-20966,1097033727,1606,235,-693
adc,1097011256,0.5766250491142273,1097020300,0.054875001311302185,1097029338,1.470750093460083,1097038812,1.2157500982284546,,,,,,,,
mpu,,,,,,,,,1097133729,3562,29684,-29176,1097133729,982,-327,-376
adc,1097111258,1.2267500162124634,1097120293,-0.1783750057220459,1097129326,1.3410000801086426,1097138326,1.1441251039505005,,,,,,,,
mpu,,,,,,,,,1097233736,3800,32767,-32768,1097233736,-436,-166,349
adc,1097211255,0.534000039100647,1097220283,-0.4073750078678131,1097229318,0.14337500929832458,1097238331,0.5162500143051147,,,,,,,,
mpu,,,,,,,,,1097333730,342,23468,-31366,1097333730,-2063,232,1200
adc,1097311263,0.5394999980926514,1097320298,-0.29362502694129944,1097329332,0.09150000661611557,1097338809,0.32862502336502075,,,,,,,,
mpu,,,,,,,,,1097433731,3330,18190,-27378,1097433731,-2236,377,1289
adc,1097411244,0.5821250081062317,1097420276,-0.22975000739097595,1097429307,0.11600000411272049,1097438630,0.3190000057220459,,,,,,,,
mpu,,,,,,,,,1097533728,1818,8944,-26578,1097533728,-1342,-37,840
adc,1097511269,0.8887500166893005,1097520302,-0.17600001394748688,1097529338,0.06675000488758087,1097538351,0.3675000071525574,,,,,,,,
mpu,,,,,,,,,1097633732,2884,1390,-29940,1097633732,275,-194,4
adc,1097611265,0.7732500433921814,1097620307,-0.05737500265240669,1097629338,0.03212499991059303,1097638833,0.3555000126361847,,,,,,,,
mpu,,,,,,,,,1097733729,942,-4176,-27160,1097733729,1483,-103,-1041
adc,1097711260,1.3716250658035278,1097720299,0.34975001215934753,1097729337,0.5058750510215759,1097738829,0.7800000309944153,,,,,,,,
mpu,,,,,,,,,1097833731,4202,6040,-22824,1097833731,1673,99,-1233
adc,1097811251,0.9448750615119934,1097820286,-0.17075000703334808,1097829319,1.2148751020431519,1097838340,1.3211250305175781,,,,,,,,
mpu,,,,,,,,,1097933729,7512,13988,-22118,1097933729,1554,377,-837
adc,1097911249,1.133500099182129,1097920288,-0.024125000461935997,1097929319,1.5080000162124634,1097938525,1.3481251001358032,,,,,,,,
mpu,,,,,,,,,1098033723,4324,32767,-30002,1098033723,1169,-220,-488
adc,1098011248,1.1677500009536743,1098020292,-0.2672500014305115,1098029327,1.3642500638961792,1098038344,1.1793750524520874,,,,,,,,
mpu,,,,,,,,,1098133726,-1752,32767,-32768,1098133726,-240,-262,289
adc,1098111254,0.4337500333786011,1098120288,-0.4348750114440918,1098129320,0.38050001859664917,1098138338,0.6600000262260437,,,,,,,,
mpu,,,,,,,,,1098233730,538,25306,-32368,1098233730,-2057,213,1177
adc,1098211264,0.706125020980835,1098220297,-0.2847500145435333,1098229333,0.15800000727176666,1098238536,0.47187501192092896,,,,,,,,
mpu,,,,,,,,,1098333726,2932,18516,-28296,1098333726,-2319,350,1361
adc,1098311257,0.8058750629425049,1098320285,-0.27912500500679016,1098329327,0.14812500774860382,1098338551,0.4773750305175781,,,,,,,,
mpu,,,,,,,,,1098433726,2574,10668,-25072,1098433726,-1430,-34,847
adc,1098411257,0.8491250276565552,1098420295,-0.20237500965595245,1098429325,0.03762500360608101,1098438561,0.3413750231266022,,,,,,,,
mpu,,,,,,,,,1098533731,3076,434,-29992,1098533731,117,-178,-69
adc,1098511256,0.7730000615119934,1098520295,-0.10125000774860382,1098529330,0.021375000476837158,1098538412,0.3228750228881836,,,,,,,,
mpu,,,,,,,,,1098633727,-1826,-3846,-27232,1098633727,1418,-61,-1039
adc,1098611253,1.3165000677108765,1098620288,0.34825000166893005,1098629322,0.37950003147125244,1098638398,0.7070000171661377,,,,,,,,
mpu,,,,,,,,,1098733732,7330,5366,-22708,1098733732,1686,30,-1335
adc,1098711265,0.9896250367164612,1098720303,-0.2708750069141388,1098729338,1.2001250982284546,1098738337,1.2712500095367432,,,,,,,,
mpu,,,,,,,,,1098833727,4228,15818,-21204,1098833727,1569,378,-893
adc,1098811259,1.083625078201294,1098820288,-0.14900000393390656,1098829324,1.5078750848770142,1098838333,1.3828750848770142,,,,,,,,
mpu,,,,,,,,,1098933738,4758,31928,-26896,1098933738,1189,-286,-374
adc,1098911263,1.128000020980835,1098920288,-0.33375000953674316,1098929318,1.4366251230239868,1098938441,1.2860000133514404,,,,,,,,
mpu,,,,,,,,,1099033729,-838,32767,-32768,1099033729,-234,-270,305
adc,1099011266,0.7536250352859497,1099020298,-0.41862502694129944,1099029333,0.18825000524520874,1099038795,0.6737500429153442,,,,,,,,
mpu,,,,,,,,,1099133726,-1210,26320,-30962,1099133726,-2076,157,1164
adc,1099111260,0.9410000443458557,1099120298,-0.3642500042915344,1099129328,0.01087500061839819,1099138377,0.32887500524520874,,,,,,,,
mpu,,,,,,,,,1099233732,3184,18538,-28330,1099233732,-2289,216,1353
adc,1099211259,0.6541250348091125,1099220293,-0.34175002574920654,1099229323,0.014750001020729542,1099238773,0.3253750205039978,,,,,,,,
mpu,,,,,,,,,1099333726,3332,10382,-26994,1099333726,-1370,57,869
adc,1099311259,0.5886250138282776,1099320296,-0.24137501418590546,1099329326,0.01900000125169754,1099338816,0.374750018119812,,,,,,,,
mpu,,,,,,,,,1099433727,2536,1658,-29628,1099433727,237,-45,92
adc,1099411259,0.8216250538825989,1099420298,-0.1525000035762787,1099429331,0.007375000510364771,1099438801,0.35712501406669617,,,,,,,,
mpu,,,,,,,,,1099533730,-454,-3112,-26338,1099533730,1408,-128,-993
adc,1099511262,1.359125018119812,1099520300,0.3152500092983246,1099529335,0.45625001192092896,1099538363,0.8065000176429749,,,,,,,,
mpu,,,,,,,,,1099633723,2610,4952,-25468,1099633723,1629,45,-1334
adc,1099611258,1.0791250467300415,1099620301,-0.3332500159740448,1099629333,1.1943750381469727,1099638790,1.362375020980835,,,,,,,,
mpu,,,,,,,,,1099733726,6746,14816,-22396,1099733726,1612,401,-861
adc,1099711256,1.161500096321106,1099720291,0.017125001177191734,1099729324,1.4580000638961792,1099738816,1.3996250629425049,,,,,,,,
mpu,,,,,,,,,1099833726,2556,31522,-27648,1099833726,1166,-236,-417
adc,1099811255,1.1308751106262207,1099820284,-0.34450000524520874,1099829317,1.3007500171661377,1099838798,1.2316250801086426,,,,,,,,
mpu,,,,,,,,,1099933734,1456,32767,-32768,1099933734,-298,-329,317
adc,1099911256,0.5790000557899475,1099920298,-0.4268750250339508,1099929331,0.273125022649765,1099938323,0.6496250033378601,,,,,,,,
mpu,,,,,,,,,1100033724,166,26202,-31574,1100033724,-2057,98,1199
adc,1100011259,0.6206250190734863,1100020300,-0.3595000207424164,1100029334,0.08487500250339508,1100038815,0.4335000216960907,,,,,,,,
mpu,,,,,,,,,1100133731,3982,18836,-28906,1100133731,-2316,172,1339
adc,1100111263,0.9101250171661377,1100120301,-0.3501250147819519,1100129338,0.05387500301003456,1100138368,0.38612502813339233,,,,,,,,
mpu,,,,,,,,,1100233737,2540,10404,-28062,1100233737,-1441,90,786
adc,1100211251,0.7561250329017639,1100220283,-0.29225000739097595,1100229314,0.029250001534819603,1100238807,0.39525002241134644,,,,,,,,
mpu,,,,,,,,,1100333724,984,924,-29498,1100333724,172,11,-66
adc,1100311250,0.7450000643730164,1100320285,-0.14212501049041748,1100329318,0.0002500000118743628,1100338809,0.2770000100135803,,,,,,,,
mpu,,,,,,,,,1100433737,34,-4152,-26592,1100433737,1493,-59,-1014
adc,1100411259,1.234375,1100420290,0.19225001335144043,1100429325,0.36275002360343933,1100438416,0.7630000114440918,,,,,,,,
mpu,,,,,,,,,1100533729,7648,6988,-19124,1100533729,1750,95,-1251
adc,1100511262,1.027250051498413,1100520299,-0.25687500834465027,1100529334,1.2290000915527344,1100538328,1.3307501077651978,,,,,,,,
mpu,,,,,,,,,1100633726,6532,17548,-20364,1100633726,1647,410,-808
adc,1100611255,0.9271250367164612,1100620292,-0.14600001275539398,1100629324,1.449625015258789,1100638806,1.3857500553131104,,,,,,,,
mpu,,,,,,,,,1100733726,6782,31572,-28800,1100733726,1158,-341,-328
adc,1100711255,1.1715000867843628,1100720286,-0.30650001764297485,1100729324,1.3022500276565552,1100738794,1.2645000219345093,,,,,,,,
mpu,,,,,,,,,1100833730,-1520,32767,-32768,1100833730,-318,-251,394
adc,1100811266,0.2005000114440918,1100820305,-0.4148750305175781,1100829341,0.37187501788139343,1100838330,0.7452500462532043,,,,,,,,
mpu,,,,,,,,,1100933727,1784,25244,-31200,1100933727,-2155,57,1199
adc,1100911250,0.7002500295639038,1100920283,-0.36350002884864807,1100929318,0.048500001430511475,1100938306,0.43550002574920654,,,,,,,,
mpu,,,,,,,,,1101033729,3450,17822,-28960,1101033729,-2288,287,1326
adc,1101011244,0.8226250410079956,1101020280,-0.3555000126361847,1101029316,0.03737500309944153,1101038300,0.43175002932548523,,,,,,,,
mpu,,,,,,,,,1101133731,3086,10514,-28846,1101133731,-1371,-10,820
adc,1101111261,0.7690000534057617,1101120298,-0.31812500953674316,1101129331,0.0036250001285225153,1101138336,0.3083750009536743,,,,,,,,
mpu,,,,,,,,,1101233727,1034,-1078,-28168,1101233727,293,5,-111
adc,1101211256,0.6718750596046448,1101220295,-0.15525001287460327,1101229327,-0.0017500000540167093,1101238798,0.3113750219345093,,,,,,,,
mpu,,,,,,,,,1101333729,-812,-3410,-27770,1101333729,1529,-82,-1062
adc,1101311255,1.28725004196167,1101320292,0.0442500002682209,1101329328,0.2253750115633011,1101338794,0.6925000548362732,,,,,,,,
mpu,,,,,,,,,1101433727,5068,6704,-21778,1101433727,1722,37,-1232
adc,1101411257,1.0108751058578491,1101420287,-0.3290000259876251,1101429322,1.1375000476837158,1101438401,1.273875117301941,,,,,,,,
mpu,,,,,,,,,1101533729,7564,17076,-20168,1101533729,1609,371,-840
adc,1101511257,1.3013750314712524,1101520293,-0.07975000143051147,1101529327,1.4696251153945923,1101538479,1.4103751182556152,,,,,,,,
mpu,,,,,,,,,1101633728,1994,32767,-27894,1101633728,1124,-305,-424
adc,1101611263,1.0001250505447388,1101620302,-0.3361250162124634,1101629333,1.296375036239624,1101638788,1.3332500457763672,,,,,,,,
mpu,,,,,,,,,1101733727,2574,32767,-32768,1101733727,-319,-259,375
adc,1101711266,-0.20800000429153442,1101720300,-0.38975000381469727,1101729327,0.10312500596046448,1101738819,0.6697500348091125,,,,,,,,
mpu,,,,,,,,,1101833733,1676,23204,-32768,1101833733,-2195,48,1209
adc,1101811249,0.8106250166893005,1101820279,-0.3568750023841858,1101829310,0.0507500022649765,1101838362,0.3708750307559967,,,,,,,,
mpu,,,,,,,,,1101933734,1728,17384,-26762,1101933734,-2260,410,1268
adc,1101911261,0.7636250257492065,1101920296,-0.3018750250339508,1101929328,0.1158750057220459,1101938392,0.41862502694129944,,,,,,,,
mpu,,,,,,,,,1102033726,2338,11224,-26602,1102033726,-1308,4,833
adc,1102011265,0.7321250438690186,1102020310,-0.29350000619888306,1102029344,0.003750000149011612,1102038810,0.366750031709671,,,,,,,,
mpu,,,,,,,,,1102133735,2548,-1120,-30570,1102133735,260,-170,-36
adc,1102111253,0.8366250395774841,1102120293,-0.2330000102519989,1102129331,0.00812500063329935,1102138655,0.35087502002716064,,,,,,,,
mpu,,,,,,,,,1102233727,4162,-3834,-29100,1102233727,1472,-136,-1025
adc,1102211256,1.1755000352859497,1102220289,0.23387500643730164,1102229322,0.374625027179718,1102238549,0.7673750519752502,,,,,,,,
mpu,,,,,,,,,1102333727,7720,6330,-25684,1102333727,1682,155,-1295
adc,1102311252,1.0840001106262207,1102320289,-0.30812501907348633,1102329319,1.1812500953674316,1102338311,1.3193750381469727,,,,,,,,
mpu,,,,,,,,,1102433733,13946,18190,-15474,1102433733,1596,374,-757
adc,1102411244,0.8075000643730164,1102420280,-0.18175001442432404,1102429316,1.4660000801086426,1102438381,1.4056251049041748,,,,,,,,
mpu,,,,,,,,,1102533742,4010,31176,-26462,1102533742,1076,-273,-392
adc,1102511260,1.037750005722046,1102520300,-0.2587500214576721,1102529340,1.298875093460083,1102538366,1.192750096321106,,,,,,,,
mpu,,,,,,,,,1102633731,970,32767,-32768,1102633731,-408,-238,394
adc,1102611257,0.04962500184774399,1102620293,-0.33800002932548523,1102629330,0.42112502455711365,1102638607,0.8455000519752502,,,,,,,,
mpu,,,,,,,,,1102733725,900,25470,-32722,1102733725,-2186,121,1214
adc,1102711268,0.5373750329017639,1102720302,-0.30800002813339233,1102729338,0.132750004529953,1102738491,0.5168750286102295,,,,,,,,
mpu,,,,,,,,,1102833727,2436,17586,-27372,1102833727,-2322,311,1333
adc,1102811251,0.7851250171661377,1102820290,-0.25987499952316284,1102829321,0.05675000324845314,1102838773,0.3867500126361847,,,,,,,,
mpu,,,,,,,,,1102933733,3128,8384,-28354,1102933733,-1296,9,767
adc,1102911253,0.7598750591278076,1102920293,-0.2668749988079071,1102929327,0.019500000402331352,1102938544,0.3801250159740448,,,,,,,,
mpu,,,,,,,,,1103033728,1624,1416,-29394,1103033728,365,-138,-135
adc,1103011255,0.7407500147819519,1103020297,-0.17100000381469727,1103029333,-0.004500000271946192,1103038784,0.31300002336502075,,,,,,,,
mpu,,,,,,,,,1103133731,3204,-5922,-32262,1103133731,1557,-131,-1134
adc,1103111256,1.0840001106262207,1103120297,0.3463750183582306,1103129334,0.28425002098083496,1103138319,0.7020000219345093,,,,,,,,
mpu,,,,,,,,,1103233726,3516,7610,-25044,1103233726,1740,215,-1241
adc,1103211271,0.7921250462532043,1103220311,-0.15537500381469727,1103229343,1.143125057220459,1103238537,1.2901250123977661,,,,,,,,
mpu,,,,,,,,,1103333730,11288,18782,-18178,1103333730,1578,311,-756
adc,1103311258,0.8985000252723694,1103320297,-0.10925000160932541,1103329330,1.436500072479248,1103338785,1.3562500476837158,,,,,,,,
mpu,,,,,,,,,1103433733,900,31462,-28366,1103433733,1045,-334,-357
adc,1103411258,0.9341250658035278,1103420294,-0.19887501001358032,1103429331,1.2271250486373901,1103438428,1.1855000257492065,,,,,,,,
mpu,,,,,,,,,1103533732,2350,32767,-32768,1103533732,-501,-251,383
adc,1103511254,0.14037500321865082,1103520290,-0.29887500405311584,1103529322,0.25575000047683716,1103538355,0.7161250114440918,,,,,,,,
mpu,,,,,,,,,1103633733,414,23758,-32078,1103633733,-2218,147,1248
adc,1103611268,0.5847500562667847,1103620301,-0.27650001645088196,1103629335,0.0676250010728836,1103638805,0.41350001096725464,,,,,,,,
mpu,,,,,,,,,1103733734,3308,18030,-26288,1103733734,-2241,274,1319
adc,1103711261,0.7032500505447388,1103720293,-0.23225000500679016,1103729326,0.06437500566244125,1103738544,0.3772500157356262,,,,,,,,
mpu,,,,,,,,,1103833726,3744,9296,-26906,1103833726,-1267,46,777
adc,1103811260,0.562375009059906,1103820298,-0.21025000512599945,1103829332,-0.0013750001089647412,1103838329,0.3412500023841858,,,,,,,,
mpu,,,,,,,,,1103933732,2940,810,-30170,1103933732,325,-153,-157
adc,1103911263,0.518375039100647,1103920302,-0.0767500028014183,1103929337,-0.005000000353902578,1103938583,0.25687500834465027,,,,,,,,
mpu,,,,,,,,,1104033730,3200,-4442,-28994,1104033730,1443,-81,-1134
adc,1104011258,0.9977500438690186,1104020296,0.23600001633167267,1104029326,0.28200000524520874,1104038330,0.611875057220459,,,,,,,,
mpu,,,,,,,,,1104133726,5998,6292,-24098,1104133726,1753,179,-1237
adc,1104111254,0.6781250238418579,1104120293,0.023500001057982445,1104129328,1.1475000381469727,1104138416,1.1808750629425049,,,,,,,,
mpu,,,,,,,,,1104233727,12036,18074,-16876,1104233727,1654,427,-779
adc,1104211252,0.8615000247955322,1104220293,0.1290000081062317,1104229324,1.4172500371932983,1104238569,1.389625072479248,,,,,,,,
mpu,,,,,,,,,1104333732,1124,32767,-28908,1104333732,1156,-291,-371
adc,1104311252,0.8856250643730164,1104320287,-0.10525000840425491,1104329324,1.3102500438690186,1104338392,1.2853751182556152,,,,,,,,
mpu,,,,,,,,,1104433732,2954,32767,-32768,1104433732,-422,-244,359
adc,1104411260,0.07875000685453415,1104420289,-0.23375001549720764,1104429326,0.4166250228881836,1104438325,0.6726250052452087,,,,,,,,
mpu,,,,,,,,,1104533727,-2224,21578,-32672,1104533727,-2286,160,1197
adc,1104511252,0.40675002336502075,1104520292,-0.20087501406669617,1104529330,0.09337500482797623,1104538347,0.4462500214576721,,,,,,,,
mpu,,,,,,,,,1104633732,1906,18370,-28296,1104633732,-2340,128,1310
adc,1104611262,0.6380000114440918,1104620301,-0.17425000667572021,1104629336,0.028875000774860382,1104638804,0.3252500295639038,,,,,,,,
mpu,,,,,,,,,1104733729,3974,7816,-27150,1104733729,-1356,47,751
adc,1104711252,0.46150001883506775,1104720291,-0.18512500822544098,1104729329,0.00925000011920929,1104738315,0.359000027179718,,,,,,,,
mpu,,,,,,,,,1104833726,1128,1772,-31212,1104833726,373,-161,-123
adc,1104811258,0.4412500262260437,1104820293,-0.10650000721216202,1104829328,-0.005875000264495611,1104838310,0.26987501978874207,,,,,,,,
mpu,,,,,,,,,1104933726,4606,-6580,-32768,1104933726,1550,-163,-1112
adc,1104911265,0.9227500557899475,1104920298,0.3058750033378601,1104929333,0.1693750023841858,1104938310,0.627750039100647,,,,,,,,
mpu,,,,,,,,,1105033730,4740,6184,-25630,1105033730,1780,298,-1208
adc,1105011258,0.6518750190734863,1105020297,0.0016250000335276127,1105029342,1.1276251077651978,1105038819,1.2601250410079956,,,,,,,,
mpu,,,,,,,,,1105133733,11280,18054,-19370,1105133733,1636,355,-726
adc,1105111261,0.6257500052452087,1105120298,0.11237500607967377,1105129324,1.4683750867843628,1105138558,1.4222500324249268,,,,,,,,
mpu,,,,,,,,,1105233733,4296,32767,-27758,1105233733,1068,-384,-345
adc,1105211257,0.7273750305175781,1105220297,0.0468750037252903,1105229328,1.4443750381469727,1105238394,1.3407500982284546,,,,,,,,
mpu,,,,,,,,,1105333726,668,32767,-32768,1105333726,-478,-237,377
adc,1105311252,0.15600000321865082,1105320291,-0.16850000619888306,1105329332,0.4778750240802765,1105338549,0.8552500605583191,,,,,,,,
mpu,,,,,,,,,1105433731,38,23718,-31740,1105433731,-2313,169,1267
adc,1105411257,0.26500001549720764,1105420293,-0.1342500001192093,1105429326,0.1862500160932541,1105438339,0.5971250534057617,,,,,,,,
mpu,,,,,,,,,1105533727,2246,17492,-28586,1105533727,-2317,285,1349
adc,1105511264,0.41475000977516174,1105520299,-0.11300000548362732,1105529331,0.024375000968575478,1105538396,0.3347500264644623,,,,,,,,
mpu,,,,,,,,,1105633730,5240,7826,-25566,1105633730,-1234,17,703
adc,1105611251,0.46925002336502075,1105620290,-0.13212500512599945,1105629324,0.004750000312924385,1105638513,0.35462501645088196,,,,,,,,
mpu,,,,,,,,,1105733727,1814,1232,-29900,1105733727,367,-177,-192
adc,1105711259,0.36225003004074097,1105720293,0.028750000521540642,1105729328,-0.005875000264495611,1105738530,0.27950000762939453,,,,,,,,
mpu,,,,,,,,,1105833731,5050,-4446,-29146,1105833731,1554,-77,-1156
adc,1105811264,0.8556250333786011,1105820299,0.39650002121925354,1105829331,0.15787500143051147,1105838382,0.6805000305175781,,,,,,,,
mpu,,,,,,,,,1105933727,6054,7548,-24080,1105933727,1759,202,-1183
adc,1105911257,0.49525001645088196,1105920293,0.016499999910593033,1105929329,1.1010000705718994,1105938537,1.2690000534057617,,,,,,,,
mpu,,,,,,,,,1106033723,8580,19210,-19752,1106033723,1617,357,-729
adc,1106011265,0.5916250348091125,1106020301,0.08750000596046448,1106029332,1.4275000095367432,1106038519,1.4631251096725464,,,,,,,,
mpu,,,,,,,,,1106133726,2922,31078,-27180,1106133726,990,-398,-290
adc,1106111259,0.5547500252723694,1106120294,0.011500000953674316,1106129331,1.3135000467300415,1106138659,1.3803750276565552,,,,,,,,
mpu,,,,,,,,,1106233732,3636,32767,-32768,1106233732,-537,-245,423
adc,1106211257,-0.08625000715255737,1106220300,-0.12087500840425491,1106229330,0.2266250103712082,1106238557,0.7253750562667847,,,,,,,,
mpu,,,,,,,,,1106333723,3860,25490,-30440,1106333723,-2246,114,1249
adc,1106311255,-0.25600001215934753,1106320292,-0.01850000023841858,1106329323,-0.0062500000931322575,1106338767,0.20125001668930054,,,,,,,,
mpu,,,,,,,,,1106433731,2322,16952,-28142,1106433731,-2252,177,1385
adc,1106411250,0.22162501513957977,1106420288,-0.10762500762939453,1106429326,-0.002250000135973096,1106438381,0.2578750252723694,,,,,,,,
mpu,,,,,,,,,1106533726,5048,8826,-25032,1106533726,-1173,-107,788
adc,1106511245,0.32500001788139343,1106520277,-0.12187500298023224,1106529316,0.013250000774860382,1106538540,0.3682500123977661,,,,,,,,
mpu,,,,,,,,,1106633738,100,1810,-27106,1106633738,411,10,-197
adc,1106611255,0.3173750042915344,1106620287,-0.015125000849366188,1106629322,0.010125000029802322,1106638307,0.366750031709671,,,,,,,,
mpu,,,,,,,,,1106733737,3562,-5542,-32074,1106733737,1499,-197,-1226
adc,1106711263,0.8568750619888306,1106720303,0.5896250009536743,1106729336,0.37800002098083496,1106738796,0.6897500157356262,,,,,,,,
mpu,,,,,,,,,1106833737,5754,8034,-23698,1106833737,1686,265,-1299
adc,1106811245,0.5983750224113464,1106820281,0.3892500102519989,1106829312,1.1997500658035278,1106838441,1.2015000581741333,,,,,,,,
mpu,,,,,,,,,1106933728,7834,19812,-20350,1106933728,1559,367,-834
adc,1106911251,0.6228750348091125,1106920284,0.4032500088214874,1106929320,1.5163750648498535,1106938302,1.2723751068115234,,,,,,,,
mpu,,,,,,,,,1107033734,5346,31050,-30910,1107033734,1021,-389,-334
adc,1107011250,0.6506250500679016,1107020282,0.1418750137090683,1107029314,1.2883750200271606,1107038345,1.0455000400543213,,,,,,,,
mpu,,,,,,,,,1107133728,410,32767,-31808,1107133728,-595,-143,484
adc,1107111261,-0.0495000034570694,1107120299,-0.032875001430511475,1107129332,0.12375000864267349,1107138327,0.5365000367164612,,,,,,,,
mpu,,,,,,,,,1107233725,368,23842,-31246,1107233725,-2245,256,1298
adc,1107211268,0.10012500733137131,1107220306,-0.033625002950429916,1107229349,0.013750000856816769,1107238841,0.34287500381469727,,,,,,,,
mpu,,,,,,,,,1107333729,1786,16266,-27790,1107333729,-2190,314,1314
adc,1107311255,-0.03537500277161598,1107320292,0.05962500348687172,1107329328,0.051875002682209015,1107338325,0.3491250276565552,,,,,,,,
mpu,,,,,,,,,1107433735,3196,10220,-24664,1107433735,-1124,-59,740
adc,1107411261,0.18162500858306885,1107420304,-0.005750000476837158,1107429338,0.0001250000059371814,1107438325,0.3422500193119049,,,,,,,,
mpu,,,,,,,,,1107533723,2548,-62,-30922,1107533723,462,-236,-199
adc,1107511255,0.16237500309944153,1107520292,0.13712500035762787,1107529321,-0.005500000435858965,1107538329,0.29487502574920654,,,,,,,,
mpu,,,,,,,,,1107633727,3064,-4972,-32396,1107633727,1592,-96,-1211
adc,1107611258,0.8423750400543213,1107620284,0.581375002861023,1107629312,0.2824999988079071,1107638370,0.6700000166893005,,,,,,,,
mpu,,,,,,,,,1107733727,6000,9074,-24278,1107733727,1683,205,-1226
adc,1107711260,0.335875004529953,1107720291,0.2198750078678131,1107729327,1.2072499990463257,1107738811,1.2226250171661377,,,,,,,,
mpu,,,,,,,,,1107833731,8152,21550,-24568,1107833731,1532,259,-820
adc,1107811261,0.46387502551078796,1107820294,0.38200002908706665,1107829330,1.4408750534057617,1107838377,1.1901251077651978,,,,,,,,
mpu,,,,,,,,,1107933731,5310,31540,-31722,1107933731,909,-500,-337
adc,1107911261,0.6800000071525574,1107920298,0.25987499952316284,1107929331,1.1117500066757202,1107938819,1.012125015258789,,,,,,,,
mpu,,,,,,,,,1108033729,2292,32767,-31838,1108033729,-672,-24,535
adc,1108011260,-0.3997500240802765,1108020303,0.07262500375509262,1108029333,0.051375001668930054,1108038320,0.6055000424385071,,,,,,,,
mpu,,,,,,,,,1108133726,3068,24642,-32574,1108133726,-2239,281,1284
adc,1108111253,-0.03700000047683716,1108120292,0.04675000160932541,1108129326,-0.004500000271946192,1108138398,0.2917500138282776,,,,,,,,
mpu,,,,,,,,,1108233732,3902,16038,-28734,1108233732,-2220,266,1216
adc,1108211262,0.14800000190734863,1108220295,0.12187500298023224,1108229329,0.010375000536441803,1108238819,0.3348750174045563,,,,,,,,
mpu,,,,,,,,,1108333730,908,8618,-26584,1108333730,-1091,-67,695
adc,1108311255,0.2600000202655792,1108320290,0.0430000014603138,1108329329,-0.003375000087544322,1108338805,0.3458750247955322,,,,,,,,
mpu,,,,,,,,,1108433727,2824,-262,-30782,1108433727,538,-260,-191
adc,1108411252,0.10137500613927841,1108420281,0.20737500488758087,1108429317,-0.005000000353902578,1108438336,0.32362502813339233,,,,,,,,
mpu,,,,,,,,,1108533738,3018,-4710,-32768,1108533738,1514,-102,-1238
adc,1108511268,0.655500054359436,1108520302,0.5987500548362732,1108529339,0.2722500264644623,1108538365,0.674375057220459,,,,,,,,
mpu,,,,,,,,,1108633728,2382,7748,-22768,1108633728,1696,284,-1191
adc,1108611249,0.24062500894069672,1108620286,0.5603750348091125,1108629318,1.2030000686645508,1108638365,1.2696250677108765,,,,,,,,
mpu,,,,,,,,,1108733731,4746,20548,-23524,1108733731,1554,295,-748
adc,1108711258,0.3877500295639038,1108720297,0.4983750283718109,1108729329,1.4795000553131104,1108738814,1.2981250286102295,,,,,,,,
mpu,,,,,,,,,1108833729,4780,32668,-32128,1108833729,927,-444,-309
adc,1108811259,0.6380000114440918,1108820299,0.3931250274181366,1108829336,1.286250114440918,1108838812,1.173625111579895,,,,,,,,
mpu,,,,,,,,,1108933730,6092,32767,-32768,1108933730,-718,-124,522
adc,1108911270,-0.44875001907348633,1108920303,0.05737500265240669,1108929341,0.003750000149011612,1108938834,0.5480000376701355,,,,,,,,
mpu,,,,,,,,,1109033729,3822,24126,-29600,1109033729,-2347,175,1315
adc,1109011251,-0.13500000536441803,1109020292,0.14612500369548798,1109029320,-0.0043750000186264515,1109038300,0.28550001978874207,,,,,,,,
mpu,,,,,,,,,1109133726,372,14774,-29304,1109133726,-2171,125,1381
adc,1109111254,0.3163750171661377,1109120294,0.12387500703334808,1109129330,0.06562500447034836,1109138319,0.3881250321865082,,,,,,,,
mpu,,,,,,,,,1109233729,3812,10208,-27364,1109233729,-1040,-76,698
adc,1109211260,0.15775001049041748,1109220298,0.09475000202655792,1109229329,0.0010000000474974513,1109238360,0.3581250309944153,,,,,,,,
mpu,,,,,,,,,1109333723,482,-1416,-29566,1109333723,568,-27,-353
adc,1109311260,0.08262500166893005,1109320295,0.2737500071525574,1109329327,-0.004625000059604645,1109338800,0.3541250228881836,,,,,,,,
mpu,,,,,,,,,1109433727,4190,-3596,-32768,1109433727,1575,-81,-1272
adc,1109411263,0.7343750596046448,1109420302,0.6155000329017639,1109429340,0.22487501800060272,1109438521,0.6687500476837158,,,,,,,,
mpu,,,,,,,,,1109533733,6398,10506,-19274,1109533733,1717,272,-1197
adc,1109511252,0.22287501394748688,1109520290,0.8007500171661377,1109529325,1.1155000925064087,1109538554,1.124500036239624,,,,,,,,
mpu,,,,,,,,,1109633726,7112,20880,-19950,1109633726,1520,290,-715
adc,1109611255,0.0820000022649765,1109620300,0.6238750219345093,1109629333,1.3532500267028809,1109638819,1.268125057220459,,,,,,,,
mpu,,,,,,,,,1109733728,3176,32767,-30606,1109733728,817,-374,-264
adc,1109711253,0.5862500071525574,1109720288,0.33800002932548523,1109729321,1.0627501010894775,1109738794,1.1856250762939453,,,,,,,,
mpu,,,,,,,,,1109833729,1938,32767,-31130,1109833729,-801,-90,592
adc,1109811259,-0.42750000953674316,1109820297,0.13825000822544098,1109829331,-0.004625000059604645,1109838312,0.4461250305175781,,,,,,,,
mpu,,,,,,,,,1109933732,4040,25754,-28554,1109933732,-2346,53,1293
adc,1109911252,-0.37150001525878906,1109920290,0.1366250067949295,1109929325,-0.005500000435858965,1109938322,0.16187500953674316,,,,,,,,
mpu,,,,,,,,,1110033728,6910,13600,-29222,1110033728,-2326,-68,1427
adc,1110011251,-0.2567500174045563,1110020294,0.2797500193119049,1110029328,0.004625000059604645,1110038313,0.29087501764297485,,,,,,,,
mpu,,,,,,,,,1110133722,52,7422,-25016,1110133722,-993,106,910
adc,1110111262,0.23237501084804535,1110120298,0.22962501645088196,1110129331,0.20400001108646393,1110138529,0.5717500448226929,,,,,,,,
mpu,,,,,,,,,1110233727,1444,144,-30906,1110233727,588,-147,-418
adc,1110211259,0.058000002056360245,1110220303,0.17387500405311584,1110229335,0.055500004440546036,1110238318,0.4623750150203705,,,,,,,,
mpu,,,,,,,,,1110333731,-660,-5124,-32768,1110333731,1630,-162,-1378
adc,1110311257,0.9825000762939453,1110320299,0.6427500247955322,1110329337,0.5702500343322754,1110338315,0.8715000152587891,,,,,,,,
mpu,,,,,,,,,1110433728,7072,9042,-24182,1110433728,1733,134,-1403
adc,1110411270,0.35625001788139343,1110420305,0.32237502932548523,1110429336,1.175125002861023,1110438317,1.3217500448226929,,,,,,,,
mpu,,,,,,,,,1110533729,7002,20858,-19044,1110533729,1474,361,-809
adc,1110511248,-0.13625000417232513,1110520281,0.655875027179718,1110529315,1.468000054359436,1110538321,1.4155000448226929,,,,,,,,
mpu,,,,,,,,,1110633727,2810,32160,-31492,1110633727,795,-506,-195
adc,1110611266,0.19712500274181366,1110620300,0.6048750281333923,1110629339,1.1638751029968262,1110638806,1.0441250801086426,,,,,,,,
mpu,,,,,,,,,1110733731,5968,31632,-31136,1110733731,-817,13,709
adc,1110711253,-0.4466250240802765,1110720292,0.2770000100135803,1110729328,0.09737500548362732,1110738811,0.5512500405311584,,,,,,,,
mpu,,,,,,,,,1110833727,3258,22994,-29342,1110833727,-2205,274,1335
adc,1110811262,-0.3987500071525574,1110820304,0.34937500953674316,1110829341,0.07612500339746475,1110838798,0.38225001096725464,,,,,,,,
mpu,,,,,,,,,1110933725,2136,16072,-24732,1110933725,-2061,287,1262
adc,1110911270,-0.29112499952316284,1110920310,0.3381250202655792,1110929338,0.08387500047683716,1110938826,0.36387503147125244,,,,,,,,
mpu,,,,,,,,,1111033725,3860,7978,-26778,1111033725,-955,-163,595
adc,1111011253,-0.04437500238418579,1111020290,0.390500009059906,1111029323,0.00950000062584877,1111038520,0.3331250250339508,,,,,,,,
mpu,,,,,,,,,1111133730,-964,-88,-30090,1111133730,680,-61,-319
adc,1111111259,0.027250001206994057,1111120302,0.3005000054836273,1111129333,0.006000000052154064,1111138526,0.37787503004074097,,,,,,,,
mpu,,,,,,,,,1111233734,2092,-4888,-32768,1111233734,1613,-149,-1315
adc,1111211266,0.6422500014305115,1111220300,1.1191250085830688,1111229335,0.33387503027915955,1111238343,0.8457500338554382,,,,,,,,
mpu,,,,,,,,,1111333735,8882,12074,-16328,1111333735,1675,387,-1265
adc,1111311261,0.05662500113248825,1111320287,0.6585000157356262,1111329325,1.0273751020431519,1111338360,1.258500099182129,,,,,,,,
mpu,,,,,,,,,1111433730,5616,22154,-20154,1111433730,1557,276,-742
adc,1111411256,-0.17012500762939453,1111420295,0.7695000171661377,1111429334,1.2936251163482666,1111438532,1.349000096321106,,,,,,,,
mpu,,,,,,,,,1111533730,2642,32767,-32390,1111533730,759,-479,-215
adc,1111511255,-0.012000000104308128,1111520295,0.5615000128746033,1111529335,0.9922500252723694,1111538538,1.0245000123977661,,,,,,,,
mpu,,,,,,,,,1111633727,-432,32320,-31826,1111633727,-950,-60,695
adc,1111611260,-0.43400001525878906,1111620300,0.18062500655651093,1111629334,0.022750001400709152,1111638312,0.5693750381469727,,,,,,,,
mpu,,,,,,,,,1111733730,4484,22012,-31834,1111733730,-2271,278,1384
adc,1111711250,-0.16175000369548798,1111720283,0.437375009059906,1111729317,0.0032500000670552254,1111738815,0.37812501192092896,,,,,,,,
mpu,,,,,,,,,1111833734,1334,17108,-24940,1111833734,-2021,271,1256
adc,1111811260,-0.20775000751018524,1111820299,0.45125001668930054,1111829332,0.0430000014603138,1111838780,0.41700002551078796,,,,,,,,
mpu,,,,,,,,,1111933728,2994,6924,-26820,1111933728,-945,-160,590
adc,1111911260,-0.08350000530481339,1111920301,0.445125013589859,1111929334,0.023750001564621925,1111938344,0.3346250057220459,,,,,,,,
mpu,,,,,,,,,1112033727,952,-520,-32142,1112033727,665,-175,-441
adc,1112011262,-0.058000002056360245,1112020302,0.5247500538825989,1112029340,-0.0042500002309679985,1112038325,0.3632500171661377,,,,,,,,
mpu,,,,,,,,,1112133735,2586,-4396,-27630,1112133735,1656,14,-1363
adc,1112111252,0.7488750219345093,1112120291,1.1998751163482666,1112129325,0.41750001907348633,1112138658,0.8487500548362732,,,,,,,,
mpu,,,,,,,,,1112233734,8522,12310,-18030,1112233734,1654,359,-1137
adc,1112211258,-0.10812500864267349,1112220295,0.5687500238418579,1112229330,1.1367501020431519,1112238515,1.3108750581741333,,,,,,,,
mpu,,,,,,,,,1112333730,6326,22714,-19624,1112333730,1543,204,-711
adc,1112311257,-0.20262500643730164,1112320293,0.9190000295639038,1112329322,1.4252500534057617,1112338322,1.2921251058578491,,,,,,,,
mpu,,,,,,,,,1112433729,5000,32767,-29286,1112433729,737,-517,-163
adc,1112411248,0.2277500182390213,1112420293,0.8175000548362732,1112429326,1.158250093460083,1112438331,1.0136250257492065,,,,,,,,
mpu,,,,,,,,,1112533730,3414,32160,-32768,1112533730,-958,3,671
adc,1112511255,-0.43025001883506775,1112520293,0.406000018119812,1112529327,0.023500001057982445,1112538346,0.5276250243186951,,,,,,,,
mpu,,,,,,,,,1112633729,6190,22798,-31894,1112633729,-2304,368,1375
adc,1112611271,-0.31300002336502075,1112620309,0.48762503266334534,1112629341,0.023000001907348633,1112638544,0.41712501645088196,,,,,,,,
mpu,,,,,,,,,1112733725,3944,16436,-26644,1112733725,-2044,245,1212
adc,1112711257,-0.2996250092983246,1112720295,0.5367500185966492,1112729328,0.03500000014901161,1112738526,0.335750013589859,,,,,,,,
mpu,,,,,,,,,1112833725,2234,6616,-26634,1112833725,-930,-166,557
adc,1112811257,-0.10137500613927841,1112820286,0.5113750100135803,1112829319,0.006375000346451998,1112838532,0.2875000238418579,,,,,,,,
mpu,,,,,,,,,1112933729,1230,648,-30538,1112933729,689,-253,-388
adc,1112911259,-0.14550000429153442,1112920297,0.6395000219345093,1112929330,-0.0023750001564621925,1112938557,0.3368750214576721,,,,,,,,
mpu,,,,,,,,,1113033732,2666,-4804,-32110,1113033732,1627,5,-1349
adc,1113011261,0.6046250462532043,1113020299,0.9776250720024109,1113029333,0.3752500116825104,1113038319,0.7876250147819519,,,,,,,,
mpu,,,,,,,,,1113133726,4742,9286,-22568,1113133726,1714,361,-1068
adc,1113111262,-0.033125001937150955,1113120304,0.8183750510215759,1113129337,1.0356251001358032,1113138399,1.3253750801086426,,,,,,,,
mpu,,,,,,,,,1113233727,6680,20018,-23524,1113233727,1623,209,-577
adc,1113211258,-0.2201250046491623,1113220294,1.1546250581741333,1113229330,1.458125114440918,1113238331,1.3760000467300415,,,,,,,,
mpu,,,,,,,,,1113333728,2596,32767,-29990,1113333728,749,-486,-317
adc,1113311258,-0.16987501084804535,1113320295,0.8248750567436218,1113329329,1.2140001058578491,1113338332,1.0981251001358032,,,,,,,,
mpu,,,,,,,,,1113433729,266,32124,-32650,1113433729,-1016,-58,679
adc,1113411261,-0.4428750276565552,1113420298,0.38600000739097595,1113429334,0.0001250000059371814,1113438578,0.4112500250339508,,,,,,,,
mpu,,,,,,,,,1113533733,5748,21640,-31578,1113533733,-2345,267,1360
adc,1113511252,-0.31937500834465027,1113520283,0.4722500145435333,1113529318,-0.002625000197440386,1113538557,0.21250000596046448,,,,,,,,
mpu,,,,,,,,,1113633730,3132,15646,-27388,1113633730,-2070,176,1267
adc,1113611261,-0.14037500321865082,1113620296,0.5478750467300415,1113629331,0.06412500143051147,1113638774,0.3022500276565552,,,,,,,,
mpu,,,,,,,,,1113733731,4882,7956,-28918,1113733731,-948,-186,596
adc,1113711246,-0.11112500727176666,1113720282,0.46925002336502075,1113729318,0.03850000351667404,1113738793,0.33150002360343933,,,,,,,,
mpu,,,,,,,,,1113833724,1174,-400,-31074,1113833724,688,-75,-415
adc,1113811252,-0.13500000536441803,1113820288,0.7943750619888306,1113829323,-0.002500000176951289,1113838540,0.40275001525878906,,,,,,,,
mpu,,,,,,,,,1113933733,5046,-5546,-32768,1113933733,1633,-127,-1344
adc,1113911266,0.4911250174045563,1113920298,1.1538751125335693,1113929335,0.3400000035762787,1113938405,0.7833750247955322,,,,,,,,
mpu,,,,,,,,,1114033728,7472,11176,-21264,1114033728,1663,374,-1187
adc,1114011258,-0.2042500078678131,1114020303,0.799875020980835,1114029330,1.1801249980926514,1114038312,1.314500093460083,,,,,,,,
mpu,,,,,,,,,1114133726,6410,22556,-19952,1114133726,1527,131,-753
adc,1114111267,-0.3083750009536743,1114120303,1.1102499961853027,1114129337,1.468500018119812,1114138537,1.3632500171661377,,,,,,,,
mpu,,,,,,,,,1114233730,4992,32724,-31304,1114233730,761,-344,-230
adc,1114211254,-0.12575000524520874,1114220286,0.8723750710487366,1114229324,1.2153750658035278,1114238345,1.1917500495910645,,,,,,,,
mpu,,,,,,,,,1114333735,-590,32242,-31480,1114333735,-989,48,670
adc,1114311256,-0.39900001883506775,1114320291,0.4516250193119049,1114329326,0.101500004529953,1114338506,0.690625011920929,,,,,,,,
mpu,,,,,,,,,1114433736,4646,25046,-31860,1114433736,-2427,238,1393
adc,1114411266,-0.3828750252723694,1114420309,0.581375002861023,1114429344,0.07337500154972076,1114438552,0.5836250185966492,,,,,,,,
mpu,,,,,,,,,1114533724,1338,15116,-25878,1114533724,-2044,252,1240
adc,1114511264,-0.3615000247955322,1114520295,0.6043750047683716,1114529329,0.00812500063329935,1114538332,0.4385000169277191,,,,,,,,
mpu,,,,,,,,,1114633733,3704,5770,-27648,1114633733,-825,-79,564
adc,1114611259,-0.25824999809265137,1114620297,0.6565000414848328,1114629332,0.0016250000335276127,1114638820,0.32612502574920654,,,,,,,,
mpu,,,,,,,,,1114733732,836,-1814,-31008,1114733732,694,-244,-581
adc,1114711259,-0.01875000074505806,1114720297,0.5601250529289246,1114729331,-0.0005000000237487257,1114738819,0.4006250202655792,,,,,,,,
mpu,,,,,,,,,1114833727,7168,-3748,-32768,1114833727,1543,-42,-1385
adc,1114811256,0.6668750047683716,1114820290,1.137125015258789,1114829324,0.4985000193119049,1114838312,0.8110000491142273,,,,,,,,
mpu,,,,,,,,,1114933730,8520,9514,-21362,1114933730,1719,421,-1024
adc,1114911257,-0.0768750011920929,1114920290,0.8551250696182251,1114929325,1.1906250715255737,1114938820,1.4377501010894775,,,,,,,,
mpu,,,,,,,,,1115033728,2740,24174,-22412,1115033728,1574,247,-570
adc,1115011257,-0.29637500643730164,1115020291,1.2196251153945923,1115029326,1.3890000581741333,1115038810,1.4892500638961792,,,,,,,,
mpu,,,,,,,,,1115133727,4692,32767,-32768,1115133727,669,-194,-80
adc,1115111254,-0.3540000021457672,1115120292,0.9250000715255737,1115129322,1.2218750715255737,1115138347,1.3078750371932983,,,,,,,,
mpu,,,,,,,,,1115233733,892,30490,-32442,1115233733,-1138,-79,762
adc,1115211263,-0.4051250219345093,1115220304,0.4115000069141388,1115229343,0.19600000977516174,1115238328,0.7773750424385071,,,,,,,,
mpu,,,,,,,,,1115333730,4948,25262,-31052,1115333730,-2384,75,1306
adc,1115311269,-0.3801250159740448,1115320306,0.7160000205039978,1115329335,0.11887500435113907,1115338810,0.5996250510215759,,,,,,,,
mpu,,,,,,,,,1115433729,4216,15248,-27646,1115433729,-2008,198,1202
adc,1115411249,-0.3501250147819519,1115420283,0.5431250333786011,1115429318,0.029375001788139343,1115438411,0.47812503576278687,,,,,,,,
mpu,,,,,,,,,1115533734,3014,5922,-27642,1115533734,-738,-96,432
adc,1115511257,-0.34300002455711365,1115520290,0.7920000553131104,1115529327,0.0006250000442378223,1115538615,0.3537500202655792,,,,,,,,
mpu,,,,,,,,,1115633728,1514,-2588,-32698,1115633728,848,-176,-613
adc,1115611255,-0.0806250050663948,1115620292,0.6920000314712524,1115629327,0.0,1115638311,0.4726250171661377,,,,,,,,
mpu,,,,,,,,,1115733730,8594,-3478,-32288,1115733730,1654,36,-1393
adc,1115711255,0.4402500092983246,1115720290,1.1976250410079956,1115729323,0.5941250324249268,1115738336,1.0220000743865967,,,,,,,,
mpu,,,,,,,,,1115833726,8508,12048,-18886,1115833726,1687,437,-966
adc,1115811251,-0.2878750264644623,1115820286,0.8812500238418579,1115829320,1.2342500686645508,1115838323,1.4537500143051147,,,,,,,,
mpu,,,,,,,,,1115933728,6808,26926,-18730,1115933728,1537,165,-529
adc,1115911255,-0.29862502217292786,1115920295,1.1451250314712524,1115929332,1.4807500839233398,1115938315,1.452125072479248,,,,,,,,
mpu,,,,,,,,,1116033726,1222,32767,-29468,1116033726,487,-306,-58
adc,1116011266,-0.32862502336502075,1116020302,1.0258750915527344,1116029335,1.161500096321106,1116038807,1.1311250925064087,,,,,,,,
mpu,,,,,,,,,1116133734,1784,29594,-29338,1116133734,-1335,-88,758
adc,1116111264,-0.40275001525878906,1116120307,0.565125048160553,1116129345,0.048250000923871994,1116138343,0.7046250104904175,,,,,,,,
mpu,,,,,,,,,1116233733,7890,24214,-28710,1116233733,-2398,66,1306
adc,1116211258,-0.3556250035762787,1116220298,0.8686250448226929,1116229335,0.011375000700354576,1116238792,0.5576250553131104,,,,,,,,
mpu,,,,,,,,,1116333720,3322,13996,-28092,1116333720,-1902,140,1195
adc,1116311248,-0.3541250228881836,1116320284,0.6343750357627869,1116329318,0.00787500012665987,1116338805,0.3725000321865082,,,,,,,,
mpu,,,,,,,,,1116433734,2160,3466,-26176,1116433734,-539,10,419
adc,1116411261,-0.3152500092983246,1116420286,0.6447500586509705,1116429317,0.002250000135973096,1116438307,0.413875013589859,,,,,,,,
mpu,,,,,,,,,1116533722,304,-1612,-32162,1116533722,1050,-190,-677
adc,1116511260,0.04512500390410423,1116520300,0.8641250133514404,1116529334,0.0008750000270083547,1116538315,0.4818750321865082,,,,,,,,
mpu,,,,,,,,,1116633730,8870,-3410,-27032,1116633730,1765,-19,-1342
adc,1116611261,0.7242500185966492,1116620295,1.2975000143051147,1116629328,0.6101250052452087,1116638779,1.0674999952316284,,,,,,,,
mpu,,,,,,,,,1116733734,7504,14018,-19306,1116733734,1643,477,-968
adc,1116711248,-0.2866250276565552,1116720283,0.9223750233650208,1116729318,1.167875051498413,1116738811,1.533750057220459,,,,,,,,
mpu,,,,,,,,,1116833726,3258,29092,-20732,1116833726,1398,160,-599
adc,1116811254,-0.3256250023841858,1116820297,1.2137500047683716,1116829336,1.4240000247955322,1116838796,1.518625020980835,,,,,,,,
mpu,,,,,,,,,1116933727,6830,32767,-32768,1116933727,306,-458,32
adc,1116911259,-0.3290000259876251,1116920296,1.0162500143051147,1116929332,1.06850004196167,1116938542,1.0956250429153442,,,,,,,,
mpu,,,,,,,,,1117033723,2178,29144,-27474,1117033723,-1633,-51,873
adc,1117011259,-0.4008750319480896,1117020298,0.3137500286102295,1117029332,-0.0006250000442378223,1117038321,0.4321250319480896,,,,,,,,
mpu,,,,,,,,,1117133729,4882,21760,-29892,1117133729,-2340,114,1364
adc,1117111255,-0.3101250231266022,1117120294,0.6698750257492065,1117129329,0.03137500211596489,1117138538,0.47337502241134644,,,,,,,,
mpu,,,,,,,,,1117233729,3272,13798,-28632,1117233729,-1714,192,1151
adc,1117211262,-0.30537500977516174,1117220301,0.7123750448226929,1117229338,0.03462500125169754,1117238807,0.398250013589859,,,,,,,,
mpu,,,,,,,,,1117333732,2936,2728,-27906,1117333732,-353,-138,220
adc,1117311250,-0.32612502574920654,1117320288,0.8341250419616699,1117329321,0.005625000223517418,1117338410,0.3230000138282776,,,,,,,,
mpu,,,,,,,,,1117433732,-2164,-2698,-32768,1117433732,1182,-184,-837
adc,1117411255,0.35837501287460327,1117420300,0.8180000185966492,1117429330,0.015250001102685928,1117438341,0.42500001192092896,,,,,,,,
mpu,,,,,,,,,1117533732,6702,-2274,-29780,1117533732,1707,-26,-1437
adc,1117511265,0.3941250145435333,1117520293,1.272125005722046,1117529329,0.656125009059906,1117538392,1.0242500305175781,,,,,,,,
mpu,,,,,,,,,1117633726,5476,15382,-21832,1117633726,1640,475,-986
adc,1117611245,-0.33762502670288086,1117620285,1.0915000438690186,1117629317,1.3537501096725464,1117638551,1.5237500667572021,,,,,,,,
mpu,,,,,,,,,1117733732,4280,29198,-22832,1117733732,1369,18,-533
adc,1117711263,-0.1615000069141388,1117720300,1.1352500915527344,1117729340,1.4746251106262207,1117738788,1.380750060081482,,,,,,,,
mpu,,,,,,,,,1117833733,-982,32148,-29348,1117833733,89,-413,179
adc,1117811258,-0.24562501907348633,1117820286,1.143375039100647,1117829319,0.7950000166893005,1117838795,0.9471250176429749,,,,,,,,
mpu,,,,,,,,,1117933729,3554,28544,-31622,1117933729,-1815,74,1015
adc,1117911251,-0.34437501430511475,1117920293,0.5715000033378601,1117929322,0.03162500262260437,1117938424,0.5898750424385071,,,,,,,,
mpu,,,,,,,,,1118033729,1268,21964,-29390,1118033729,-2358,327,1403
adc,1118011260,-0.2737500071525574,1118020299,0.7195000052452087,1118029332,0.058250002562999725,1118038308,0.3553750216960907,,,,,,,,
mpu,,,,,,,,,1118133730,5346,10660,-27996,1118133730,-1674,-21,1018
adc,1118111248,-0.2736250162124634,1118120280,0.7503750324249268,1118129316,0.0061250003054738045,1118138424,0.33000001311302185,,,,,,,,
mpu,,,,,,,,,1118233727,2376,424,-29474,1118233727,-21,-96,96
adc,1118211255,-0.28675001859664917,1118220294,0.8595000505447388,1118229327,0.003750000149011612,1118238809,0.33375000953674316,,,,,,,,
mpu,,,,,,,,,1118333729,-5614,-3672,-29852,1118333729,1371,-126,-969
adc,1118311261,0.4688750207424164,1118320298,1.0313750505447388,1118329330,0.0042500002309679985,1118338816,0.37787503004074097,,,,,,,,
mpu,,,,,,,,,1118433727,4932,936,-23228,1118433727,1732,-72,-1353
adc,1118411258,0.5947500467300415,1118420297,1.343500018119812,1118429336,0.8232500553131104,1118438833,1.0606250762939453,,,,,,,,
mpu,,,,,,,,,1118533733,6838,15262,-22778,1118533733,1655,463,-925
adc,1118511251,-0.3047500252723694,1118520289,1.1243751049041748,1118529324,1.3133751153945923,1118538508,1.411500096321106,,,,,,,,
mpu,,,,,,,,,1118633730,5476,31826,-27320,1118633730,1249,-161,-494
adc,1118611256,-0.08412500470876694,1118620293,1.1231250762939453,1118629324,1.3828750848770142,1118638316,1.2908750772476196,,,,,,,,
mpu,,,,,,,,,1118733725,-1080,32096,-32768,1118733725,-233,-184,335
adc,1118711258,-0.18850000202655792,1118720299,0.7757500410079956,1118729326,0.6228750348091125,1118738529,0.9201250672340393,,,,,,,,
mpu,,,,,,,,,1118833732,138,25992,-32374,1118833732,-2117,82,1192
adc,1118811264,-0.2645000219345093,1118820299,0.503000020980835,1118829334,0.02837500162422657,1118838341,0.5248750448226929,,,,,,,,
mpu,,,,,,,,,1118933730,3550,18792,-28438,1118933730,-2356,261,1355
adc,1118911245,-0.2707500159740448,1118920287,0.6896250247955322,1118929316,0.029125001281499863,1118938297,0.32475000619888306,,,,,,,,
mpu,,,,,,,,,1119033728,3358,10130,-26498,1119033728,-1380,0,851
adc,1119011268,-0.28050002455711365,1119020302,0.7975000143051147,1119029336,0.004625000059604645,1119038809,0.2918750047683716,,,,,,,,
mpu,,,,,,,,,1119133734,1902,-752,-30288,1119133734,275,-114,-182
adc,1119111259,-0.2200000137090683,1119120297,0.8523750305175781,1119129339,0.004875000100582838,1119138520,0.28437501192092896,,,,,,,,
mpu,,,,,,,,,1119233727,-630,-4716,-29114,1119233727,1486,-66,-1148
adc,1119211259,0.6621250510215759,1119220298,1.0627501010894775,1119229335,0.019375000149011612,1119238825,0.546750009059906,,,,,,,,
mpu,,,,,,,,,1119333728,5620,7412,-23724,1119333728,1838,192,-1220
adc,1119311263,0.5645000338554382,1119320301,1.155250072479248,1119329333,0.8843750357627869,1119338820,1.2157500982284546,,,,,,,,
mpu,,,,,,,,,1119433728,9230,19680,-22130,1119433728,1632,306,-691
adc,1119411269,-0.09437500685453415,1119420310,0.9790000319480896,1119429344,1.3128750324249268,1119438819,1.4107500314712524,,,,,,,,
mpu,,,,,,,,,1119533734,8194,32767,-31132,1119533734,981,-326,-339
adc,1119511258,0.23512500524520874,1119520295,1.0075000524520874,1119529327,1.3846250772476196,1119538504,1.2238750457763672,,,,,,,,
mpu,,,,,,,,,1119633732,3652,32767,-32768,1119633732,-598,-145,419
adc,1119611271,-0.22187501192092896,1119620304,-0.14937500655651093,1119629335,0.3918750286102295,1119638320,0.7928750514984131,,,,,,,,
mpu,,,,,,,,,1119733728,816,25208,-32082,1119733728,-2370,200,1233
adc,1119711248,-0.2408750057220459,1119720280,0.48075002431869507,1119729318,0.08437500149011612,1119738302,0.5066249966621399,,,,,,,,
mpu,,,,,,,,,1119833729,1872,17482,-26046,1119833729,-2264,257,1273
adc,1119811244,-0.16300000250339508,1119820286,0.783750057220459,1119829325,0.08650000393390656,1119838357,0.35887500643730164,,,,,,,,
mpu,,,,,,,,,1119933728,4364,8792,-28066,1119933728,-1107,-154,694
adc,1119911265,-0.22225001454353333,1119920298,0.7036250233650208,1119929335,0.017625000327825546,1119938830,0.29100000858306885,,,,,,,,
mpu,,,,,,,,,1120033728,1328,-838,-31884,1120033728,603,-170,-336
adc,1120011253,-0.1678750067949295,1120020292,0.8713750243186951,1120029327,0.005875000264495611,1120038314,0.2602500021457672,,,,,,,,
mpu,,,,,,,,,1120133727,3568,-5212,-32768,1120133727,1649,-8,-1312
adc,1120111248,0.8236250281333923,1120120281,1.1293751001358032,1120129317,0.058250002562999725,1120138368,0.5336250066757202,,,,,,,,
mpu,,,,,,,,,1120233733,4622,10994,-23738,1120233733,1729,331,-1155
adc,1120211255,0.59312504529953,1120220288,0.9642500281333923,1120229325,1.0297499895095825,1120238520,1.2035000324249268,,,,,,,,
mpu,,,,,,,,,1120333728,9956,23966,-18196,1120333728,1590,235,-631
adc,1120311246,0.03162500262260437,1120320280,0.9686250686645508,1120329317,1.299625039100647,1120338798,1.3360000848770142,,,,,,,,
mpu,,,,,,,,,1120433730,3236,30614,-28386,1120433730,725,-362,-147
adc,1120411253,-0.012125000357627869,1120420287,0.627875030040741,1120429317,1.187000036239624,1120438372,1.2135000228881836,,,,,,,,
mpu,,,,,,,,,1120533731,3982,31734,-32768,1120533731,-1008,-40,625
adc,1120511252,-0.19237500429153442,1120520286,0.21162500977516174,1120529318,0.6372500061988831,1120538392,1.1701250076293945,,,,,,,,
mpu,,,,,,,,,1120633730,2214,28346,-32044,1120633730,-2464,207,1299
adc,1120611241,-0.14387500286102295,1120620270,0.5751250386238098,1120629303,0.3361250162124634,1120638328,0.6697500348091125,,,,,,,,
mpu,,,,,,,,,1120733733,2582,15018,-25370,1120733733,-2108,207,1158
adc,1120711262,-0.11825000494718552,1120720296,0.7048750519752502,1120729327,0.09187500178813934,1120738333,0.3460000157356262,,,,,,,,
mpu,,,,,,,,,1120833727,890,4758,-26840,1120833727,-721,-136,558
adc,1120811254,-0.11412500590085983,1120820290,0.6343750357627869,1120829327,0.019625000655651093,1120838542,0.35887500643730164,,,,,,,,
mpu,,,,,,,,,1120933734,2034,-1768,-32566,1120933734,911,-319,-486
adc,1120911257,-0.13875000178813934,1120920291,0.8288750648498535,1120929326,0.006625000387430191,1120938642,0.30100002884864807,,,,,,,,
mpu,,,,,,,,,1121033726,4814,-5006,-32072,1121033726,1760,91,-1383
adc,1121011254,0.9882500171661377,1121020286,1.0516250133514404,1121029320,0.25187501311302185,1121038557,0.8402500152587891,,,,,,,,
mpu,,,,,,,,,1121133731,7180,12758,-21944,1121133731,1698,378,-1034
adc,1121111256,0.1368750035762787,1121120288,0.8008750677108765,1121129319,1.0306251049041748,1121138397,1.3562500476837158,,,,,,,,
mpu,,,,,,,,,1121233731,4182,26442,-21276,1121233731,1502,274,-637
adc,1121211261,0.14087501168251038,1121220298,1.03000009059906,1121229330,1.3760000467300415,1121238804,1.3572500944137573,,,,,,,,
mpu,,,,,,,,,1121333724,282,32767,-30366,1121333724,585,-514,-76
adc,1121311260,0.32237502932548523,1121320300,0.5951250195503235,1121329332,1.2065000534057617,1121338801,1.167375087738037,,,,,,,,
mpu,,,,,,,,,1121433733,1208,28710,-32768,1121433733,-1351,-81,795
adc,1121411249,-0.132750004529953,1121420288,-0.06837500631809235,1121429327,0.17550000548362732,1121438330,0.6235000491142273,,,,,,,,
mpu,,,,,,,,,1121533729,5378,22682,-30758,1121533729,-2521,166,1359
adc,1121511248,-0.04975000396370888,1121520281,0.5517500042915344,1121529315,0.06275000423192978,1121538533,0.4163750112056732,,,,,,,,
mpu,,,,,,,,,1121633731,4112,14080,-24378,1121633731,-1981,243,1160
adc,1121611263,0.048500001430511475,1121620298,0.5267500281333923,1121629336,0.08300000429153442,1121638819,0.4582500159740448,,,,,,,,
mpu,,,,,,,,,1121733726,4452,3932,-27258,1121733726,-643,-207,359
adc,1121711252,-0.030250001698732376,1121720287,0.690250039100647,1121729323,0.015500000678002834,1121738363,0.3422500193119049,,,,,,,,
mpu,,,,,,,,,1121833726,274,-704,-31630,1121833726,1025,-129,-619
adc,1121811268,0.006750000175088644,1121820302,0.7202500104904175,1121829339,0.007500000298023224,1121838818,0.40925002098083496,,,,,,,,
mpu,,,,,,,,,1121933734,8814,-6398,-32768,1121933734,1743,-52,-1329
adc,1121911254,1.0986250638961792,1121920291,0.9933750629425049,1121929324,0.42500001192092896,1121938318,0.955500066280365,,,,,,,,
mpu,,,,,,,,,1122033727,7976,15486,-20292,1122033727,1713,464,-1028
adc,1122011258,0.11625000834465027,1122020301,0.7812500596046448,1122029327,1.133500099182129,1122038302,1.3635001182556152,,,,,,,,
mpu,,,,,,,,,1122133732,3636,24728,-21794,1122133732,1421,31,-550
adc,1122111259,0.3505000174045563,1122120296,0.8830000162124634,1122129332,1.386375069618225,1122138517,1.3126250505447388,,,,,,,,
mpu,,,,,,,,,1122233728,4752,32764,-32092,1122233728,407,-383,33
adc,1122211246,0.13450001180171967,1122220282,0.593250036239624,1122229311,1.095750093460083,1122238331,1.0576250553131104,,,,,,,,
mpu,,,,,,,,,1122333725,1462,29724,-30292,1122333725,-1450,-66,816
adc,1122311264,-0.12812501192092896,1122320299,-0.17150001227855682,1122329331,0.156125009059906,1122338806,0.6575000286102295,,,,,,,,
mpu,,,,,,,,,1122433721,2670,22868,-30170,1122433721,-2409,179,1407
adc,1122411253,0.08900000154972076,1122420288,0.5097500085830688,1122429317,0.10850000381469727,1122438313,0.6137500405311584,,,,,,,,
mpu,,,,,,,,,1122533729,2548,12788,-29036,1122533729,-1916,56,1126
adc,1122511262,0.1458750069141388,1122520295,0.3986250162124634,1122529325,0.05400000140070915,1122538812,0.4232500195503235,,,,,,,,
mpu,,,,,,,,,1122633728,904,2934,-26224,1122633728,-498,13,220
adc,1122611260,0.1443750113248825,1122620299,0.503000020980835,1122629335,0.012125000357627869,1122638783,0.3371250033378601,,,,,,,,
mpu,,,,,,,,,1122733733,34,-1520,-32768,1122733733,1094,-95,-724
adc,1122711254,0.20900000631809235,1122720289,0.6807500123977661,1122729318,0.007500000298023224,1122738798,0.37575000524520874,,,,,,,,
mpu,,,,,,,,,1122833731,8748,-3848,-28914,1122833731,1787,56,-1352
adc,1122811251,0.518750011920929,1122820284,0.999750018119812,1122829318,0.41212502121925354,1122838809,0.8783750534057617,,,,,,,,
mpu,,,,,,,,,1122933730,8228,14186,-19922,1122933730,1712,435,-924
adc,1122911257,0.11075000464916229,1122920296,0.4896250367164612,1122929333,1.1682500839233398,1122938314,1.3200000524520874,,,,,,,,
mpu,,,,,,,,,1123033725,3186,28648,-24038,1123033725,1343,-67,-567
adc,1123011250,0.5381250381469727,1123020289,0.6730000376701355,1123029322,1.4116250276565552,1123038317,1.2538750171661377,,,,,,,,
mpu,,,,,,,,,1123133729,2182,32516,-32768,1123133729,252,-358,75
adc,1123111265,0.3621250092983246,1123120307,0.45112502574920654,1123129340,1.0708750486373901,1123138537,1.0256249904632568,,,,,,,,
mpu,,,,,,,,,1123233727,984,29394,-28374,1123233727,-1503,78,884
adc,1123211262,1.5021250247955322,1123220303,0.3153750002384186,1123229335,0.042875003069639206,1123238323,0.5352500081062317,,,,,,,,
mpu,,,,,,,,,1123333728,3498,22866,-28414,1123333728,-2365,62,1388
adc,1123311257,0.09550000727176666,1123320299,0.3526250123977661,1123329330,0.022750001400709152,1123338800,0.37037500739097595,,,,,,,,
mpu,,,,,,,,,1123433734,3716,12228,-28360,1123433734,-1824,151,1043
adc,1123411250,-0.14612500369548798,1123420289,0.23600001633167267,1123429326,0.03187500312924385,1123438308,0.30762502551078796,,,,,,,,
mpu,,,,,,,,,1123533727,1276,4148,-27510,1123533727,-375,-17,235
adc,1123511254,0.16375000774860382,1123520289,0.3801250159740448,1123529321,0.015125000849366188,1123538321,0.31987500190734863,,,,,,,,
mpu,,,,,,,,,1123633725,-508,-2648,-32768,1123633725,1166,-181,-736
adc,1123611251,0.41350001096725464,1123620285,0.6046250462532043,1123629326,0.007000000216066837,1123638818,0.34975001215934753,,,,,,,,
mpu,,,,,,,,,1123733728,6694,-2904,-28066,1123733728,1757,55,-1331
adc,1123711263,0.7005000114440918,1123720296,0.9231250286102295,1123729331,0.31987500190734863,1123738824,0.8916250467300415,,,,,,,,
mpu,,,,,,,,,1123833736,7298,14680,-18790,1123833736,1587,489,-912
adc,1123811257,0.3565000295639038,1123820296,0.5083750486373901,1123829330,1.0753750801086426,1123838383,1.4135000705718994,,,,,,,,
mpu,,,,,,,,,1123933727,4378,31752,-23332,1123933727,1309,-83,-599
adc,1123911252,0.1692500114440918,1123920292,0.4737500250339508,1123929324,1.3990000486373901,1123938374,1.3590000867843628,,,,,,,,
mpu,,,,,,,,,1124033725,1578,29494,-32326,1124033725,235,-380,113
adc,1124011252,0.4153750240802765,1124020292,0.2173750102519989,1124029328,0.9735000729560852,1124038313,0.984125018119812,,,,,,,,
mpu,,,,,,,,,1124133724,298,31226,-30798,1124133724,-1499,4,920
adc,1124111262,0.00800000037997961,1124120298,0.09575000405311584,1124129332,0.03237500041723251,1124138821,0.4150000214576721,,,,,,,,
mpu,,,,,,,,,1124233726,3924,22356,-27220,1124233726,-2428,-44,1392
adc,1124211257,0.06862500309944153,1124220285,0.3570000231266022,1124229321,0.006750000175088644,1124238314,0.15175001323223114,,,,,,,,
mpu,,,,,,,,,1124333725,2850,10324,-30950,1124333725,-1898,-214,1293
adc,1124311254,0.09712500125169754,1124320291,0.20987501740455627,1124329322,0.013125000521540642,1124338808,0.30775001645088196,,,,,,,,
mpu,,,,,,,,,1124433730,3366,4424,-28552,1124433730,-226,140,268
adc,1124411255,0.24050001800060272,1124420294,0.26612502336502075,1124429331,0.025875002145767212,1124438331,0.4358750283718109,,,,,,,,
mpu,,,,,,,,,1124533733,-902,-3254,-32284,1124533733,1031,-112,-869
adc,1124511252,0.43575000762939453,1124520284,0.4116250276565552,1124529313,0.03525000065565109,1124538437,0.43312501907348633,,,,,,,,
mpu,,,,,,,,,1124633723,7204,-864,-26096,1124633723,1665,-40,-1480
adc,1124611258,1.048875093460083,1124620294,0.8793750405311584,1124629329,0.4710000157356262,1124638799,0.8950000405311584,,,,,,,,
mpu,,,,,,,,,1124733736,10288,14320,-16906,1124733736,1698,575,-1029
adc,1124711250,0.374750018119812,1124720291,0.6235000491142273,1124729324,1.0873750448226929,1124738301,1.2547500133514404,,,,,,,,
mpu,,,,,,,,,1124833727,6182,31404,-21726,1124833727,1409,82,-583
adc,1124811265,0.38587501645088196,1124820297,0.4233750104904175,1124829331,1.395875096321106,1124838820,1.2528750896453857,,,,,,,,
mpu,,,,,,,,,1124933730,2222,31232,-32172,1124933730,191,-337,162
adc,1124911262,0.5793750286102295,1124920301,0.2565000057220459,1124929339,0.8266250491142273,1124938801,0.9690000414848328,,,,,,,,
mpu,,,,,,,,,1125033727,742,26332,-26570,1125033727,-1682,128,960
adc,1125011262,0.3801250159740448,1125020298,0.2823750078678131,1125029333,0.3831250071525574,1125038811,0.7926250100135803,,,,,,,,
mpu,,,,,,,,,1125133732,1802,23926,-31322,1125133732,-2376,72,1416
adc,1125111257,0.33912500739097595,1125120295,0.06462500244379044,1125129330,0.4087500274181366,1125138633,0.7046250104904175,,,,,,,,
mpu,,,,,,,,,1125233729,3766,11092,-26160,1125233729,-1734,130,1080
adc,1125211262,0.17887501418590546,1125220300,0.2006250023841858,1125229337,0.029500002041459084,1125238805,0.3437500298023224,,,,,,,,
mpu,,,,,,,,,1125333731,3078,3542,-28280,1125333731,-284,-184,285
adc,1125311246,0.47187501192092896,1125320286,0.22062501311302185,1125329319,0.030125001445412636,1125338777,0.39400002360343933,,,,,,,,
mpu,,,,,,,,,1125433729,-1672,-4342,-32768,1125433729,1204,-125,-854
adc,1125411257,0.6115000247955322,1125420289,0.29887500405311584,1125429324,0.006000000052154064,1125438372,0.491875022649765,,,,,,,,
mpu,,,,,,,,,1125533738,3484,-780,-32248,1125533738,1731,108,-1331
adc,1125511262,1.145875096321106,1125520301,0.6927500367164612,1125529339,0.6666250228881836,1125538358,1.1142500638961792,,,,,,,,
mpu,,,,,,,,,1125633727,6110,14184,-19802,1125633727,1625,521,-906
adc,1125611260,0.44462502002716064,1125620294,0.2850000262260437,1125629325,1.1798750162124634,1125638554,1.4267500638961792,,,,,,,,
mpu,,,,,,,,,1125733733,7334,27430,-23298,1125733733,1350,-33,-468
adc,1125711262,0.499875009059906,1125720305,0.3251250088214874,1125729342,1.4056251049041748,1125738832,1.3672500848770142,,,,,,,,
mpu,,,,,,,,,1125833727,-398,31860,-29982,1125833727,159,-287,81
adc,1125811254,0.4930000305175781,1125820294,0.16487500071525574,1125829332,1.1281250715255737,1125838823,1.0947500467300415,,,,,,,,
mpu,,,,,,,,,1125933741,3536,26380,-28772,1125933741,-1672,7,925
adc,1125911266,0.21837501227855682,1125920302,-0.22937500476837158,1125929345,0.05437500402331352,1125938336,0.5373750329017639,,,,,,,,
mpu,,,,,,,,,1126033725,2812,21758,-27422,1126033725,-2272,271,1346
adc,1126011253,0.45250001549720764,1126020294,0.11937500536441803,1126029329,0.030125001445412636,1126038542,0.3696250319480896,,,,,,,,
mpu,,,,,,,,,1126133724,4420,12628,-27312,1126133724,-1699,14,1046
adc,1126111246,0.37700000405311584,1126120286,0.07800000160932541,1126129312,0.03962500020861626,1126138334,0.3071250021457672,,,,,,,,
mpu,,,,,,,,,1126233728,2318,3450,-29194,1126233728,-305,-174,228
adc,1126211241,0.5976250171661377,1126220274,0.1938750147819519,1126229305,0.005750000476837158,1126238569,0.19037501513957977,,,,,,,,
mpu,,,,,,,,,1126333728,-544,-2800,-32588,1126333728,1121,-149,-866
adc,1126311254,1.1822500228881836,1126320293,0.2603750228881836,1126329326,0.005125000141561031,1126338378,0.2695000171661377,,,,,,,,
mpu,,,,,,,,,1126433729,8414,-858,-31536,1126433729,1624,67,-1421
adc,1126411255,1.4631251096725464,1126420293,0.718250036239624,1126429326,0.5687500238418579,1126438312,0.8791250586509705,,,,,,,,
mpu,,,,,,,,,1126533728,7742,11700,-20468,1126533728,1626,527,-803
adc,1126511259,0.34425002336502075,1126520296,0.27425000071525574,1126529327,1.1405000686645508,1126538330,1.4440001249313354,,,,,,,,
mpu,,,,,,,,,1126633732,4560,31292,-23904,1126633732,1460,206,-382
adc,1126611267,0.6307500004768372,1126620306,0.4541250169277191,1126629342,1.3865001201629639,1126638801,1.4026250839233398,,,,,,,,
mpu,,,,,,,,,1126733729,-1136,32602,-30392,1126733729,133,-309,116
adc,1126711254,0.3423750102519989,1126720294,-0.08500000089406967,1126729329,1.1152501106262207,1126738779,1.0890001058578491,,,,,,,,
mpu,,,,,,,,,1126833733,3432,26876,-29010,1126833733,-1712,-39,965
adc,1126811258,0.2540000081062317,1126820296,-0.3135000169277191,1126829329,0.03887500241398811,1126838431,0.7140000462532043,,,,,,,,
mpu,,,,,,,,,1126933732,5248,22580,-29084,1126933732,-2383,-69,1345
adc,1126911254,-0.06950000673532486,1126920293,0.09175000339746475,1126929329,0.006750000175088644,1126938333,0.19362500309944153,,,,,,,,
mpu,,,,,,,,,1127033730,4838,10526,-26508,1127033730,-1792,-136,1201
adc,1127011257,0.14225000143051147,1127020299,0.22837501764297485,1127029335,0.004875000100582838,1127038821,0.19737501442432404,,,,,,,,
mpu,,,,,,,,,1127133729,110,2944,-27462,1127133729,-318,-171,259
adc,1127111255,0.2526250183582306,1127120296,-0.007000000216066837,1127129328,0.055000003427267075,1127138523,0.43400001525878906,,,,,,,,
mpu,,,,,,,,,1127233734,-1722,-4964,-32768,1127233734,1079,-163,-1142
adc,1127211254,0.49500003457069397,1127220294,0.06975000351667404,1127229328,0.14237500727176666,1127238330,0.6137500405311584,,,,,,,,
mpu,,,,,,,,,1127333726,5200,680,-26716,1127333726,1705,165,-1523
adc,1127311257,1.483875036239624,1127320294,0.6553750038146973,1127329327,0.8083750605583191,1127338316,1.1518750190734863,,,,,,,,
mpu,,,,,,,,,1127433728,9156,15754,-17780,1127433728,1659,545,-1013
adc,1127411258,0.690250039100647,1127420292,-0.0742500051856041,1127429325,1.3100000619888306,1127438536,1.401750087738037,,,,,,,,
mpu,,,,,,,,,1127533727,4830,28796,-24516,1127533727,1250,-350,-489
adc,1127511248,0.593250036239624,1127520281,0.1807500123977661,1127529312,1.452875018119812,1127538409,1.303375005722046,,,,,,,,
mpu,,,,,,,,,1127633730,3398,31372,-32768,1127633730,-107,-164,243
adc,1127611257,0.43262502551078796,1127620296,0.02512500062584877,1127629331,0.9632500410079956,1127638540,0.9987500309944153,,,,,,,,
mpu,,,,,,,,,1127733731,2220,26850,-32768,1127733731,-1821,159,1155
adc,1127711269,0.34950003027915955,1127720303,-0.2837500274181366,1127729338,0.0403750017285347,1127738814,0.578000009059906,,,,,,,,
mpu,,,,,,,,,1127833735,4042,19338,-27780,1127833735,-2194,201,1420
adc,1127811261,0.4270000159740448,1127820293,-0.16037501394748688,1127829325,0.007375000510364771,1127838820,0.42650002241134644,,,,,,,,
mpu,,,,,,,,,1127933728,6140,11608,-27776,1127933728,-1510,22,929
adc,1127911263,0.5751250386238098,1127920301,-0.07450000196695328,1127929335,0.03662500157952309,1127938319,0.4306250214576721,,,,,,,,
mpu,,,,,,,,,1128033734,920,-152,-31044,1128033734,64,105,-77
adc,1128011261,0.5331250429153442,1128020309,0.05275000259280205,1128029341,0.015125000849366188,1128038529,0.374625027179718,,,,,,,,
mpu,,,,,,,,,1128133733,-3456,-4146,-31604,1128133733,1446,90,-1055
adc,1128111269,0.9768750667572021,1128120312,0.14375001192092896,1128129344,0.024125000461935997,1128138541,0.5612500309944153,,,,,,,,
mpu,,,,,,,,,1128233732,10070,3054,-28682,1128233732,1784,-165,-1181
adc,1128211257,1.3433750867843628,1128220294,0.3643750250339508,1128229327,0.6230000257492065,1128238553,1.249500036239624,,,,,,,,
mpu,,,,,,,,,1128333724,4846,17726,-22376,1128333724,1583,513,-891
adc,1128311245,0.6618750095367432,1128320287,0.04712500050663948,1128329326,1.3293750286102295,1128338555,1.5061250925064087,,,,,,,,
mpu,,,,,,,,,1128433731,4380,30666,-28614,1128433731,1106,-209,-443
adc,1128411253,0.48112502694129944,1128420290,-0.09100000560283661,1128429326,1.420875072479248,1128438653,1.336875081062317,,,,,,,,
mpu,,,,,,,,,1128533726,3144,32767,-32768,1128533726,-347,-148,402
adc,1128511252,0.7748750448226929,1128520292,-0.21025000512599945,1128529327,0.8423750400543213,1128538524,1.0383750200271606,,,,,,,,
mpu,,,,,,,,,1128633740,2762,25164,-31764,1128633740,-2071,-6,1139
adc,1128611266,0.6231250166893005,1128620294,-0.3693750202655792,1128629330,0.6216250061988831,1128638805,0.5981250405311584,,,,,,,,
mpu,,,,,,,,,1128733729,2244,18416,-28674,1128733729,-2268,137,1302
adc,1128711263,0.6533750295639038,1128720297,-0.16825000941753387,1128729327,0.25712502002716064,1128738802,0.40537503361701965,,,,,,,,
mpu,,,,,,,,,1128833734,4760,9628,-27526,1128833734,-1324,65,715
adc,1128811252,0.4792500138282776,1128820290,-0.04612500220537186,1128829326,0.05275000259280205,1128838424,0.3125,,,,,,,,
mpu,,,,,,,,,1128933732,1184,-794,-29544,1128933732,348,-44,-241
adc,1128911251,0.5355000495910645,1128920291,0.09962500631809235,1128929325,0.02837500162422657,1128938818,0.3173750042915344,,,,,,,,
mpu,,,,,,,,,1129033724,-2200,-4212,-30018,1129033724,1560,137,-1178
adc,1129011250,1.3470001220703125,1129020283,0.20250001549720764,1129029319,0.0377500019967556,1129038784,0.5492500066757202,,,,,,,,
mpu,,,,,,,,,1129133727,6524,5598,-23438,1129133727,1750,27,-1108
adc,1129111249,1.3597500324249268,1129120284,0.4766250252723694,1129129320,1.0041249990463257,1129138314,1.2725000381469727,,,,,,,,
mpu,,,,,,,,,1129233726,10232,19386,-21900,1129233726,1648,368,-692
adc,1129211253,0.4436250329017639,1129220290,0.06750000268220901,1129229326,1.3251250982284546,1129238327,1.455375075340271,,,,,,,,
mpu,,,,,,,,,1129333730,4960,31484,-30076,1129333730,961,-214,-227
adc,1129311263,1.1017500162124634,1129320299,-0.2161250114440918,1129329326,1.4535000324249268,1129338363,1.364875078201294,,,,,,,,
mpu,,,,,,,,,1129433732,8180,32767,-32462,1129433732,-763,-153,449
adc,1129411251,0.5916250348091125,1129420291,-0.3580000102519989,1129429330,0.6812500357627869,1129438363,1.0260000228881836,,,,,,,,
mpu,,,,,,,,,1129533725,2506,25092,-30952,1129533725,-2258,175,1226
adc,1129511254,0.5350000262260437,1129520283,-0.3150000274181366,1129529316,0.13037501275539398,1129538332,0.6232500076293945,,,,,,,,
mpu,,,,,,,,,1129633730,1234,15558,-28648,1129633730,-2135,183,1276
adc,1129611255,0.831125020980835,1129620289,-0.25050002336502075,1129629327,0.05687500163912773,1129638812,0.47825002670288086,,,,,,,,
mpu,,,,,,,,,1129733728,3542,8424,-26408,1129733728,-1054,-137,683
adc,1129711258,0.5636250376701355,1129720298,-0.13250000774860382,1129729329,0.018000001087784767,1129738799,0.32737502455711365,,,,,,,,
mpu,,,,,,,,,1129833729,2590,-2318,-30562,1129833729,574,-192,-429
adc,1129811261,0.674625039100647,1129820300,-0.08175000548362732,1129829333,0.0038750001695007086,1129838796,0.2590000033378601,,,,,,,,
mpu,,,,,,,,,1129933737,1278,-3884,-28260,1129933737,1595,176,-1408
adc,1129911267,1.5045000314712524,1129920308,0.13774999976158142,1129929337,0.057500001043081284,1129938327,0.6012500524520874,,,,,,,,
mpu,,,,,,,,,1130033732,5128,10068,-21528,1130033732,1695,234,-1079
adc,1130011258,1.3555001020431519,1130020309,0.25712502002716064,1130029340,1.0986250638961792,1130038824,1.305375099182129,,,,,,,,
mpu,,,,,,,,,1130133728,6256,23086,-20576,1130133728,1606,242,-602
adc,1130111259,1.00600004196167,1130120297,-0.039500001817941666,1130129329,1.3806250095367432,1130138551,1.4671250581741333,,,,,,,,
mpu,,,,,,,,,1130233724,4304,32238,-27914,1130233724,675,-362,-114
adc,1130211260,1.1331250667572021,1130220296,-0.15512500703334808,1130229327,1.2675000429153442,1130238403,1.2027500867843628,,,,,,,,
mpu,,,,,,,,,1130333727,4636,32767,-32768,1130333727,-1087,-173,687
adc,1130311251,0.2720000147819519,1130320288,-0.4311250150203705,1130329320,0.3147500157356262,1130338307,0.7277500629425049,,,,,,,,
mpu,,,,,,,,,1130433732,3366,23748,-31534,1130433732,-2281,214,1366
adc,1130411245,0.6808750033378601,1130420282,-0.40550002455711365,1130429317,0.05000000074505806,1130438313,0.6211250424385071,,,,,,,,
mpu,,,,,,,,,1130533726,3346,16250,-27096,1130533726,-1958,244,1206
adc,1130511249,0.6996250152587891,1130520288,-0.22812500596046448,1130529325,0.029000001028180122,1130538330,0.3787500262260437,,,,,,,,
mpu,,,,,,,,,1130633731,3910,4566,-28220,1130633731,-781,-217,472
adc,1130611257,0.48512503504753113,1130620295,-0.17875000834465027,1130629328,0.0027500002179294825,1130638797,0.31037500500679016,,,,,,,,
mpu,,,,,,,,,1130733731,32,-1556,-32768,1130733731,872,-106,-615
adc,1130711257,0.800000011920929,1130720292,-0.1496250033378601,1130729324,0.0027500002179294825,1130738384,0.2501250207424164,,,,,,,,
mpu,,,,,,,,,1130833730,8098,-4400,-32768,1130833730,1609,-70,-1475
adc,1130811265,1.4690001010894775,1130820304,0.148250013589859,1130829337,0.374625027179718,1130838805,0.7080000042915344,,,,,,,,
mpu,,,,,,,,,1130933732,7166,13004,-21808,1130933732,1714,508,-1059
adc,1130911264,1.15500009059906,1130920303,-0.09175000339746475,1130929334,1.2183750867843628,1130938313,1.30287504196167,,,,,,,,
mpu,,,,,,,,,1131033733,2676,26012,-21400,1131033733,1545,95,-528
adc,1131011261,1.1841250658035278,1131020293,-0.09450000524520874,1131029330,1.443250060081482,1131038312,1.402000069618225,,,,,,,,
mpu,,,,,,,,,1131133728,5368,32767,-32768,1131133728,378,-380,33
adc,1131111252,1.3456250429153442,1131120292,-0.2266250103712082,1131129330,1.3162500858306885,1131138316,1.2965000867843628,,,,,,,,
mpu,,,,,,,,,1131233731,3132,30900,-31092,1131233731,-1533,90,923
adc,1131211251,0.3490000069141388,1131220291,-0.4413750171661377,1131229325,0.156125009059906,1131238817,0.6338750123977661,,,,,,,,
mpu,,,,,,,,,1131333731,4164,22854,-30192,1131333731,-2446,166,1440
adc,1131311262,0.718625009059906,1131320291,-0.3647500276565552,1131329325,0.04112500324845314,1131338792,0.502625048160553,,,,,,,,
mpu,,,,,,,,,1131433732,4296,12758,-26940,1131433732,-1777,124,1140
adc,1131411262,0.7088750600814819,1131420295,-0.3218750059604645,1131429329,0.008625000715255737,1131438329,0.34187501668930054,,,,,,,,
mpu,,,,,,,,,1131533734,2668,1578,-29370,1131533734,-257,-95,120
adc,1131511265,0.6988750100135803,1131520296,-0.20937500894069672,1131529329,0.0016250000335276127,1131538552,0.3238750100135803,,,,,,,,
mpu,,,,,,,,,1131633728,-5934,-4002,-31660,1131633728,1281,-150,-974
adc,1131611255,1.1460000276565552,1131620292,-0.1145000085234642,1131629324,0.00937500037252903,1131638820,0.48737502098083496,,,,,,,,
mpu,,,,,,,,,1131733737,5502,2780,-22858,1131733737,1725,48,-1314
adc,1131711254,1.5077500343322754,1131720294,0.5191250443458557,1131729327,0.6385000348091125,1131738821,1.0112500190734863,,,,,,,,
mpu,,,,,,,,,1131833732,11542,13546,-16450,1131833732,1617,365,-871
adc,1131811257,0.9166250228881836,1131820281,-0.2997500002384186,1131829313,1.274125099182129,1131838801,1.3831250667572021,,,,,,,,
mpu,,,,,,,,,1131933732,3698,31238,-22792,1131933732,1167,-241,-474
adc,1131911245,0.890250027179718,1131920286,-0.2121250033378601,1131929321,1.5481250286102295,1131938391,1.3563750982284546,,,,,,,,
mpu,,,,,,,,,1132033743,2096,32767,-32206,1132033743,-251,-116,393
adc,1132011255,0.47575002908706665,1132020313,-0.4140000343322754,1132029354,1.1331250667572021,1132038847,0.9816250205039978,,,,,,,,
mpu,,,,,,,,,1132133731,1702,25890,-28974,1132133731,-2048,120,1197
adc,1132111256,0.35475000739097595,1132120299,-0.3603750169277191,1132129332,0.3113750219345093,1132138547,0.7031250596046448,,,,,,,,
mpu,,,,,,,,,1132233728,1608,19758,-26494,1132233728,-2256,230,1370
adc,1132211255,0.6876250505447388,1132220290,-0.382375031709671,1132229327,0.03762500360608101,1132238341,0.3615000247955322,,,,,,,,
mpu,,,,,,,,,1132333727,5614,7274,-28726,1132333727,-1299,-75,780
adc,1132311243,0.5100000500679016,1132320282,-0.3087500035762787,1132329312,0.000375000003259629,1132338298,0.3447500169277191,,,,,,,,
mpu,,,,,,,,,1132433729,1598,-810,-30598,1132433729,389,-70,-354
adc,1132411254,0.5916250348091125,1132420295,-0.21112501621246338,1132429328,0.0006250000442378223,1132438332,0.31162500381469727,,,,,,,,
mpu,,,,,,,,,1132533727,2334,-5406,-29164,1132533727,1563,62,-1407
adc,1132511256,1.3920000791549683,1132520288,-0.18950000405311584,1132529326,0.013625000603497028,1132538543,0.4985000193119049,,,,,,,,
mpu,,,,,,,,,1132633726,6856,9874,-20574,1132633726,1735,219,-1163
adc,1132611263,1.3255000114440918,1132620298,0.15700000524520874,1132629331,1.0430001020431519,1132638802,1.2155001163482666,,,,,,,,
mpu,,,,,,,,,1132733727,8356,21164,-18978,1132733727,1678,246,-663
adc,1132711261,0.7750000357627869,1132720300,-0.25862500071525574,1132729331,1.4388750791549683,1132738798,1.4578750133514404,,,,,,,,
mpu,,,,,,,,,1132833731,1474,32767,-30876,1132833731,815,-312,-118
adc,1132811262,1.2260000705718994,1132820297,-0.32450002431869507,1132829328,1.5210000276565552,1132838306,1.387125015258789,,,,,,,,
mpu,,,,,,,,,1132933727,506,32767,-32044,1132933727,-1028,-96,727
adc,1132911254,0.4312500059604645,1132920292,-0.4130000174045563,1132929321,0.6463750600814819,1132938811,0.9073750376701355,,,,,,,,
mpu,,,,,,,,,1133033727,3748,22510,-30562,1133033727,-2478,229,1469
adc,1133011262,0.596875011920929,1133020295,-0.38975000381469727,1133029326,0.14012500643730164,1133038330,0.624625027179718,,,,,,,,
mpu,,,,,,,,,1133133725,4968,15720,-28532,1133133725,-1982,186,1279
adc,1133111263,0.8522500395774841,1133120299,-0.3776250183582306,1133129332,0.04787500202655792,1133138544,0.42775002121925354,,,,,,,,
mpu,,,,,,,,,1133233729,2916,3374,-27592,1133233729,-601,-87,361
adc,1133211248,0.5870000123977661,1133220282,-0.3032500147819519,1133229314,-0.0008750000270083547,1133238544,0.30300000309944153,,,,,,,,
mpu,,,,,,,,,1133333725,-1818,-5732,-32768,1133333725,1064,-202,-843
adc,1133311257,0.9783750176429749,1133320291,-0.22687500715255737,1133329328,-0.000750000006519258,1133338418,0.29600000381469727,,,,,,,,
mpu,,,,,,,,,1133433731,6348,-3474,-32768,1133433731,1727,-60,-1513
adc,1133411265,1.4295001029968262,1133420303,0.3531250059604645,1133429332,0.6300000548362732,1133438562,0.9417500495910645,,,,,,,,
mpu,,,,,,,,,1133533730,6194,14470,-22798,1133533730,1739,507,-1045
adc,1133511263,0.9952500462532043,1133520298,-0.3605000078678131,1133529330,1.4002500772476196,1133538518,1.514125108718872,,,,,,,,
mpu,,,,,,,,,1133633728,2732,30398,-22650,1133633728,1343,-133,-553
adc,1133611258,1.1656250953674316,1133620299,-0.24837501347064972,1133629337,1.593500018119812,1133638827,1.5503751039505005,,,,,,,,
mpu,,,,,,,,,1133733732,-220,32767,-32768,1133733732,-65,-292,308
adc,1133711255,1.0120000839233398,1133720300,-0.35062500834465027,1133729330,1.3257501125335693,1133738384,1.0931251049041748,,,,,,,,
mpu,,,,,,,,,1133833734,-314,26304,-32768,1133833734,-2141,46,1219
adc,1133811257,-0.21962501108646393,1133820296,-0.3931250274181366,1133829331,0.3425000309944153,1133838821,0.6191250085830688,,,,,,,,
mpu,,,,,,,,,1133933737,2408,20740,-27260,1133933737,-2440,303,1459
adc,1133911264,0.6442500352859497,1133920304,-0.36387503147125244,1133929343,0.13837499916553497,1133938343,0.42650002241134644,,,,,,,,
mpu,,,,,,,,,1134033731,2932,7802,-27504,1134033731,-1347,70,785
adc,1134011259,0.3721250295639038,1134020307,-0.3451250195503235,1134029341,0.0038750001695007086,1134038832,0.34412500262260437,,,,,,,,
mpu,,,,,,,,,1134133733,1484,-1964,-31968,1134133733,502,-87,-327
adc,1134111261,0.718250036239624,1134120303,-0.2593750059604645,1134129340,-0.002500000176951289,1134138345,0.31075000762939453,,,,,,,,
mpu,,,,,,,,,1134233728,4620,-7720,-32768,1134233728,1670,-60,-1371
adc,1134211254,1.3091250658035278,1134220296,-0.08925000578165054,1134229329,-0.000750000006519258,1134238825,0.44075003266334534,,,,,,,,
mpu,,,,,,,,,1134333733,5716,9596,-22528,1134333733,1801,305,-1235
adc,1134311259,1.2223750352859497,1134320301,0.1991250067949295,1134329340,0.9563750624656677,1134338803,1.1072500944137573,,,,,,,,
mpu,,,,,,,,,1134433729,4758,24846,-18030,1134433729,1687,294,-594
adc,1134411253,0.9972500205039978,1134420289,-0.1041250079870224,1134429324,1.4182500839233398,1134438334,1.4446250200271606,,,,,,,,
mpu,,,,,,,,,1134533735,1710,32767,-32346,1134533735,664,-494,-76
adc,1134511264,1.2006250619888306,1134520299,-0.28987500071525574,1134529336,1.4436250925064087,1134538419,1.2918750047683716,,,,,,,,
mpu,,,,,,,,,1134633740,102,31568,-31084,1134633740,-1417,-12,904
adc,1134611250,0.37050002813339233,1134620286,-0.3450000286102295,1134629324,0.3785000145435333,1134638384,0.5585000514984131,,,,,,,,
mpu,,,,,,,,,1134733732,4730,24888,-30246,1134733732,-2533,202,1487
adc,1134711259,0.2446250170469284,1134720295,-0.37787503004074097,1134729328,0.09000000357627869,1134738339,0.46012502908706665,,,,,,,,
mpu,,,,,,,,,1134833728,3584,12394,-27956,1134833728,-1892,215,1198
adc,1134811262,0.6517500281333923,1134820300,-0.3281250298023224,1134829340,0.07737500220537186,1134838564,0.42512503266334534,,,,,,,,
mpu,,,,,,,,,1134933731,1912,2416,-29206,1134933731,-302,-101,241
adc,1134911260,0.4321250319480896,1134920296,-0.25737500190734863,1134929327,0.00925000011920929,1134938546,0.35475000739097595,,,,,,,,
mpu,,,,,,,,,1135033731,-2982,-5608,-32768,1135033731,1343,-161,-899
adc,1135011256,0.5141250491142273,1135020293,-0.21512500941753387,1135029330,-0.003750000149011612,1135038409,0.41325002908706665,,,,,,,,
mpu,,,,,,,,,1135133730,5774,-1874,-26960,1135133730,1832,13,-1440
adc,1135111261,1.3282500505447388,1135120295,-0.0006250000442378223,1135129328,0.19175000488758087,1135138577,0.7671250104904175,,,,,,,,
mpu,,,,,,,,,1135233735,4366,16342,-20604,1135233735,1712,424,-967
adc,1135211245,0.9763750433921814,1135220276,-0.2786250114440918,1135229309,1.0993750095367432,1135238557,1.2847501039505005,,,,,,,,
mpu,,,,,,,,,1135333732,2290,32392,-24278,1135333732,1188,-267,-499
adc,1135311258,1.0816251039505005,1135320294,-0.24800001084804535,1135329325,1.4026250839233398,1135338426,1.271125078201294,,,,,,,,
mpu,,,,,,,,,1135433727,2414,32767,-32768,1135433727,-421,-281,387
adc,1135411256,1.1346250772476196,1135420290,-0.3257500231266022,1135429325,1.0202500820159912,1135438471,1.015375018119812,,,,,,,,
mpu,,,,,,,,,1135533734,4198,26184,-32768,1135533734,-2274,104,1259
adc,1135511271,-0.1992500126361847,1135520310,-0.30287501215934753,1135529347,0.2788750231266022,1135538539,0.5918750166893005,,,,,,,,
mpu,,,,,,,,,1135633730,1670,16988,-27710,1135633730,-2348,324,1349
adc,1135611263,0.5772500038146973,1135620302,-0.2970000207424164,1135629337,0.04400000348687172,1135638798,0.312125027179718,,,,,,,,
mpu,,,,,,,,,1135733733,3678,8948,-27116,1135733733,-1158,-63,740
adc,1135711250,0.6601250171661377,1135720277,-0.2853749990463257,1135729304,0.026625001803040504,1135738375,0.3387500047683716,,,,,,,,
mpu,,,,,,,,,1135833732,1494,-2462,-30974,1135833732,673,-78,-282
adc,1135811265,0.656125009059906,1135820302,-0.2473750114440918,1135829340,-0.004500000271946192,1135838790,0.32325002551078796,,,,,,,,
mpu,,,,,,,,,1135933729,3076,-6492,-32768,1135933729,1703,-90,-1276
adc,1135911255,1.11537504196167,1135920291,-0.06037500128149986,1135929326,-0.004875000100582838,1135938404,0.4152500331401825,,,,,,,,
mpu,,,,,,,,,1136033725,4840,10130,-22576,1136033725,1734,305,-1168
adc,1136011248,1.1256250143051147,1136020289,0.22212500870227814,1136029323,0.7383750081062317,1136038795,1.0322500467300415,,,,,,,,
mpu,,,,,,,,,1136133739,6504,23792,-21994,1136133739,1517,200,-693
adc,1136111268,0.5435000061988831,1136120311,-0.05150000378489494,1136129348,1.1975001096725464,1136138532,1.3198751211166382,,,,,,,,
mpu,,,,,,,,,1136233731,1560,32767,-32550,1136233731,652,-407,-131
adc,1136211248,0.8865000605583191,1136220280,-0.1745000034570694,1136229321,1.2280000448226929,1136238470,1.1852500438690186,,,,,,,,
mpu,,,,,,,,,1136333722,582,32090,-32768,1136333722,-1172,-89,762
adc,1136311262,0.25075000524520874,1136320302,-0.328000009059906,1136329333,0.3998750150203705,1136338814,0.643375039100647,,,,,,,,
mpu,,,,,,,,,1136433726,3038,23026,-29864,1136433726,-2439,273,1416
adc,1136411255,0.24775001406669617,1136420288,-0.24050001800060272,1136429322,0.03237500041723251,1136438614,0.45137500762939453,,,,,,,,
mpu,,,,,,,,,1136533731,4088,14942,-27264,1136533731,-1951,105,1217
adc,1136511252,0.5532500147819519,1136520294,-0.23600001633167267,1136529335,0.012875000946223736,1136538517,0.33800002932548523,,,,,,,,
mpu,,,,,,,,,1136633732,3504,2952,-27740,1136633732,-513,-75,327
adc,1136611244,0.5093750357627869,1136620279,-0.218625009059906,1136629319,-0.004875000100582838,1136638372,0.23800000548362732,,,,,,,,
mpu,,,,,,,,,1136733729,748,-2272,-32768,1136733729,1084,-128,-639
adc,1136711261,0.5971250534057617,1136720301,-0.11250000447034836,1136729334,-0.005250000394880772,1136738818,0.26362502574920654,,,,,,,,
mpu,,,,,,,,,1136833729,8402,-4250,-28028,1136833729,1727,-109,-1431
adc,1136811247,0.9800000190734863,1136820275,0.2985000014305115,1136829314,0.14337500929832458,1136838798,0.7478750348091125,,,,,,,,
mpu,,,,,,,,,1136933736,7814,13156,-16232,1136933736,1651,502,-1031
adc,1136911259,0.7566250562667847,1136920293,0.0820000022649765,1136929326,1.1591250896453857,1136938346,1.3510000705718994,,,,,,,,
mpu,,,,,,,,,1137033733,5118,31638,-24732,1137033733,1483,-69,-626
adc,1137011261,0.6273750066757202,1137020292,0.1548750102519989,1137029326,1.5251250267028809,1137038313,1.417625069618225,,,,,,,,
mpu,,,,,,,,,1137133725,-2528,32767,-31874,1137133725,309,-316,88
adc,1137111253,0.9725000262260437,1137120285,-0.11025000363588333,1137129320,1.386125087738037,1137138555,1.225000023841858,,,,,,,,
mpu,,,,,,,,,1137233734,3800,30558,-26484,1137233734,-1831,38,1004
adc,1137211263,-0.013750000856816769,1137220303,-0.2667500078678131,1137229337,0.26212501525878906,1137238815,0.5693750381469727,,,,,,,,
mpu,,,,,,,,,1137333730,1920,20448,-28538,1137333730,-2561,354,1477
adc,1137311259,0.25312501192092896,1137320288,-0.15812501311302185,1137329323,0.0008750000270083547,1137338790,0.37450000643730164,,,,,,,,
mpu,,,,,,,,,1137433730,2964,11402,-29172,1137433730,-1715,-27,1023
adc,1137411256,0.5736250281333923,1137420291,-0.1720000058412552,1137429327,0.027625001966953278,1137438809,0.33275002241134644,,,,,,,,
mpu,,,,,,,,,1137533732,1230,594,-28960,1137533732,-34,-100,71
adc,1137511254,0.5141250491142273,1137520290,-0.1756250113248825,1137529319,-0.005500000435858965,1137538330,0.3370000123977661,,,,,,,,
mpu,,,,,,,,,1137633738,-5370,-3580,-30282,1137633738,1375,-92,-997
adc,1137611268,0.5288750529289246,1137620312,0.008375000208616257,1137629346,-0.005875000264495611,1137638832,0.3162500262260437,,,,,,,,
mpu,,,,,,,,,1137733734,7452,-1988,-23598,1137733734,1776,53,-1378
adc,1137711258,1.1967500448226929,1137720299,0.5058750510215759,1137729334,0.44987502694129944,1137738792,0.9096250534057617,,,,,,,,
mpu,,,,,,,,,1137833726,7420,17062,-20428,1137833726,1711,403,-808
adc,1137811259,0.7735000252723694,1137820296,-0.020750001072883606,1137829333,1.2896250486373901,1137838803,1.3597500324249268,,,,,,,,
mpu,,,,,,,,,1137933732,5586,32767,-29572,1137933732,1162,-267,-417
adc,1137911255,1.002750039100647,1137920291,0.26362502574920654,1137929329,1.4937500953674316,1137938314,1.3916250467300415,,,,,,,,
mpu,,,,,,,,,1138033729,-250,32767,-32768,1138033729,-400,-217,380
adc,1138011261,0.8582500219345093,1138020303,0.016875000670552254,1138029336,1.0175000429153442,1138038823,1.0287500619888306,,,,,,,,
mpu,,,,,,,,,1138133730,2176,24860,-32768,1138133730,-2345,99,1320
adc,1138111250,-0.44975003600120544,1138120287,-0.1367500126361847,1138129325,-0.01087500061839819,1138138330,0.17150001227855682,,,,,,,,
mpu,,,,,,,,,1138233728,6204,15458,-29480,1138233728,-2373,185,1571
adc,1138211262,-0.4083750247955322,1138220301,-0.1628750115633011,1138229339,-0.006375000346451998,1138238314,0.1991250067949295,,,,,,,,
mpu,,,,,,,,,1138333731,3200,5188,-28888,1138333731,-1235,50,916
adc,1138311263,0.5240000486373901,1138320297,-0.14124999940395355,1138329331,-0.005375000182539225,1138338788,0.22737501561641693,,,,,,,,
mpu,,,,,,,,,1138433726,-8,1166,-27986,1138433726,520,-66,-494
adc,1138411250,0.5942500233650208,1138420290,-0.1002500057220459,1138429330,0.0162500012665987,1138438511,0.34025001525878906,,,,,,,,
mpu,,,,,,,,,1138533725,406,-6264,-32768,1138533725,1533,-296,-1342
adc,1138511258,1.1475000381469727,1138520297,0.013875001110136509,1138529331,0.011500000953674316,1138538338,0.4411250352859497,,,,,,,,
mpu,,,,,,,,,1138633731,9190,10270,-26660,1138633731,1785,200,-1354
adc,1138611259,0.9152500629425049,1138620291,0.27387502789497375,1138629321,0.8683750629425049,1138638304,1.0985000133514404,,,,,,,,
mpu,,,,,,,,,1138733727,5240,22730,-22814,1138733727,1640,297,-696
adc,1138711267,-0.07575000077486038,1138720301,0.23375001549720764,1138729337,1.2858750820159912,1138738800,1.2656251192092896,,,,,,,,
mpu,,,,,,,,,1138833727,4530,32748,-31382,1138833727,656,-450,-171
adc,1138811249,0.6497500538825989,1138820289,0.19700001180171967,1138829324,1.3970000743865967,1138838796,1.1190000772476196,,,,,,,,
mpu,,,,,,,,,1138933736,-68,32767,-31688,1138933736,-1131,-100,727
adc,1138911255,0.048500001430511475,1138920294,-0.1340000033378601,1138929327,0.47337502241134644,1138938389,0.6046250462532043,,,,,,,,
mpu,,,,,,,,,1139033729,3038,22318,-29458,1139033729,-2388,237,1493
adc,1139011247,0.03737500309944153,1139020287,-0.07587500661611557,1139029324,-0.004875000100582838,1139038804,0.21850000321865082,,,,,,,,
mpu,,,,,,,,,1139133732,4794,14630,-27026,1139133732,-1943,133,1246
adc,1139111251,-0.11637500673532486,1139120292,0.0351250022649765,1139129324,-0.006000000052154064,1139138539,0.23712500929832458,,,,,,,,
mpu,,,,,,,,,1139233728,2070,4942,-28502,1139233728,-599,0,441
adc,1139211250,0.15575000643730164,1139220286,-0.02250000089406967,1139229317,-0.0042500002309679985,1139238804,0.27125000953674316,,,,,,,,
mpu,,,,,,,,,1139333728,276,-2862,-32768,1139333728,968,-169,-693
adc,1139311250,0.4710000157356262,1139320285,-0.017625000327825546,1139329319,-0.005250000394880772,1139338788,0.26475000381469727,,,,,,,,
mpu,,,,,,,,,1139433729,3150,-1302,-26450,1139433729,1655,52,-1459
adc,1139411257,0.9288750290870667,1139420295,0.6188750267028809,1139429329,0.10362500697374344,1139438384,0.655750036239624,,,,,,,,
mpu,,,,,,,,,1139533728,7480,11908,-18628,1139533728,1701,475,-1009
adc,1139511252,0.06037500128149986,1139520288,0.3877500295639038,1139529316,0.9542500376701355,1139538532,1.2392500638961792,,,,,,,,
mpu,,,,,,,,,1139633739,6174,30488,-22124,1139633739,1413,-41,-615
adc,1139611266,0.1666250079870224,1139620304,0.49162501096725464,1139629342,1.5345001220703125,1139638830,1.3987500667572021,,,,,,,,
mpu,,,,,,,,,1139733727,-970,32767,-29126,1139733727,179,-404,136
adc,1139711251,0.499625027179718,1139720287,0.1290000081062317,1139729322,1.43625009059906,1139738803,1.4127501249313354,,,,,,,,
mpu,,,,,,,,,1139833732,1212,27558,-30608,1139833732,-1813,-12,1125
adc,1139811257,-0.3616250157356262,1139820298,-0.042750000953674316,1139829334,0.2866250276565552,1139838796,0.4035000205039978,,,,,,,,
mpu,,,,,,,,,1139933735,2518,19040,-29000,1139933735,-2492,524,1607
adc,1139911255,0.45500001311302185,1139920289,-0.0768750011920929,1139929321,0.03162500262260437,1139938815,0.21237501502037048,,,,,,,,
mpu,,,,,,,,,1140033727,1738,11242,-23594,1140033727,-1438,351,990
adc,1140011255,0.518625020980835,1140020297,-0.055375002324581146,1140029332,0.000375000003259629,1140038313,0.22225001454353333,,,,,,,,
mpu,,,,,,,,,1140133730,68,158,-29964,1140133730,305,94,-60
adc,1140111264,0.33925002813339233,1140120300,-0.060875002294778824,1140129332,-0.0062500000931322575,1140138536,0.15575000643730164,,,,,,,,
mpu,,,,,,,,,1140233731,-1224,-4004,-32768,1140233731,1423,-224,-974
adc,1140211260,0.03700000047683716,1140220300,0.02787500061094761,1140229332,0.0031250000465661287,1140238821,0.32225000858306885,,,,,,,,
mpu,,,,,,,,,1140333724,14236,280,-19650,1140333724,1839,-119,-1257
adc,1140311257,1.037750005722046,1140320288,0.07349999994039536,1140329324,0.7270000576972961,1140338333,0.8893750309944153,,,,,,,,
mpu,,,,,,,,,1140433729,1752,18086,-19190,1140433729,1627,223,-836
adc,1140411261,-0.10000000149011612,1140420303,0.27300000190734863,1140429338,1.4910000562667847,1140438395,1.4638750553131104,,,,,,,,
mpu,,,,,,,,,1140533730,5620,32767,-29698,1140533730,1007,-638,-510
adc,1140511252,0.1615000069141388,1140520290,0.6947500109672546,1140529326,1.6607500314712524,1140538469,1.5293750762939453,,,,,,,,
mpu,,,,,,,,,1140633730,-1476,32767,-31138,1140633730,-566,-267,419
adc,1140611249,-0.09062500298023224,1140620285,0.15850000083446503,1140629317,1.1110000610351562,1140638534,0.8782500624656677,,,,,,,,
mpu,,,,,,,,,1140733727,10702,23750,-32768,1140733727,-2626,-803,1468
adc,1140711253,-0.19025000929832458,1140720289,0.33500000834465027,1140729326,-0.003000000026077032,1140738563,0.1837500035762787,,,,,,,,
mpu,,,,,,,,,1140833734,1572,18024,-31404,1140833734,-2136,616,1973
adc,1140811253,0.398375004529953,1140820296,0.3032500147819519,1140829329,0.2877500057220459,1140838785,0.21662500500679016,,,,,,,,
mpu,,,,,,,,,1140933736,4702,6050,-23724,1140933736,-853,478,799
adc,1140911270,0.3541250228881836,1140920310,0.15312500298023224,1140929343,0.02825000137090683,1140938336,0.25300002098083496,,,,,,,,
mpu,,,,,,,,,1141033729,2392,-934,-31458,1141033729,614,-237,-543
adc,1141011263,0.5688750147819519,1141020299,0.058375000953674316,1141029329,-0.004500000271946192,1141038422,0.31050002574920654,,,,,,,,
mpu,,,,,,,,,1141133723,428,-5916,-32768,1141133723,1571,9,-1331
adc,1141111261,1.1695001125335693,1141120297,0.13075000047683716,1141129330,0.21950000524520874,1141138562,0.5760000348091125,,,,,,,,
mpu,,,,,,,,,1141233724,5542,8974,-23786,1141233724,1939,491,-1125
adc,1141211260,0.06175000220537186,1141220299,-0.21525001525878906,1141229336,1.3667501211166382,1141238774,1.3488750457763672,,,,,,,,
mpu,,,,,,,,,1141333730,7648,25648,-24624,1141333730,1672,56,-869
adc,1141311262,-0.17100000381469727,1141320298,0.5972500443458557,1141329331,1.8020000457763672,1141338416,1.486625075340271,,,,,,,,
mpu,,,,,,,,,1141433728,2454,30726,-32768,1141433728,748,-469,-169
adc,1141411257,0.5268750190734863,1141420290,0.9112500548362732,1141429323,1.6420000791549683,1141438813,1.418125033378601,,,,,,,,
mpu,,,,,,,,,1141533729,3520,32150,-31706,1141533729,-1147,10,787
adc,1141511254,-0.06212500110268593,1141520292,1.16225004196167,1141529321,0.7141250371932983,1141538411,0.812375009059906,,,,,,,,
mpu,,,,,,,,,1141633728,4150,23184,-28128,1141633728,-2448,252,1537
adc,1141611250,-0.26112499833106995,1141620290,0.25425001978874207,1141629331,0.07062499970197678,1141638307,0.3722500205039978,,,,,,,,
mpu,,,,,,,,,1141733727,3584,14228,-26922,1141733727,-2022,87,1335
adc,1141711250,-0.08837500214576721,1141720278,0.30400002002716064,1141729316,0.061250001192092896,1141738321,0.3146250247955322,,,,,,,,
mpu,,,,,,,,,1141833732,3730,3766,-28318,1141833732,-592,-8,386
adc,1141811265,-0.05962500348687172,1141820301,0.24037501215934753,1141829338,0.02537500113248825,1141838827,0.3218750059604645,,,,,,,,
mpu,,,,,,,,,1141933729,-1350,-4288,-32768,1141933729,1059,-49,-758
adc,1141911251,0.22712500393390656,1141920284,0.2682500183582306,1141929314,0.00925000011920929,1141938327,0.3986250162124634,,,,,,,,
mpu,,,,,,,,,1142033729,9320,-2238,-30314,1142033729,1708,-131,-1463
adc,1142011257,1.2221250534057617,1142020291,0.21450001001358032,1142029331,0.4958750307559967,1142038331,0.8791250586509705,,,,,,,,
mpu,,,,,,,,,1142133730,6980,14536,-19452,1142133730,1773,635,-1002
adc,1142111247,-0.09212500602006912,1142120283,0.22225001454353333,1142129316,1.3725000619888306,1142138534,1.421625018119812,,,,,,,,
mpu,,,,,,,,,1142233725,7526,30874,-24712,1142233725,1456,-235,-593
adc,1142211258,-0.2032500058412552,1142220294,0.6938750147819519,1142229326,1.6536251306533813,1142238556,1.4748750925064087,,,,,,,,
mpu,,,,,,,,,1142333730,2808,32767,-32768,1142333730,25,-276,186
adc,1142311261,0.3985000252723694,1142320290,0.8338750600814819,1142329323,1.4461250305175781,1142338338,1.2921251058578491,,,,,,,,
mpu,,,,,,,,,1142433731,3906,27606,-32768,1142433731,-1910,-7,1185
adc,1142411253,-0.39762502908706665,1142420292,1.2273750305175781,1142429323,0.1497500091791153,1142438312,0.7257500290870667,,,,,,,,
mpu,,,,,,,,,1142533725,4810,17812,-27436,1142533725,-2440,309,1428
adc,1142511257,-0.22100001573562622,1142520298,0.41037502884864807,1142529329,0.0338750034570694,1142538403,0.3162500262260437,,,,,,,,
mpu,,,,,,,,,1142633727,1048,12534,-27112,1142633727,-1531,206,939
adc,1142611247,-0.045250002294778824,1142620283,0.3997500240802765,1142629314,0.1693750023841858,1142638412,0.48100003600120544,,,,,,,,
mpu,,,,,,,,,1142733728,2970,-1966,-30982,1142733728,161,-159,-49
adc,1142711267,-0.15437500178813934,1142720303,0.34937500953674316,1142729338,0.029125001281499863,1142738570,0.33650001883506775,,,,,,,,
mpu,,,,,,,,,1142833735,-1698,-6444,-26924,1142833735,1466,-137,-1174
adc,1142811255,0.7856250405311584,1142820297,0.3486250042915344,1142829324,0.0247500017285347,1142838432,0.47962501645088196,,,,,,,,
mpu,,,,,,,,,1142933728,7136,6430,-21850,1142933728,1804,171,-1310
adc,1142911260,0.9302500486373901,1142920294,-0.06200000271201134,1142929323,0.9186250567436218,1142938785,1.1765000820159912,,,,,,,,
mpu,,,,,,,,,1143033733,9930,21234,-22382,1143033733,1724,330,-883
adc,1143011261,-0.19162501394748688,1143020611,0.527999997138977,1143029651,1.4291250705718994,1143039000,1.4687501192092896,,,,,,,,
mpu,,,,,,,,,1143133727,6092,31768,-31430,1143133727,956,-479,-322
adc,1143111254,-0.23975001275539398,1143120291,0.9952500462532043,1143129323,1.5406250953674316,1143138622,1.4215000867843628,,,,,,,,
mpu,,,,,,,,,1143233726,4062,32767,-32768,1143233726,-723,3,573
adc,1143211262,-0.11037500202655792,1143220299,0.9616250395774841,1143229333,0.7896250486373901,1143238798,1.1447499990463257,,,,,,,,
mpu,,,,,,,,,1143333728,2354,28144,-31822,1143333728,-2429,164,1378
adc,1143311264,-0.25437501072883606,1143320301,0.6337500214576721,1143329334,0.17125001549720764,1143338821,0.7856250405311584,,,,,,,,
mpu,,,,,,,,,1143433728,4280,15060,-26370,1143433728,-2167,52,1356
adc,1143411261,-0.3111250102519989,1143420300,0.5241250395774841,1143429333,-0.0023750001564621925,1143438782,0.3133750259876251,,,,,,,,
mpu,,,,,,,,,1143533734,2062,6080,-26602,1143533734,-831,168,678
adc,1143511251,-0.10000000149011612,1143520285,0.4790000319480896,1143529319,0.001125000067986548,1143538325,0.42100003361701965,,,,,,,,
mpu,,,,,,,,,1143633734,1832,-2316,-32518,1143633734,788,-242,-517
adc,1143611264,-0.1743750125169754,1143620303,0.4853750169277191,1143629333,0.024125000461935997,1143638509,0.3501250147819519,,,,,,,,
mpu,,,,,,,,,1143733731,3444,-6880,-32042,1143733731,1654,-75,-1466
adc,1143711247,0.5126250386238098,1143720280,0.46925002336502075,1143729316,0.02162500098347664,1143738314,0.5852500200271606,,,,,,,,
mpu,,,,,,,,,1143833729,8904,13230,-15788,1143833729,1724,538,-1136
adc,1143811251,1.0455000400543213,1143820288,0.18525001406669617,1143829324,1.0882500410079956,1143838382,1.354875087738037,,,,,,,,
mpu,,,,,,,,,1143933726,7542,30294,-22656,1143933726,1564,-47,-669
adc,1143911255,-0.38325002789497375,1143920285,0.861875057220459,1143929327,1.5670000314712524,1143938825,1.4972500801086426,,,,,,,,
mpu,,,,,,,,,1144033729,4300,32767,-32768,1144033729,422,-440,-14
adc,1144011254,0.017750000581145287,1144020298,0.9391250610351562,1144029330,1.5467500686645508,1144038557,1.295375108718872,,,,,,,,
mpu,,,,,,,,,1144133731,2564,32767,-30204,1144133731,-1512,28,975
adc,1144111259,-0.40675002336502075,1144120293,1.124750018119812,1144129330,0.43537503480911255,1144138419,0.8258750438690186,,,,,,,,
mpu,,,,,,,,,1144233728,4852,21580,-27596,1144233728,-2494,284,1539
adc,1144211270,-0.312375009059906,1144220298,0.5593750476837158,1144229333,0.042375002056360245,1144238329,0.5038750171661377,,,,,,,,
mpu,,,,,,,,,1144333731,3878,11730,-27486,1144333731,-1749,161,1140
adc,1144311259,-0.29200002551078796,1144320293,0.5208750367164612,1144329325,0.020625000819563866,1144338354,0.359000027179718,,,,,,,,
mpu,,,,,,,,,1144433732,1908,860,-29860,1144433732,-175,-26,116
adc,1144411271,-0.21912501752376556,1144420310,0.502875030040741,1144429343,-0.0021250001154839993,1144438788,0.3921250104904175,,,,,,,,
mpu,,,,,,,,,1144533725,-3766,-6796,-32768,1144533725,1262,-192,-988
adc,1144511251,-0.18575000762939453,1144520287,0.5531250238418579,1144529322,0.004000000189989805,1144538649,0.3997500240802765,,,,,,,,
mpu,,,,,,,,,1144633728,6518,528,-26076,1144633728,1726,44,-1478
adc,1144611261,1.276750087738037,1144620300,0.6257500052452087,1144629333,0.4436250329017639,1144638792,0.9152500629425049,,,,,,,,
mpu,,,,,,,,,1144733735,8852,16320,-21112,1144733735,1703,468,-921
adc,1144711251,-0.10825000703334808,1144720286,0.6777500510215759,1144729317,1.3171250820159912,1144738349,1.449125051498413,,,,,,,,
mpu,,,,,,,,,1144833736,3634,32458,-27482,1144833736,1231,-334,-421
adc,1144811265,-0.382625013589859,1144820309,1.090000033378601,1144829341,1.6227500438690186,1144838789,1.4381250143051147,,,,,,,,
mpu,,,,,,,,,1144933731,180,32767,-32768,1144933731,-403,-155,428
adc,1144911258,-0.351250022649765,1144920297,1.0791250467300415,1144929330,1.1752500534057617,1144938823,1.1271250247955322,,,,,,,,
mpu,,,,,,,,,1145033728,2262,24074,-30954,1145033728,-2252,164,1331
adc,1145011257,-0.40787503123283386,1145020296,0.6676250100135803,1145029335,0.11962500214576721,1145038323,0.5191250443458557,,,,,,,,
mpu,,,,,,,,,1145133726,3630,17666,-26660,1145133726,-2249,277,1406
adc,1145111255,-0.32875001430511475,1145120291,0.6710000038146973,1145129322,0.06662500649690628,1145138338,0.43550002574920654,,,,,,,,
mpu,,,,,,,,,1145233729,2802,8864,-25544,1145233729,-1186,-64,773
adc,1145211257,-0.22625000774860382,1145220291,0.5853750109672546,1145229323,0.06175000220537186,1145238793,0.42112502455711365,,,,,,,,
mpu,,,,,,,,,1145333727,2238,-2126,-30836,1145333727,534,-162,-331
adc,1145311261,-0.320000022649765,1145320302,0.6478750109672546,1145329336,0.000375000003259629,1145338811,0.3410000205039978,,,,,,,,
mpu,,,,,,,,,1145433730,2390,-6558,-32768,1145433730,1603,-55,-1328
adc,1145411256,0.5170000195503235,1145420289,0.7233750224113464,1145429322,0.01925000175833702,1145438371,0.48500001430511475,,,,,,,,
mpu,,,,,,,,,1145533732,4958,11750,-20612,1145533732,1738,365,-1295
adc,1145511263,0.6691250205039978,1145520299,0.33637502789497375,1145529337,0.9848750233650208,1145538343,1.1638751029968262,,,,,,,,
mpu,,,,,,,,,1145633728,8378,22536,-20870,1145633728,1624,96,-747
adc,1145611253,-0.32100000977516174,1145620290,0.7923750281333923,1145629322,1.4757500886917114,1145638304,1.386625051498413,,,,,,,,
mpu,,,,,,,,,1145733723,3892,32767,-32768,1145733723,730,-409,-166
adc,1145711261,-0.22062501311302185,1145720299,1.2110000848770142,1145729335,1.5826250314712524,1145738818,1.3663750886917114,,,,,,,,
mpu,,,,,,,,,1145833725,2662,32430,-32768,1145833725,-1150,42,809
adc,1145811261,-0.3853750228881836,1145820298,1.1797500848770142,1145829335,0.6851250529289246,1145838816,0.9578750729560852,,,,,,,,
mpu,,,,,,,,,1145933729,6062,24418,-28778,1145933729,-2562,164,1464
adc,1145911250,-0.3721250295639038,1145920284,0.6835000514984131,1145929319,0.14237500727176666,1145938797,0.5503750443458557,,,,,,,,
mpu,,,,,,,,,1146033727,3612,14092,-26166,1146033727,-1966,229,1231
adc,1146011253,-0.33512502908706665,1146020294,0.6980000138282776,1146029325,0.04937500134110451,1146038323,0.49900001287460327,,,,,,,,
mpu,,,,,,,,,1146133736,1486,2832,-27550,1146133736,-522,-47,445
adc,1146111259,-0.35625001788139343,1146120301,0.6753750443458557,1146129339,0.00925000011920929,1146138572,0.4195000231266022,,,,,,,,
mpu,,,,,,,,,1146233730,-666,-3650,-30962,1146233730,1091,-264,-738
adc,1146211257,-0.3316250145435333,1146220300,0.780375063419342,1146229329,0.000750000006519258,1146238312,0.2737500071525574,,,,,,,,
mpu,,,,,,,,,1146333735,6364,-332,-24362,1146333735,1727,-95,-1549
adc,1146311255,0.9395000338554382,1146320298,0.7197500467300415,1146329334,0.10975000262260437,1146338338,0.7081250548362732,,,,,,,,
mpu,,,,,,,,,1146433730,8198,14316,-18648,1146433730,1659,569,-1072
adc,1146411262,-0.21400001645088196,1146420296,0.6468750238418579,1146429332,0.9675000309944153,1146438786,1.4426250457763672,,,,,,,,
mpu,,,,,,,,,1146533732,4362,32767,-25660,1146533732,1466,-85,-556
adc,1146511257,-0.33525002002716064,1146520297,0.9936250448226929,1146529332,1.4771250486373901,1146538444,1.5435000658035278,,,,,,,,
mpu,,,,,,,,,1146633737,1308,32767,-32420,1146633737,58,-459,179
adc,1146611252,-0.34562501311302185,1146620286,1.1251250505447388,1146629317,1.3426250219345093,1146638793,1.2475000619888306,,,,,,,,
mpu,,,,,,,,,1146733724,3498,29402,-31328,1146733724,-1923,44,1172
adc,1146711269,-0.37287500500679016,1146720310,0.5602500438690186,1146729342,0.2851250171661377,1146738820,0.7260000109672546,,,,,,,,
mpu,,,,,,,,,1146833726,2878,20178,-27582,1146833726,-2387,403,1462
adc,1146811254,-0.33637502789497375,1146820287,0.7036250233650208,1146829322,0.019375000149011612,1146838799,0.3738750219345093,,,,,,,,
mpu,,,,,,,,,1146933726,4712,9482,-27566,1146933726,-1537,-16,943
adc,1146911261,-0.30250000953674316,1146920301,0.7280000448226929,1146929335,0.0247500017285347,1146938805,0.3308750092983246,,,,,,,,
mpu,,,,,,,,,1147033733,3070,1352,-30050,1147033733,92,-100,-23
adc,1147011259,-0.29862502217292786,1147020297,0.7422500252723694,1147029329,0.03987500071525574,1147038336,0.37787503004074097,,,,,,,,
mpu,,,,,,,,,1147133730,-3832,-5436,-28186,1147133730,1421,-52,-1069
adc,1147111252,-0.3008750081062317,1147120289,0.7357500195503235,1147129322,0.0021250001154839993,1147138348,0.31200000643730164,,,,,,,,
mpu,,,,,,,,,1147233731,7642,3744,-23382,1147233731,1754,97,-1291
adc,1147211250,0.4595000147819519,1147220282,0.8570000529289246,1147229314,0.3308750092983246,1147238365,0.8035000562667847,,,,,,,,
mpu,,,,,,,,,1147333726,10900,17542,-14904,1147333726,1520,492,-789
adc,1147311255,-0.0016250000335276127,1147320288,0.7696250081062317,1147329322,1.1055001020431519,1147338814,1.3627500534057617,,,,,,,,
mpu,,,,,,,,,1147433732,4496,32767,-27274,1147433732,1152,-427,-466
adc,1147411255,0.24387501180171967,1147420286,1.2098751068115234,1147429315,1.5537500381469727,1147438794,1.3945000171661377,,,,,,,,
mpu,,,,,,,,,1147533727,1094,31664,-32768,1147533727,-372,-101,489
adc,1147511260,-0.21137501299381256,1147520297,1.1448750495910645,1147529336,1.0026249885559082,1147538554,1.1228750944137573,,,,,,,,
mpu,,,,,,,,,1147633728,2346,23448,-32768,1147633728,-2212,191,1313
adc,1147611247,-0.36887502670288086,1147620284,0.5895000100135803,1147629315,0.0035000001080334187,1147638805,0.515375018119812,,,,,,,,
mpu,,,,,,,,,1147733729,1026,17240,-25648,1147733729,-2230,297,1349
adc,1147711261,-0.30762502551078796,1147720293,0.6965000033378601,1147729330,0.0031250000465661287,1147738808,0.2528750002384186,,,,,,,,
mpu,,,,,,,,,1147833725,3574,8784,-27046,1147833725,-1197,-205,738
adc,1147811254,-0.21150000393390656,1147820291,0.7237500548362732,1147829328,0.0035000001080334187,1147838311,0.2343750149011612,,,,,,,,
mpu,,,,,,,,,1147933734,1862,-1288,-31084,1147933734,483,-182,-289
adc,1147911259,-0.1848750114440918,1147920296,0.7636250257492065,1147929332,0.0043750000186264515,1147938668,0.3022500276565552,,,,,,,,
mpu,,,,,,,,,1148033732,3476,-5086,-32768,1148033732,1514,-217,-1276
adc,1148011260,0.26900002360343933,1148020310,0.7420000433921814,1148029353,0.004124999977648258,1148038563,0.37937501072883606,,,,,,,,
mpu,,,,,,,,,1148133733,7024,8430,-18474,1148133733,1744,427,-1281
adc,1148111256,0.40162500739097595,1148120294,1.0071250200271606,1148129333,0.6976250410079956,1148138534,0.9413750171661377,,,,,,,,
mpu,,,,,,,,,1148233732,7058,20518,-20124,1148233732,1552,196,-829
adc,1148211259,-0.3070000112056732,1148220293,0.9461250305175781,1148229324,1.3101251125335693,1148238355,1.4011250734329224,,,,,,,,
mpu,,,,,,,,,1148333731,4158,32678,-28126,1148333731,785,-366,-291
adc,1148311252,-0.21000000834465027,1148320285,1.0721250772476196,1148329318,1.4815000295639038,1148338411,1.2762500047683716,,,,,,,,
mpu,,,,,,,,,1148433732,3912,32767,-32768,1148433732,-903,-74,689
adc,1148411254,-0.1393750011920929,1148420294,1.0371249914169312,1148429339,0.7953750491142273,1148438809,0.8402500152587891,,,,,,,,
mpu,,,,,,,,,1148533727,4418,21848,-29938,1148533727,-2349,297,1422
adc,1148511261,-0.21775001287460327,1148520298,0.6101250052452087,1148529330,0.007375000510364771,1148538544,0.27425000071525574,,,,,,,,
mpu,,,,,,,,,1148633729,1586,16160,-25416,1148633729,-2021,230,1285
adc,1148611259,-0.12712500989437103,1148620294,0.6816250085830688,1148629330,0.01075000036507845,1148638802,0.2121250033378601,,,,,,,,
mpu,,,,,,,,,1148733733,1468,5424,-26246,1148733733,-744,-120,579
adc,1148711260,-0.15462501347064972,1148720298,0.7275000214576721,1148729333,0.005000000353902578,1148738390,0.1913750022649765,,,,,,,,
mpu,,,,,,,,,1148833729,1520,-2324,-32768,1148833729,884,-267,-435
adc,1148811249,-0.04400000348687172,1148820284,0.8177500367164612,1148829317,0.005625000223517418,1148838326,0.3503750264644623,,,,,,,,
mpu,,,,,,,,,1148933729,7094,-4200,-29230,1148933729,1648,-102,-1453
adc,1148911263,0.8255000114440918,1148920300,0.7143750190734863,1148929336,0.019750000908970833,1148938315,0.5435000061988831,,,,,,,,
mpu,,,,,,,,,1149033728,4950,11218,-20424,1149033728,1633,583,-1193
adc,1149011262,0.171750009059906,1149020297,0.6681250333786011,1149029331,0.9757500290870667,1149038574,1.2947500944137573,,,,,,,,
mpu,,,,,,,,,1149133736,4940,26834,-19760,1149133736,1447,30,-792
adc,1149111255,-0.31325000524520874,1149120289,0.9476250410079956,1149129320,1.4800000190734863,1149138406,1.4465000629425049,,,,,,,,
mpu,,,,,,,,,1149233731,2010,32767,-27950,1149233731,469,-365,55
adc,1149211257,0.460750013589859,1149220297,0.9301250576972961,1149229328,1.3387500047683716,1149238530,1.161500096321106,,,,,,,,
mpu,,,,,,,,,1149333728,1444,30756,-31564,1149333728,-1439,-54,918
adc,1149311259,-0.10612500458955765,1149320293,0.9637500643730164,1149329321,0.5356250405311584,1149338405,0.5787500143051147,,,,,,,,
mpu,,,,,,,,,1149433733,3992,21462,-30206,1149433733,-2402,396,1568
adc,1149411260,-0.0872500017285347,1149420294,0.45387503504753113,1149429329,0.010000000707805157,1149438336,0.2971250116825104,,,,,,,,
mpu,,,,,,,,,1149533727,4278,12060,-27796,1149533727,-1796,17,1168
adc,1149511256,-0.06850000470876694,1149520283,0.6256250143051147,1149529315,0.012250000610947609,1149538535,0.27025002241134644,,,,,,,,
mpu,,,,,,,,,1149633731,954,4380,-28170,1149633731,-305,-3,299
adc,1149611265,0.027500001713633537,1149620304,0.6318750381469727,1149629335,0.024500001221895218,1149638556,0.28575000166893005,,,,,,,,
mpu,,,,,,,,,1149733730,-1998,-4016,-32768,1149733730,1123,-376,-816
adc,1149711256,-0.014500000514090061,1149720292,0.7517500519752502,1149729330,0.0062500000931322575,1149738817,0.2835000157356262,,,,,,,,
mpu,,,,,,,,,1149833726,3280,-3536,-30660,1149833726,1639,39,-1495
adc,1149811252,1.059000015258789,1149820293,0.8710000514984131,1149829325,0.06750000268220901,1149838808,0.6638750433921814,,,,,,,,
mpu,,,,,,,,,1149933725,7104,12738,-18074,1149933725,1602,588,-1073
adc,1149911261,0.3451250195503235,1149920295,0.6170000433921814,1149929328,1.1628750562667847,1149938313,1.377750039100647,,,,,,,,
mpu,,,,,,,,,1150033728,6110,31570,-26762,1150033728,1264,-435,-633
adc,1150011252,-0.05025000125169754,1150020302,0.8292500376701355,1150029335,1.6668751239776611,1150038334,1.5406250953674316,,,,,,,,
mpu,,,,,,,,,1150133721,-966,32767,-32768,1150133721,83,-169,210
adc,1150111261,-0.0481250025331974,1150120297,0.8862500190734863,1150129330,1.5035001039505005,1150138536,1.4847500324249268,,,,,,,,
mpu,,,,,,,,,1150233730,-222,25040,-30350,1150233730,-1870,180,1247
adc,1150211263,-0.15325000882148743,1150220299,0.37300002574920654,1150229335,0.14012500643730164,1150238632,0.6680000424385071,,,,,,,,
mpu,,,,,,,,,1150333734,2198,21252,-26672,1150333734,-2323,324,1498
adc,1150311265,0.04475000128149986,1150320308,0.5353749990463257,1150329347,0.013875001110136509,1150338559,0.36512503027915955,,,,,,,,
mpu,,,,,,,,,1150433727,4566,9920,-27406,1150433727,-1530,-84,945
adc,1150411266,0.0035000001080334187,1150420298,0.5885000228881836,1150429331,0.010250000283122063,1150438312,0.27937501668930054,,,,,,,,
mpu,,,,,,,,,1150533728,1080,0,-29914,1150533728,124,-25,-76
adc,1150511260,0.052000001072883606,1150520292,0.5426250100135803,1150529322,0.012500000186264515,1150538411,0.25699999928474426,,,,,,,,
mpu,,,,,,,,,1150633734,-2156,-6570,-27010,1150633734,1442,-173,-1168
adc,1150611257,0.0403750017285347,1150620299,0.5518750548362732,1150629330,0.007500000298023224,1150638396,0.2835000157356262,,,,,,,,
mpu,,,,,,,,,1150733731,-2156,-6570,-27010,1150733731,1442,-173,-1168
adc,1150711252,1.2838751077651978,1150720285,0.8378750681877136,1150729321,0.4020000100135803,1150738809,0.889875054359436,,,,,,,,
mpu,,,,,,,,,1150833737,6670,4566,-22902,1150833737,1696,200,-1333
adc,1150811262,0.3175000250339508,1150820303,0.6198750138282776,1150829341,1.2932500839233398,1150838344,1.4415000677108765,,,,,,,,
mpu,,,,,,,,,1150933727,8562,18424,-17556,1150933727,1620,437,-884
adc,1150911239,0.312250018119812,1150920283,0.6956250071525574,1150929320,1.571000099182129,1150938805,1.3708751201629639,,,,,,,,
mpu,,,,,,,,,1151033735,4392,32767,-28346,1151033735,1086,-483,-425
adc,1151011266,0.289000004529953,1151020300,0.6327500343322754,1151029332,1.1346250772476196,1151038314,1.049125075340271,,,,,,,,
mpu,,,,,,,,,1151133734,4270,32767,-32768,1151133734,-530,-88,521
adc,1151111248,0.1547500044107437,1151120289,0.2096250057220459,1151129329,0.12350000441074371,1151138354,0.6070000529289246,,,,,,,,
mpu,,,,,,,,,1151233731,1060,25388,-32768,1151233731,-2316,281,1426
adc,1151211258,0.14387500286102295,1151220295,0.42137500643730164,1151229333,0.0651250034570694,1151238355,0.25050002336502075,,,,,,,,
mpu,,,,,,,,,1151333732,1132,15964,-26482,1151333732,-2246,324,1361
adc,1151311257,0.31062501668930054,1151320295,0.374875009059906,1151329327,0.03350000083446503,1151338819,0.3343750238418579,,,,,,,,
mpu,,,,,,,,,1151433729,2774,9610,-26124,1151433729,-1035,-138,683
adc,1151411260,0.2331250160932541,1151420299,0.5530000329017639,1151429335,0.006375000346451998,1151438321,0.24562501907348633,,,,,,,,
mpu,,,,,,,,,1151533737,494,-1840,-31596,1151533737,659,-240,-381
adc,1151511267,0.7170000076293945,1151520307,0.5398750305175781,1151529346,0.006750000175088644,1151538406,0.4455000162124634,,,,,,,,
mpu,,,,,,,,,1151633731,6808,-5150,-32768,1151633731,1579,-137,-1397
adc,1151611251,0.9955000281333923,1151620280,0.7568750381469727,1151629315,0.6023750305175781,1151638301,1.2660000324249268,,,,,,,,
mpu,,,,,,,,,1151733733,6154,7436,-19828,1151733733,1618,593,-1315
adc,1151711252,0.18925000727176666,1151720285,0.4622500240802765,1151729321,1.2307500839233398,1151738801,1.6805000305175781,,,,,,,,
mpu,,,,,,,,,1151833729,4046,27620,-23430,1151833729,1529,171,-693
adc,1151811261,0.20675000548362732,1151820298,0.4755000174045563,1151829328,1.3481251001358032,1151838360,1.3550000190734863,,,,,,,,
mpu,,,,,,,,,1151933731,2720,32246,-30382,1151933731,658,-500,-48
adc,1151911260,0.10837500542402267,1151920293,0.31187501549720764,1151929329,0.580625057220459,1151938818,1.0941250324249268,,,,,,,,
mpu,,,,,,,,,1152033728,254,32540,-32768,1152033728,-1165,86,803
adc,1152011259,-0.005750000476837158,1152020300,0.1211250051856041,1152029338,0.0062500000931322575,1152038826,0.3527500033378601,,,,,,,,
mpu,,,,,,,,,1152133734,4386,22158,-30340,1152133734,-2428,270,1491
adc,1152111262,0.04375000298023224,1152120295,0.4046250283718109,1152129334,0.006625000387430191,1152138411,0.14400000870227814,,,,,,,,
mpu,,,,,,,,,1152233728,3788,12428,-28328,1152233728,-1966,77,1278
adc,1152211255,0.14150001108646393,1152220288,0.3291250169277191,1152229322,0.0062500000931322575,1152238544,0.23275001347064972,,,,,,,,
mpu,,,,,,,,,1152333728,2168,4650,-29132,1152333728,-455,-132,437
adc,1152311248,0.3330000042915344,1152320284,0.3061250150203705,1152329316,0.007000000216066837,1152338311,0.25337502360343933,,,,,,,,
mpu,,,,,,,,,1152433729,-400,-4044,-32768,1152433729,990,-360,-848
adc,1152411241,1.4771250486373901,1152420273,0.22812500596046448,1152429310,0.04375000298023224,1152438355,0.6151250004768372,,,,,,,,
mpu,,,,,,,,,1152533729,9492,-1136,-24902,1152533729,1697,63,-1602
adc,1152511247,0.8816250562667847,1152520280,0.4195000231266022,1152529314,1.0422500371932983,1152538549,1.2916250228881836,,,,,,,,
mpu,,,,,,,,,1152633730,9128,14384,-20062,1152633730,1741,598,-1028
adc,1152611252,0.2172500044107437,1152620290,0.5080000162124634,1152629325,1.4756250381469727,1152638812,1.4051250219345093,,,,,,,,
mpu,,,,,,,,,1152733731,5538,31270,-24996,1152733731,1358,-251,-618
adc,1152711263,0.5643750429153442,1152720301,0.19687500596046448,1152729341,1.3895000219345093,1152738342,1.1876250505447388,,,,,,,,
mpu,,,,,,,,,1152833736,2018,32767,-32768,1152833736,38,-286,157
adc,1152811249,0.35862502455711365,1152820281,-0.1706250011920929,1152829315,0.3555000126361847,1152838798,0.5683750510215759,,,,,,,,
mpu,,,,,,,,,1152933732,-490,27178,-32476,1152933732,-1918,146,1172
adc,1152911258,0.3971250057220459,1152920294,0.08937500417232513,1152929326,0.061625003814697266,1152938819,0.30900001525878906,,,,,,,,
mpu,,,,,,,,,1153033735,1344,20058,-25000,1153033735,-2395,429,1466
adc,1153011266,0.4047500193119049,1153020310,0.17462500929832458,1153029349,0.07612500339746475,1153038342,0.304625004529953,,,,,,,,
mpu,,,,,,,,,1153133726,3262,10092,-27624,1153133726,-1521,-134,977
adc,1153111245,0.4410000145435333,1153120285,0.12300000339746475,1153129318,0.019750000908970833,1153138628,0.2578750252723694,,,,,,,,
mpu,,,,,,,,,1153233724,2458,-646,-30838,1153233724,193,-122,-72
adc,1153211256,0.3721250295639038,1153220291,0.2290000170469284,1153229323,0.006500000134110451,1153238779,0.33250001072883606,,,,,,,,
mpu,,,,,,,,,1153333727,-1044,-6038,-26568,1153333727,1487,-111,-1142
adc,1153311260,1.4885001182556152,1153320303,0.39350003004074097,1153329336,0.1706250011920929,1153338794,0.7883750200271606,,,,,,,,
mpu,,,,,,,,,1153433729,7890,3414,-23398,1153433729,1724,172,-1359
adc,1153411265,1.1032500267028809,1153420299,0.23125001788139343,1153429333,1.1740000247955322,1153438799,1.4468750953674316,,,,,,,,
mpu,,,,,,,,,1153533734,8580,19796,-21910,1153533734,1581,397,-872
adc,1153511267,0.6336250305175781,1153520298,0.08912500739097595,1153529337,1.584375023841858,1153538555,1.46750009059906,,,,,,,,
mpu,,,,,,,,,1153633731,4570,32767,-31942,1153633731,1029,-455,-394
adc,1153611253,0.5838750004768372,1153620292,0.005500000435858965,1153629323,1.1367501020431519,1153638536,1.1173750162124634,,,,,,,,
mpu,,,,,,,,,1153733729,3036,32767,-32768,1153733729,-702,-134,629
adc,1153711256,0.4662500321865082,1153720288,-0.16087500751018524,1153729322,0.01850000023841858,1153738771,0.4453750252723694,,,,,,,,
mpu,,,,,,,,,1153833733,4290,22932,-30044,1153833733,-2383,229,1427
adc,1153811264,0.5205000042915344,1153820301,-0.05312500149011612,1153829335,0.017000000923871994,1153838826,0.31162500381469727,,,,,,,,
mpu,,,,,,,,,1153933727,3230,16612,-25396,1153933727,-2121,315,1319
adc,1153911264,0.5693750381469727,1153920299,-0.03350000083446503,1153929335,0.009750000201165676,1153938819,0.30787500739097595,,,,,,,,
mpu,,,,,,,,,1154033728,2888,6336,-27478,1154033728,-914,-130,572
adc,1154011249,0.6516250371932983,1154020283,0.10525000840425491,1154029318,0.004750000312924385,1154038627,0.28712502121925354,,,,,,,,
mpu,,,,,,,,,1154133732,1386,-1140,-32224,1154133732,726,-177,-472
adc,1154111262,1.1992501020431519,1154120301,0.12037500739097595,1154129333,0.005125000141561031,1154138456,0.38712501525878906,,,,,,,,
mpu,,,,,,,,,1154233733,6638,-5984,-29998,1154233733,1695,-50,-1408
adc,1154211250,1.396375060081482,1154220288,0.5541250109672546,1154229321,0.733875036239624,1154238403,1.0383750200271606,,,,,,,,
mpu,,,,,,,,,1154333728,8958,14382,-17346,1154333728,1722,418,-1149
adc,1154311252,0.8681250214576721,1154320286,-0.010000000707805157,1154329327,1.4175000190734863,1154338815,1.3531250953674316,,,,,,,,
mpu,,,,,,,,,1154433731,3618,29088,-19772,1154433731,1497,81,-734
adc,1154411256,0.999000072479248,1154420294,-0.014875000342726707,1154429333,1.4761251211166382,1154438792,1.1788750886917114,,,,,,,,
mpu,,,,,,,,,1154533728,6102,32767,-32768,1154533728,466,-568,-4
adc,1154511261,0.7298750281333923,1154520305,-0.036125000566244125,1154529337,0.6518750190734863,1154538541,0.8251250386238098,,,,,,,,
mpu,,,,,,,,,1154633732,976,32767,-28516,1154633732,-1397,77,903
adc,1154611243,0.43525001406669617,1154620284,-0.3031250238418579,1154629318,0.020125001668930054,1154638297,0.2978750169277191,,,,,,,,
mpu,,,,,,,,,1154733733,3212,20764,-28890,1154733733,-2478,301,1504
adc,1154711261,0.6875000596046448,1154720300,-0.08912500739097595,1154729332,0.005125000141561031,1154738805,0.3577500283718109,,,,,,,,
mpu,,,,,,,,,1154833731,2240,11746,-27950,1154833731,-1862,129,1095
adc,1154811254,0.8166250586509705,1154820282,-0.07925000041723251,1154829314,0.03475000336766243,1154838318,0.343625009059906,,,,,,,,
mpu,,,,,,,,,1154933730,670,2628,-29908,1154933730,-302,-108,183
adc,1154911251,0.643500030040741,1154920286,0.05650000274181366,1154929318,0.0043750000186264515,1154938401,0.1823750138282776,,,,,,,,
mpu,,,,,,,,,1155033735,-2282,-4680,-32768,1155033735,1278,-88,-869
adc,1155011256,1.4886250495910645,1155020292,0.1771250069141388,1155029322,0.011375000700354576,1155038427,0.47600001096725464,,,,,,,,
mpu,,,,,,,,,1155133732,8522,-264,-25060,1155133732,1738,-10,-1417
adc,1155111244,1.3095000982284546,1155120278,-0.12275000661611557,1155129310,1.0086250305175781,1155138485,1.2788751125335693,,,,,,,,
mpu,,,,,,,,,1155233730,8804,16116,-19786,1155233730,1683,530,-896
adc,1155211253,0.815125048160553,1155220288,-0.039250001311302185,1155229326,1.4746251106262207,1155238331,1.4123750925064087,,,,,,,,
mpu,,,,,,,,,1155333728,6974,32430,-26614,1155333728,1375,-169,-413
adc,1155311263,0.9603750705718994,1155320303,-0.17537501454353333,1155329334,1.3441250324249268,1155338539,1.1660000085830688,,,,,,,,
mpu,,,,,,,,,1155433732,-592,32767,-32768,1155433732,-174,-231,368
adc,1155411258,0.27787500619888306,1155420295,-0.4255000054836273,1155429326,0.1965000033378601,1155438527,0.6150000095367432,,,,,,,,
mpu,,,,,,,,,1155533735,202,25436,-28302,1155533735,-2165,143,1283
adc,1155511253,0.6647500395774841,1155520287,-0.3213750123977661,1155529318,0.07225000113248825,1155538536,0.49025002121925354,,,,,,,,
mpu,,,,,,,,,1155633725,4312,20056,-26194,1155633725,-2346,314,1393
adc,1155611252,0.7676250338554382,1155620290,-0.19112500548362732,1155629321,0.026875000447034836,1155638784,0.3243750035762787,,,,,,,,
mpu,,,,,,,,,1155733731,3712,9042,-26558,1155733731,-1353,-102,771
adc,1155711256,0.7898750305175781,1155720292,-0.1172500029206276,1155729329,0.005125000141561031,1155738800,0.2956250011920929,,,,,,,,
mpu,,,,,,,,,1155833730,2438,-702,-30352,1155833730,387,-168,-225
adc,1155811269,0.8196250200271606,1155820304,-0.08537500351667404,1155829339,0.0031250000465661287,1155838809,0.242125004529953,,,,,,,,
mpu,,,,,,,,,1155933728,674,-6298,-30766,1155933728,1579,-16,-1283
adc,1155911256,1.4100000858306885,1155920297,0.4098750054836273,1155929325,0.3707500100135803,1155938816,0.8551250696182251,,,,,,,,
mpu,,,,,,,,,1156033730,4808,8790,-17922,1156033730,1770,317,-1231
adc,1156011268,0.9392500519752502,1156020312,-0.27250000834465027,1156029345,1.2707500457763672,1156038347,1.4265000820159912,,,,,,,,
mpu,,,,,,,,,1156133728,5352,22210,-15590,1156133728,1657,284,-791
adc,1156111257,0.8208750486373901,1156120295,-0.19562500715255737,1156129328,1.4778751134872437,1156138543,1.377750039100647,,,,,,,,
mpu,,,,,,,,,1156233727,1934,32767,-29470,1156233727,849,-477,-200
adc,1156211260,0.9271250367164612,1156220296,-0.2788750231266022,1156229333,0.9328750371932983,1156238823,1.1278750896453857,,,,,,,,
mpu,,,,,,,,,1156333734,5448,32767,-32768,1156333734,-935,-68,700
adc,1156311253,0.0768750011920929,1156320289,-0.43287500739097595,1156329326,0.020375000312924385,1156338804,0.46512502431869507,,,,,,,,
mpu,,,,,,,,,1156433730,3816,22882,-29920,1156433730,-2476,225,1432
adc,1156411255,0.7595000267028809,1156420287,-0.29637500643730164,1156429323,0.012625000439584255,1156438816,0.3073750138282776,,,,,,,,
mpu,,,,,,,,,1156533731,4456,15046,-27376,1156533731,-2126,154,1250
adc,1156511258,0.7637500166893005,1156520298,-0.2627499997615814,1156529333,0.09275000542402267,1156538582,0.27950000762939453,,,,,,,,
mpu,,,,,,,,,1156633730,2940,7022,-27434,1156633730,-795,-147,453
adc,1156611253,0.8365000486373901,1156620282,-0.24700000882148743,1156629316,0.0013750001089647412,1156638389,0.28824999928474426,,,,,,,,
mpu,,,,,,,,,1156733731,1650,-4108,-32008,1156733731,957,-134,-654
adc,1156711254,1.4326250553131104,1156720286,-0.27112501859664917,1156729317,0.0008750000270083547,1156738329,0.4436250329017639,,,,,,,,
mpu,,,,,,,,,1156833726,7636,-4292,-26798,1156833726,1758,33,-1446
adc,1156811261,1.3541250228881836,1156820297,0.3830000162124634,1156829332,0.8080000281333923,1156838539,1.1453750133514404,,,,,,,,
mpu,,,,,,,,,1156933730,7240,12984,-19998,1156933730,1730,574,-1027
adc,1156911256,0.6990000605583191,1156920293,-0.28862500190734863,1156929329,1.3637501001358032,1156938547,1.4563751220703125,,,,,,,,
mpu,,,,,,,,,1157033728,4648,29158,-24558,1157033728,1458,-95,-585
adc,1157011248,1.2535001039505005,1157020278,-0.34275001287460327,1157029315,1.4118750095367432,1157038643,1.3093750476837158,,,,,,,,
mpu,,,,,,,,,1157133731,-3616,32767,-31538,1157133731,348,-345,54
adc,1157111246,0.4228750169277191,1157120286,-0.43300002813339233,1157129327,0.5181249976158142,1157138400,0.846125066280365,,,,,,,,
mpu,,,,,,,,,1157233731,102,28920,-32768,1157233731,-1749,52,1048
adc,1157211247,0.3737500309944153,1157220288,-0.3618750274181366,1157229323,0.0008750000270083547,1157238323,0.3367500305175781,,,,,,,,
mpu,,,,,,,,,1157333731,2302,21146,-29852,1157333731,-2498,275,1461
adc,1157311253,0.5416250228881836,1157320289,-0.31187501549720764,1157329319,0.023375000804662704,1157338420,0.29237502813339233,,,,,,,,
mpu,,,,,,,,,1157433735,3592,12078,-26272,1157433735,-1726,-52,1028
adc,1157411261,0.8033750653266907,1157420295,-0.2955000102519989,1157429330,0.014000000432133675,1157438346,0.3332500159740448,,,,,,,,
mpu,,,,,,,,,1157533723,1140,96,-29346,1157533723,-73,-104,-7
adc,1157511258,0.7193750143051147,1157520292,-0.1537500023841858,1157529328,-0.001125000067986548,1157538545,0.2317500114440918,,,,,,,,
mpu,,,,,,,,,1157633729,-5750,-5680,-30158,1157633729,1415,-91,-1029
adc,1157611268,1.421375036239624,1157620303,0.042875003069639206,1157629341,0.03962500020861626,1157638794,0.6100000143051147,,,,,,,,
mpu,,,,,,,,,1157733728,9080,-88,-24712,1157733728,1794,146,-1393
adc,1157711263,0.8636250495910645,1157720300,-0.3451250195503235,1157729331,1.1933751106262207,1157738786,1.383500099182129,,,,,,,,
mpu,,,,,,,,,1157833726,9754,18136,-17512,1157833726,1714,468,-865
adc,1157811251,1.0831249952316284,1157820290,-0.055125001817941666,1157829320,1.5166250467300415,1157838793,1.3850001096725464,,,,,,,,
mpu,,,,,,,,,1157933732,4472,32767,-28038,1157933732,1182,-375,-361
adc,1157911254,1.2327500581741333,1157920289,-0.27925002574920654,1157929318,1.2647500038146973,1157938421,1.1355000734329224,,,,,,,,
mpu,,,,,,,,,1158033728,466,32767,-32768,1158033728,-557,-151,508
adc,1158011255,-0.07012500613927841,1158020298,-0.4113750159740448,1158029327,0.04625000059604645,1158038614,0.5202500224113464,,,,,,,,
mpu,,,,,,,,,1158133733,3320,24274,-31306,1158133733,-2373,222,1382
adc,1158111257,0.5647500157356262,1158120288,-0.35325002670288086,1158129324,0.019750000908970833,1158138553,0.3395000100135803,,,,,,,,
mpu,,,,,,,,,1158233729,2156,16940,-28774,1158233729,-2237,283,1346
adc,1158211255,0.687250018119812,1158220296,-0.3082500100135803,1158229327,0.03212499991059303,1158238307,0.36225003004074097,,,,,,,,
mpu,,,,,,,,,1158333729,3394,8196,-25246,1158333729,-1050,-115,674
adc,1158311253,0.6975000500679016,1158320288,-0.2837500274181366,1158329311,-0.002875000238418579,1158338356,0.2773750126361847,,,,,,,,
mpu,,,,,,,,,1158433721,1216,-2304,-31570,1158433721,696,-189,-404
adc,1158411248,1.1888750791549683,1158420280,-0.29500001668930054,1158429312,-0.0032500000670552254,1158438781,0.37962502241134644,,,,,,,,
mpu,,,,,,,,,1158533735,5664,-6100,-30948,1158533735,1692,-92,-1409
adc,1158511261,1.2473750114440918,1158520302,0.33787500858306885,1158529332,0.6710000038146973,1158538676,1.0631250143051147,,,,,,,,
mpu,,,,,,,,,1158633727,4298,9836,-20208,1158633727,1747,534,-1182
adc,1158611255,0.534500002861023,1158620296,-0.2627499997615814,1158629327,1.396375060081482,1158638819,1.4723750352859497,,,,,,,,
mpu,,,,,,,,,1158733731,4810,26634,-18604,1158733731,1542,102,-669
adc,1158711259,0.8066250085830688,1158720293,-0.1913750022649765,1158729326,1.5597500801086426,1158738808,1.4005000591278076,,,,,,,,
mpu,,,,,,,,,1158833725,3650,32767,-30518,1158833725,550,-458,-62
adc,1158811259,0.42750000953674316,1158820300,-0.2553749978542328,1158829332,0.815500020980835,1158838817,1.0500000715255737,,,,,,,,
mpu,,,,,,,,,1158933729,2312,32496,-29738,1158933729,-1397,24,881
adc,1158911259,0.3070000112056732,1158920295,-0.32450002431869507,1158929332,0.11337500810623169,1158938783,0.6148750185966492,,,,,,,,
mpu,,,,,,,,,1159033729,354,21498,-30166,1159033729,-2483,342,1531
adc,1159011255,0.6585000157356262,1159020292,-0.2821250259876251,1159029320,0.045375000685453415,1159038560,0.4023750126361847,,,,,,,,
mpu,,,,,,,,,1159133736,4890,11366,-28444,1159133736,-1895,53,1155
adc,1159111250,0.5641250014305115,1159120285,-0.24500000476837158,1159129320,0.03237500041723251,1159138389,0.36925002932548523,,,,,,,,
mpu,,,,,,,,,1159233732,628,1844,-28854,1159233732,-300,-124,158
adc,1159211268,0.6456250548362732,1159220301,-0.21850000321865082,1159229337,-0.0043750000186264515,1159238819,0.3161250054836273,,,,,,,,
mpu,,,,,,,,,1159333733,-3360,-6824,-32768,1159333733,1332,-163,-866
adc,1159311265,1.105875015258789,1159320307,-0.07950000464916229,1159329337,0.09925000369548798,1159338819,0.6820000410079956,,,,,,,,
mpu,,,,,,,,,1159433731,4006,1730,-23728,1159433731,1775,78,-1430
adc,1159411253,0.9183750152587891,1159420290,-0.1210000067949295,1159429322,1.1827501058578491,1159438779,1.365125060081482,,,,,,,,
mpu,,,,,,,,,1159533727,8322,15712,-15584,1159533727,1720,540,-919
adc,1159511258,0.5546250343322754,1159520288,-0.07912500202655792,1159529323,1.4888750314712524,1159538530,1.5377501249313354,,,,,,,,
mpu,,,,,,,,,1159633732,4284,31300,-26080,1159633732,1191,-320,-476
adc,1159611256,0.9000000357627869,1159620295,-0.06675000488758087,1159629329,1.3573750257492065,1159638352,1.3597500324249268,,,,,,,,
mpu,,,,,,,,,1159733725,-3616,32767,-32768,1159733725,-256,-217,358
adc,1159711248,0.17862500250339508,1159720292,-0.25050002336502075,1159729323,0.1575000137090683,1159738811,0.6383750438690186,,,,,,,,
mpu,,,,,,,,,1159833731,-1862,25136,-31238,1159833731,-2197,195,1303
adc,1159811257,0.2056250125169754,1159820299,-0.24650001525878906,1159829337,0.012750000692903996,1159838812,0.3628750145435333,,,,,,,,
mpu,,,,,,,,,1159933729,1890,18314,-24376,1159933729,-2287,375,1370
adc,1159911252,0.5016250014305115,1159920288,-0.19625000655651093,1159929321,0.05562500283122063,1159938802,0.4113750159740448,,,,,,,,
mpu,,,,,,,,,1160033730,3242,9082,-26984,1160033730,-1299,-167,778
adc,1160011252,0.6271250247955322,1160020293,-0.1393750011920929,1160029323,0.06550000607967377,1160038543,0.47700002789497375,,,,,,,,
mpu,,,,,,,,,1160133726,296,-6,-31398,1160133726,422,-191,-236
adc,1160111259,0.6621250510215759,1160120298,-0.1913750022649765,1160129332,-0.005750000476837158,1160138530,0.4491250216960907,,,,,,,,
mpu,,,,,,,,,1160233732,9532,-5870,-32670,1160233732,1586,-269,-1268
adc,1160211257,1.115625023841858,1160220297,0.08425000309944153,1160229325,0.799250066280365,1160238353,1.018625020980835,,,,,,,,
mpu,,,,,,,,,1160333730,3754,9860,-16914,1160333730,1755,437,-1331
adc,1160311255,0.5862500071525574,1160320291,-0.045250002294778824,1160329324,1.3693751096725464,1160338782,1.4568750858306885,,,,,,,,
mpu,,,,,,,,,1160433732,7386,21300,-18182,1160433732,1596,149,-721
adc,1160411254,0.6780000329017639,1160420289,0.12450000643730164,1160429326,1.6038750410079956,1160438817,1.511875033378601,,,,,,,,
mpu,,,,,,,,,1160533729,4872,32767,-32330,1160533729,821,-370,-219
adc,1160511259,0.195250004529953,1160520294,-0.06037500128149986,1160529329,1.1238750219345093,1160538522,1.1346250772476196,,,,,,,,
mpu,,,,,,,,,1160633736,1702,31816,-32624,1160633736,-1061,-51,688
adc,1160611264,0.023250000551342964,1160620303,-0.2096250057220459,1160629342,0.15312500298023224,1160638830,0.6895000338554382,,,,,,,,
mpu,,,,,,,,,1160733724,3174,24606,-31524,1160733724,-2454,243,1401
adc,1160711249,0.3645000159740448,1160720285,-0.07487500458955765,1160729322,0.18325001001358032,1160738813,0.4077500104904175,,,,,,,,
mpu,,,,,,,,,1160833729,2860,14460,-27048,1160833729,-2110,238,1188
adc,1160811259,0.4722500145435333,1160820296,-0.09025000780820847,1160829319,0.06975000351667404,1160838393,0.3693750202655792,,,,,,,,
mpu,,,,,,,,,1160933727,1444,5840,-27790,1160933727,-688,-100,462
adc,1160911253,0.5718750357627869,1160920286,-0.06737500429153442,1160929324,-0.005875000264495611,1160938514,0.3243750035762787,,,,,,,,
mpu,,,,,,,,,1161033726,146,-3514,-32768,1161033726,1033,-229,-567
adc,1161011253,0.9513750672340393,1161020287,-0.0035000001080334187,1161029321,-0.005625000223517418,1161038354,0.518750011920929,,,,,,,,
mpu,,,,,,,,,1161133734,6646,-3830,-32068,1161133734,1741,-3,-1451
adc,1161111259,0.38062500953674316,1161120300,0.4115000069141388,1161129332,0.8786250352859497,1161138390,1.299375057220459,,,,,,,,
mpu,,,,,,,,,1161233734,7442,12658,-20530,1161233734,1710,502,-1059
adc,1161211253,0.6702500581741333,1161220289,0.13862501084804535,1161229321,1.377000093460083,1161238795,1.5896251201629639,,,,,,,,
mpu,,,,,,,,,1161333730,6532,28200,-22978,1161333730,1408,-31,-609
adc,1161311259,0.6032500267028809,1161320297,0.14875000715255737,1161329331,1.4563751220703125,1161338389,1.4130001068115234,,,,,,,,
mpu,,,,,,,,,1161433738,584,32767,-31786,1161433738,234,-449,104
adc,1161411261,-0.02537500113248825,1161420300,0.06875000149011612,1161429331,0.5731250047683716,1161438321,0.8707500696182251,,,,,,,,
mpu,,,,,,,,,1161533725,854,28806,-29026,1161533725,-1798,160,1065
adc,1161511258,0.09612500667572021,1161520292,-0.06037500128149986,1161529326,0.002250000135973096,1161538545,0.4462500214576721,,,,,,,,
mpu,,,,,,,,,1161633723,2114,19676,-29174,1161633723,-2410,377,1486
adc,1161611253,0.3348750174045563,1161620289,0.020250000059604645,1161629323,0.05087500065565109,1161638786,0.42737501859664917,,,,,,,,
mpu,,,,,,,,,1161733736,3126,12784,-28090,1161733736,-1661,-46,963
adc,1161711264,0.4140000343322754,1161720309,0.0013750001089647412,1161729342,0.02250000089406967,1161738799,0.29225000739097595,,,,,,,,
mpu,,,,,,,,,1161833730,2862,-476,-31450,1161833730,5,-137,-114
adc,1161811252,0.25837501883506775,1161820288,0.05975000187754631,1161829322,-0.005125000141561031,1161838797,0.21250000596046448,,,,,,,,
mpu,,,,,,,,,1161933732,-4494,-6326,-29310,1161933732,1424,-162,-1104
adc,1161911258,0.9503750205039978,1161920294,0.612625002861023,1161929331,0.20225000381469727,1161938360,0.703000009059906,,,,,,,,
mpu,,,,,,,,,1162033726,7284,7308,-23872,1162033726,1810,300,-1383
adc,1162011259,0.5146250128746033,1162020306,0.20850001275539398,1162029336,1.1507500410079956,1162038341,1.3137500286102295,,,,,,,,
mpu,,,,,,,,,1162133735,9890,16642,-15754,1162133735,1734,415,-699
adc,1162111249,0.3682500123977661,1162120284,0.5116250514984131,1162129317,1.4668750762939453,1162138474,1.4188750982284546,,,,,,,,
mpu,,,,,,,,,1162233725,4248,32767,-28504,1162233725,1063,-395,-285
adc,1162211255,0.40150001645088196,1162220295,0.2815000116825104,1162229327,1.2725000381469727,1162238396,1.1911250352859497,,,,,,,,
mpu,,,,,,,,,1162333732,2746,32767,-32710,1162333732,-703,-262,467
adc,1162311248,-0.2617500126361847,1162320287,-0.07912500202655792,1162329320,0.06800000369548798,1162338419,0.5138750076293945,,,,,,,,
mpu,,,,,,,,,1162433729,2632,25722,-29734,1162433729,-2405,173,1375
adc,1162411253,-0.07700000703334808,1162420294,0.2833750247955322,1162429328,-0.004500000271946192,1162438819,0.19175000488758087,,,,,,,,
mpu,,,,,,,,,1162533727,2116,15292,-25262,1162533727,-2359,7,1466
adc,1162511259,0.3111250102519989,1162520298,0.0338750034570694,1162529337,0.08150000125169754,1162538612,0.3177500069141388,,,,,,,,
mpu,,,,,,,,,1162633730,4262,6736,-27502,1162633730,-1095,-279,732
adc,1162611258,0.34925001859664917,1162620297,0.06850000470876694,1162629329,0.04100000113248825,1162638529,0.3840000033378601,,,,,,,,
mpu,,,,,,,,,1162733724,-2196,-1424,-29444,1162733724,686,82,-578
adc,1162711252,0.3206250071525574,1162720288,0.057500001043081284,1162729320,0.023250000551342964,1162738399,0.36537501215934753,,,,,,,,
mpu,,,,,,,,,1162833729,2674,-7192,-31788,1162833729,1699,-176,-1475
adc,1162811255,0.7281250357627869,1162820291,0.7637500166893005,1162829325,0.8961250185966492,1162838340,1.0658750534057617,,,,,,,,
mpu,,,,,,,,,1162933731,5008,11484,-16734,1162933731,1762,444,-1323
adc,1162911270,0.04487500339746475,1162920309,0.4126250147819519,1162929343,1.499000072479248,1162938778,1.4307500123977661,,,,,,,,
mpu,,,,,,,,,1163033723,5318,30408,-24856,1163033723,1603,-2,-764
adc,1163011256,0.45600003004074097,1163020296,0.5675000548362732,1163029333,1.5613750219345093,1163038320,1.3783750534057617,,,,,,,,
mpu,,,,,,,,,1163133727,-244,32767,-31624,1163133727,482,-273,52
adc,1163111251,-0.13612501323223114,1163120293,0.4192500114440918,1163129327,0.846375048160553,1163138403,0.8687500357627869,,,,,,,,
mpu,,,,,,,,,1163233725,6028,32767,-27942,1163233725,-1490,72,984
adc,1163211254,-0.25575000047683716,1163220290,-0.02562500163912773,1163229325,0.08637500554323196,1163238307,0.5261250138282776,,,,,,,,
mpu,,,,,,,,,1163333724,2394,23210,-27186,1163333724,-2456,364,1498
adc,1163311260,-0.19500000774860382,1163320299,0.3621250092983246,1163329340,0.00787500012665987,1163338788,0.3270000219345093,,,,,,,,
mpu,,,,,,,,,1163433730,5230,12190,-27172,1163433730,-1803,39,1143
adc,1163411254,0.05612500384449959,1163420295,0.273125022649765,1163429327,0.009000000543892384,1163438808,0.3763750195503235,,,,,,,,
mpu,,,,,,,,,1163533728,2964,1834,-30076,1163533728,-206,-118,181
adc,1163511250,0.11825000494718552,1163520293,0.2848750054836273,1163529326,-0.004500000271946192,1163538551,0.2487500160932541,,,,,,,,
mpu,,,,,,,,,1163633733,-3530,-6400,-32768,1163633733,1315,-187,-955
adc,1163611255,0.8456250429153442,1163620292,0.3856250047683716,1163629322,0.0027500002179294825,1163638363,0.5247500538825989,,,,,,,,
mpu,,,,,,,,,1163733731,9290,1336,-26940,1163733731,1792,116,-1503
adc,1163711263,0.3752500116825104,1163720304,0.5487500429153442,1163729336,1.0021250247955322,1163738332,1.199625015258789,,,,,,,,
mpu,,,,,,,,,1163833725,6108,17268,-21694,1163833725,1711,550,-886
adc,1163811259,-0.2355000078678131,1163820298,0.749500036239624,1163829330,1.4288750886917114,1163838324,1.3882501125335693,,,,,,,,
mpu,,,,,,,,,1163933736,5068,31566,-27358,1163933736,1189,-363,-453
adc,1163911274,0.21112501621246338,1163920311,0.5876250267028809,1163929342,1.345750093460083,1163938556,1.1516250371932983,,,,,,,,
mpu,,,,,,,,,1164033728,-1514,32767,-31148,1164033728,-466,-263,411
adc,1164011251,-0.36900001764297485,1164020296,0.2045000046491623,1164029329,0.09325000643730164,1164038339,0.5348750352859497,,,,,,,,
mpu,,,,,,,,,1164133729,2444,22876,-32768,1164133729,-2251,271,1377
adc,1164111268,-0.29587501287460327,1164120314,0.2383750081062317,1164129348,-0.0005000000237487257,1164138560,0.312375009059906,,,,,,,,
mpu,,,,,,,,,1164233730,2566,16476,-29524,1164233730,-2229,426,1394
adc,1164211265,-0.1496250033378601,1164220302,0.31450000405311584,1164229335,-0.0035000001080334187,1164238550,0.2788750231266022,,,,,,,,
mpu,,,,,,,,,1164333737,2728,8108,-27288,1164333737,-1088,-158,719
adc,1164311258,0.00925000011920929,1164320295,0.3816250264644623,1164329324,0.012250000610947609,1164338404,0.36912500858306885,,,,,,,,
mpu,,,,,,,,,1164433728,1164,-1674,-31400,1164433728,593,-257,-380
adc,1164411262,-0.07137500494718552,1164420289,0.40175002813339233,1164429322,-0.0035000001080334187,1164438305,0.38350000977516174,,,,,,,,
mpu,,,,,,,,,1164533731,6498,-5698,-31148,1164533731,1705,-43,-1405
adc,1164511265,0.9283750653266907,1164520300,0.9388750195503235,1164529334,0.5677500367164612,1164538556,0.8990000486373901,,,,,,,,
mpu,,,,,,,,,1164633735,7320,9376,-19906,1164633735,1782,407,-1178
adc,1164611258,-0.08737500756978989,1164620296,0.6453750133514404,1164629332,1.331125020980835,1164638337,1.3927500247955322,,,,,,,,
mpu,,,,,,,,,1164733728,3676,28314,-18644,1164733728,1565,167,-743
adc,1164711252,-0.17925000190734863,1164720294,0.827875018119812,1164729326,1.5091251134872437,1164738665,1.355375051498413,,,,,,,,
mpu,,,,,,,,,1164833731,4070,32767,-28170,1164833731,532,-427,-66
adc,1164811245,-0.2931250035762787,1164820281,0.5825000405311584,1164829313,0.9037500619888306,1164838631,0.8727500438690186,,,,,,,,
mpu,,,,,,,,,1164933721,3982,31876,-29904,1164933721,-1399,35,904
adc,1164911254,-0.41725000739097595,1164920297,0.4351250231266022,1164929332,0.030500002205371857,1164938780,0.3942500054836273,,,,,,,,
mpu,,,,,,,,,1165033725,2272,23240,-29936,1165033725,-2490,350,1493
adc,1165011259,-0.16862501204013824,1165020292,0.46000000834465027,1165029324,0.03800000250339508,1165038383,0.33225002884864807,,,,,,,,
mpu,,,,,,,,,1165133730,3578,12342,-28300,1165133730,-1869,35,1147
adc,1165111262,-0.19287501275539398,1165120302,0.3673750162124634,1165129334,0.020500000566244125,1165138630,0.3265000283718109,,,,,,,,
mpu,,,,,,,,,1165233732,2368,2416,-30924,1165233732,-309,-190,228
adc,1165211258,-0.14912500977516174,1165220295,0.5286250114440918,1165229330,-0.002875000238418579,1165238317,0.29862502217292786,,,,,,,,
mpu,,,,,,,,,1165333730,-4716,-5180,-31898,1165333730,1258,-123,-925
adc,1165311248,0.8360000252723694,1165320285,0.7321250438690186,1165329313,-0.002875000238418579,1165338643,0.5377500057220459,,,,,,,,
mpu,,,,,,,,,1165433734,5464,-2078,-27220,1165433734,1753,-22,-1459
adc,1165411259,0.3320000171661377,1165420297,0.890125036239624,1165429337,1.0912500619888306,1165438790,1.2313750982284546,,,,,,,,
mpu,,,,,,,,,1165533736,8690,16496,-20462,1165533736,1758,597,-975
adc,1165511265,-0.2668749988079071,1165520306,0.9175000190734863,1165529343,1.51437509059906,1165538345,1.3721250295639038,,,,,,,,
mpu,,,,,,,,,1165633729,4138,31222,-27996,1165633729,1231,-331,-422
adc,1165611260,0.05375000089406967,1165620289,0.8721250295639038,1165629320,1.3601250648498535,1165638303,1.0697500705718994,,,,,,,,
mpu,,,,,,,,,1165733730,656,32767,-32768,1165733730,-358,-158,373
adc,1165711255,-0.4181250333786011,1165720294,0.21062500774860382,1165729332,0.999625027179718,1165738808,0.5326250195503235,,,,,,,,
mpu,,,,,,,,,1165833726,-634,29548,-30916,1165833726,-2148,10,1290
adc,1165811253,-0.30525001883506775,1165820293,0.5676250457763672,1165829328,0.5601250529289246,1165838791,0.19100001454353333,,,,,,,,
mpu,,,,,,,,,1165933729,1594,15658,-28366,1165933729,-2384,123,1436
adc,1165911262,-0.18300001323223114,1165920301,0.6607500314712524,1165929335,0.1055000051856041,1165938546,0.17675000429153442,,,,,,,,
mpu,,,,,,,,,1166033725,3014,9966,-25382,1166033725,-1146,8,788
adc,1166011252,-0.2121250033378601,1166020289,0.6182500123977661,1166029320,-0.0020000000949949026,1166038548,0.18250000476837158,,,,,,,,
mpu,,,,,,,,,1166133735,1142,-2602,-32768,1166133735,653,-180,-380
adc,1166111267,-0.1432500034570694,1166120302,0.6423750519752502,1166129336,-0.002875000238418579,1166138568,0.24387501180171967,,,,,,,,
mpu,,,,,,,,,1166233731,4040,-5298,-28972,1166233731,1691,106,-1412
adc,1166211255,0.35062500834465027,1166220287,1.1643750667572021,1166229318,0.6048750281333923,1166238389,0.9181250333786011,,,,,,,,
mpu,,,,,,,,,1166333729,8508,12270,-18444,1166333729,1759,393,-1161
adc,1166311255,-0.242000013589859,1166320297,0.7718750238418579,1166329332,1.4200000762939453,1166338322,1.350250005722046,,,,,,,,
mpu,,,,,,,,,1166433727,5538,29080,-17266,1166433727,1555,54,-749
adc,1166411267,-0.2865000069141388,1166420306,1.0928750038146973,1166429339,1.6273751258850098,1166438791,1.2927501201629639,,,,,,,,
mpu,,,,,,,,,1166533729,4754,32767,-32498,1166533729,484,-521,-88
adc,1166511252,-0.3737500309944153,1166520294,0.8878750205039978,1166529331,0.9977500438690186,1166538566,0.846875011920929,,,,,,,,
mpu,,,,,,,,,1166633732,-450,31706,-32190,1166633732,-1444,119,955
adc,1166611261,-0.4150000214576721,1166620297,0.49262502789497375,1166629334,0.07200000435113907,1166638347,0.5701250433921814,,,,,,,,
mpu,,,,,,,,,1166733736,3170,24198,-27682,1166733736,-2480,366,1534
adc,1166711259,-0.32337501645088196,1166720295,0.6038750410079956,1166729336,0.03837500140070915,1166738798,0.3528750240802765,,,,,,,,
mpu,,,,,,,,,1166833731,3594,11152,-27034,1166833731,-1867,43,1125
adc,1166811247,-0.2938750088214874,1166820288,0.5243750214576721,1166829320,0.005875000264495611,1166838808,0.3437500298023224,,,,,,,,
mpu,,,,,,,,,1166933730,2206,2226,-29464,1166933730,-227,-119,131
adc,1166911255,-0.24412500858306885,1166920289,0.6678750514984131,1166929321,-0.001500000013038516,1166938799,0.2931250035762787,,,,,,,,
mpu,,,,,,,,,1167033736,-6248,-6880,-32768,1167033736,1295,-78,-992
adc,1167011258,0.5322500467300415,1167020297,1.0966250896453857,1167029329,-0.001125000067986548,1167038640,0.5143750309944153,,,,,,,,
mpu,,,,,,,,,1167133723,5190,896,-25118,1167133723,1803,85,-1435
adc,1167111261,0.2822500169277191,1167120291,0.9848750233650208,1167129323,1.0666249990463257,1167138548,1.1846250295639038,,,,,,,,
mpu,,,,,,,,,1167233733,6656,17024,-18520,1167233733,1738,526,-875
adc,1167211262,-0.40950003266334534,1167220299,1.1818751096725464,1167229331,1.530500054359436,1167238311,1.3912500143051147,,,,,,,,
mpu,,,,,,,,,1167333732,5330,32767,-28762,1167333732,1183,-407,-413
adc,1167311260,-0.2878750264644623,1167320297,0.9905000329017639,1167329330,1.329875111579895,1167338379,1.0848751068115234,,,,,,,,
mpu,,,,,,,,,1167433728,2176,32767,-32768,1167433728,-512,-161,481
adc,1167411264,-0.41225001215934753,1167420305,0.4361250102519989,1167429336,0.40037500858306885,1167438797,0.6616250276565552,,,,,,,,
mpu,,,,,,,,,1167533730,2490,27626,-30672,1167533730,-2349,190,1388
adc,1167511259,-0.3555000126361847,1167520291,0.6020000576972961,1167529325,0.2150000035762787,1167538548,0.42375001311302185,,,,,,,,
mpu,,,,,,,,,1167633730,3808,17496,-25612,1167633730,-2296,226,1453
adc,1167611260,-0.3070000112056732,1167620298,0.627750039100647,1167629330,0.03812500089406967,1167638827,0.36237502098083496,,,,,,,,
mpu,,,,,,,,,1167733728,4048,6554,-26570,1167733728,-990,-44,649
adc,1167711247,-0.3596250116825104,1167720286,0.7671250104904175,1167729324,-0.0005000000237487257,1167738362,0.3147500157356262,,,,,,,,
mpu,,,,,,,,,1167833730,418,-2316,-32768,1167833730,782,-196,-540
adc,1167811254,-0.30762502551078796,1167820295,0.9511250257492065,1167829337,-0.0005000000237487257,1167838827,0.3031250238418579,,,,,,,,
mpu,,,,,,,,,1167933729,8060,-5938,-31302,1167933729,1755,-75,-1448
adc,1167911265,0.7420000433921814,1167920300,1.305375099182129,1167929336,0.48475003242492676,1167938804,0.9153750538825989,,,,,,,,
mpu,,,,,,,,,1168033725,7342,12484,-23536,1168033725,1738,432,-1125
adc,1168011255,-0.24375000596046448,1168020292,0.8827500343322754,1168029328,1.305125117301941,1168038537,1.3258750438690186,,,,,,,,
mpu,,,,,,,,,1168133726,5188,29028,-18880,1168133726,1487,72,-654
adc,1168111260,-0.3760000169277191,1168120293,0.9595000743865967,1168129323,1.4590001106262207,1168138589,1.311750054359436,,,,,,,,
mpu,,,,,,,,,1168233722,2908,32767,-32768,1168233722,350,-392,76
adc,1168211262,-0.35075002908706665,1168220296,0.8440000414848328,1168229322,0.9182500243186951,1168238816,0.9281250238418579,,,,,,,,
mpu,,,,,,,,,1168333728,4088,31014,-29890,1168333728,-1666,70,1002
adc,1168311258,-0.3543750047683716,1168320306,0.4752500355243683,1168329339,0.08162500709295273,1168338355,0.6328750252723694,,,,,,,,
mpu,,,,,,,,,1168433728,1520,21004,-30042,1168433728,-2554,306,1482
adc,1168411259,-0.3242500126361847,1168420297,0.8941250443458557,1168429332,0.0820000022649765,1168438528,0.40525001287460327,,,,,,,,
mpu,,,,,,,,,1168533732,3116,10752,-27856,1168533732,-1708,69,1013
adc,1168511255,-0.34787502884864807,1168520293,0.8437500596046448,1168529329,0.000375000003259629,1168538559,0.28712502121925354,,,,,,,,
mpu,,,,,,,,,1168633733,1722,628,-30256,1168633733,20,-117,-45
adc,1168611257,-0.33100003004074097,1168620290,0.842875063419342,1168629328,0.0010000000474974513,1168638805,0.27412500977516174,,,,,,,,
mpu,,,,,,,,,1168733729,-5558,-5136,-27582,1168733729,1530,-35,-1089
adc,1168711256,0.0507500022649765,1168720289,1.1016250848770142,1168729321,0.011625000275671482,1168738385,0.6046250462532043,,,,,,,,
mpu,,,,,,,,,1168833737,5652,4676,-18066,1168833737,1808,91,-1307
adc,1168811260,-0.07537500560283661,1168820293,1.2238750457763672,1168829329,0.8782500624656677,1168838521,1.1610000133514404,,,,,,,,
mpu,,,,,,,,,1168933728,11268,17746,-17656,1168933728,1624,424,-789
adc,1168911259,-0.32750001549720764,1168920292,1.1322500705718994,1168929325,1.396875023841858,1168938816,1.4600000381469727,,,,,,,,
mpu,,,,,,,,,1169033728,3454,32767,-28650,1169033728,1050,-335,-369
adc,1169011256,-0.2147500067949295,1169020289,1.1166250705718994,1169029332,1.3362500667572021,1169038530,1.2375000715255737,,,,,,,,
mpu,,,,,,,,,1169133736,3974,32767,-29968,1169133736,-612,-200,519
adc,1169111258,-0.3620000183582306,1169120287,0.6522500514984131,1169129322,0.3711250126361847,1169138502,0.6636250019073486,,,,,,,,
mpu,,,,,,,,,1169233731,1910,25612,-29048,1169233731,-2376,247,1381
adc,1169211266,-0.3227500021457672,1169220304,0.6837500333786011,1169229342,0.08362500369548798,1169238804,0.43562501668930054,,,,,,,,
mpu,,,,,,,,,1169333728,3362,16166,-28054,1169333728,-2257,225,1368
adc,1169311261,-0.2852500081062317,1169320297,0.796375036239624,1169329331,0.03375000134110451,1169338796,0.35225000977516174,,,,,,,,
mpu,,,,,,,,,1169433728,4266,5552,-26142,1169433728,-955,-126,546
adc,1169411249,-0.31025001406669617,1169420286,0.9061250686645508,1169429326,0.002250000135973096,1169438344,0.34675002098083496,,,,,,,,
mpu,,,,,,,,,1169533737,640,-1476,-32436,1169533737,776,-117,-550
adc,1169511257,-0.3072500228881836,1169520300,0.9790000319480896,1169529334,0.002625000197440386,1169538538,0.25950002670288086,,,,,,,,
mpu,,,,,,,,,1169633730,5752,-6594,-31062,1169633730,1762,-30,-1414
adc,1169611259,0.8131250143051147,1169620294,1.3957500457763672,1169629327,0.28987500071525574,1169638537,0.9356250166893005,,,,,,,,
mpu,,,,,,,,,1169733732,4496,12242,-21492,1169733732,1715,529,-1144
adc,1169711261,-0.2097500115633011,1169720296,1.0242500305175781,1169729333,1.118499994277954,1169738805,1.4420000314712524,,,,,,,,
mpu,,,,,,,,,1169833727,4552,27030,-21722,1169833727,1569,146,-568
adc,1169811260,-0.16037501394748688,1169820298,1.1225000619888306,1169829331,1.3133751153945923,1169838318,1.2703750133514404,,,,,,,,
mpu,,,,,,,,,1169933731,4136,32767,-32768,1169933731,482,-516,55
adc,1169911257,-0.23862500488758087,1169920286,0.924250066280365,1169929321,0.8718750476837158,1169938339,1.1060000658035278,,,,,,,,
mpu,,,,,,,,,1170033732,2656,32767,-32768,1170033732,-1551,34,886
adc,1170011256,-0.31962502002716064,1170020305,0.5008749961853027,1170029340,0.04175000265240669,1170038532,0.6936250329017639,,,,,,,,
mpu,,,,,,,,,1170133728,2358,21486,-30108,1170133728,-2592,282,1499
adc,1170111262,-0.24787500500679016,1170120300,0.6192500591278076,1170129334,0.029250001534819603,1170138530,0.3448750078678131,,,,,,,,
mpu,,,,,,,,,1170233729,4310,10386,-27454,1170233729,-1857,-6,1079
adc,1170211256,-0.18400001525878906,1170220299,0.8791250586509705,1170229336,0.01575000025331974,1170238822,0.30762502551078796,,,,,,,,
mpu,,,,,,,,,1170333726,1768,2442,-29262,1170333726,-217,-143,135
adc,1170311252,-0.22812500596046448,1170320286,0.9046250581741333,1170329309,0.0043750000186264515,1170338381,0.2718750238418579,,,,,,,,
mpu,,,,,,,,,1170433723,-3034,-5380,-32538,1170433723,1346,-89,-983
adc,1170411254,-0.09362500160932541,1170420287,1.1397500038146973,1170429321,0.005250000394880772,1170438648,0.460500031709671,,,,,,,,
mpu,,,,,,,,,1170533727,7742,1154,-23758,1170533727,1828,88,-1382
adc,1170511247,0.19725000858306885,1170520282,1.220500111579895,1170529317,0.6915000081062317,1170538654,0.9888750314712524,,,,,,,,
mpu,,,,,,,,,1170633733,7716,15796,-13474,1170633733,1719,506,-876
adc,1170611256,-0.20387500524520874,1170620297,1.1040000915527344,1170629334,1.3693751096725464,1170638799,1.339500069618225,,,,,,,,
mpu,,,,,,,,,1170733728,3026,32767,-28780,1170733728,1285,-155,-464
adc,1170711260,-0.14600001275539398,1170720295,0.9972500205039978,1170729327,1.4313750267028809,1170738503,1.352000117301941,,,,,,,,
mpu,,,,,,,,,1170833728,-284,32767,-32768,1170833728,-246,-266,341
adc,1170811266,-0.2952500283718109,1170820293,-0.0860000029206276,1170829320,0.5261250138282776,1170838801,0.6908750534057617,,,,,,,,
mpu,,,,,,,,,1170933732,-528,22702,-30244,1170933732,-2205,170,1190
adc,1170911264,-0.234250009059906,1170920299,0.6672500371932983,1170929333,0.1693750023841858,1170938508,0.6307500004768372,,,,,,,,
mpu,,,,,,,,,1171033731,4388,21740,-27600,1171033731,-2417,117,1346
adc,1171011257,-0.21700000762939453,1171020289,0.7438750267028809,1171029322,0.07900000363588333,1171038541,0.3683750033378601,,,,,,,,
mpu,,,,,,,,,1171133729,3404,7494,-26826,1171133729,-1347,49,793
adc,1171111256,-0.16475000977516174,1171120291,0.6621250510215759,1171129328,0.005125000141561031,1171138550,0.28300002217292786,,,,,,,,
mpu,,,,,,,,,1171233733,2730,1100,-31596,1171233733,405,-302,-70
adc,1171211251,-0.15837500989437103,1171220287,0.830875039100647,1171229319,0.005875000264495611,1171238395,0.27674999833106995,,,,,,,,
mpu,,,,,,,,,1171333726,1962,-6758,-28552,1171333726,1629,41,-1211
adc,1171311264,0.877750039100647,1171320299,1.0430001020431519,1171329330,0.023250000551342964,1171338332,0.6601250171661377,,,,,,,,
mpu,,,,,,,,,1171433734,3888,7096,-26554,1171433734,1736,265,-1263
adc,1171411260,0.4501250088214874,1171420294,0.9822500348091125,1171429326,1.0950000286102295,1171438531,1.2536250352859497,,,,,,,,
mpu,,,,,,,,,1171533727,5586,20502,-22168,1171533727,1621,237,-783
adc,1171511265,0.23187501728534698,1171520302,1.0017499923706055,1171529338,1.4937500953674316,1171538394,1.4078750610351562,,,,,,,,
mpu,,,,,,,,,1171633725,1064,32767,-26878,1171633725,973,-360,-272
adc,1171611263,0.03112500160932541,1171620298,0.8662500381469727,1171629337,1.2936251163482666,1171638413,1.1536250114440918,,,,,,,,
mpu,,,,,,,,,1171733730,-648,32522,-32550,1171733730,-763,-119,596
adc,1171711267,-0.2146250158548355,1171720299,0.17525000870227814,1171729334,0.3347500264644623,1171738569,0.768500030040741,,,,,,,,
mpu,,,,,,,,,1171833732,4592,24298,-29552,1171833732,-2370,179,1391
adc,1171811260,-0.14262500405311584,1171820293,0.5613750219345093,1171829327,0.08012500405311584,1171838315,0.48512503504753113,,,,,,,,
mpu,,,,,,,,,1171933729,2258,15064,-26058,1171933729,-2218,325,1268
adc,1171911255,-0.07975000143051147,1171920291,0.749125063419342,1171929325,0.06537500023841858,1171938328,0.32362502813339233,,,,,,,,
mpu,,,,,,,,,1172033740,3668,7034,-28022,1172033740,-1019,-144,520
adc,1172011249,-0.08575000613927841,1172020322,0.658750057220459,1172029352,0.006375000346451998,1172038569,0.31687501072883606,,,,,,,,
mpu,,,,,,,,,1172133732,494,-664,-31770,1172133732,672,-116,-514
adc,1172111261,-0.10375000536441803,1172120294,0.7857500314712524,1172129333,0.007625000551342964,1172138529,0.25962501764297485,,,,,,,,
mpu,,,,,,,,,1172233730,4216,-5936,-31344,1172233730,1709,-8,-1333
adc,1172211254,1.008750081062317,1172220284,1.0173749923706055,1172229318,0.20150001347064972,1172238621,0.8083750605583191,,,,,,,,
mpu,,,,,,,,,1172333731,6314,12634,-21284,1172333731,1778,382,-1070
adc,1172311255,0.3213750123977661,1172320294,0.7641250491142273,1172329327,1.2257500886917114,1172338645,1.3590000867843628,,,,,,,,
mpu,,,,,,,,,1172433729,3416,23646,-21244,1172433729,1560,141,-626
adc,1172411255,0.2997500002384186,1172420293,0.9193750619888306,1172429328,1.5163750648498535,1172438807,1.4016250371932983,,,,,,,,
mpu,,,,,,,,,1172533732,698,32767,-32768,1172533732,632,-482,-80
adc,1172511254,0.08375000208616257,1172520294,0.7417500615119934,1172529328,1.1455000638961792,1172538592,1.061000108718872,,,,,,,,
mpu,,,,,,,,,1172633730,1676,29780,-32098,1172633730,-1245,22,797
adc,1172611260,-0.148250013589859,1172620297,-0.03187500312924385,1172629332,0.03537500277161598,1172638824,0.6640000343322754,,,,,,,,
mpu,,,,,,,,,1172733733,5566,22390,-29274,1172733733,-2437,243,1483
adc,1172711262,0.02825000137090683,1172720302,0.4690000116825104,1172729338,0.0062500000931322575,1172738814,0.3687500059604645,,,,,,,,
mpu,,,,,,,,,1172833728,4244,13832,-27872,1172833728,-1934,127,1174
adc,1172811274,0.03462500125169754,1172820310,0.5995000004768372,1172829344,0.027500001713633537,1172838817,0.3386250138282776,,,,,,,,
mpu,,,,,,,,,1172933729,2792,5730,-26786,1172933729,-644,-306,319
adc,1172911252,0.00800000037997961,1172920282,0.530875027179718,1172929315,0.007000000216066837,1172938789,0.2723750174045563,,,,,,,,
mpu,,,,,,,,,1173033731,290,-3474,-32584,1173033731,874,-184,-798
adc,1173011267,0.4546250104904175,1173020307,0.9193750619888306,1173029338,0.007375000510364771,1173038356,0.33375000953674316,,,,,,,,
mpu,,,,,,,,,1173133734,5020,-2790,-25658,1173133734,1729,300,-1396
adc,1173111251,0.7547500133514404,1173120286,1.1251250505447388,1173129321,0.4723750352859497,1173138673,0.878125011920929,,,,,,,,
mpu,,,,,,,,,1173233729,6042,13904,-19748,1173233729,1714,522,-993
adc,1173211264,0.32625001668930054,1173220299,0.37687501311302185,1173229328,1.2890000343322754,1173238318,1.2115000486373901,,,,,,,,
mpu,,,,,,,,,1173333726,2426,29646,-21556,1173333726,1395,-97,-584
adc,1173311259,0.19337500631809235,1173320298,0.6975000500679016,1173329330,1.5283750295639038,1173338536,1.3170000314712524,,,,,,,,
mpu,,,,,,,,,1173433728,4396,32767,-32768,1173433728,328,-421,96
adc,1173411265,0.030625000596046448,1173420299,0.44225001335144043,1173429334,0.9865000247955322,1173438818,0.9987500309944153,,,,,,,,
mpu,,,,,,,,,1173533735,2794,30570,-29222,1173533735,-1563,52,928
adc,1173511256,-0.0911250039935112,1173520292,0.030500002205371857,1173529325,0.1055000051856041,1173538545,0.5431250333786011,,,,,,,,
mpu,,,,,,,,,1173633735,2140,23472,-27182,1173633735,-2411,356,1347
adc,1173611249,0.17225000262260437,1173620290,0.5083750486373901,1173629326,0.061125002801418304,1173638805,0.33225002884864807,,,,,,,,
mpu,,,,,,,,,1173733732,4730,12280,-26354,1173733732,-1821,26,1023
adc,1173711253,0.16562500596046448,1173720292,0.3803750276565552,1173729322,0.03162500262260437,1173738807,0.3370000123977661,,,,,,,,
mpu,,,,,,,,,1173833737,1448,4538,-27916,1173833737,-317,-100,230
adc,1173811260,0.28600001335144043,1173820301,0.543624997138977,1173829334,0.011250000447034836,1173838810,0.33250001072883606,,,,,,,,
mpu,,,,,,,,,1173933729,-3018,-4520,-32768,1173933729,1262,-158,-762
adc,1173911275,0.6893750429153442,1173920315,0.8420000672340393,1173929350,0.007750000339001417,1173938832,0.4698750078678131,,,,,,,,
mpu,,,,,,,,,1174033730,5060,-364,-31306,1174033730,1884,110,-1345
adc,1174011268,0.6317500472068787,1174020315,0.7351250052452087,1174029345,1.0006250143051147,1174038615,0.940125048160553,,,,,,,,
mpu,,,,,,,,,1174133727,3132,13874,-20194,1174133727,1694,488,-989
adc,1174111265,0.273250013589859,1174120294,0.596750020980835,1174129330,1.4923750162124634,1174138363,1.246000051498413,,,,,,,,
mpu,,,,,,,,,1174233730,4272,28450,-24464,1174233730,1213,-198,-490
adc,1174211251,0.24937501549720764,1174220288,0.5764999985694885,1174229323,1.5592501163482666,1174238324,1.326625108718872,,,,,,,,
mpu,,,,,,,,,1174333729,2628,32162,-32768,1174333729,82,-338,225
adc,1174311254,0.21687501668930054,1174320300,0.36262500286102295,1174329341,0.9388750195503235,1174338822,0.9278750419616699,,,,,,,,
mpu,,,,,,,,,1174433732,2276,27774,-32734,1174433732,-1862,59,1104
adc,1174411252,0.24187500774860382,1174420287,0.05287500098347664,1174429321,0.030750000849366188,1174438798,0.5210000276565552,,,,,,,,
mpu,,,,,,,,,1174533737,2886,21518,-25894,1174533737,-2448,353,1382
adc,1174511253,0.320125013589859,1174520285,0.27175000309944153,1174529323,0.10112500190734863,1174538553,0.43700000643730164,,,,,,,,
mpu,,,,,,,,,1174633728,4118,12546,-28060,1174633728,-1654,-7,894
adc,1174611254,0.421500027179718,1174620297,0.3891250193119049,1174629335,0.05562500283122063,1174638786,0.34062501788139343,,,,,,,,
mpu,,,,,,,,,1174733729,1364,644,-29598,1174733729,-7,-120,-17
adc,1174711257,0.3927500247955322,1174720285,0.5213750004768372,1174729317,0.017625000327825546,1174738346,0.3552500307559967,,,,,,,,
mpu,,,,,,,,,1174833725,-5412,-5142,-28372,1174833725,1386,-66,-979
adc,1174811261,0.7646250128746033,1174820298,0.5257500410079956,1174829328,0.016875000670552254,1174838365,0.5550000071525574,,,,,,,,
mpu,,,,,,,,,1174933727,4868,4652,-24764,1174933727,1732,196,-1381
adc,1174911253,0.8457500338554382,1174920292,0.49687501788139343,1174929326,1.1790000200271606,1174938803,1.0721250772476196,,,,,,,,
mpu,,,,,,,,,1175033738,7402,15392,-17878,1175033738,1732,449,-822
adc,1175011263,0.12825000286102295,1175020299,0.4895000159740448,1175029334,1.446000099182129,1175038532,1.392625093460083,,,,,,,,
mpu,,,,,,,,,1175133731,6156,32338,-30810,1175133731,1335,-236,-272
adc,1175111264,0.6538750529289246,1175120308,0.16550001502037048,1175129341,1.5670000314712524,1175138568,1.4242501258850098,,,,,,,,
mpu,,,,,,,,,1175233734,402,32767,-32768,1175233734,-271,-344,238
adc,1175211251,0.4151250123977661,1175220289,-0.11962500214576721,1175229323,0.846500039100647,1175238386,0.9593750238418579,,,,,,,,
mpu,,,,,,,,,1175333728,1574,27130,-32768,1175333728,-2229,43,1206
adc,1175311255,0.2580000162124634,1175320295,0.012875000946223736,1175329327,0.06325000524520874,1175338809,0.4090000092983246,,,,,,,,
mpu,,,,,,,,,1175433729,2818,17122,-27886,1175433729,-2368,299,1367
adc,1175411264,0.40012502670288086,1175420306,0.18575000762939453,1175429336,0.007250000257045031,1175438337,0.2486250102519989,,,,,,,,
mpu,,,,,,,,,1175533727,2406,10850,-26130,1175533727,-1382,-30,894
adc,1175511257,0.34012502431869507,1175520292,0.2553749978542328,1175529324,0.03100000135600567,1175538541,0.34662503004074097,,,,,,,,
mpu,,,,,,,,,1175633729,3700,-394,-30192,1175633729,303,-217,-66
adc,1175611260,0.29887500405311584,1175620295,0.34037500619888306,1175629330,0.005875000264495611,1175638814,0.3292500078678131,,,,,,,,
mpu,,,,,,,,,1175733730,-1560,-5358,-28448,1175733730,1547,43,-1181
adc,1175711261,1.380500078201294,1175720300,0.3563750088214874,1175729337,0.020625000819563866,1175738802,0.612125039100647,,,,,,,,
mpu,,,,,,,,,1175833727,6312,8086,-20108,1175833727,1776,214,-1293
adc,1175811260,1.0352500677108765,1175820295,0.3710000216960907,1175829331,1.1475000381469727,1175838798,1.2262500524520874,,,,,,,,
mpu,,,,,,,,,1175933733,12538,19798,-14402,1175933733,1646,288,-769
adc,1175911260,1.0632500648498535,1175920299,0.32212501764297485,1175929334,1.4312500953674316,1175938818,1.3977500200271606,,,,,,,,
mpu,,,,,,,,,1176033733,3272,32504,-29256,1176033733,1013,-399,-291
adc,1176011264,0.8113750219345093,1176020304,0.19562500715255737,1176029341,1.4595000743865967,1176038328,1.2277500629425049,,,,,,,,
mpu,,,,,,,,,1176133741,2740,32767,-32768,1176133741,-627,-219,462
adc,1176111265,0.15975001454353333,1176120293,-0.36275002360343933,1176129322,0.4555000364780426,1176138632,0.6321250200271606,,,,,,,,
mpu,,,,,,,,,1176233729,2256,23920,-30594,1176233729,-2384,161,1313
adc,1176211253,0.23375001549720764,1176220293,-0.06562500447034836,1176229329,0.049250002950429916,1176238819,0.5016250014305115,,,,,,,,
mpu,,,,,,,,,1176333734,2544,17050,-25964,1176333734,-2207,338,1296
adc,1176311262,0.5686250329017639,1176320301,0.10912500321865082,1176329329,0.06950000673532486,1176338806,0.3876250088214874,,,,,,,,
mpu,,,,,,,,,1176433734,1604,9402,-26864,1176433734,-1082,-82,695
adc,1176411261,0.38750001788139343,1176420297,0.10387500375509262,1176429335,0.021125001832842827,1176438316,0.3135000169277191,,,,,,,,
mpu,,,,,,,,,1176533730,1850,-1388,-31750,1176533730,627,-260,-276
adc,1176511247,0.4662500321865082,1176520279,0.2056250125169754,1176529309,0.005375000182539225,1176538560,0.33112502098083496,,,,,,,,
mpu,,,,,,,,,1176633724,6446,-6046,-31170,1176633724,1741,32,-1307
adc,1176611251,1.4865000247955322,1176620287,0.3725000321865082,1176629323,0.31437501311302185,1176638797,0.7565000653266907,,,,,,,,
mpu,,,,,,,,,1176733728,6722,10110,-20478,1176733728,1757,402,-1184
adc,1176711261,1.2745000123977661,1176720299,0.3177500069141388,1176729328,1.2337501049041748,1176738810,1.2661250829696655,,,,,,,,
mpu,,,,,,,,,1176833733,2268,23000,-21072,1176833733,1649,233,-715
adc,1176811256,0.9448750615119934,1176820297,0.12437500804662704,1176829333,1.589500069618225,1176838801,1.4230000972747803,,,,,,,,
mpu,,,,,,,,,1176933733,3738,32767,-32768,1176933733,766,-527,-181
adc,1176911254,1.174125075340271,1176920295,-0.048375003039836884,1176929320,1.4013750553131104,1176938795,1.2977501153945923,,,,,,,,
mpu,,,,,,,,,1177033720,2854,32630,-30470,1177033720,-1090,6,753
adc,1177011258,0.7822500467300415,1177020296,-0.3410000205039978,1177029326,0.47575002908706665,1177038391,0.6110000014305115,,,,,,,,
mpu,,,,,,,,,1177133728,4980,23668,-30516,1177133728,-2587,152,1332
adc,1177111249,0.24112501740455627,1177120281,-0.14087501168251038,1177129316,0.05912500247359276,1177138552,0.34787502884864807,,,,,,,,
mpu,,,,,,,,,1177233727,3550,14344,-28250,1177233727,-2085,184,1209
adc,1177211249,0.5848750472068787,1177220284,-0.00925000011920929,1177229322,0.0442500002682209,1177238316,0.44725000858306885,,,,,,,,
mpu,,,,,,,,,1177333728,1260,5100,-28930,1177333728,-656,-48,431
adc,1177311252,0.4153750240802765,1177320282,0.09162500500679016,1177329313,0.008875000290572643,1177338335,0.27775001525878906,,,,,,,,
mpu,,,,,,,,,1177433734,534,-2866,-32348,1177433734,946,-229,-606
adc,1177411265,0.6227500438690186,1177420298,0.0833750069141388,1177429323,0.005000000353902578,1177438409,0.3177500069141388,,,,,,,,
mpu,,,,,,,,,1177533725,2922,-4392,-30264,1177533725,1774,73,-1368
adc,1177511255,1.4996250867843628,1177520294,0.4345000088214874,1177529328,0.5988750457763672,1177538542,0.952375054359436,,,,,,,,
mpu,,,,,,,,,1177633727,10194,13470,-18110,1177633727,1726,401,-1030
adc,1177611261,0.8808750510215759,1177620300,0.012500000186264515,1177629332,1.3996250629425049,1177638800,1.3818750381469727,,,,,,,,
mpu,,,,,,,,,1177733726,2780,28756,-24156,1177733726,1539,-25,-631
adc,1177711263,1.102874994277954,1177720287,0.11212500184774399,1177729319,1.658750057220459,1177738785,1.4242501258850098,,,,,,,,
mpu,,,,,,,,,1177833733,-1076,32767,-32768,1177833733,455,-376,47
adc,1177811257,1.0568751096725464,1177820290,-0.2331250160932541,1177829323,1.221750020980835,1177838403,1.2168750762939453,,,,,,,,
mpu,,,,,,,,,1177933728,1434,30900,-32504,1177933728,-1716,157,966
adc,1177911256,0.09600000083446503,1177920295,-0.3712500035762787,1177929331,0.006375000346451998,1177938815,0.3733750283718109,,,,,,,,
mpu,,,,,,,,,1178033731,2518,21376,-28732,1178033731,-2667,179,1460
adc,1178011255,0.5902500152587891,1178020303,-0.14025001227855682,1178029339,0.008500000461935997,1178038536,0.2993750274181366,,,,,,,,
mpu,,,,,,,,,1178133731,1168,9986,-27374,1178133731,-1818,108,1221
adc,1178111254,0.5133750438690186,1178120289,-0.14337500929832458,1178129328,0.07262500375509262,1178138630,0.30000001192092896,,,,,,,,
mpu,,,,,,,,,1178233732,5084,2122,-30410,1178233732,-263,-439,78
adc,1178211269,0.596625030040741,1178220304,-0.027250001206994057,1178229339,0.15700000524520874,1178238316,0.3841250240802765,,,,,,,,
mpu,,,,,,,,,1178333732,-4280,-5252,-31952,1178333732,1315,-106,-979
adc,1178311250,1.3076250553131104,1178320290,-0.06000000238418579,1178329329,0.11987500637769699,1178338315,0.4242500066757202,,,,,,,,
mpu,,,,,,,,,1178433732,8160,3968,-25736,1178433732,1823,-99,-1481
adc,1178411258,1.3545000553131104,1178420302,0.13850000500679016,1178429344,1.1598750352859497,1178438816,0.846625030040741,,,,,,,,
mpu,,,,,,,,,1178533733,8774,16628,-16546,1178533733,1639,440,-981
adc,1178511252,1.2347500324249268,1178520284,-0.2120000123977661,1178529315,1.5851250886917114,1178538535,1.2588750123977661,,,,,,,,
mpu,,,,,,,,,1178633729,5066,32050,-27010,1178633729,1124,-236,-437
adc,1178611254,1.2375000715255737,1178620285,-0.07800000160932541,1178629322,1.6797500848770142,1178638389,1.393125057220459,,,,,,,,
mpu,,,,,,,,,1178733735,2254,32767,-32768,1178733735,-235,-182,358
adc,1178711265,0.9495000243186951,1178720299,-0.3698750138282776,1178729330,1.0596250295639038,1178738340,0.846750020980835,,,,,,,,
mpu,,,,,,,,,1178833725,-1604,25970,-31168,1178833725,-2061,184,1326
adc,1178811250,0.8077500462532043,1178820288,-0.3738750219345093,1178829325,0.09750000387430191,1178838779,0.31937500834465027,,,,,,,,
mpu,,,,,,,,,1178933728,5738,17346,-26992,1178933728,-2234,254,1557
adc,1178911258,0.5972500443458557,1178920286,-0.20875000953674316,1178929318,0.0062500000931322575,1178938550,0.2591250240802765,,,,,,,,
mpu,,,,,,,,,1179033729,4112,8008,-28948,1179033729,-1209,-12,871
adc,1179011252,0.7540000081062317,1179020289,-0.16837501525878906,1179029324,0.023125000298023224,1179038572,0.304500013589859,,,,,,,,
mpu,,,,,,,,,1179133729,1526,1952,-30226,1179133729,302,-40,-350
adc,1179111255,0.7443750500679016,1179120293,-0.17800000309944153,1179129324,0.02562500163912773,1179138399,0.36900001764297485,,,,,,,,
mpu,,,,,,,,,1179233727,4114,-5586,-29252,1179233727,1532,-61,-1391
adc,1179211264,1.4163750410079956,1179220296,-0.15725000202655792,1179229326,0.16037501394748688,1179238316,0.5435000061988831,,,,,,,,
mpu,,,,,,,,,1179333731,4646,10056,-19532,1179333731,1741,322,-1336
adc,1179311256,1.490625023841858,1179320294,0.2710000276565552,1179329324,1.248500108718872,1179338330,1.1092500686645508,,,,,,,,
mpu,,,,,,,,,1179433729,7762,21996,-20564,1179433729,1636,224,-724
adc,1179411266,1.2526251077651978,1179420311,0.05962500348687172,1179429344,1.4820001125335693,1179438769,1.3635001182556152,,,,,,,,
mpu,,,,,,,,,1179533736,1876,32592,-31352,1179533736,858,-290,-170
adc,1179511263,1.1427500247955322,1179520294,-0.3006250262260437,1179529329,1.424625039100647,1179538626,1.117875099182129,,,,,,,,
mpu,,,,,,,,,1179633731,3530,32767,-32768,1179633731,-980,-102,587
adc,1179611261,0.22700001299381256,1179620297,-0.4240000247955322,1179629335,0.43812501430511475,1179638796,0.7170000076293945,,,,,,,,
mpu,,,,,,,,,1179733731,4300,22792,-28908,1179733731,-2491,239,1295
adc,1179711248,0.6602500081062317,1179720285,-0.34312501549720764,1179729315,0.08437500149011612,1179738384,0.3112500011920929,,,,,,,,
mpu,,,,,,,,,1179833731,2368,16086,-26702,1179833731,-2098,274,1219
adc,1179811253,0.7133750319480896,1179820293,-0.33550000190734863,1179829322,0.06387500464916229,1179838400,0.35362502932548523,,,,,,,,
mpu,,,,,,,,,1179933731,470,6304,-27618,1179933731,-673,-22,584
adc,1179911268,0.49375003576278687,1179920306,-0.2815000116825104,1179929343,0.010625000111758709,1179938798,0.41450002789497375,,,,,,,,
mpu,,,,,,,,,1180033727,-400,-2264,-32062,1180033727,918,-304,-467
adc,1180011253,0.5253750085830688,1180020299,-0.2737500071525574,1180029335,0.001875000074505806,1180038350,0.3907500207424164,,,,,,,,
mpu,,,,,,,,,1180133733,3376,-6730,-32768,1180133733,1722,-173,-1337
adc,1180111257,1.5347501039505005,1180120300,0.06787500530481339,1180129338,0.6320000290870667,1180138531,0.9727500677108765,,,,,,,,
mpu,,,,,,,,,1180233733,10150,13282,-18876,1180233733,1687,534,-1174
adc,1180211251,1.28725004196167,1180220280,-0.234125018119812,1180229315,1.4326250553131104,1180238349,1.4131250381469727,,,,,,,,
mpu,,,,,,,,,1180333734,3610,29860,-21938,1180333734,1502,58,-616
adc,1180311262,1.3146250247955322,1180320300,-0.15600000321865082,1180329337,1.6238750219345093,1180338792,1.4692500829696655,,,,,,,,
mpu,,,,,,,,,1180433728,1124,32767,-32676,1180433728,383,-372,99
adc,1180411262,1.059000015258789,1180420296,-0.3657500147819519,1180429330,1.3682500123977661,1180438791,1.183750033378601,,,,,,,,
mpu,,,,,,,,,1180533728,3102,30362,-30652,1180533728,-1590,41,949
adc,1180511255,0.48487502336502075,1180520298,-0.4115000069141388,1180529333,0.3581250309944153,1180538566,0.6293750405311584,,,,,,,,
mpu,,,,,,,,,1180633736,1452,20308,-30528,1180633736,-2507,287,1531
adc,1180611264,0.6651250123977661,1180620303,-0.3733750283718109,1180629345,0.1366250067949295,1180638324,0.515250027179718,,,,,,,,
mpu,,,,,,,,,1180733728,3880,12746,-27466,1180733728,-1732,127,1064
adc,1180711257,0.8651250600814819,1180720296,-0.34712502360343933,1180729331,0.03425000235438347,1180738305,0.4065000116825104,,,,,,,,
mpu,,,,,,,,,1180833730,1006,920,-29398,1180833730,-124,-100,48
adc,1180811267,0.6330000162124634,1180820311,-0.24687501788139343,1180829347,-0.0006250000442378223,1180838799,0.35475000739097595,,,,,,,,
mpu,,,,,,,,,1180933733,-5524,-6236,-32768,1180933733,1338,-206,-957
adc,1180911255,1.3537501096725464,1180920288,-0.29112499952316284,1180929321,-0.0006250000442378223,1180938798,0.46700000762939453,,,,,,,,
mpu,,,,,,,,,1181033729,5612,4204,-22120,1181033729,1705,65,-1483
adc,1181011261,1.2512500286102295,1181020290,0.35500001907348633,1181029323,0.9480000734329224,1181038396,1.1313750743865967,,,,,,,,
mpu,,,,,,,,,1181133735,7646,15462,-20002,1181133735,1668,437,-827
adc,1181111257,1.0942500829696655,1181120291,-0.3177500069141388,1181129326,1.4137500524520874,1181138581,1.427625060081482,,,,,,,,
mpu,,,,,,,,,1181233729,7430,32080,-28658,1181233729,1144,-359,-353
adc,1181211266,1.3683750629425049,1181220302,-0.273375004529953,1181229340,1.5733751058578491,1181238828,1.4288750886917114,,,,,,,,
mpu,,,,,,,,,1181333736,2668,32767,-32768,1181333736,-331,-185,350
adc,1181311262,0.30300000309944153,1181320298,-0.32750001549720764,1181329327,0.9496250748634338,1181338351,0.9463750720024109,,,,,,,,
mpu,,,,,,,,,1181433738,606,23262,-32434,1181433738,-2250,121,1280
adc,1181411258,0.10687500238418579,1181420297,-0.3720000088214874,1181429328,0.19175000488758087,1181438372,0.5148749947547913,,,,,,,,
mpu,,,,,,,,,1181533733,2580,18152,-27564,1181533733,-2294,381,1351
adc,1181511253,0.9331250190734863,1181520284,-0.3537500202655792,1181529322,0.10262500494718552,1181538665,0.406000018119812,,,,,,,,
mpu,,,,,,,,,1181633738,4344,9480,-26388,1181633738,-1230,-95,710
adc,1181611258,1.2501250505447388,1181620294,-0.29100000858306885,1181629328,0.016750000417232513,1181638315,0.3707500100135803,,,,,,,,
mpu,,,,,,,,,1181733728,674,-1438,-30676,1181733728,515,-108,-267
adc,1181711249,1.0108751058578491,1181720280,-0.24000000953674316,1181729316,0.0038750001695007086,1181738807,0.3787500262260437,,,,,,,,
mpu,,,,,,,,,1181833728,886,-5750,-31500,1181833728,1716,36,-1093
adc,1181811263,1.4200000762939453,1181820298,0.14600001275539398,1181829333,0.11162500828504562,1181838313,0.8028750419616699,,,,,,,,
mpu,,,,,,,,,1181933728,6168,9510,-22272,1181933728,1773,178,-1204
adc,1181911247,1.2121250629425049,1181920286,-0.05275000259280205,1181929320,1.1898750066757202,1181938799,1.4361250400543213,,,,,,,,
mpu,,,,,,,,,1182033725,7368,24016,-20966,1182033725,1571,229,-783
adc,1182011255,0.7847500443458557,1182020298,0.09100000560283661,1182029337,1.489375114440918,1182038327,1.5602500438690186,,,,,,,,
mpu,,,,,,,,,1182133733,5176,32767,-32768,1182133733,875,-229,-146
adc,1182111255,0.8640000224113464,1182120299,-0.22737501561641693,1182129335,1.4001250267028809,1182138523,1.358875036239624,,,,,,,,
mpu,,,,,,,,,1182233731,1150,32138,-31666,1182233731,-1161,-221,692
adc,1182211257,0.18125000596046448,1182220291,-0.33762502670288086,1182229323,0.2082500159740448,1182238627,0.6913750171661377,,,,,,,,
mpu,,,,,,,,,1182333728,7244,25386,-30700,1182333728,-2595,-84,1477
adc,1182311253,-0.16037501394748688,1182320283,-0.29725000262260437,1182329310,0.05112500116229057,1182338794,0.5762500166893005,,,,,,,,
mpu,,,,,,,,,1182433726,1850,13304,-26188,1182433726,-1992,279,1241
adc,1182411255,0.21787500381469727,1182420291,-0.2788750231266022,1182429323,0.019625000655651093,1182438793,0.3408750295639038,,,,,,,,
mpu,,,,,,,,,1182533730,3120,5418,-28776,1182533730,-654,-16,306
adc,1182511251,0.367000013589859,1182520289,-0.23800000548362732,1182529321,-0.004124999977648258,1182538413,0.2710000276565552,,,,,,,,
mpu,,,,,,,,,1182633727,-1178,-2986,-32200,1182633727,1082,69,-667
adc,1182611263,0.5580000281333923,1182620301,-0.20400001108646393,1182629331,-0.005000000353902578,1182638802,0.3720000088214874,,,,,,,,
mpu,,,,,,,,,1182733732,9774,-3746,-28256,1182733732,1827,-66,-1373
adc,1182711253,1.2327500581741333,1182720291,0.4227500259876251,1182729326,0.5127500295639038,1182738815,1.0080000162124634,,,,,,,,
mpu,,,,,,,,,1182833723,7590,13570,-20330,1182833723,1762,409,-1008
adc,1182811252,0.9722500443458557,1182820300,-0.13337500393390656,1182829333,1.2811250686645508,1182838798,1.4406250715255737,,,,,,,,
mpu,,,,,,,,,1182933733,7558,27906,-22146,1182933733,1426,-67,-542
adc,1182911257,1.152750015258789,1182920296,-0.029625002294778824,1182929333,1.505500078201294,1182938822,1.4853750467300415,,,,,,,,
mpu,,,,,,,,,1183033726,1234,32767,-31110,1183033726,146,-341,153
adc,1183011258,0.9466250538825989,1183020289,-0.18537500500679016,1183029321,1.1922500133514404,1183038332,1.1171250343322754,,,,,,,,
mpu,,,,,,,,,1183133733,2490,27882,-31920,1183133733,-1844,-51,1058
adc,1183111258,0.07237500697374344,1183120297,-0.27787500619888306,1183129332,0.09812500327825546,1183138564,0.5265000462532043,,,,,,,,
mpu,,,,,,,,,1183233725,2000,19878,-28132,1183233725,-2455,209,1470
adc,1183211262,0.07012500613927841,1183220302,-0.18112501502037048,1183229337,0.06450000405311584,1183238802,0.5092500448226929,,,,,,,,
mpu,,,,,,,,,1183333726,4440,10608,-30030,1183333726,-1617,53,1051
adc,1183311254,0.5608749985694885,1183320292,-0.19837501645088196,1183329322,0.08125000447034836,1183338342,0.5060000419616699,,,,,,,,
mpu,,,,,,,,,1183433736,2546,980,-28626,1183433736,-25,12,-21
adc,1183411251,0.4930000305175781,1183420289,-0.16750000417232513,1183429328,0.030750000849366188,1183438345,0.4878750145435333,,,,,,,,
mpu,,,,,,,,,1183533735,-5966,-6232,-32404,1183533735,1413,-30,-1120
adc,1183511243,1.140625,1183520284,-0.11675000190734863,1183529318,0.004625000059604645,1183538429,0.5782500505447388,,,,,,,,
mpu,,,,,,,,,1183633732,5940,3548,-22330,1183633732,1792,220,-1364
adc,1183611262,1.10812509059906,1183620302,0.6822500228881836,1183629333,1.0462501049041748,1183638311,1.1957499980926514,,,,,,,,
mpu,,,,,,,,,1183733739,4844,18222,-20464,1183733739,1697,434,-823
adc,1183711253,0.7010000348091125,1183720288,-0.004625000059604645,1183729322,1.5470000505447388,1183738369,1.498500108718872,,,,,,,,
mpu,,,,,,,,,1183833736,3052,32767,-28702,1183833736,1167,-417,-297
adc,1183811269,0.6943750381469727,1183820299,-0.04912500083446503,1183829334,1.6418750286102295,1183838825,1.5558750629425049,,,,,,,,
mpu,,,,,,,,,1183933731,2730,32450,-32768,1183933731,-475,-198,463
adc,1183911252,0.019625000655651093,1183920290,-0.2070000171661377,1183929326,0.9188750386238098,1183938523,0.9498750567436218,,,,,,,,
mpu,,,,,,,,,1184033733,952,23474,-32076,1184033733,-2231,112,1265
adc,1184011255,0.24912501871585846,1184020302,-0.08612500131130219,1184029339,0.2928750216960907,1184038543,0.6933750510215759,,,,,,,,
mpu,,,,,,,,,1184133725,222,18690,-27764,1184133725,-2241,378,1374
adc,1184111262,0.5256250500679016,1184120291,-0.07737500220537186,1184129326,0.10075000673532486,1184138570,0.4725000262260437,,,,,,,,
mpu,,,,,,,,,1184233730,4254,10100,-26346,1184233730,-1237,-109,721
adc,1184211249,0.26750001311302185,1184220290,-0.08662500232458115,1184229322,0.0036250001285225153,1184238299,0.3617500066757202,,,,,,,,
mpu,,,,,,,,,1184333727,1766,-1874,-31806,1184333727,529,-112,-365
adc,1184311261,0.30812501907348633,1184320298,-0.014875000342726707,1184329335,-0.005750000476837158,1184338831,0.35075002908706665,,,,,,,,
mpu,,,,,,,,,1184433732,3306,-4638,-30590,1184433732,1660,45,-1306
adc,1184411253,0.9080000519752502,1184420289,0.3176250159740448,1184429323,0.06537500023841858,1184438309,0.702750027179718,,,,,,,,
mpu,,,,,,,,,1184533728,7352,9942,-20812,1184533728,1757,273,-1196
adc,1184511261,0.7426250576972961,1184520296,0.3447500169277191,1184529324,1.1296250820159912,1184538411,1.2183750867843628,,,,,,,,
mpu,,,,,,,,,1184633732,4854,22202,-20576,1184633732,1680,282,-630
adc,1184611255,0.7242500185966492,1184620297,0.33387503027915955,1184629334,1.3911250829696655,1184638541,1.4620000123977661,,,,,,,,
mpu,,,,,,,,,1184733733,2982,32767,-32020,1184733733,811,-449,-151
adc,1184711255,0.611875057220459,1184720296,0.14550000429153442,1184729323,1.3673750162124634,1184738601,1.2505000829696655,,,,,,,,
mpu,,,,,,,,,1184833728,-1146,32767,-30736,1184833728,-1114,-125,686
adc,1184811258,0.21437500417232513,1184820299,-0.1053750067949295,1184829332,0.32112500071525574,1184838543,0.675125002861023,,,,,,,,
mpu,,,,,,,,,1184933732,4388,23524,-30972,1184933732,-2521,110,1404
adc,1184911263,0.18812501430511475,1184920301,-0.017875000834465027,1184929335,0.006875000428408384,1184938799,0.3960000276565552,,,,,,,,
mpu,,,,,,,,,1185033730,5152,13866,-28232,1185033730,-2011,276,1204
adc,1185011256,-0.3225000202655792,1185020295,-0.008625000715255737,1185029331,0.00937500037252903,1185038321,0.41200003027915955,,,,,,,,
mpu,,,,,,,,,1185133731,2290,2370,-25794,1185133731,-523,-92,403
adc,1185111256,0.288750022649765,1185120295,-0.027750002220273018,1185129326,0.002250000135973096,1185138572,0.5091250538825989,,,,,,,,
mpu,,,,,,,,,1185233731,-3202,-3624,-30964,1185233731,1364,-385,-1002
adc,1185211245,0.955500066280365,1185220274,0.07875000685453415,1185229308,0.4311250150203705,1185238414,0.8253750205039978,,,,,,,,
mpu,,,,,,,,,1185333728,4548,3002,-31870,1185333728,2286,385,-1674
adc,1185311256,1.0171250104904175,1185320290,0.42650002241134644,1185329324,1.4870001077651978,1185338816,1.4767500162124634,,,,,,,,
mpu,,,,,,,,,1185433728,12250,16680,-22484,1185433728,2413,159,-982
adc,1185411268,1.173875093460083,1185420303,0.5070000290870667,1185429339,1.792875051498413,1185438803,1.6700000762939453,,,,,,,,
mpu,,,,,,,,,1185533730,3590,32556,-31354,1185533730,1497,-296,-534
adc,1185511249,1.264875054359436,1185520281,-0.08537500351667404,1185529315,1.7896250486373901,1185538559,1.5468751192092896,,,,,,,,
mpu,,,,,,,,,1185633729,-1026,32767,-32768,1185633729,-373,161,323
adc,1185611254,0.05562500283122063,1185620291,-0.2032500058412552,1185629326,0.983625054359436,1185638310,1.0961250066757202,,,,,,,,
mpu,,,,,,,,,1185733732,4596,25066,-29906,1185733732,-2201,200,1203
adc,1185711268,-0.44062501192092896,1185720303,-0.08750000596046448,1185729339,0.16475000977516174,1185738813,0.7153750061988831,,,,,,,,
mpu,,,,,,,,,1185833730,-1038,24110,-32768,1185833730,-2384,172,1309
adc,1185811257,-0.4100000262260437,1185820298,-0.22875000536441803,1185829330,0.08237500488758087,1185838311,0.3425000309944153,,,,,,,,
mpu,,,,,,,,,1185933729,2304,6950,-28668,1185933729,-1582,187,795
adc,1185911241,-0.1288750022649765,1185920275,-0.18325001001358032,1185929308,0.03425000235438347,1185938326,0.35612502694129944,,,,,,,,
mpu,,,,,,,,,1186033724,-1002,4554,-30798,1186033724,2,-207,-109
adc,1186011261,0.08087500184774399,1186020305,0.11212500184774399,1186029344,0.004500000271946192,1186038346,0.3056250214576721,,,,,,,,
mpu,,,,,,,,,1186133734,1390,-6116,-27598,1186133734,1480,-36,-1141
adc,1186111265,0.6415000557899475,1186120300,0.26475000381469727,1186129332,0.0032500000670552254,1186138624,0.6008750200271606,,,,,,,,
mpu,,,,,,,,,1186233725,6108,7514,-23626,1186233725,1836,53,-1090
adc,1186211248,0.7133750319480896,1186220284,0.43700000643730164,1186229316,0.6316250562667847,1186238549,1.0503751039505005,,,,,,,,
mpu,,,,,,,,,1186333735,6056,17676,-19624,1186333735,1698,284,-814
adc,1186311252,0.37975001335144043,1186320294,0.8406250476837158,1186329325,1.1243751049041748,1186338819,1.4221251010894775,,,,,,,,
mpu,,,,,,,,,1186433728,4216,32767,-32768,1186433728,1315,-227,-435
adc,1186411256,-0.0017500000540167093,1186420291,0.45625001192092896,1186429324,1.2458750009536743,1186438304,1.4196250438690186,,,,,,,,
mpu,,,,,,,,,1186533728,1694,31444,-32768,1186533728,-479,70,312
adc,1186511250,-0.08887500315904617,1186520284,0.1847500056028366,1186529315,0.6221250295639038,1186538413,1.2286250591278076,,,,,,,,
mpu,,,,,,,,,1186633725,1072,26812,-32234,1186633725,-2532,326,1191
adc,1186611258,-0.4098750054836273,1186620296,0.2276250123977661,1186629329,0.06675000488758087,1186638335,0.5166250467300415,,,,,,,,
mpu,,,,,,,,,1186733730,2942,18496,-31482,1186733730,-2624,244,1053
adc,1186711260,-0.17500001192092896,1186720292,0.1861250102519989,1186729328,-0.006750000175088644,1186738412,0.21162500977516174,,,,,,,,
mpu,,,,,,,,,1186833730,1180,5042,-26608,1186833730,-1237,104,694
adc,1186811247,-0.019500000402331352,1186820286,0.2136250138282776,1186829321,-0.005375000182539225,1186838544,0.28712502121925354,,,,,,,,
mpu,,,,,,,,,1186933728,1034,2066,-32296,1186933728,401,-672,-65
adc,1186911251,0.18325001001358032,1186920288,0.29325002431869507,1186929322,-0.0043750000186264515,1186938556,0.3438750207424164,,,,,,,,
mpu,,,,,,,,,1187033729,5068,-3764,-31428,1187033729,1633,-89,-1272
adc,1187011249,0.6765000224113464,1187020288,0.42512503266334534,1187029326,0.0403750017285347,1187038570,0.6293750405311584,,,,,,,,
mpu,,,,,,,,,1187133730,2090,9018,-23236,1187133730,1905,410,-1161
adc,1187111254,0.6291250586509705,1187120292,0.8568750619888306,1187129329,0.9566250443458557,1187138483,1.1485000848770142,,,,,,,,
mpu,,,,,,,,,1187233732,3460,24886,-23048,1187233732,1806,90,-728
adc,1187211256,-0.023375000804662704,1187220290,0.8145000338554382,1187229324,1.3302500247955322,1187238316,1.5048750638961792,,,,,,,,
mpu,,,,,,,,,1187333730,2650,31248,-32768,1187333730,1182,-279,-194
adc,1187311259,0.15675000846385956,1187320288,0.5601250529289246,1187329324,1.2768750190734863,1187338812,1.508250117301941,,,,,,,,
mpu,,,,,,,,,1187433728,-774,32767,-32768,1187433728,-908,111,552
adc,1187411253,-0.2878750264644623,1187420283,0.23662501573562622,1187429317,0.7462500333786011,1187438799,1.2750000953674316,,,,,,,,
mpu,,,,,,,,,1187533729,2408,25118,-30446,1187533729,-2829,282,1322
adc,1187511253,-0.4098750054836273,1187520294,0.46412500739097595,1187529323,0.008750000037252903,1187538527,0.4477500319480896,,,,,,,,
mpu,,,,,,,,,1187633730,1406,15522,-28158,1187633730,-2530,223,982
adc,1187611255,-0.2828750014305115,1187620289,0.40437501668930054,1187629322,-0.003375000087544322,1187638801,0.22487501800060272,,,,,,,,
mpu,,,,,,,,,1187733738,2138,5566,-26530,1187733738,-1075,6,528
adc,1187711248,0.02825000137090683,1187720288,0.37937501072883606,1187729328,-0.003375000087544322,1187738368,0.2838750183582306,,,,,,,,
mpu,,,,,,,,,1187833730,2774,332,-32768,1187833730,612,-565,-288
adc,1187811247,0.11262500286102295,1187820278,0.48225003480911255,1187829317,-0.0032500000670552254,1187838813,0.2692500054836273,,,,,,,,
mpu,,,,,,,,,1187933734,3046,-3832,-32768,1187933734,1701,20,-1208
adc,1187911255,0.46412500739097595,1187920292,0.5146250128746033,1187929324,0.048875004053115845,1187938357,0.6190000176429749,,,,,,,,
mpu,,,,,,,,,1188033731,6794,10756,-21784,1188033731,1912,339,-1053
adc,1188011257,0.07175000011920929,1188020292,0.8521250486373901,1188029322,1.0058749914169312,1188038532,1.1812500953674316,,,,,,,,
mpu,,,,,,,,,1188133736,1556,27466,-26356,1188133736,1784,185,-647
adc,1188111257,0.2602500021457672,1188120296,0.7250000238418579,1188129332,1.2636250257492065,1188138646,1.4363750219345093,,,,,,,,
mpu,,,,,,,,,1188233734,1356,29352,-32496,1188233734,943,-200,-116
adc,1188211266,0.18962500989437103,1188220299,0.753000020980835,1188229335,1.0797500610351562,1188238326,1.268125057220459,,,,,,,,
mpu,,,,,,,,,1188333731,-2180,32767,-32768,1188333731,-1053,-45,531
adc,1188311251,-0.4376250207424164,1188320289,0.4033750295639038,1188329329,0.609125018119812,1188338817,1.1290000677108765,,,,,,,,
mpu,,,,,,,,,1188433731,1942,25418,-31968,1188433731,-2700,273,1262
adc,1188411251,-0.4130000174045563,1188420286,0.4871250092983246,1188429320,0.07850000262260437,1188438808,0.5241250395774841,,,,,,,,
mpu,,,,,,,,,1188533731,184,14934,-25332,1188533731,-2343,388,880
adc,1188511258,-0.42087501287460327,1188520292,0.5148749947547913,1188529327,-0.0042500002309679985,1188538553,0.18312500417232513,,,,,,,,
mpu,,,,,,,,,1188633730,3904,6510,-29728,1188633730,-939,-375,395
adc,1188611261,0.0897500067949295,1188620297,0.3892500102519989,1188629325,-0.002875000238418579,1188638802,0.30812501907348633,,,,,,,,
mpu,,,,,,,,,1188733730,-686,-770,-32220,1188733730,647,-300,-418
adc,1188711257,-0.1263750046491623,1188720294,0.5416250228881836,1188729335,-0.0031250000465661287,1188738824,0.24650001525878906,,,,,,,,
mpu,,,,,,,,,1188833732,1656,-964,-30880,1188833732,1737,52,-1161
adc,1188811260,0.8338750600814819,1188820297,0.7865000367164612,1188829333,0.1563750058412552,1188838371,0.6412500143051147,,,,,,,,
mpu,,,,,,,,,1188933733,9026,11138,-18050,1188933733,1900,427,-905
adc,1188911258,0.024500001221895218,1188920293,1.0795000791549683,1188929326,1.0462501049041748,1188938376,1.2115000486373901,,,,,,,,
mpu,,,,,,,,,1189033731,3994,26478,-24098,1189033731,1675,85,-560
adc,1189011257,-0.2736250162124634,1189020295,0.9512500166893005,1189029329,1.3302500247955322,1189038330,1.4288750886917114,,,,,,,,
mpu,,,,,,,,,1189133731,1512,32304,-32768,1189133731,885,-259,-145
adc,1189111263,0.36912500858306885,1189120289,0.7881250381469727,1189129319,1.225250005722046,1189138638,1.3806250095367432,,,,,,,,
mpu,,,,,,,,,1189233734,2522,32767,-32768,1189233734,-1157,-33,594
adc,1189211255,-0.44162502884864807,1189220297,0.643500030040741,1189229332,0.44062501192092896,1189238338,1.0633749961853027,,,,,,,,
mpu,,,,,,,,,1189333727,2954,24692,-31004,1189333727,-2747,339,1298
adc,1189311258,-0.4205000102519989,1189320296,0.6385000348091125,1189329325,0.01075000036507845,1189338354,0.37675002217292786,,,,,,,,
mpu,,,,,,,,,1189433725,1376,14308,-25154,1189433725,-2246,333,930
adc,1189411255,-0.40275001525878906,1189420296,0.596250057220459,1189429333,-0.004750000312924385,1189438811,0.14800000190734863,,,,,,,,
mpu,,,,,,,,,1189533734,1720,5624,-29198,1189533734,-716,-341,452
adc,1189511265,0.09212500602006912,1189520298,0.5971250534057617,1189529332,-0.002250000135973096,1189538564,0.31300002336502075,,,,,,,,
mpu,,,,,,,,,1189633730,-228,-1324,-32768,1189633730,811,-309,-425
adc,1189611256,-0.08225000649690628,1189620293,0.6231250166893005,1189629329,-0.0016250000335276127,1189638808,0.26225000619888306,,,,,,,,
mpu,,,,,,,,,1189733729,5932,-3146,-31728,1189733729,1703,-138,-1251
adc,1189711260,0.5973750352859497,1189720287,1.0095000267028809,1189729328,0.27175000309944153,1189738812,0.7118750214576721,,,,,,,,
mpu,,,,,,,,,1189833731,5994,12600,-19732,1189833731,1800,470,-1016
adc,1189811258,0.19112500548362732,1189820295,0.8671250343322754,1189829333,1.1543750762939453,1189838795,1.2920000553131104,,,,,,,,
mpu,,,,,,,,,1189933728,5614,27240,-21624,1189933728,1600,35,-581
adc,1189911249,-0.30912500619888306,1189920291,1.1155000925064087,1189929324,1.3133751153945923,1189938802,1.430625081062317,,,,,,,,
mpu,,,,,,,,,1190033739,-2132,32767,-32768,1190033739,615,-253,-52
adc,1190011267,0.06212500110268593,1190020304,0.9512500166893005,1190029340,1.1777501106262207,1190038319,1.2982500791549683,,,,,,,,
mpu,,,,,,,,,1190133727,-1014,30992,-32768,1190133727,-1526,-60,768
adc,1190111257,-0.45125001668930054,1190120295,0.27262499928474426,1190129327,0.2677500247955322,1190138513,0.6863750219345093,,,,,,,,
mpu,,,,,,,,,1190233735,750,23544,-31826,1190233735,-2645,258,1315
adc,1190211262,-0.41987502574920654,1190220300,0.6696250438690186,1190229335,-0.002625000197440386,1190238826,0.3720000088214874,,,,,,,,
mpu,,,,,,,,,1190333738,1152,11642,-26016,1190333738,-2031,314,939
adc,1190311252,-0.38750001788139343,1190320284,0.5975000262260437,1190329321,-0.001125000067986548,1190338797,0.30762502551078796,,,,,,,,
mpu,,,,,,,,,1190433736,2366,5332,-28478,1190433736,-551,-244,370
adc,1190411256,-0.27775001525878906,1190420297,0.6708750128746033,1190429334,-0.0006250000442378223,1190438826,0.39787501096725464,,,,,,,,
mpu,,,,,,,,,1190533729,-2030,-3722,-32768,1190533729,1013,-284,-536
adc,1190511251,-0.24912501871585846,1190520293,0.6728750467300415,1190529331,-0.000750000006519258,1190538582,0.3868750035762787,,,,,,,,
mpu,,,,,,,,,1190633728,6042,-3588,-29260,1190633728,1787,57,-1217
adc,1190611253,0.3683750033378601,1190620286,1.1021250486373901,1190629318,0.26887500286102295,1190638527,0.8358750343322754,,,,,,,,
mpu,,,,,,,,,1190733730,6604,12028,-18310,1190733730,1832,507,-969
adc,1190711251,-0.2833750247955322,1190720282,1.0831249952316284,1190729314,1.143625020980835,1190738807,1.4056251049041748,,,,,,,,
mpu,,,,,,,,,1190833727,3766,31020,-25384,1190833727,1589,-123,-613
adc,1190811256,-0.052000001072883606,1190820298,1.111375093460083,1190829336,1.4385000467300415,1190838516,1.4656250476837158,,,,,,,,
mpu,,,,,,,,,1190933733,-1422,30998,-32768,1190933733,521,-239,31
adc,1190911258,0.21237501502037048,1190920300,1.0195000171661377,1190929338,1.1632500886917114,1190938315,1.3940000534057617,,,,,,,,
mpu,,,,,,,,,1191033729,390,31634,-32716,1191033729,-1730,87,878
adc,1191011258,-0.4245000183582306,1191020296,0.6021250486373901,1191029335,0.14150001108646393,1191038528,0.8041250109672546,,,,,,,,
mpu,,,,,,,,,1191133731,1944,21696,-30462,1191133731,-2716,191,1323
adc,1191111254,-0.41725000739097595,1191120286,0.6665000319480896,1191129324,-0.002625000197440386,1191138538,0.3050000071525574,,,,,,,,
mpu,,,,,,,,,1191233731,1710,10542,-25998,1191233731,-1869,427,807
adc,1191211255,-0.3281250298023224,1191220292,0.7237500548362732,1191229323,-0.0005000000237487257,1191238783,0.2460000067949295,,,,,,,,
mpu,,,,,,,,,1191333727,1932,5620,-28662,1191333727,-325,-404,283
adc,1191311253,-0.3251250088214874,1191320289,0.8513750433921814,1191329320,0.0005000000237487257,1191338810,0.3642500042915344,,,,,,,,
mpu,,,,,,,,,1191433734,-3368,-1842,-23710,1191433734,1210,-205,-769
adc,1191411262,0.3173750042915344,1191420298,0.8713750243186951,1191429334,0.000750000006519258,1191438386,0.36125001311302185,,,,,,,,
mpu,,,,,,,,,1191533731,7424,-470,-26316,1191533731,1822,-2,-1173
adc,1191511255,0.3695000112056732,1191520288,1.0993750095367432,1191529321,0.5440000295639038,1191538632,0.9880000352859497,,,,,,,,
mpu,,,,,,,,,1191633730,2868,14148,-20544,1191633730,1808,523,-896
adc,1191611252,-0.18462501466274261,1191620288,0.9748750329017639,1191629324,1.1375000476837158,1191638606,1.4731251001358032,,,,,,,,
mpu,,,,,,,,,1191733728,6768,29170,-27038,1191733728,1453,-325,-485
adc,1191711253,-0.21975001692771912,1191720288,1.074125051498413,1191729320,1.3433750867843628,1191738381,1.4456250667572021,,,,,,,,
mpu,,,,,,,,,1191833725,2968,32767,-32768,1191833725,91,-71,139
adc,1191811259,-0.19875000417232513,1191820298,0.6138750314712524,1191829331,1.1232500076293945,1191838575,1.4285000562667847,,,,,,,,
mpu,,,,,,,,,1191933735,2038,26120,-32768,1191933735,-2138,118,1078
adc,1191911257,-0.3956250250339508,1191920290,0.675000011920929,1191929326,0.15800000727176666,1191938357,0.6806250214576721,,,,,,,,
mpu,,,,,,,,,1192033728,4590,20304,-27822,1192033728,-2597,392,1209
adc,1192011256,-0.37962502241134644,1192020302,0.7283750176429749,1192029332,0.014375000260770321,1192038541,0.3381250202655792,,,,,,,,
mpu,,,,,,,,,1192133731,2192,9214,-26778,1192133731,-1608,67,801
adc,1192111261,-0.3292500078678131,1192120294,0.8062500357627869,1192129327,0.001125000067986548,1192138555,0.30525001883506775,,,,,,,,
mpu,,,,,,,,,1192233725,2324,2538,-30466,1192233725,47,-441,49
adc,1192211255,-0.33275002241134644,1192220294,0.8842500448226929,1192229331,0.0016250000335276127,1192238317,0.3552500307559967,,,,,,,,
mpu,,,,,,,,,1192333731,1302,-4642,-28784,1192333731,1455,-112,-1067
adc,1192311260,0.49125003814697266,1192320292,0.909125030040741,1192329331,0.002250000135973096,1192338510,0.40262502431869507,,,,,,,,
mpu,,,,,,,,,1192433730,5420,8376,-20950,1192433730,1839,159,-1215
adc,1192411250,0.34150001406669617,1192420287,1.3183751106262207,1192429319,0.8008750677108765,1192438303,1.0435000658035278,,,,,,,,
mpu,,,,,,,,,1192533731,7208,19058,-18006,1192533731,1733,411,-795
adc,1192511263,-0.030250001698732376,1192520297,1.223750114440918,1192529332,1.2135000228881836,1192538530,1.4673750400543213,,,,,,,,
mpu,,,,,,,,,1192633732,4568,30890,-29626,1192633732,1247,-501,-312
adc,1192611260,-0.023125000298023224,1192620299,1.0462501049041748,1192629333,1.267625093460083,1192638795,1.252500057220459,,,,,,,,
mpu,,,,,,,,,1192733737,1180,32767,-32768,1192733737,-357,107,342
adc,1192711247,-0.24700000882148743,1192720285,0.5087500214576721,1192729311,1.006500005722046,1192738808,1.1651250123977661,,,,,,,,
mpu,,,,,,,,,1192833731,864,25130,-32768,1192833731,-2395,159,1129
adc,1192811262,-0.34925001859664917,1192820295,0.7485000491142273,1192829334,0.2828750014305115,1192838830,0.7468750476837158,,,,,,,,
mpu,,,,,,,,,1192933733,-718,16772,-29268,1192933733,-2551,342,1053
adc,1192911256,-0.2902500033378601,1192920291,0.7351250052452087,1192929325,0.014875000342726707,1192938360,0.4192500114440918,,,,,,,,
mpu,,,,,,,,,1193033729,2208,6924,-26706,1193033729,-1357,-52,654
adc,1193011259,-0.3190000057220459,1193020296,0.8230000138282776,1193029334,0.001875000074505806,1193038577,0.32750001549720764,,,,,,,,
mpu,,,,,,,,,1193133733,2164,-500,-32768,1193133733,407,-444,-121
adc,1193111261,-0.2983750104904175,1193120290,0.8968750238418579,1193129328,0.0036250001285225153,1193138563,0.3580000102519989,,,,,,,,
mpu,,,,,,,,,1193233727,2664,-2384,-29228,1193233727,1675,-21,-1118
adc,1193211253,0.5393750071525574,1193220294,0.9648750424385071,1193229327,0.017250001430511475,1193238393,0.608625054359436,,,,,,,,
mpu,,,,,,,,,1193333729,6704,8144,-19338,1193333729,1876,325,-1070
adc,1193311260,0.17150001227855682,1193320296,1.2598750591278076,1193329332,0.8477500677108765,1193338339,1.171375036239624,,,,,,,,
mpu,,,,,,,,,1193433725,6616,23470,-18288,1193433725,1692,309,-727
adc,1193411257,-0.21062500774860382,1193420296,1.120500087738037,1193429329,1.3063750267028809,1193438380,1.4106251001358032,,,,,,,,
mpu,,,,,,,,,1193533730,3624,32767,-32128,1193533730,1015,-472,-176
adc,1193511261,0.4715000092983246,1193520301,1.027500033378601,1193529334,1.3186250925064087,1193538555,1.3066250085830688,,,,,,,,
mpu,,,,,,,,,1193633729,5730,32767,-32768,1193633729,-907,11,595
adc,1193611251,-0.20912501215934753,1193620288,0.36500000953674316,1193629320,0.749250054359436,1193638325,1.0417500734329224,,,,,,,,
mpu,,,,,,,,,1193733732,3474,25376,-30868,1193733732,-2604,272,1293
adc,1193711262,-0.2853749990463257,1193720301,0.8515000343322754,1193729337,0.03175000101327896,1193738826,0.5417500138282776,,,,,,,,
mpu,,,,,,,,,1193833732,1434,15502,-25278,1193833732,-2272,293,1070
adc,1193811264,-0.26637500524520874,1193820296,0.7512500286102295,1193829334,0.00925000011920929,1193838538,0.32225000858306885,,,,,,,,
mpu,,,,,,,,,1193933726,2670,5016,-26920,1193933726,-912,-137,519
adc,1193911253,-0.22837501764297485,1193920294,0.8006250262260437,1193929332,0.006625000387430191,1193938525,0.3738750219345093,,,,,,,,
mpu,,,,,,,,,1194033725,718,-1632,-32768,1194033725,795,-344,-451
adc,1194011254,-0.23925000429153442,1194020293,0.9085000157356262,1194029326,0.005000000353902578,1194038782,0.3255000114440918,,,,,,,,
mpu,,,,,,,,,1194133732,3020,-2320,-29742,1194133732,1755,3,-1283
adc,1194111260,0.5879999995231628,1194120300,1.0482500791549683,1194129331,0.052125003188848495,1194138641,0.7005000114440918,,,,,,,,
mpu,,,,,,,,,1194233727,6796,11724,-20378,1194233727,1780,440,-1032
adc,1194211253,0.024250000715255737,1194220292,1.0570000410079956,1194229326,1.0246250629425049,1194238600,1.2982500791549683,,,,,,,,
mpu,,,,,,,,,1194333730,6664,27506,-22906,1194333730,1550,103,-585
adc,1194311255,-0.007750000339001417,1194320291,1.1521250009536743,1194329326,1.3057500123977661,1194338585,1.4636250734329224,,,,,,,,
mpu,,,,,,,,,1194433730,1058,32767,-32068,1194433730,652,-332,10
adc,1194411255,0.8537500500679016,1194420291,0.9520000219345093,1194429329,1.299625039100647,1194438805,1.361875057220459,,,,,,,,
mpu,,,,,,,,,1194533728,-326,32450,-32768,1194533728,-1445,31,814
adc,1194511262,-0.2841250002384186,1194520297,-0.05587500333786011,1194529327,0.45125001668930054,1194538492,0.7973750233650208,,,,,,,,
mpu,,,,,,,,,1194633728,5444,22294,-30758,1194633728,-2693,211,1278
adc,1194611264,-0.2408750057220459,1194620297,0.6858750581741333,1194629322,0.007750000339001417,1194638636,0.33287501335144043,,,,,,,,
mpu,,,,,,,,,1194733731,1836,11822,-27462,1194733731,-2026,304,887
adc,1194711261,-0.1743750125169754,1194720293,0.7162500619888306,1194729328,0.004875000100582838,1194738804,0.32450002431869507,,,,,,,,
mpu,,,,,,,,,1194833730,-46,5026,-29438,1194833730,-480,-270,315
adc,1194811261,-0.12975001335144043,1194820302,0.7513750195503235,1194829342,0.005250000394880772,1194838329,0.43037500977516174,,,,,,,,
mpu,,,,,,,,,1194933739,-2662,-4982,-32768,1194933739,1168,-229,-623
adc,1194911269,-0.18175001442432404,1194920311,0.9586250185966492,1194929346,0.006750000175088644,1194938328,0.3225000202655792,,,,,,,,
mpu,,,,,,,,,1195033728,2988,-1494,-28342,1195033728,1878,88,-1192
adc,1195011265,0.8510000109672546,1195020304,1.0630000829696655,1195029337,0.13837499916553497,1195038539,0.8443750143051147,,,,,,,,
mpu,,,,,,,,,1195133733,5522,11496,-18650,1195133733,1782,407,-917
adc,1195111257,-0.0016250000335276127,1195120289,1.0212500095367432,1195129321,1.0696250200271606,1195138531,1.3922500610351562,,,,,,,,
mpu,,,,,,,,,1195233731,6834,29160,-25226,1195233731,1363,-153,-510
adc,1195211255,-0.04362500086426735,1195220291,1.012125015258789,1195229330,1.2932500839233398,1195238370,1.3316251039505005,,,,,,,,
mpu,,,,,,,,,1195333732,-784,31614,-31592,1195333732,141,-222,175
adc,1195311255,0.18250000476837158,1195320286,0.7745000123977661,1195329312,1.1008750200271606,1195338354,1.1378750801086426,,,,,,,,
mpu,,,,,,,,,1195433731,3446,29860,-31972,1195433731,-1829,36,991
adc,1195411270,-0.28712502121925354,1195420306,0.27762502431869507,1195429341,0.1785000115633011,1195438795,0.6973750591278076,,,,,,,,
mpu,,,,,,,,,1195533729,444,18906,-29220,1195533729,-2539,399,1186
adc,1195511255,-0.07950000464916229,1195520290,0.753125011920929,1195529333,0.006875000428408384,1195538531,0.45512503385543823,,,,,,,,
mpu,,,,,,,,,1195633730,1858,12650,-27698,1195633730,-1741,107,845
adc,1195611246,-0.12262500822544098,1195620281,0.6053750514984131,1195629314,0.023125000298023224,1195638382,0.4257500171661377,,,,,,,,
mpu,,,,,,,,,1195733740,1742,1900,-28928,1195733740,-87,-265,128
adc,1195711265,-0.06887499988079071,1195720308,0.7500000596046448,1195729349,0.006625000387430191,1195738360,0.3596250116825104,,,,,,,,
mpu,,,,,,,,,1195833723,-1036,-4046,-26040,1195833723,1419,-224,-919
adc,1195811260,0.1236250028014183,1195820297,0.9048750400543213,1195829330,0.007500000298023224,1195838817,0.34975001215934753,,,,,,,,
mpu,,,,,,,,,1195933738,5926,2494,-25674,1195933738,1867,190,-1223
adc,1195911265,0.8645000457763672,1195920305,1.0788750648498535,1195929339,0.38862502574920654,1195938829,0.9987500309944153,,,,,,,,
mpu,,,,,,,,,1196033729,5154,14654,-20478,1196033729,1643,421,-864
adc,1196011256,0.06237500160932541,1196020298,0.9766250252723694,1196029336,1.1075000762939453,1196038340,1.433000087738037,,,,,,,,
mpu,,,,,,,,,1196133729,4702,31210,-27988,1196133729,1281,-309,-455
adc,1196111251,0.4623750150203705,1196120290,0.8785000443458557,1196129323,1.3722500801086426,1196138560,1.4046250581741333,,,,,,,,
mpu,,,,,,,,,1196233737,-4050,32767,-32768,1196233737,-189,-175,376
adc,1196211266,0.13487499952316284,1196220307,0.36400002241134644,1196229339,1.0636250972747803,1196238814,1.2841250896453857,,,,,,,,
mpu,,,,,,,,,1196333730,1442,23144,-30370,1196333730,-2302,98,1153
adc,1196311257,-0.16612501442432404,1196320298,0.3628750145435333,1196329337,0.03750000149011612,1196338314,0.6570000052452087,,,,,,,,
mpu,,,,,,,,,1196433728,2992,19440,-30328,1196433728,-2455,371,1179
adc,1196411260,-0.08525000512599945,1196420298,0.6016250252723694,1196429326,0.029125001281499863,1196438791,0.45487502217292786,,,,,,,,
mpu,,,,,,,,,1196533734,1452,8582,-26620,1196533734,-1377,62,720
adc,1196511269,0.001875000074505806,1196520307,0.5850000381469727,1196529338,0.007125000469386578,1196538353,0.33887502551078796,,,,,,,,
mpu,,,,,,,,,1196633735,2610,1574,-31334,1196633735,337,-402,-107
adc,1196611262,-0.05112500116229057,1196620297,0.7128750085830688,1196629328,0.007000000216066837,1196638380,0.3682500123977661,,,,,,,,
mpu,,,,,,,,,1196733733,3276,-6626,-31456,1196733733,1630,-110,-1043
adc,1196711264,0.3656250238418579,1196720305,0.7301250100135803,1196729341,0.007375000510364771,1196738813,0.46512502431869507,,,,,,,,
mpu,,,,,,,,,1196833728,6476,8842,-25912,1196833728,1803,266,-1117
adc,1196811253,0.4410000145435333,1196820286,1.0090000629425049,1196829318,0.6530000567436218,1196838803,1.0820000171661377,,,,,,,,
mpu,,,,,,,,,1196933728,6268,20490,-21738,1196933728,1588,326,-735
adc,1196911255,0.06700000166893005,1196920296,1.0237500667572021,1196929332,1.1115000247955322,1196938817,1.4475001096725464,,,,,,,,
mpu,,,,,,,,,1197033727,4608,31206,-29590,1197033727,957,-314,-241
adc,1197011247,0.2915000021457672,1197020282,0.7452500462532043,1197029315,1.211625099182129,1197038533,1.3072500228881836,,,,,,,,
mpu,,,,,,,,,1197133726,-1080,32767,-31546,1197133726,-636,-35,465
adc,1197111260,0.12862500548362732,1197120300,0.07800000160932541,1197129335,0.924875020980835,1197138566,1.0532500743865967,,,,,,,,
mpu,,,,,,,,,1197233734,-82,25930,-29464,1197233734,-2370,266,1166
adc,1197211256,0.05375000089406967,1197220292,0.5082499980926514,1197229330,0.1536250114440918,1197238535,0.6973750591278076,,,,,,,,
mpu,,,,,,,,,1197333726,3838,17092,-26526,1197333726,-2326,97,1136
adc,1197311251,0.09037500619888306,1197320283,0.5018750429153442,1197329322,0.051875002682209015,1197338540,0.4388750195503235,,,,,,,,
mpu,,,,,,,,,1197433728,2176,7344,-26802,1197433728,-1059,7,654
adc,1197411249,0.0005000000237487257,1197420290,0.5696250200271606,1197429325,0.006750000175088644,1197438810,0.38725000619888306,,,,,,,,
mpu,,,,,,,,,1197533734,2314,-398,-32280,1197533734,586,-385,-268
adc,1197511270,0.03187500312924385,1197520302,0.734125018119812,1197529332,0.007375000510364771,1197538671,0.37675002217292786,,,,,,,,
mpu,,,,,,,,,1197633725,6096,-4084,-32768,1197633725,1678,-140,-1235
adc,1197611258,0.5509999990463257,1197620300,0.6893750429153442,1197629339,0.00787500012665987,1197638827,0.5370000004768372,,,,,,,,
mpu,,,,,,,,,1197733728,5338,7740,-23758,1197733728,1744,354,-1149
adc,1197711257,0.690250039100647,1197720290,0.8580000400543213,1197729325,0.8473750352859497,1197738790,1.1026250123977661,,,,,,,,
mpu,,,,,,,,,1197833733,9266,22272,-21788,1197833733,1453,226,-665
adc,1197811250,0.9183750152587891,1197820285,0.846750020980835,1197829319,1.2446250915527344,1197838294,1.496000051498413,,,,,,,,
mpu,,,,,,,,,1197933729,3072,31592,-32768,1197933729,782,-268,-208
adc,1197911264,0.5115000009536743,1197920293,0.6892500519752502,1197929324,1.3587501049041748,1197938811,1.367875099182129,,,,,,,,
mpu,,,,,,,,,1198033725,464,32054,-32768,1198033725,-986,-132,652
adc,1198011258,0.0897500067949295,1198020292,-0.03087500110268593,1198029328,0.7150000333786011,1198038511,0.971625030040741,,,,,,,,
mpu,,,,,,,,,1198133725,6244,26822,-30360,1198133725,-2480,228,1286
adc,1198111243,0.06987500190734863,1198120280,0.44212502241134644,1198129315,0.03100000135600567,1198138579,0.5350000262260437,,,,,,,,
mpu,,,,,,,,,1198233733,2322,14826,-25752,1198233733,-2151,314,1034
adc,1198211263,0.1602500081062317,1198220296,0.5075000524520874,1198229328,0.04175000265240669,1198238519,0.41462501883506775,,,,,,,,
mpu,,,,,,,,,1198333732,1344,6338,-26396,1198333732,-799,-132,440
adc,1198311253,0.03812500089406967,1198320286,0.5568750500679016,1198329319,0.024250000715255737,1198338379,0.39225003123283386,,,,,,,,
mpu,,,,,,,,,1198433731,722,-2832,-32446,1198433731,921,-315,-427
adc,1198411267,0.08087500184774399,1198420306,0.6228750348091125,1198429340,0.007625000551342964,1198438320,0.3725000321865082,,,,,,,,
mpu,,,,,,,,,1198533735,4822,-3206,-32768,1198533735,1829,-115,-1186
adc,1198511271,1.0296250581741333,1198520310,0.6045000553131104,1198529347,0.07575000077486038,1198538598,0.7900000214576721,,,,,,,,
mpu,,,,,,,,,1198633725,4700,11194,-21956,1198633725,1784,446,-976
adc,1198611255,1.0662500858306885,1198620287,0.8021250367164612,1198629325,0.9296250343322754,1198638312,1.3478751182556152,,,,,,,,
mpu,,,,,,,,,1198733733,9648,26466,-20470,1198733733,1386,56,-702
adc,1198711261,1.1815000772476196,1198720296,0.6817500591278076,1198729326,1.272125005722046,1198738794,1.5625001192092896,,,,,,,,
mpu,,,,,,,,,1198833731,5116,32767,-32768,1198833731,491,-344,-133
adc,1198811265,0.5317500233650208,1198820307,0.6451250314712524,1198829343,1.256500005722046,1198838324,1.4341250658035278,,,,,,,,
mpu,,,,,,,,,1198933730,2264,28632,-29668,1198933730,-1377,133,896
adc,1198911248,0.07000000029802322,1198920282,-0.010125000029802322,1198929313,0.4427500069141388,1198938516,0.7478750348091125,,,,,,,,
mpu,,,,,,,,,1199033725,2390,25638,-30978,1199033725,-2415,250,1332
adc,1199011263,-0.029875000938773155,1199020299,0.30112501978874207,1199029337,0.07225000113248825,1199038544,0.5782500505447388,,,,,,,,
mpu,,,,,,,,,1199133729,1916,13464,-26952,1199133729,-1929,278,1025
adc,1199111254,0.039000000804662704,1199120290,0.39900001883506775,1199129321,0.0377500019967556,1199138387,0.3371250033378601,,,,,,,,
mpu,,,,,,,,,1199233734,2540,3914,-28538,1199233734,-473,-244,305
adc,1199211254,0.08537500351667404,1199220295,0.5035000443458557,1199229326,0.00800000037997961,1199238522,0.3593750298023224,,,,,,,,
mpu,,,,,,,,,1199333726,-3144,-2938,-32768,1199333726,982,-305,-632
adc,1199311256,0.06825000047683716,1199320281,0.4907500147819519,1199329321,0.007375000510364771,1199338560,0.2926250100135803,,,,,,,,
mpu,,,,,,,,,1199433731,3206,-1842,-29252,1199433731,1675,-119,-1443
adc,1199411253,1.1997500658035278,1199420295,0.59312504529953,1199429334,0.11925000697374344,1199438547,0.7877500653266907,,,,,,,,
mpu,,,,,,,,,1199533733,8640,11386,-14664,1199533733,1629,423,-1046
adc,1199511251,0.9342500567436218,1199520282,0.3656250238418579,1199529314,0.9298750162124634,1199538523,1.24037504196167,,,,,,,,
mpu,,,,,,,,,1199633732,5158,30434,-23846,1199633732,1293,-67,-512
adc,1199611251,1.0207500457763672,1199620289,0.8085000514984131,1199629322,1.3573750257492065,1199638810,1.517375111579895,,,,,,,,
mpu,,,,,,,,,1199733734,-1100,32767,-32768,1199733734,356,-140,63
adc,1199711249,0.3773750066757202,1199720283,0.4830000102519989,1199729319,1.2955000400543213,1199738802,1.2880001068115234,,,,,,,,
mpu,,,,,,,,,1199833725,6930,26858,-29372,1199833725,-1646,62,896
adc,1199811254,0.07362500578165054,1199820291,0.13875000178813934,1199829327,0.4741250276565552,1199838822,0.6936250329017639,,,,,,,,
mpu,,,,,,,,,1199933725,1430,24676,-30448,1199933725,-2420,306,1329
adc,1199911257,0.1963750123977661,1199920292,0.37400001287460327,1199929326,0.08612500131130219,1199938820,0.4777500331401825,,,,,,,,
mpu,,,,,,,,,1200033732,1962,10212,-25372,1200033732,-1740,116,963
adc,1200011264,0.054625000804662704,1200020301,0.32600000500679016,1200029334,0.006500000134110451,1200038542,0.23912501335144043,,,,,,,,
mpu,,,,,,,,,1200133729,624,3988,-29350,1200133729,-187,-260,193
adc,1200111257,0.16075000166893005,1200120292,0.40437501668930054,1200129328,0.011375000700354576,1200138549,0.37400001287460327,,,,,,,,
mpu,,,,,,,,,1200233725,-3282,-3862,-27288,1200233725,1283,-327,-760
adc,1200211251,0.24562501907348633,1200220288,0.3408750295639038,1200229323,0.007375000510364771,1200238351,0.3362500071525574,,,,,,,,
mpu,,,,,,,,,1200333733,3798,2680,-24514,1200333733,1646,6,-1432
adc,1200311253,1.1670000553131104,1200320289,0.5563750267028809,1200329321,0.5257500410079956,1200338816,0.9193750619888306,,,,,,,,
mpu,,,,,,,,,1200433737,6376,12610,-18430,1200433737,1623,429,-862
adc,1200411261,1.03725004196167,1200420297,0.5975000262260437,1200429330,1.0552500486373901,1200438363,1.4472501277923584,,,,,,,,
mpu,,,,,,,,,1200533735,4242,29840,-23616,1200533735,1183,71,-467
adc,1200511259,0.5175000429153442,1200520298,0.7286250591278076,1200529333,1.286500096321106,1200538643,1.4975000619888306,,,,,,,,
mpu,,,,,,,,,1200633735,-4906,32767,-32768,1200633735,22,-360,200
adc,1200611250,0.3751250207424164,1200620290,0.3803750276565552,1200629322,1.2518750429153442,1200638357,1.1882500648498535,,,,,,,,
mpu,,,,,,,,,1200733730,812,24210,-32110,1200733730,-1982,209,1115
adc,1200711252,0.036500003188848495,1200720291,-0.10100000351667404,1200729323,0.13237500190734863,1200738529,0.5873750448226929,,,,,,,,
mpu,,,,,,,,,1200833727,3788,21642,-28290,1200833727,-2342,366,1349
adc,1200811258,0.3448750078678131,1200820292,0.19712500274181366,1200829325,0.038750000298023224,1200838361,0.4817500114440918,,,,,,,,
mpu,,,,,,,,,1200933731,3182,9186,-27982,1200933731,-1459,14,837
adc,1200911253,0.22200001776218414,1200920282,0.21575000882148743,1200929310,0.005875000264495611,1200938399,0.30900001525878906,,,,,,,,
mpu,,,,,,,,,1201033731,1928,596,-30552,1201033731,136,-239,-120
adc,1201011249,0.28075000643730164,1201020288,0.3175000250339508,1201029327,0.007375000510364771,1201038631,0.3567500114440918,,,,,,,,
mpu,,,,,,,,,1201133730,5816,-5994,-32678,1201133730,1452,-259,-1084
adc,1201111265,0.8662500381469727,1201120304,0.4220000207424164,1201129334,0.006750000175088644,1201138415,0.3108750283718109,,,,,,,,
mpu,,,,,,,,,1201233730,5654,6130,-20894,1201233730,1694,118,-1292
adc,1201211249,1.1447499990463257,1201220284,0.44337502121925354,1201229317,0.5626250505447388,1201238340,0.8708750605583191,,,,,,,,
mpu,,,,,,,,,1201333732,11054,17260,-15036,1201333732,1464,387,-834
adc,1201311259,0.6996250152587891,1201320296,0.4505000114440918,1201329334,1.1171250343322754,1201338581,1.3836250305175781,,,,,,,,
mpu,,,,,,,,,1201433729,3090,32767,-26872,1201433729,1120,-115,-372
adc,1201411262,1.0825001001358032,1201420307,0.6147500276565552,1201429341,1.3717501163482666,1201438545,1.458875060081482,,,,,,,,
mpu,,,,,,,,,1201533736,1620,32767,-32768,1201533736,-353,-202,463
adc,1201511256,0.6657500267028809,1201520295,0.13112500309944153,1201529327,1.0882500410079956,1201538555,1.1392500400543213,,,,,,,,
mpu,,,,,,,,,1201633730,2946,22718,-32768,1201633730,-2224,177,1288
adc,1201611258,0.05312500149011612,1201620298,-0.10325000435113907,1201629334,0.06400000303983688,1201638559,0.5428750514984131,,,,,,,,
mpu,,,,,,,,,1201733728,3448,17094,-27202,1201733728,-2257,347,1246
adc,1201711260,0.32325002551078796,1201720296,0.16075000166893005,1201729329,0.012750000692903996,1201738308,0.3305000066757202,,,,,,,,
mpu,,,,,,,,,1201833732,2654,7916,-24082,1201833732,-1139,58,711
adc,1201811244,0.29737502336502075,1201820279,0.1665000021457672,1201829309,0.005875000264495611,1201838802,0.2707500159740448,,,,,,,,
mpu,,,,,,,,,1201933730,3734,-336,-32460,1201933730,476,-387,-227
adc,1201911249,0.31162500381469727,1201920292,0.36512503027915955,1201929327,0.0062500000931322575,1201938812,0.3537500202655792,,,,,,,,
mpu,,,,,,,,,1202033732,5462,-5186,-31218,1202033732,1676,-218,-1197
adc,1202011253,0.6548750400543213,1202020288,0.3735000193119049,1202029326,0.007625000551342964,1202038517,0.3786250054836273,,,,,,,,
mpu,,,,,,,,,1202133730,6352,11458,-19328,1202133730,1719,274,-1116
adc,1202111254,1.2447500228881836,1202120292,0.4546250104904175,1202129328,0.7285000085830688,1202138481,1.043375015258789,,,,,,,,
mpu,,,,,,,,,1202233735,10806,20102,-20852,1202233735,1445,232,-664
adc,1202211256,1.2475000619888306,1202220301,0.3296250104904175,1202229336,1.111125111579895,1202238346,1.4916250705718994,,,,,,,,
mpu,,,,,,,,,1202333723,2186,32767,-29022,1202333723,761,-267,-322
adc,1202311257,0.7957500219345093,1202320297,0.3422500193119049,1202329332,1.2978750467300415,1202338799,1.3573750257492065,,,,,,,,
mpu,,,,,,,,,1202433728,-2584,31966,-32160,1202433728,-984,-198,650
adc,1202411268,0.3095000088214874,1202420303,-0.10987500846385956,1202429341,0.8802500367164612,1202438821,0.8845000267028809,,,,,,,,
mpu,,,,,,,,,1202533737,5056,23640,-30796,1202533737,-2433,329,1313
adc,1202511264,0.30887502431869507,1202520299,-0.07200000435113907,1202529335,0.05762500315904617,1202538566,0.5857500433921814,,,,,,,,
mpu,,,,,,,,,1202633734,3740,16424,-28878,1202633734,-2087,408,1137
adc,1202611252,0.5332500338554382,1202620286,0.12462500482797623,1202629317,0.032750003039836884,1202638321,0.4818750321865082,,,,,,,,
mpu,,,,,,,,,1202733731,2496,5302,-27336,1202733731,-759,-236,429
adc,1202711258,0.3642500042915344,1202720301,0.078125,1202729338,0.010125000029802322,1202738826,0.31712502241134644,,,,,,,,
mpu,,,,,,,,,1202833728,528,-2224,-32566,1202833728,948,-271,-538
adc,1202811253,0.390250027179718,1202820289,0.2096250057220459,1202829323,0.006750000175088644,1202838302,0.29237502813339233,,,,,,,,
mpu,,,,,,,,,1202933732,2584,-4010,-30060,1202933732,1802,-147,-1342
adc,1202911253,1.198875069618225,1202920282,0.3291250169277191,1202929315,0.005750000476837158,1202938604,0.5267500281333923,,,,,,,,
mpu,,,,,,,,,1203033726,9690,12890,-16608,1203033726,1716,441,-966
adc,1203011261,1.437000036239624,1203020301,0.2905000150203705,1203029335,0.8358750343322754,1203038313,1.1512500047683716,,,,,,,,
mpu,,,,,,,,,1203133727,6094,29706,-24712,1203133727,1348,97,-605
adc,1203111260,1.2420001029968262,1203120303,0.33362501859664917,1203129339,1.2728750705718994,1203138513,1.530250072479248,,,,,,,,
mpu,,,,,,,,,1203233731,5792,32767,-32768,1203233731,427,-396,-72
adc,1203211246,1.027999997138977,1203220289,0.08125000447034836,1203229325,1.3096250295639038,1203238426,1.3261250257492065,,,,,,,,
mpu,,,,,,,,,1203333731,3862,28402,-28534,1203333731,-1574,52,890
adc,1203311257,0.3018750250339508,1203320297,-0.42750000953674316,1203329334,0.6117500066757202,1203338825,0.7228750586509705,,,,,,,,
mpu,,,,,,,,,1203433742,2734,23812,-29680,1203433742,-2502,392,1336
adc,1203411270,0.23000000417232513,1203420309,-0.08937500417232513,1203429347,0.05312500149011612,1203438809,0.5857500433921814,,,,,,,,
mpu,,,,,,,,,1203533731,3234,11688,-27740,1203533731,-1852,88,1048
adc,1203511243,0.6647500395774841,1203520283,0.08112500607967377,1203529312,0.035750001668930054,1203538414,0.4312500059604645,,,,,,,,
mpu,,,,,,,,,1203633724,888,2636,-27774,1203633724,-295,-185,217
adc,1203611264,0.35062500834465027,1203620303,0.06837500631809235,1203629339,0.005125000141561031,1203638317,0.34575000405311584,,,,,,,,
mpu,,,,,,,,,1203733727,-1220,-3446,-32768,1203733727,1268,-278,-741
adc,1203711259,0.4033750295639038,1203720296,0.14337500929832458,1203729324,0.006000000052154064,1203738808,0.2878750264644623,,,,,,,,
mpu,,,,,,,,,1203833734,3172,-1124,-31732,1203833734,1848,-15,-1356
adc,1203811261,1.4383751153945923,1203820302,0.22212500870227814,1203829331,0.005125000141561031,1203838391,0.7005000114440918,,,,,,,,
mpu,,,,,,,,,1203933736,7126,14008,-21260,1203933736,1650,402,-864
adc,1203911261,1.4477500915527344,1203920297,0.398000031709671,1203929332,0.8948750495910645,1203938348,1.437250018119812,,,,,,,,
mpu,,,,,,,,,1204033724,5162,31890,-26706,1204033724,1210,-120,-582
adc,1204011258,1.162750005722046,1204020305,0.06037500128149986,1204029336,1.333375096321106,1204038327,1.5625001192092896,,,,,,,,
mpu,,,,,,,,,1204133732,-4454,32767,-30610,1204133732,-145,-434,41
adc,1204111256,0.9666250348091125,1204120293,0.05762500315904617,1204129326,1.1502500772476196,1204138570,1.2466250658035278,,,,,,,,
mpu,,,,,,,,,1204233727,2842,24184,-30142,1204233727,-1838,90,1162
adc,1204211262,0.21712501347064972,1204220300,-0.27250000834465027,1204229332,0.06700000166893005,1204238823,0.5698750019073486,,,,,,,,
mpu,,,,,,,,,1204333731,1174,22556,-28718,1204333731,-2205,578,1328
adc,1204311257,0.5879999995231628,1204320301,-0.12400000542402267,1204329340,0.04450000077486038,1204338811,0.6017500162124634,,,,,,,,
mpu,,,,,,,,,1204433731,2962,11476,-28498,1204433731,-1600,18,935
adc,1204411254,0.5938750505447388,1204420295,-0.019750000908970833,1204429325,0.06837500631809235,1204438376,0.444875031709671,,,,,,,,
mpu,,,,,,,,,1204533730,2398,1050,-29580,1204533730,-13,-293,-3
adc,1204511256,0.5015000104904175,1204520297,-0.01087500061839819,1204529334,0.004750000312924385,1204538341,0.3056250214576721,,,,,,,,
mpu,,,,,,,,,1204633732,-4322,-3844,-26934,1204633732,1380,-258,-1007
adc,1204611251,0.5400000214576721,1204620283,0.11350000649690628,1204629316,0.005750000476837158,1204638408,0.24412500858306885,,,,,,,,
mpu,,,,,,,,,1204733730,4904,1516,-29218,1204733730,1759,70,-1293
adc,1204711255,1.4572501182556152,1204720292,0.33400002121925354,1204729327,0.08962500095367432,1204738814,0.8203750252723694,,,,,,,,
mpu,,,,,,,,,1204833730,4838,14066,-21908,1204833730,1539,419,-833
adc,1204811265,1.424125075340271,1204820306,-0.07587500661611557,1204829346,1.0040000677108765,1204838823,1.3815001249313354,,,,,,,,
mpu,,,,,,,,,1204933727,4730,29912,-26224,1204933727,1104,-129,-442
adc,1204911255,1.0858750343322754,1204920288,0.19375000894069672,1204929324,1.2411251068115234,1204938801,1.4197500944137573,,,,,,,,
mpu,,,,,,,,,1205033729,-512,32767,-32768,1205033729,-230,-355,286
adc,1205011246,1.2542500495910645,1205020279,-0.11775000393390656,1205029312,1.1653751134872437,1205038528,1.158000111579895,,,,,,,,
mpu,,,,,,,,,1205133730,-320,23530,-30594,1205133730,-2113,96,1132
adc,1205111266,0.45487502217292786,1205120309,-0.30137500166893005,1205129345,0.1536250114440918,1205138567,0.6815000176429749,,,,,,,,
mpu,,,,,,,,,1205233729,1232,18254,-27244,1205233729,-2343,350,1242
adc,1205211252,1.146375060081482,1205220294,-0.12337500602006912,1205229333,0.005375000182539225,1205238314,0.4048750102519989,,,,,,,,
mpu,,,,,,,,,1205333727,3830,9986,-25616,1205333727,-1392,-54,741
adc,1205311257,-0.19562500715255737,1205320296,-0.20487500727176666,1205329328,0.008750000037252903,1205338807,0.3161250054836273,,,,,,,,
mpu,,,,,,,,,1205433728,3250,1696,-31444,1205433728,213,-138,-94
adc,1205411253,0.4270000159740448,1205420292,0.01900000125169754,1205429322,0.004625000059604645,1205438332,0.3838750123977661,,,,,,,,
mpu,,,,,,,,,1205533730,1726,-5342,-29816,1205533730,1654,-85,-993
adc,1205511256,0.4466250240802765,1205520300,-0.00962500087916851,1205529332,0.005625000223517418,1205538330,0.28025001287460327,,,,,,,,
mpu,,,,,,,,,1205633731,8278,6702,-22500,1205633731,1859,228,-1101
adc,1205611270,1.5667500495910645,1205620302,0.09025000780820847,1205629334,0.4021250307559967,1205638786,0.9687500596046448,,,,,,,,
mpu,,,,,,,,,1205733733,9328,17912,-19780,1205733733,1502,311,-705
adc,1205711237,1.4812500476837158,1205720272,0.14912500977516174,1205729305,1.0826250314712524,1205738318,1.4256250858306885,,,,,,,,
mpu,,,,,,,,,1205833725,3540,31520,-28626,1205833725,1021,-250,-378
adc,1205811257,1.4242501258850098,1205820294,-0.06000000238418579,1205829326,1.3396251201629639,1205838816,1.4260001182556152,,,,,,,,
mpu,,,,,,,,,1205933729,534,32767,-32768,1205933729,-432,-269,364
adc,1205911261,1.0297499895095825,1205920291,-0.31050002574920654,1205929324,1.1326251029968262,1205938792,1.221000075340271,,,,,,,,
mpu,,,,,,,,,1206033727,8168,24654,-30878,1206033727,-2289,33,1198
adc,1206011254,-0.20100000500679016,1206020289,-0.33662500977516174,1206029318,0.005625000223517418,1206038808,0.5347500443458557,,,,,,,,
mpu,,,,,,,,,1206133731,5588,16194,-27402,1206133731,-2406,412,1284
adc,1206111255,0.5417500138282776,1206120293,-0.1861250102519989,1206129326,0.004124999977648258,1206138390,0.27400001883506775,,,,,,,,
mpu,,,,,,,,,1206233726,1736,6856,-27314,1206233726,-1420,41,821
adc,1206211257,0.4307500123977661,1206220292,-0.2736250162124634,1206229325,0.005125000141561031,1206238810,0.3215000033378601,,,,,,,,
mpu,,,,,,,,,1206333732,1672,1138,-31934,1206333732,413,-270,-156
adc,1206311248,0.671625018119812,1206320283,-0.14337500929832458,1206329320,0.15625,1206338810,0.4827500283718109,,,,,,,,
mpu,,,,,,,,,1206433731,-852,-5248,-32768,1206433731,1700,-344,-1131
adc,1206411265,0.7452500462532043,1206420303,-0.11287500709295273,1206429335,0.0820000022649765,1206438316,0.41837501525878906,,,,,,,,
mpu,,,,,,,,,1206533731,7118,8814,-17828,1206533731,1898,280,-1268
adc,1206511262,1.3600000143051147,1206520300,0.0008750000270083547,1206529332,0.7925000190734863,1206538324,0.952750027179718,,,,,,,,
mpu,,,,,,,,,1206633730,7950,18532,-24198,1206633730,1486,264,-795
adc,1206611256,1.3441250324249268,1206620294,-0.04662500321865082,1206629328,1.2600001096725464,1206638332,1.3105000257492065,,,,,,,,
mpu,,,,,,,,,1206733730,3040,32682,-28202,1206733730,884,-195,-340
adc,1206711255,1.1063750982284546,1206720293,-0.07250000536441803,1206729328,1.4270000457763672,1206738545,1.2575000524520874,,,,,,,,
mpu,,,,,,,,,1206833727,44,32767,-32768,1206833727,-765,-239,560
adc,1206811251,1.0422500371932983,1206820286,-0.3146250247955322,1206829315,1.0666249990463257,1206838797,1.1122500896453857,,,,,,,,
mpu,,,,,,,,,1206933729,3350,24936,-30414,1206933729,-2352,148,1327
adc,1206911258,0.10700000822544098,1206920301,-0.4025000333786011,1206929335,0.2043750137090683,1206938788,0.6603750586509705,,,,,,,,
mpu,,,,,,,,,1207033730,3452,16452,-24680,1207033730,-2141,368,1245
adc,1207011259,0.7641250491142273,1207020296,-0.2486250102519989,1207029330,0.05275000259280205,1207038804,0.413875013589859,,,,,,,,
mpu,,,,,,,,,1207133727,3754,6572,-27648,1207133727,-958,-82,583
adc,1207111259,0.7636250257492065,1207120297,-0.2720000147819519,1207129330,0.05975000187754631,1207138546,0.3933750092983246,,,,,,,,
mpu,,,,,,,,,1207233735,398,-1770,-31606,1207233735,681,-249,-423
adc,1207211255,0.5717500448226929,1207220298,-0.18925000727176666,1207229327,0.0035000001080334187,1207238320,0.3866250216960907,,,,,,,,
mpu,,,,,,,,,1207333728,5442,-3430,-31174,1207333728,1740,-162,-1249
adc,1207311250,0.9218750596046448,1207320284,-0.1730000078678131,1207329327,0.013500000350177288,1207338419,0.5583750009536743,,,,,,,,
mpu,,,,,,,,,1207433731,6540,9776,-20040,1207433731,1780,379,-1079
adc,1207411256,1.5093750953674316,1207420300,-0.020125001668930054,1207429334,0.9645000696182251,1207438799,1.1387500762939453,,,,,,,,
mpu,,,,,,,,,1207533726,6116,22924,-20674,1207533726,1396,177,-758
adc,1207511248,1.1202501058578491,1207520292,-0.20387500524520874,1207529330,1.4023751020431519,1207538816,1.4316250085830688,,,,,,,,
mpu,,,,,,,,,1207633733,3732,32767,-32768,1207633733,632,-347,-194
adc,1207611252,0.9343750476837158,1207620287,-0.2667500078678131,1207629320,1.471250057220459,1207638316,1.3193750381469727,,,,,,,,
mpu,,,,,,,,,1207733732,636,30144,-32768,1207733732,-1155,-40,728
adc,1207711255,0.8055000305175781,1207720292,-0.3135000169277191,1207729333,0.8820000290870667,1207738817,0.9935000538825989,,,,,,,,
mpu,,,,,,,,,1207833725,2940,25178,-29014,1207833725,-2384,365,1369
adc,1207811256,0.6582500338554382,1207820293,-0.36662501096725464,1207829326,0.12475000321865082,1207838304,0.5597500205039978,,,,,,,,
mpu,,,,,,,,,1207933724,2986,12890,-26212,1207933724,-2036,238,1131
adc,1207911259,0.7286250591278076,1207920298,-0.32712501287460327,1207929333,0.026125000789761543,1207938323,0.3487500250339508,,,,,,,,
mpu,,,,,,,,,1208033731,2920,5168,-27668,1208033731,-684,-181,429
adc,1208011260,0.6891250610351562,1208020304,-0.3146250247955322,1208029339,0.033625002950429916,1208038522,0.38325002789497375,,,,,,,,
mpu,,,,,,,,,1208133729,-358,-3110,-32768,1208133729,943,-267,-574
adc,1208111263,0.527999997138977,1208120301,-0.1966250091791153,1208129337,0.007500000298023224,1208138535,0.45237502455711365,,,,,,,,
mpu,,,,,,,,,1208233733,-358,-3110,-32768,1208233733,943,-267,-574
adc,1208211259,1.1340000629425049,1208220299,-0.05050000175833702,1208229335,0.04912500083446503,1208238563,0.6840000152587891,,,,,,,,
mpu,,,,,,,,,1208333729,4134,-3246,-30606,1208333729,1796,-138,-1270
adc,1208311254,1.4446250200271606,1208320290,-0.22962501645088196,1208329325,1.0383750200271606,1208338808,1.1707500219345093,,,,,,,,
mpu,,,,,,,,,1208433734,10444,12248,-18938,1208433734,1701,375,-1035
adc,1208411269,1.2233750820159912,1208420307,-0.15212500095367432,1208429342,1.3842500448226929,1208438600,1.3788750171661377,,,,,,,,
mpu,,,,,,,,,1208533724,2826,26090,-25768,1208533724,1343,110,-740
adc,1208511252,1.084625005722046,1208520286,-0.3098750114440918,1208529316,1.4160000085830688,1208538410,1.2227500677108765,,,,,,,,
mpu,,,,,,,,,1208633733,1712,32767,-32768,1208633733,428,-344,-3
adc,1208611242,0.7893750667572021,1208620286,-0.41600000858306885,1208629324,0.705625057220459,1208638408,0.7641250491142273,,,,,,,,
mpu,,,,,,,,,1208733735,2868,30190,-30976,1208733735,-1487,-8,891
adc,1208711254,0.7241250276565552,1208720297,-0.3957500159740448,1208729325,0.09612500667572021,1208738623,0.4462500214576721,,,,,,,,
mpu,,,,,,,,,1208833722,1906,21854,-28580,1208833722,-2439,388,1332
adc,1208811266,0.7228750586509705,1208820305,-0.3531250059604645,1208829333,0.029125001281499863,1208838787,0.3647500276565552,,,,,,,,
mpu,,,,,,,,,1208933727,2728,14140,-26986,1208933727,-1881,117,996
adc,1208911267,0.593000054359436,1208920306,-0.30812501907348633,1208929340,0.000375000003259629,1208938804,0.23537501692771912,,,,,,,,
mpu,,,,,,,,,1209033724,1824,1312,-28484,1209033724,-393,-216,174
adc,1209011249,0.515375018119812,1209020291,-0.24525001645088196,1209029324,0.000375000003259629,1209038799,0.33237501978874207,,,,,,,,
mpu,,,,,,,,,1209133728,-4306,-2828,-31076,1209133728,1154,-156,-833
adc,1209111257,1.1127500534057617,1209120294,-0.22087500989437103,1209129327,0.07612500339746475,1209138593,0.5756250023841858,,,,,,,,
mpu,,,,,,,,,1209233736,2546,-308,-29536,1209233736,1875,-13,-1258
adc,1209211261,1.4103751182556152,1209220289,-0.179625004529953,1209229323,1.1023750305175781,1209238691,1.0637500286102295,,,,,,,,
mpu,,,,,,,,,1209333735,8730,11966,-18708,1209333735,1655,369,-914
adc,1209311262,1.2736250162124634,1209320296,-0.04087500274181366,1209329336,1.3856251239776611,1209338820,1.3383750915527344,,,,,,,,
mpu,,,,,,,,,1209433727,4492,31334,-25028,1209433727,1238,-59,-514
adc,1209411262,0.8673750162124634,1209420300,-0.33137500286102295,1209429333,1.342750072479248,1209438797,1.1570000648498535,,,,,,,,
mpu,,,,,,,,,1209533732,-646,32767,-32768,1209533732,20,-336,219
adc,1209511263,0.5371250510215759,1209520298,-0.40150001645088196,1209529342,0.4662500321865082,1209538813,0.7045000195503235,,,,,,,,
mpu,,,,,,,,,1209633737,1536,25274,-32768,1209633737,-1887,120,1132
adc,1209611256,0.6191250085830688,1209620290,-0.38725000619888306,1209629323,0.08525000512599945,1209638341,0.4752500355243683,,,,,,,,
mpu,,,,,,,,,1209733727,2352,20406,-26110,1209733727,-2381,433,1284
adc,1209711260,0.7392500638961792,1209720295,-0.34550002217292786,1209729329,0.03700000047683716,1209738305,0.3802500069141388,,,,,,,,
mpu,,,,,,,,,1209833734,3350,11682,-27324,1209833734,-1554,-30,857
adc,1209811256,0.7822500467300415,1209820291,-0.3283750116825104,1209829328,-0.001125000067986548,1209838821,0.3408750295639038,,,,,,,,
mpu,,,,,,,,,1209933727,1446,28,-29050,1209933727,111,-150,-21
adc,1209911255,0.6075000166893005,1209920289,-0.29087501764297485,1209929322,-0.0010000000474974513,1209938303,0.30762502551078796,,,,,,,,
mpu,,,,,,,,,1210033739,254,-5232,-27804,1210033739,1503,-221,-990
adc,1210011271,1.430625081062317,1210020319,0.09562500566244125,1210029353,0.5108750462532043,1210038817,0.8250000476837158,,,,,,,,
mpu,,,,,,,,,1210133723,8306,8014,-22340,1210133723,1797,130,-1229
adc,1210111242,1.2087500095367432,1210120276,-0.31562501192092896,1210129316,1.1663750410079956,1210138379,1.230375051498413,,,,,,,,
mpu,,,,,,,,,1210233728,8466,17184,-14800,1210233728,1556,400,-796
adc,1210211256,1.1715000867843628,1210220297,-0.24812501668930054,1210229326,1.42062509059906,1210238342,1.3198751211166382,,,,,,,,
mpu,,,,,,,,,1210333728,5484,29840,-27386,1210333728,1009,-307,-383
adc,1210311254,0.7848750352859497,1210320292,-0.3491250276565552,1210329324,1.362125039100647,1210338373,1.2365000247955322,,,,,,,,
mpu,,,,,,,,,1210433728,3954,32767,-32768,1210433728,-424,-341,343
adc,1210411256,0.34950003027915955,1210420294,-0.33525002002716064,1210429326,0.48237502574920654,1210438365,0.9395000338554382,,,,,,,,
mpu,,,,,,,,,1210533733,-214,25114,-32768,1210533733,-2112,299,1342
adc,1210511256,0.9081250429153442,1210520298,-0.33925002813339233,1210529334,0.07575000077486038,1210538310,0.4922500252723694,,,,,,,,
mpu,,,,,,,,,1210633734,5486,17986,-28176,1210633734,-2264,391,1286
adc,1210611254,0.8127500414848328,1210620289,-0.33775001764297485,1210629328,0.08812500536441803,1210638516,0.47037503123283386,,,,,,,,
mpu,,,,,,,,,1210733732,4036,9908,-26666,1210733732,-1264,-73,720
adc,1210711262,0.6756250262260437,1210720295,-0.32712501287460327,1210729332,0.0021250001154839993,1210738344,0.3945000171661377,,,,,,,,
mpu,,,,,,,,,1210833731,1064,-644,-31298,1210833731,427,-245,-310
adc,1210811264,0.5890000462532043,1210820300,-0.2527500092983246,1210829331,-0.002875000238418579,1210838317,0.31862500309944153,,,,,,,,
mpu,,,,,,,,,1210933728,3600,-6484,-32768,1210933728,1650,-159,-1220
adc,1210911243,1.4116250276565552,1210920281,0.10437500476837158,1210929320,0.5611250400543213,1210938356,0.908875048160553,,,,,,,,
mpu,,,,,,,,,1211033730,7220,10168,-21700,1211033730,1831,360,-1105
adc,1211011258,1.1938750743865967,1211020301,-0.29375001788139343,1211029335,1.1616250276565552,1211038817,1.2942500114440918,,,,,,,,
mpu,,,,,,,,,1211133731,8532,21180,-21830,1211133731,1469,264,-732
adc,1211111258,1.0043751001358032,1211120294,-0.1420000046491623,1211129324,1.5351250171661377,1211138417,1.3247500658035278,,,,,,,,
mpu,,,,,,,,,1211233728,3224,31914,-27956,1211233728,771,-393,-307
adc,1211211252,0.9142500162124634,1211220287,-0.30012500286102295,1211229320,1.193750023841858,1211238312,1.1182500123977661,,,,,,,,
mpu,,,,,,,,,1211333727,1012,32767,-32768,1211333727,-902,-332,581
adc,1211311247,0.4010000228881836,1211320283,-0.3396250307559967,1211329322,0.1807500123977661,1211338812,0.6292500495910645,,,,,,,,
mpu,,,,,,,,,1211433731,882,23620,-29546,1211433731,-2295,400,1409
adc,1211411254,0.5313750505447388,1211420291,-0.3150000274181366,1211429325,0.05225000157952309,1211438778,0.4846250116825104,,,,,,,,
mpu,,,,,,,,,1211533728,3394,15742,-27000,1211533728,-2088,325,1196
adc,1211511257,0.612375020980835,1211520291,-0.30025002360343933,1211529325,0.11837500333786011,1211538542,0.5180000066757202,,,,,,,,
mpu,,,,,,,,,1211633734,2380,7624,-27180,1211633734,-941,-105,545
adc,1211611247,0.47312501072883606,1211620282,-0.2997500002384186,1211629315,-0.002625000197440386,1211638445,0.40550002455711365,,,,,,,,
mpu,,,,,,,,,1211733732,1224,-4014,-32768,1211733732,792,-212,-560
adc,1211711258,0.9861250519752502,1211720295,-0.125,1211729333,0.005375000182539225,1211738807,0.6488750576972961,,,,,,,,
mpu,,,,,,,,,1211833733,162,-2542,-32768,1211833733,1817,-72,-1201
adc,1211811267,1.499000072479248,1211820306,0.18262501060962677,1211829339,1.0268750190734863,1211838828,1.3251250982284546,,,,,,,,
mpu,,,,,,,,,1211933729,7944,10218,-19208,1211933729,1793,475,-971
adc,1211911263,1.1728750467300415,1211920304,-0.2383750081062317,1211929337,1.5591250658035278,1211938806,1.5038750171661377,,,,,,,,
mpu,,,,,,,,,1212033723,5032,26314,-21376,1212033723,1350,-33,-815
adc,1212011253,0.3213750123977661,1212020312,-0.1185000091791153,1212029341,1.5856250524520874,1212038771,1.4568750858306885,,,,,,,,
mpu,,,,,,,,,1212133730,1474,32728,-26104,1212133730,433,-356,-32
adc,1212111257,1.0256249904632568,1212120300,-0.3217500150203705,1212129332,0.9373750686645508,1212138386,1.1966251134872437,,,,,,,,
mpu,,,,,,,,,1212233730,3530,29484,-32768,1212233730,-1326,-296,1003
adc,1212211256,0.8666250705718994,1212220292,-0.351375013589859,1212229329,0.2980000078678131,1212238327,0.8755000233650208,,,,,,,,
mpu,,,,,,,,,1212333733,5748,23128,-29312,1212333733,-2248,251,1532
adc,1212311252,0.058750003576278687,1212320287,-0.3292500078678131,1212329320,0.2672500014305115,1212338528,0.6947500109672546,,,,,,,,
mpu,,,,,,,,,1212433729,5652,16488,-25972,1212433729,-1809,240,1165
adc,1212411265,-0.0001250000059371814,1212420303,-0.3033750057220459,1212429337,0.0351250022649765,1212438835,0.4921250343322754,,,,,,,,
mpu,,,,,,,,,1212533727,1442,2442,-28566,1212533727,-574,150,99
adc,1212511254,0.9551250338554382,1212520296,-0.2737500071525574,1212529331,0.03400000184774399,1212538804,0.5912500023841858,,,,,,,,
mpu,,,,,,,,,1212633728,-5284,-2764,-32768,1212633728,1007,-59,-831
adc,1212611250,1.2421250343322754,1212620289,0.057875003665685654,1212629319,0.5612500309944153,1212638436,0.9298750162124634,,,,,,,,
mpu,,,,,,,,,1212733733,-894,-2174,-23798,1212733733,1769,-19,-1203
adc,1212711271,1.067750096321106,1212720301,-0.12012500315904617,1212729336,1.2822500467300415,1212738362,1.4620000123977661,,,,,,,,
mpu,,,,,,,,,1212833728,7764,10378,-24786,1212833728,1799,511,-903
adc,1212811261,1.0721250772476196,1212820300,-0.12012500315904617,1212829331,1.6873750686645508,1212838789,1.573625087738037,,,,,,,,
mpu,,,,,,,,,1212933729,4818,31534,-23546,1212933729,1389,-193,-558
adc,1212911251,0.7878750562667847,1212920290,-0.1602500081062317,1212929325,1.5510001182556152,1212938785,1.4656250476837158,,,,,,,,
mpu,,,,,,,,,1213033731,1170,30882,-30628,1213033731,100,-330,173
adc,1213011266,-0.13900001347064972,1213020301,-0.296875,1213029336,0.596750020980835,1213038802,1.0516250133514404,,,,,,,,
mpu,,,,,,,,,1213133728,4624,29352,-32768,1213133728,-1826,6,1058
adc,1213111263,0.06787500530481339,1213120305,-0.2238750159740448,1213129338,0.003750000149011612,1213138585,0.4555000364780426,,,,,,,,
mpu,,,,,,,,,1213233728,1762,22402,-26728,1213233728,-2395,299,1298
adc,1213211256,0.1535000056028366,1213220289,-0.2796249985694885,1213229322,-0.005000000353902578,1213238812,0.2903750240802765,,,,,,,,
mpu,,,,,,,,,1213333729,3142,9362,-27036,1213333729,-1548,-12,975
adc,1213311258,0.36000001430511475,1213320297,-0.2447500079870224,1213329329,-0.005000000353902578,1213338822,0.37287500500679016,,,,,,,,
mpu,,,,,,,,,1213433735,1876,1734,-29354,1213433735,59,-109,44
adc,1213411256,0.3321250081062317,1213420291,-0.20012500882148743,1213429318,-0.005125000141561031,1213438377,0.35987502336502075,,,,,,,,
mpu,,,,,,,,,1213533728,-3844,-4602,-29514,1213533728,1446,-133,-1031
adc,1213511261,1.2111250162124634,1213520289,0.029125001281499863,1213529323,0.0962500050663948,1213538383,0.7583750486373901,,,,,,,,
mpu,,,,,,,,,1213633726,4456,2738,-24544,1213633726,1816,90,-1282
adc,1213611262,0.827250063419342,1213620296,-0.12712500989437103,1213629333,1.077625036239624,1213638327,1.3981250524520874,,,,,,,,
mpu,,,,,,,,,1213733733,7236,15960,-20478,1213733733,1594,446,-808
adc,1213711255,0.5573750138282776,1213720289,-0.05375000089406967,1213729324,1.3655000925064087,1213738526,1.4668750762939453,,,,,,,,
mpu,,,,,,,,,1213833734,5378,32767,-28206,1213833734,1039,-281,-381
adc,1213811257,0.8927500247955322,1213820293,-0.1261250078678131,1213829327,1.2111250162124634,1213838530,1.1826250553131104,,,,,,,,
mpu,,,,,,,,,1213933729,3854,32767,-32768,1213933729,-428,-132,355
adc,1213911260,0.21300001442432404,1213920299,-0.23262500762939453,1213929332,0.31712502241134644,1213938346,0.7000000476837158,,,,,,,,
mpu,,,,,,,,,1214033724,1102,25230,-32768,1214033724,-2147,186,1212
adc,1214011269,0.3543750047683716,1214020306,-0.16062501072883606,1214029337,0.07362500578165054,1214038535,0.45887503027915955,,,,,,,,
mpu,,,,,,,,,1214133726,2590,17464,-28488,1214133726,-2268,265,1329
adc,1214111263,-0.03687500208616257,1214120299,-0.23787501454353333,1214129331,-0.005250000394880772,1214138548,0.32200002670288086,,,,,,,,
mpu,,,,,,,,,1214233727,4470,7428,-26686,1214233727,-1195,-36,740
adc,1214211245,0.26337501406669617,1214220277,-0.16325001418590546,1214229316,-0.006500000134110451,1214238580,0.34287500381469727,,,,,,,,
mpu,,,,,,,,,1214333729,1990,372,-30490,1214333729,492,-168,-210
adc,1214311247,0.32737502455711365,1214320281,-0.13250000774860382,1214329319,-0.006625000387430191,1214338422,0.4036250114440918,,,,,,,,
mpu,,,,,,,,,1214433732,3942,-5610,-32718,1214433732,1526,-169,-1276
adc,1214411239,1.1911250352859497,1214420279,0.5406250357627869,1214429319,0.5472500324249268,1214438542,1.0158751010894775,,,,,,,,
mpu,,,,,,,,,1214533734,4388,9218,-24096,1214533734,1718,304,-1222
adc,1214511260,0.6908750534057617,1214520295,-0.07075000554323196,1214529324,1.2052500247955322,1214538425,1.5037500858306885,,,,,,,,
mpu,,,,,,,,,1214633731,8650,18482,-22188,1214633731,1598,254,-703
adc,1214611259,0.6043750047683716,1214620301,0.05675000324845314,1214629335,1.5592501163482666,1214638344,1.4791250228881836,,,,,,,,
mpu,,,,,,,,,1214733728,1044,32767,-28420,1214733728,1032,-225,-431
adc,1214711260,0.7640000581741333,1214720302,-0.07987500727176666,1214729339,1.2838751077651978,1214738807,1.3911250829696655,,,,,,,,
mpu,,,,,,,,,1214833733,1456,32767,-32768,1214833733,-607,-125,466
adc,1214811253,-0.05425000190734863,1214820292,-0.13100001215934753,1214829323,0.3973750174045563,1214838357,0.768250048160553,,,,,,,,
mpu,,,,,,,,,1214933725,1166,24490,-30956,1214933725,-2336,268,1261
adc,1214911246,0.04750000312924385,1214920279,-0.12125000357627869,1214929317,0.10512500256299973,1214938525,0.5895000100135803,,,,,,,,
mpu,,,,,,,,,1215033734,3252,16928,-29562,1215033734,-2222,138,1252
adc,1215011259,0.3215000033378601,1215020293,-0.11962500214576721,1215029326,0.03375000134110451,1215038314,0.5052500367164612,,,,,,,,
mpu,,,,,,,,,1215133726,3308,6696,-27868,1215133726,-1029,-92,589
adc,1215111255,0.48250001668930054,1215120293,-0.07187500596046448,1215129328,-0.001500000013038516,1215138569,0.4792500138282776,,,,,,,,
mpu,,,,,,,,,1215233732,214,-686,-31066,1215233732,583,-211,-405
adc,1215211251,0.7782500386238098,1215220289,-0.04662500321865082,1215229325,-0.006000000052154064,1215238390,0.4305000305175781,,,,,,,,
mpu,,,,,,,,,1215333720,7124,-5854,-32768,1215333720,1597,-179,-1398
adc,1215311263,1.0812500715255737,1215320303,0.512374997138977,1215329333,0.6586250066757202,1215338509,0.983375072479248,,,,,,,,
mpu,,,,,,,,,1215433729,8208,10670,-22268,1215433729,1746,442,-1135
adc,1215411260,0.6165000200271606,1215420301,-0.014375000260770321,1215429331,1.3135000467300415,1215438554,1.4535000324249268,,,,,,,,
mpu,,,,,,,,,1215533734,4738,23674,-21140,1215533734,1652,271,-598
adc,1215511261,0.5842500329017639,1215520297,0.12250000238418579,1215529330,1.4970000982284546,1215538520,1.4895000457763672,,,,,,,,
mpu,,,,,,,,,1215633730,3682,32767,-28796,1215633730,787,-417,-125
adc,1215611258,0.5860000252723694,1215620293,-0.1028750017285347,1215629329,1.081125020980835,1215638396,1.3300000429153442,,,,,,,,
mpu,,,,,,,,,1215733731,2202,31430,-32768,1215733731,-1055,-105,641
adc,1215711243,-0.06487500667572021,1215720277,-0.11175000667572021,1215729317,0.03800000250339508,1215738378,0.49412500858306885,,,,,,,,
mpu,,,,,,,,,1215833732,2956,24066,-31404,1215833732,-2553,-10,1351
adc,1215811261,0.030250001698732376,1215820297,-0.09400000423192978,1215829331,-0.006500000134110451,1215838325,0.2368750125169754,,,,,,,,
mpu,,,,,,,,,1215933731,4486,12624,-32240,1215933731,-2182,-222,1381
adc,1215911247,0.3928750157356262,1215920294,-0.10475000739097595,1215929325,-0.0027500002179294825,1215938328,0.382500022649765,,,,,,,,
mpu,,,,,,,,,1216033741,3346,5230,-30812,1216033741,-701,-66,614
adc,1216011271,0.18287500739097595,1216020310,-0.012750000692903996,1216029347,-0.005625000223517418,1216038425,0.41187500953674316,,,,,,,,
mpu,,,,,,,,,1216133734,-128,-22,-32768,1216133734,709,11,-493
adc,1216111261,0.921625018119812,1216120308,-0.06487500667572021,1216129341,-0.005250000394880772,1216138537,0.5923750400543213,,,,,,,,
mpu,,,,,,,,,1216233725,5200,-3510,-26140,1216233725,1568,-43,-1457
adc,1216211259,0.8886250257492065,1216220299,0.8426250219345093,1216229332,0.6875000596046448,1216238547,1.059249997138977,,,,,,,,
mpu,,,,,,,,,1216333730,5888,6884,-23090,1216333730,1616,495,-1266
adc,1216311275,0.9358750581741333,1216320314,0.3563750088214874,1216329348,1.2742500305175781,1216338380,1.421375036239624,,,,,,,,
mpu,,,,,,,,,1216433730,1238,28612,-21130,1216433730,1646,443,-697
adc,1216411253,0.7513750195503235,1216420283,0.23325000703334808,1216429311,1.3801250457763672,1216438521,1.3312500715255737,,,,,,,,
mpu,,,,,,,,,1216533734,2152,30744,-32768,1216533734,761,-520,-95
adc,1216511260,0.11375000327825546,1216520296,-0.01600000075995922,1216529332,0.8208750486373901,1216538396,0.9020000696182251,,,,,,,,
mpu,,,,,,,,,1216633731,2510,30372,-32182,1216633731,-1171,19,731
adc,1216611261,-0.027250001206994057,1216620297,-0.14350000023841858,1216629334,0.005875000264495611,1216638422,0.5013750195503235,,,,,,,,
mpu,,,,,,,,,1216733725,7500,24762,-29860,1216733725,-2498,133,1365
adc,1216711260,-0.03100000135600567,1216720300,0.030250001698732376,1216729332,-0.006375000346451998,1216738795,0.23487500846385956,,,,,,,,
mpu,,,,,,,,,1216833726,1204,15760,-25538,1216833726,-2070,71,1343
adc,1216811251,0.17087501287460327,1216820292,-0.06025000289082527,1216829327,-0.0062500000931322575,1216838778,0.3423750102519989,,,,,,,,
mpu,,,,,,,,,1216933730,3418,4480,-27146,1216933730,-780,-188,626
adc,1216911254,0.15975001454353333,1216920281,0.042625002562999725,1216929315,-0.0020000000949949026,1216938806,0.4987500309944153,,,,,,,,
mpu,,,,,,,,,1217033728,1008,186,-32584,1217033728,755,-219,-460
adc,1217011266,0.4958750307559967,1217020304,0.019375000149011612,1217029343,-0.005750000476837158,1217038778,0.5382500290870667,,,,,,,,
mpu,,,,,,,,,1217133729,6730,-4844,-31786,1217133729,1604,-63,-1467
adc,1217111252,0.9532500505447388,1217120284,0.8316250443458557,1217129317,0.686750054359436,1217138405,1.1018750667572021,,,,,,,,
mpu,,,,,,,,,1217233730,6918,9816,-22666,1217233730,1710,491,-1133
adc,1217211260,0.6703750491142273,1217220299,0.24437500536441803,1217229331,1.2710000276565552,1217238812,1.4128750562667847,,,,,,,,
mpu,,,,,,,,,1217333722,2744,22924,-19696,1217333722,1499,224,-694
adc,1217311256,0.5271250009536743,1217320290,0.4193750321865082,1217329323,1.4450000524520874,1217338800,1.4063750505447388,,,,,,,,
mpu,,,,,,,,,1217433729,4214,32767,-32768,1217433729,684,-440,-201
adc,1217411258,0.0911250039935112,1217420296,0.13575001060962677,1217429328,1.0131250619888306,1217438410,1.0195000171661377,,,,,,,,
mpu,,,,,,,,,1217533726,-2724,31940,-28572,1217533726,-1047,36,678
adc,1217511258,-0.13587500154972076,1217520295,-0.07225000113248825,1217529330,0.07275000214576721,1217538821,0.6110000014305115,,,,,,,,
mpu,,,,,,,,,1217633731,7482,24844,-31578,1217633731,-2429,208,1439
adc,1217611255,-0.048750001937150955,1217620294,0.08950000256299973,1217629327,0.03350000083446503,1217638424,0.4437500238418579,,,,,,,,
mpu,,,,,,,,,1217733731,4216,15990,-25772,1217733731,-2060,176,1226
adc,1217711252,0.31437501311302185,1217720285,0.027375001460313797,1217729313,0.0188750009983778,1217738355,0.421500027179718,,,,,,,,
mpu,,,,,,,,,1217833729,562,5822,-26250,1217833729,-802,-44,545
adc,1217811254,0.3101250231266022,1217820290,0.14250001311302185,1217829328,-0.004625000059604645,1217838807,0.3472500145435333,,,,,,,,
mpu,,,,,,,,,1217933727,1158,-1756,-31098,1217933727,814,-264,-442
adc,1217911249,0.5996250510215759,1217920291,0.2097500115633011,1217929323,-0.004875000100582838,1217938379,0.40550002455711365,,,,,,,,
mpu,,,,,,,,,1218033729,5590,-3674,-32768,1218033729,1581,-194,-1344
adc,1218011251,0.9881250262260437,1218020297,1.0383750200271606,1218029330,0.5458750128746033,1218038797,1.0697500705718994,,,,,,,,
mpu,,,,,,,,,1218133729,7360,9916,-22596,1218133729,1621,545,-1181
adc,1218111254,0.01237500086426735,1218120291,0.3072500228881836,1218129332,1.2130000591278076,1218138533,1.5345001220703125,,,,,,,,
mpu,,,,,,,,,1218233728,4028,22208,-22012,1218233728,1458,285,-752
adc,1218211262,0.26875001192092896,1218220297,0.3308750092983246,1218229333,1.4762500524520874,1218238796,1.4010000228881836,,,,,,,,
mpu,,,,,,,,,1218333729,2118,30786,-29954,1218333729,760,-512,-208
adc,1218311253,0.25950002670288086,1218320288,0.25300002098083496,1218329323,1.0882500410079956,1218338801,1.1785000562667847,,,,,,,,
mpu,,,,,,,,,1218433730,1038,32767,-30686,1218433730,-951,17,703
adc,1218411243,-0.25175002217292786,1218420285,0.058750003576278687,1218429321,0.0162500012665987,1218438308,0.5697500109672546,,,,,,,,
mpu,,,,,,,,,1218533730,4384,22386,-30058,1218533730,-2402,236,1410
adc,1218511267,0.20212501287460327,1218520304,0.1652500033378601,1218529335,0.03962500020861626,1218538784,0.5541250109672546,,,,,,,,
mpu,,,,,,,,,1218633726,2080,17166,-27004,1218633726,-2088,173,1241
adc,1218611263,0.09512500464916229,1218620293,0.1665000021457672,1218629324,0.02550000138580799,1218638328,0.35850000381469727,,,,,,,,
mpu,,,,,,,,,1218733726,3814,4824,-24962,1218733726,-931,-163,542
adc,1218711262,0.29625001549720764,1218720297,0.14212501049041748,1218729330,0.024000000208616257,1218738803,0.4191250205039978,,,,,,,,
mpu,,,,,,,,,1218833727,6,664,-31178,1218833727,664,-159,-454
adc,1218811258,0.5540000200271606,1218820295,0.3916250169277191,1218829329,-0.004625000059604645,1218838781,0.41200003027915955,,,,,,,,
mpu,,,,,,,,,1218933720,5938,-3552,-29864,1218933720,1616,-20,-1389
adc,1218911262,0.7581250071525574,1218920293,1.0227500200271606,1218929325,0.476375013589859,1218938306,0.9763750433921814,,,,,,,,
mpu,,,,,,,,,1219033730,5110,9982,-23672,1219033730,1610,448,-1086
adc,1219011257,0.17087501287460327,1219020298,0.39650002121925354,1219029332,1.1411250829696655,1219038818,1.2700001001358032,,,,,,,,
mpu,,,,,,,,,1219133729,8636,20192,-17316,1219133729,1396,63,-613
adc,1219111264,1.0226250886917114,1219120298,0.47812503576278687,1219129328,1.5875000953674316,1219138421,1.4032500982284546,,,,,,,,
mpu,,,,,,,,,1219233725,2914,31714,-28122,1219233725,809,-351,-202
adc,1219211261,-0.39350003004074097,1219220298,0.3446250259876251,1219229330,1.084375023841858,1219238821,1.1221250295639038,,,,,,,,
mpu,,,,,,,,,1219333743,1704,31588,-30724,1219333743,-755,16,614
adc,1219311269,-0.27125000953674316,1219320303,0.164000004529953,1219329338,0.0038750001695007086,1219338803,0.5991250276565552,,,,,,,,
mpu,,,,,,,,,1219433731,2644,25170,-29016,1219433731,-2224,380,1331
adc,1219411249,-0.2901250123977661,1219420284,0.25312501192092896,1219429315,-0.007000000216066837,1219438299,0.22987501323223114,,,,,,,,
mpu,,,,,,,,,1219533730,6010,16076,-26688,1219533730,-2120,226,1187
adc,1219511262,0.18925000727176666,1219520292,0.15325000882148743,1219529325,-0.004000000189989805,1219538812,0.2602500021457672,,,,,,,,
mpu,,,,,,,,,1219633725,4450,6158,-31346,1219633725,-1223,-545,512
adc,1219611253,0.7063750624656677,1219620295,0.12825000286102295,1219629327,0.0898750051856041,1219638527,0.40287500619888306,,,,,,,,
mpu,,,,,,,,,1219733728,-3470,-160,-29878,1219733728,489,-50,-442
adc,1219711258,0.2680000066757202,1219720297,0.1537500023841858,1219729326,0.13587500154972076,1219738314,0.47850000858306885,,,,,,,,
mpu,,,,,,,,,1219833729,-726,-5022,-32768,1219833729,1559,-96,-1318
adc,1219811248,0.7731250524520874,1219820289,0.8415000438690186,1219829325,0.7511250376701355,1219838806,1.0757499933242798,,,,,,,,
mpu,,,,,,,,,1219933725,8424,10266,-15588,1219933725,1786,389,-1198
adc,1219911254,0.27387502789497375,1219920288,0.5791250467300415,1219929320,1.3576250076293945,1219938302,1.4703750610351562,,,,,,,,
mpu,,,,,,,,,1220033728,5410,21296,-16468,1220033728,1598,349,-755
adc,1220011256,0.2536250054836273,1220020305,0.6413750052452087,1220029339,1.5180001258850098,1220038788,1.4290000200271606,,,,,,,,
mpu,,,,,,,,,1220133730,4484,30994,-27366,1220133730,832,-426,-204
adc,1220111261,-0.16462500393390656,1220120298,0.6138750314712524,1220129332,0.830750048160553,1220138398,1.065250039100647,,,,,,,,
mpu,,,,,,,,,1220233732,4636,32767,-32768,1220233732,-842,43,631
adc,1220211246,-0.2743750214576721,1220220283,0.032750003039836884,1220229316,-0.006625000387430191,1220238806,0.21300001442432404,,,,,,,,
mpu,,,,,,,,,1220333726,3640,22430,-28828,1220333726,-2265,317,1327
adc,1220311262,-0.001125000067986548,1220320301,0.2668749988079071,1220329338,-0.005000000353902578,1220338785,0.06262500584125519,,,,,,,,
mpu,,,,,,,,,1220433726,2884,14026,-25498,1220433726,-2078,77,1224
adc,1220411249,-0.06062500178813934,1220420287,0.22812500596046448,1220429324,-0.004875000100582838,1220438820,0.2252500057220459,,,,,,,,
mpu,,,,,,,,,1220533727,2688,8700,-27860,1220533727,-881,-77,675
adc,1220511267,0.1848750114440918,1220520300,0.16325001418590546,1220529332,-0.0042500002309679985,1220538826,0.31150001287460327,,,,,,,,
mpu,,,,,,,,,1220633730,1186,-1712,-28564,1220633730,753,69,-327
adc,1220611251,0.5520000457763672,1220620283,0.18325001001358032,1220629318,0.017500000074505806,1220638558,0.5673750042915344,,,,,,,,
mpu,,,,,,,,,1220733729,956,-3732,-30862,1220733729,1608,102,-1328
adc,1220711255,0.4437500238418579,1220720297,0.8256250619888306,1220729330,0.8355000615119934,1220738320,1.1382501125335693,,,,,,,,
mpu,,,,,,,,,1220833730,5972,10126,-21110,1220833730,1650,147,-1154
adc,1220811258,0.23262500762939453,1220820296,0.546750009059906,1220829328,1.3848750591278076,1220838310,1.5322500467300415,,,,,,,,
mpu,,,,,,,,,1220933730,7268,21276,-20426,1220933730,1499,115,-623
adc,1220911256,0.6526250243186951,1220920293,0.7048750519752502,1220929328,1.6135001182556152,1220938324,1.5757501125335693,,,,,,,,
mpu,,,,,,,,,1221033731,3994,32767,-30010,1221033731,720,-307,-155
adc,1221011257,-0.16737501323223114,1221020296,0.22062501311302185,1221029323,1.0600000619888306,1221038541,1.3405001163482666,,,,,,,,
mpu,,,,,,,,,1221133734,1728,31966,-31022,1221133734,-1065,-212,618
adc,1221111249,-0.46137502789497375,1221120277,0.3736250102519989,1221129307,0.008500000461935997,1221138564,0.45375001430511475,,,,,,,,
mpu,,,,,,,,,1221233728,5456,24948,-31384,1221233728,-2491,-281,1325
adc,1221211266,-0.2892500162124634,1221220304,0.43812501430511475,1221229336,-0.0042500002309679985,1221238330,0.21775001287460327,,,,,,,,
mpu,,,,,,,,,1221333729,1886,13148,-26574,1221333729,-1930,194,1438
adc,1221311267,0.11787500232458115,1221320305,0.2991250157356262,1221329337,-0.004000000189989805,1221338564,0.22450001537799835,,,,,,,,
mpu,,,,,,,,,1221433728,3756,7220,-27036,1221433728,-668,86,602
adc,1221411255,0.2302500158548355,1221420297,0.20675000548362732,1221429331,-0.0042500002309679985,1221438328,0.30112501978874207,,,,,,,,
mpu,,,,,,,,,1221533729,1148,-1430,-31458,1221533729,704,-233,-573
adc,1221511266,0.68687504529953,1221520299,0.18700000643730164,1221529331,0.016875000670552254,1221538578,0.4202500283718109,,,,,,,,
mpu,,,,,,,,,1221633729,522,-5098,-28826,1221633729,1565,-35,-1439
adc,1221611262,1.2062500715255737,1221620296,0.22175000607967377,1221629332,1.022125005722046,1221638628,1.2003750801086426,,,,,,,,
mpu,,,,,,,,,1221733731,7760,10232,-21050,1221733731,1670,361,-1171
adc,1221711254,-0.3687500059604645,1221720288,0.17425000667572021,1221729321,1.6627501249313354,1221738311,1.6128751039505005,,,,,,,,
mpu,,,,,,,,,1221833725,8328,24522,-20424,1221833725,1450,19,-777
adc,1221811263,-0.27812501788139343,1221820298,0.6813750267028809,1221829332,1.858625054359436,1221838807,1.6668751239776611,,,,,,,,
mpu,,,,,,,,,1221933733,2790,32767,-30352,1221933733,715,-277,-50
adc,1221911254,-0.17512500286102295,1221920294,0.4205000102519989,1221929324,1.495500087738037,1221938643,1.361875057220459,,,,,,,,
mpu,,,,,,,,,1222033726,464,32422,-28212,1222033726,-1159,-25,823
adc,1222011258,-0.3283750116825104,1222020293,0.3395000100135803,1222029327,0.37150001525878906,1222038490,0.5673750042915344,,,,,,,,
mpu,,,,,,,,,1222133742,3586,23108,-30284,1222133742,-2385,290,1588
adc,1222111251,0.04325000196695328,1222120290,0.28200000524520874,1222129329,0.038750000298023224,1222138585,0.3472500145435333,,,,,,,,
mpu,,,,,,,,,1222233726,4236,14666,-25062,1222233726,-1896,357,1272
adc,1222211257,0.054875001311302185,1222220296,0.21775001287460327,1222229326,0.03400000184774399,1222238338,0.3516250252723694,,,,,,,,
mpu,,,,,,,,,1222333733,3430,4620,-27228,1222333733,-603,-136,415
adc,1222311253,-0.0990000069141388,1222320289,0.27537500858306885,1222329321,0.06850000470876694,1222338328,0.4533750116825104,,,,,,,,
mpu,,,,,,,,,1222433728,-642,-912,-31756,1222433728,867,-183,-687
adc,1222411253,0.7150000333786011,1222420289,0.2588750123977661,1222429321,0.02250000089406967,1222438381,0.5828750133514404,,,,,,,,
mpu,,,,,,,,,1222533730,8926,-3824,-28108,1222533730,1716,-46,-1502
adc,1222511264,0.34662503004074097,1222520301,0.8492500185966492,1222529336,0.9237500429153442,1222538550,1.2155001163482666,,,,,,,,
mpu,,,,,,,,,1222633730,7018,13190,-20620,1222633730,1644,501,-1126
adc,1222611258,-0.18050001561641693,1222620295,0.5851250290870667,1222629330,1.5467500686645508,1222638350,1.4785001277923584,,,,,,,,
mpu,,,,,,,,,1222733733,3834,29800,-21356,1222733733,1495,9,-663
adc,1222711255,0.0042500002309679985,1222720293,0.7112500071525574,1222729329,1.6926250457763672,1222738580,1.5522500276565552,,,,,,,,
mpu,,,,,,,,,1222833726,1334,32767,-32226,1222833726,352,-409,38
adc,1222811254,-0.17287500202655792,1222820287,0.29737502336502075,1222829320,1.1715000867843628,1222838556,1.1811250448226929,,,,,,,,
mpu,,,,,,,,,1222933733,-468,29094,-30202,1222933733,-1507,6,940
adc,1222911253,-0.3138750195503235,1222920287,0.4412500262260437,1222929314,0.27262499928474426,1222938329,0.6633750200271606,,,,,,,,
mpu,,,,,,,,,1223033731,2316,22438,-28786,1223033731,-2358,358,1514
adc,1223011250,-0.09387500584125519,1223020287,0.38837501406669617,1223029327,0.25200000405311584,1223038305,0.593250036239624,,,,,,,,
mpu,,,,,,,,,1223133733,2188,12882,-29202,1223133733,-1826,176,1129
adc,1223111263,-0.19175000488758087,1223120301,0.3972500264644623,1223129336,0.08375000208616257,1223138543,0.4546250104904175,,,,,,,,
mpu,,,,,,,,,1223233731,2070,3370,-28018,1223233731,-446,-107,219
adc,1223211270,-0.08100000023841858,1223220303,0.3146250247955322,1223229336,0.03350000083446503,1223238332,0.5082499980926514,,,,,,,,
mpu,,,,,,,,,1223333726,-930,-3584,-32768,1223333726,1080,-103,-742
adc,1223311255,0.6028750538825989,1223320296,0.4438750147819519,1223329332,0.10037500411272049,1223338580,0.6827500462532043,,,,,,,,
mpu,,,,,,,,,1223433725,3526,-1642,-29294,1223433725,1691,-44,-1417
adc,1223411258,0.624625027179718,1223420294,0.6111250519752502,1223429329,1.1732500791549683,1223438539,1.1915000677108765,,,,,,,,
mpu,,,,,,,,,1223533725,4056,10804,-19228,1223533725,1718,554,-959
adc,1223511241,-0.08500000089406967,1223520277,0.7915000319480896,1223529314,1.7647501230239868,1223538508,1.5603750944137573,,,,,,,,
mpu,,,,,,,,,1223633726,1364,32767,-20246,1223633726,1625,-22,-688
adc,1223611263,-0.24712501466274261,1223620297,0.8695000410079956,1223629332,1.6795001029968262,1223638576,1.63937509059906,,,,,,,,
mpu,,,,,,,,,1223733730,-800,29814,-32768,1223733730,346,-333,165
adc,1223711250,-0.2931250035762787,1223720293,0.3580000102519989,1223729329,1.2092500925064087,1223738783,1.253000020980835,,,,,,,,
mpu,,,,,,,,,1223833732,2958,27798,-29050,1223833732,-1737,8,944
adc,1223811245,-0.257625013589859,1223820282,0.4423750340938568,1223829311,0.518250048160553,1223838393,0.846250057220459,,,,,,,,
mpu,,,,,,,,,1223933731,2526,22194,-29982,1223933731,-2509,371,1398
adc,1223911265,-0.2677500247955322,1223920303,0.4596250355243683,1223929341,0.06612500548362732,1223938823,0.5420000553131104,,,,,,,,
mpu,,,,,,,,,1224033723,4862,10950,-25048,1224033723,-1827,71,1062
adc,1224011263,-0.20862500369548798,1224020302,0.4748750329017639,1224029335,0.023375000804662704,1224038791,0.5168750286102295,,,,,,,,
mpu,,,,,,,,,1224133726,3676,4222,-28048,1224133726,-297,-165,284
adc,1224111254,-0.15037500858306885,1224120292,0.5563750267028809,1224129326,0.04125000163912773,1224138502,0.5551249980926514,,,,,,,,
mpu,,,,,,,,,1224233730,-3214,-3824,-32768,1224233730,1219,-212,-771
adc,1224211252,0.655500054359436,1224220291,0.5068750381469727,1224229324,0.08437500149011612,1224238642,0.7201250195503235,,,,,,,,
mpu,,,,,,,,,1224333733,2712,-236,-27994,1224333733,1782,101,-1373
adc,1224311247,0.2981250286102295,1224320279,0.7410000562667847,1224329311,1.1467500925064087,1224338299,1.3126250505447388,,,,,,,,
mpu,,,,,,,,,1224433727,6992,12782,-22374,1224433727,1667,458,-939
adc,1224411259,-0.05712500214576721,1224420302,0.736875057220459,1224429329,1.6445001363754272,1224438795,1.611375093460083,,,,,,,,
mpu,,,,,,,,,1224533733,5862,28184,-24674,1224533733,1371,-141,-558
adc,1224511265,-0.26200002431869507,1224520309,0.8567500114440918,1224529348,1.6903750896453857,1224538338,1.5690001249313354,,,,,,,,
mpu,,,,,,,,,1224633730,998,32767,-29590,1224633730,111,-394,116
adc,1224611256,-0.3086250126361847,1224620285,0.3762500286102295,1224629320,1.1875,1224638418,1.3172500133514404,,,,,,,,
mpu,,,,,,,,,1224733724,2716,29568,-30074,1224733724,-1810,24,1029
adc,1224711262,-0.25187501311302185,1224720302,0.4663750231266022,1224729336,0.4282500147819519,1224738805,0.7358750104904175,,,,,,,,
mpu,,,,,,,,,1224833725,1742,19374,-29224,1224833725,-2409,383,1458
adc,1224811255,-0.14300000667572021,1224820287,0.5435000061988831,1224829321,0.21412500739097595,1224838790,0.6220000386238098,,,,,,,,
mpu,,,,,,,,,1224933732,3486,12214,-27118,1224933732,-1678,127,995
adc,1224911264,-0.3033750057220459,1224920305,0.4267500340938568,1224929342,0.07200000435113907,1224938321,0.5607500076293945,,,,,,,,
mpu,,,,,,,,,1225033724,1754,2120,-29784,1225033724,-126,-83,43
adc,1225011251,-0.09337500482797623,1225020282,0.44075003266334534,1225029316,0.03800000250339508,1225038798,0.445125013589859,,,,,,,,
mpu,,,,,,,,,1225133728,-5630,-4200,-31960,1225133728,1326,-154,-870
adc,1225111248,0.6008750200271606,1225120289,0.6171250343322754,1225129318,0.12037500739097595,1225138627,0.8142500519752502,,,,,,,,
mpu,,,,,,,,,1225233732,4028,1824,-25442,1225233732,1737,99,-1356
adc,1225211264,0.41462501883506775,1225220304,1.0083750486373901,1225229340,1.1697500944137573,1225238821,1.4321250915527344,,,,,,,,
mpu,,,,,,,,,1225333726,9708,15524,-16312,1225333726,1708,500,-872
adc,1225311265,-0.20212501287460327,1225320296,0.9507500529289246,1225329330,1.5280001163482666,1225338787,1.6105000972747803,,,,,,,,
mpu,,,,,,,,,1225433725,94,31304,-24186,1225433725,1422,39,-371
adc,1225411258,0.04050000011920929,1225420302,0.7605000138282776,1225429339,1.5317500829696655,1225438804,1.5936250686645508,,,,,,,,
mpu,,,,,,,,,1225533734,-2828,31110,-30498,1225533734,-40,-407,207
adc,1225511253,-0.35087502002716064,1225520287,0.4337500333786011,1225529321,0.9117500185966492,1225538598,1.3231250047683716,,,,,,,,
mpu,,,,,,,,,1225633730,1090,26822,-32768,1225633730,-2020,-86,1039
adc,1225611253,-0.4181250333786011,1225620291,0.45112502574920654,1225629323,0.18575000762939453,1225638557,0.6257500052452087,,,,,,,,
mpu,,,,,,,,,1225733730,3888,21496,-27686,1225733730,-2419,119,1403
adc,1225711269,-0.27650001645088196,1225720306,0.5372500419616699,1225729340,0.01925000175833702,1225738821,0.15687501430511475,,,,,,,,
mpu,,,,,,,,,1225833727,3726,8418,-27320,1225833727,-1710,-171,1155
adc,1225811255,-0.0677500069141388,1225820290,0.37825003266334534,1225829319,0.1575000137090683,1225838303,0.28824999928474426,,,,,,,,
mpu,,,,,,,,,1225933725,5530,3776,-26572,1225933725,-16,-112,63
adc,1225911256,0.18837501108646393,1225920295,0.33412501215934753,1225929330,0.16500000655651093,1225938610,0.4696250259876251,,,,,,,,
mpu,,,,,,,,,1226033722,-3294,-4742,-32768,1226033722,1240,-92,-959
adc,1226011258,1.0882500410079956,1226020298,0.37287500500679016,1226029336,0.5728750228881836,1226038787,0.8228750228881836,,,,,,,,
mpu,,,,,,,,,1226133726,3756,1496,-27576,1226133726,1630,-60,-1475
adc,1226111255,0.1886250078678131,1226120293,0.46300002932548523,1226129324,1.4932500123977661,1226138534,1.4265000820159912,,,,,,,,
mpu,,,,,,,,,1226233729,8692,15914,-19130,1226233729,1591,563,-1045
adc,1226211257,-0.37400001287460327,1226220293,0.656125009059906,1226229323,1.842000126838684,1226238320,1.5802500247955322,,,,,,,,
mpu,,,,,,,,,1226333726,6296,27868,-24348,1226333726,1266,-355,-493
adc,1226311269,-0.015625,1226320307,0.8750000596046448,1226329336,1.958375096321106,1226338810,1.6276251077651978,,,,,,,,
mpu,,,,,,,,,1226433730,104,32767,-32768,1226433730,-1,-161,246
adc,1226411261,-0.3543750047683716,1226420294,0.4376250207424164,1226429324,1.365625023841858,1226438805,1.2955000400543213,,,,,,,,
mpu,,,,,,,,,1226533729,3606,25960,-28034,1226533729,-1921,180,1150
adc,1226511257,-0.30887502431869507,1226520286,0.4982500374317169,1226529320,0.5387500524520874,1226538795,0.8261250257492065,,,,,,,,
mpu,,,,,,,,,1226633732,4836,20326,-29410,1226633732,-2381,303,1451
adc,1226611251,-0.15537500381469727,1226620289,0.4323750138282776,1226629327,0.26750001311302185,1226638551,0.5715000033378601,,,,,,,,
mpu,,,,,,,,,1226733730,3810,9488,-26870,1226733730,-1513,211,938
adc,1226711256,-0.19362500309944153,1226720295,0.45512503385543823,1226729326,0.11550000309944153,1226738312,0.5493749976158142,,,,,,,,
mpu,,,,,,,,,1226833724,3870,804,-28528,1226833724,102,-87,48
adc,1226811250,-0.09700000286102295,1226820279,0.42737501859664917,1226829315,0.06262500584125519,1226838798,0.4533750116825104,,,,,,,,
mpu,,,,,,,,,1226933727,-1772,-5560,-28678,1226933727,1438,-238,-1013
adc,1226911255,0.7327500581741333,1226920292,0.5862500071525574,1226929329,0.4240000247955322,1226938373,0.9167500138282776,,,,,,,,
mpu,,,,,,,,,1227033730,5164,4570,-20850,1227033730,1666,58,-1406
adc,1227011261,0.5421250462532043,1227020297,0.5332500338554382,1227029335,1.4163750410079956,1227038353,1.517875075340271,,,,,,,,
mpu,,,,,,,,,1227133728,6060,18050,-21576,1227133728,1664,393,-934
adc,1227111257,-0.2693750262260437,1227120295,0.7273750305175781,1227129329,1.7317501306533813,1227138425,1.580125093460083,,,,,,,,
mpu,,,,,,,,,1227233731,6186,29880,-27678,1227233731,1214,-427,-432
adc,1227211259,-0.05400000140070915,1227220296,0.7982500195503235,1227229327,1.599250078201294,1227238331,1.4601250886917114,,,,,,,,
mpu,,,,,,,,,1227333731,-788,32556,-32376,1227333731,-293,-45,374
adc,1227311256,-0.4218750298023224,1227320297,0.4461250305175781,1227329334,0.768250048160553,1227338813,1.0021250247955322,,,,,,,,
mpu,,,,,,,,,1227433726,278,25798,-32284,1227433726,-2052,9,1188
adc,1227411259,-0.3395000100135803,1227420296,0.5107499957084656,1227429330,0.28975000977516174,1227438815,0.6011250019073486,,,,,,,,
mpu,,,,,,,,,1227533730,3090,18768,-27666,1227533730,-2274,348,1381
adc,1227511256,-0.19037501513957977,1227520291,0.43575000762939453,1227529321,0.08787500113248825,1227538331,0.4723750352859497,,,,,,,,
mpu,,,,,,,,,1227633733,2662,9126,-26318,1227633733,-1433,86,814
adc,1227611259,-0.34787502884864807,1227620295,0.421750009059906,1227629335,0.04437500238418579,1227638532,0.4306250214576721,,,,,,,,
mpu,,,,,,,,,1227733728,2800,946,-30216,1227733728,171,-54,-70
adc,1227711256,-0.007500000298023224,1227720286,0.484250009059906,1227729317,0.0481250025331974,1227738806,0.374625027179718,,,,,,,,
mpu,,,,,,,,,1227833733,-908,-3698,-27824,1227833733,1360,-188,-1073
adc,1227811264,0.4661250114440918,1227820301,0.5087500214576721,1227829336,0.20200000703334808,1227838381,0.7412500381469727,,,,,,,,
mpu,,,,,,,,,1227933728,6276,3366,-22484,1227933728,1679,67,-1273
adc,1227911263,0.3813750147819519,1227920297,0.8761250376701355,1227929335,1.383500099182129,1227938785,1.5016250610351562,,,,,,,,
mpu,,,,,,,,,1228033723,5820,20836,-21060,1228033723,1646,492,-872
adc,1228011252,0.3881250321865082,1228020288,0.9106250405311584,1228029322,1.690250039100647,1228038393,1.5387500524520874,,,,,,,,
mpu,,,,,,,,,1228133728,5830,29846,-32548,1228133728,1250,-391,-391
adc,1228111250,-0.16437500715255737,1228120290,0.812375009059906,1228129329,1.5848751068115234,1228138561,1.4391250610351562,,,,,,,,
mpu,,,,,,,,,1228233734,-1562,32088,-32768,1228233734,-271,-159,379
adc,1228211255,-0.22700001299381256,1228220289,0.2956250011920929,1228229324,0.7772500514984131,1228238570,0.9772500395774841,,,,,,,,
mpu,,,,,,,,,1228333729,2410,25182,-32768,1228333729,-2039,92,1221
adc,1228311248,-0.2824999988079071,1228320279,0.4087500274181366,1228329310,0.1575000137090683,1228338303,0.5051250457763672,,,,,,,,
mpu,,,,,,,,,1228433728,3222,18120,-26226,1228433728,-2290,375,1380
adc,1228411251,-0.22825001180171967,1228420291,0.4192500114440918,1228429326,0.1118750050663948,1228438570,0.39887502789497375,,,,,,,,
mpu,,,,,,,,,1228533726,3524,10608,-26744,1228533726,-1416,38,837
adc,1228511267,-0.18787500262260437,1228520305,0.40825003385543823,1228529341,0.06175000220537186,1228538547,0.44337502121925354,,,,,,,,
mpu,,,,,,,,,1228633732,2106,6,-29104,1228633732,157,-102,-60
adc,1228611252,-0.09825000166893005,1228620291,0.5141250491142273,1228629326,0.022625001147389412,1228638614,0.36662501096725464,,,,,,,,
mpu,,,,,,,,,1228733728,-1254,-5370,-29914,1228733728,1470,-31,-1060
adc,1228711258,0.7205000519752502,1228720293,0.6221250295639038,1228729326,0.2551250159740448,1228738792,0.8270000219345093,,,,,,,,
mpu,,,,,,,,,1228833730,5776,7464,-19382,1228833730,1740,151,-1258
adc,1228811261,0.28687500953674316,1228820300,0.6771250367164612,1228829330,1.3017500638961792,1228838311,1.389125108718872,,,,,,,,
mpu,,,,,,,,,1228933726,10044,17580,-17952,1228933726,1660,343,-836
adc,1228911270,0.12450000643730164,1228920306,0.6635000109672546,1228929339,1.6187500953674316,1228938804,1.532750129699707,,,,,,,,
mpu,,,,,,,,,1229033742,3680,32280,-28442,1229033742,1150,-318,-398
adc,1229011264,-0.20937500894069672,1229020299,0.7828750610351562,1229029335,1.4941251277923584,1229038635,1.4018750190734863,,,,,,,,
mpu,,,,,,,,,1229133730,-684,31404,-32768,1229133730,-340,-141,407
adc,1229111259,-0.21050001680850983,1229120300,0.36762502789497375,1229129333,0.6701250076293945,1229138416,0.9923750758171082,,,,,,,,
mpu,,,,,,,,,1229233729,1870,27750,-32768,1229233729,-2067,144,1260
adc,1229211262,-0.23637500405311584,1229220301,0.3840000033378601,1229229335,0.16100001335144043,1229238831,0.6373750567436218,,,,,,,,
mpu,,,,,,,,,1229333727,2096,16828,-28896,1229333727,-2267,364,1364
adc,1229311255,-0.2707500159740448,1229320289,0.41687503457069397,1229329318,0.06875000149011612,1229338372,0.46950003504753113,,,,,,,,
mpu,,,,,,,,,1229433733,3136,8716,-29678,1229433733,-1400,13,839
adc,1229411251,-0.10062500834465027,1229420286,0.39487501978874207,1229429315,0.0325000025331974,1229438318,0.47687503695487976,,,,,,,,
mpu,,,,,,,,,1229533734,1840,-176,-30180,1229533734,154,-176,-205
adc,1229511264,-0.1041250079870224,1229520298,0.46300002932548523,1229529329,0.01575000025331974,1229538344,0.35625001788139343,,,,,,,,
mpu,,,,,,,,,1229633725,254,-5176,-27624,1229633725,1396,72,-1270
adc,1229611245,0.7693750262260437,1229620285,0.47450003027915955,1229629312,0.46800002455711365,1229638545,0.815375030040741,,,,,,,,
mpu,,,,,,,,,1229733733,2128,7322,-21450,1229733733,1606,81,-1261
adc,1229711255,0.4022500216960907,1229720287,0.6908750534057617,1229729322,1.361125111579895,1229738522,1.38100004196167,,,,,,,,
mpu,,,,,,,,,1229833729,10892,19922,-16712,1229833729,1748,375,-669
adc,1229811260,0.3110000193119049,1229820289,0.8325000405311584,1229829324,1.4778751134872437,1229838544,1.5555000305175781,,,,,,,,
mpu,,,,,,,,,1229933729,4682,30998,-27258,1229933729,1172,-114,-187
adc,1229911261,-0.036375001072883606,1229920302,0.687125027179718,1229929331,1.5686250925064087,1229938329,1.4936250448226929,,,,,,,,
mpu,,,,,,,,,1230033734,2444,32767,-32768,1230033734,-460,-177,373
adc,1230011252,-0.28562501072883606,1230020298,0.06424999982118607,1230029329,0.5721250176429749,1230038540,0.9185000658035278,,,,,,,,
mpu,,,,,,,,,1230133729,1696,23428,-29506,1230133729,-2111,129,1150
adc,1230111260,-0.13350000977516174,1230120297,0.40700000524520874,1230129330,0.1535000056028366,1230138414,0.6220000386238098,,,,,,,,
mpu,,,,,,,,,1230233741,3704,18864,-26334,1230233741,-2229,58,1205
adc,1230211263,-0.20650000870227814,1230220303,0.335750013589859,1230229343,0.14087501168251038,1230238407,0.4820000231266022,,,,,,,,
mpu,,,,,,,,,1230333730,3942,10932,-28050,1230333730,-1315,112,763
adc,1230311259,-0.28462502360343933,1230320299,0.25075000524520874,1230329334,0.029125001281499863,1230338820,0.3698750138282776,,,,,,,,
mpu,,,,,,,,,1230433737,2988,46,-30508,1230433737,262,-193,-127
adc,1230411259,-0.03212499991059303,1230420299,0.3566250205039978,1230429333,0.017000000923871994,1230438399,0.38850000500679016,,,,,,,,
mpu,,,,,,,,,1230533728,2178,-4262,-28330,1230533728,1411,4,-1162
adc,1230511263,0.8808750510215759,1230520303,0.3306250274181366,1230529336,0.4620000123977661,1230538323,0.9285000562667847,,,,,,,,
mpu,,,,,,,,,1230633733,5178,7240,-24448,1230633733,1674,207,-1112
adc,1230611260,0.3968750238418579,1230620298,0.565750002861023,1230629334,1.3263750076293945,1230638538,1.458625078201294,,,,,,,,
mpu,,,,,,,,,1230733731,10340,17774,-13822,1230733731,1676,248,-776
adc,1230711257,0.31587502360343933,1230720293,0.5863749980926514,1230729329,1.6498750448226929,1230738552,1.5720000267028809,,,,,,,,
mpu,,,,,,,,,1230833728,5218,31710,-27030,1230833728,1142,-186,-297
adc,1230811257,0.11912500858306885,1230820295,0.6730000376701355,1230829329,1.5321251153945923,1230838550,1.5358750820159912,,,,,,,,
mpu,,,,,,,,,1230933736,-132,32767,-32768,1230933736,-407,-216,389
adc,1230911266,-0.16562500596046448,1230920311,0.16325001418590546,1230929347,0.6566250324249268,1230938570,0.9778750538825989,,,,,,,,
mpu,,,,,,,,,1231033733,-232,24748,-32218,1231033733,-2142,93,1235
adc,1231011265,-0.18175001442432404,1231020303,0.16750000417232513,1231029333,0.14537501335144043,1231038814,0.6970000267028809,,,,,,,,
mpu,,,,,,,,,1231133737,4426,17108,-29392,1231133737,-2248,123,1353
adc,1231111262,-0.2980000078678131,1231120303,0.19237500429153442,1231129337,0.033125001937150955,1231138629,0.4947500228881836,,,,,,,,
mpu,,,,,,,,,1231233732,4358,8130,-27826,1231233732,-1332,160,703
adc,1231211253,-0.07262500375509262,1231220287,0.13625000417232513,1231229325,0.000375000003259629,1231238803,0.4178750216960907,,,,,,,,
mpu,,,,,,,,,1231333729,2052,1262,-30632,1231333729,277,-137,-210
adc,1231311245,0.010250000283122063,1231320283,0.22412501275539398,1231329317,0.0351250022649765,1231338806,0.515500009059906,,,,,,,,
mpu,,,,,,,,,1231433727,2678,-5190,-30294,1231433727,1484,-8,-1189
adc,1231411248,0.9921250343322754,1231420287,0.27937501668930054,1231429327,0.5263749957084656,1231438789,0.8836250305175781,,,,,,,,
mpu,,,,,,,,,1231533733,5600,6812,-25422,1231533733,1723,186,-1180
adc,1231511261,0.812125027179718,1231520300,0.6391250491142273,1231529340,1.3738750219345093,1231538337,1.4387500286102295,,,,,,,,
mpu,,,,,,,,,1231633732,13178,20322,-17778,1231633732,1682,286,-746
adc,1231611259,1.0255000591278076,1231620294,0.4320000112056732,1231629324,1.61412513256073,1231638350,1.5157500505447388,,,,,,,,
mpu,,,,,,,,,1231733729,6766,31628,-27702,1231733729,1090,-163,-213
adc,1231711264,-0.08125000447034836,1231720298,0.36262500286102295,1231729332,1.6633750200271606,1231738822,1.4442501068115234,,,,,,,,
mpu,,,,,,,,,1231833731,-284,31734,-32768,1231833731,-572,-247,446
adc,1231811256,-0.4556250274181366,1231820293,0.06937500089406967,1231829324,0.6291250586509705,1231838805,0.8608750700950623,,,,,,,,
mpu,,,,,,,,,1231933727,2002,23114,-32768,1231933727,-2255,66,1234
adc,1231911260,-0.2016250044107437,1231920301,0.09387500584125519,1231929333,0.29225000739097595,1231938808,0.6233750581741333,,,,,,,,
mpu,,,,,,,,,1232033731,2550,19034,-26532,1232033731,-2237,204,1194
adc,1232011263,-0.28837502002716064,1232020309,0.101500004529953,1232029340,0.0010000000474974513,1232038824,0.39000001549720764,,,,,,,,
mpu,,,,,,,,,1232133730,4438,8162,-25240,1232133730,-1190,163,660
adc,1232111263,0.039125002920627594,1232120301,0.051625002175569534,1232129338,-0.005125000141561031,1232138425,0.3465000092983246,,,,,,,,
mpu,,,,,,,,,1232233731,3398,-748,-30672,1232233731,429,-294,-119
adc,1232211259,0.10375000536441803,1232220294,0.10762500762939453,1232229333,0.012750000692903996,1232238353,0.44825002551078796,,,,,,,,
mpu,,,,,,,,,1232333731,4802,-3562,-32768,1232333731,1505,-4,-1233
adc,1232311260,1.1068750619888306,1232320299,0.2745000123977661,1232329332,0.4178750216960907,1232338315,0.8366250395774841,,,,,,,,
mpu,,,,,,,,,1232433733,6376,5074,-25464,1232433733,1698,241,-1126
adc,1232411265,0.5682500004768372,1232420298,0.2548750042915344,1232429328,1.2528750896453857,1232438305,1.4016250371932983,,,,,,,,
mpu,,,,,,,,,1232533727,7196,21474,-22950,1232533727,1623,270,-719
adc,1232511255,0.3036250174045563,1232520295,0.2800000011920929,1232529330,1.63937509059906,1232538320,1.570750117301941,,,,,,,,
mpu,,,,,,,,,1232633730,6434,31672,-27414,1232633730,937,-190,-266
adc,1232611250,0.4845000207424164,1232620287,0.2735000252723694,1232629323,1.5448750257492065,1232638370,1.4512500762939453,,,,,,,,
mpu,,,,,,,,,1232733733,1182,32760,-32584,1232733733,-591,-143,502
adc,1232711269,-0.2306250035762787,1232720306,-0.015500000678002834,1232729340,0.6421250104904175,1232738806,0.955750048160553,,,,,,,,
mpu,,,,,,,,,1232833732,3018,24002,-32260,1232833732,-2253,135,1212
adc,1232811267,0.13237500190734863,1232820306,0.04200000315904617,1232829343,0.21800000965595245,1232838802,0.6793750524520874,,,,,,,,
mpu,,,,,,,,,1232933739,3332,18738,-29608,1232933739,-2201,185,1224
adc,1232911257,0.07650000602006912,1232920302,0.029250001534819603,1232929336,0.09725000709295273,1232938788,0.5515000224113464,,,,,,,,
mpu,,,,,,,,,1233033730,2564,7844,-26338,1233033730,-1159,29,645
adc,1233011253,0.18650001287460327,1233020287,0.013875001110136509,1233029322,0.02537500113248825,1233038344,0.4036250114440918,,,,,,,,
mpu,,,,,,,,,1233133735,2442,-160,-31638,1233133735,483,-173,-305
adc,1233111253,0.1720000058412552,1233120298,-0.0016250000335276127,1233129330,0.011125000193715096,1233138526,0.38700002431869507,,,,,,,,
mpu,,,,,,,,,1233233734,3622,-4752,-30942,1233233734,1588,-46,-1270
adc,1233211258,1.1571249961853027,1233220291,0.17337501049041748,1233229320,0.30912500619888306,1233238386,0.7515000104904175,,,,,,,,
mpu,,,,,,,,,1233333727,5624,8882,-21904,1233333727,1685,204,-1184
adc,1233311259,0.7777500152587891,1233320294,0.11962500214576721,1233329328,1.2757500410079956,1233338402,1.3920000791549683,,,,,,,,
mpu,,,,,,,,,1233433726,6754,18312,-22016,1233433726,1608,113,-847
adc,1233411256,0.1172500029206276,1233420296,0.21787500381469727,1233429330,1.6030000448226929,1233438808,1.5541250705718994,,,,,,,,
mpu,,,,,,,,,1233533733,1244,32767,-32652,1233533733,1059,-212,-246
adc,1233511260,0.453000009059906,1233520293,0.10887500643730164,1233529327,1.6220000982284546,1233538307,1.5440000295639038,,,,,,,,
mpu,,,,,,,,,1233633734,3876,32767,-32768,1233633734,-731,-164,569
adc,1233611252,0.055375002324581146,1233620287,-0.15862500667572021,1233629319,0.7067500352859497,1233638344,0.9286250472068787,,,,,,,,
mpu,,,,,,,,,1233733726,-772,25272,-27910,1233733726,-2468,355,1277
adc,1233711259,0.31150001287460327,1233720293,-0.02212500013411045,1233729328,0.4205000102519989,1233738809,0.6831250190734863,,,,,,,,
mpu,,,,,,,,,1233833733,3488,16216,-28650,1233833733,-2241,93,1327
adc,1233811270,0.2306250035762787,1233820309,-0.09512500464916229,1233829344,-0.0013750001089647412,1233838322,0.3813750147819519,,,,,,,,
mpu,,,,,,,,,1233933729,5382,5824,-25508,1233933729,-1039,-15,656
adc,1233911259,0.3710000216960907,1233920292,-0.06987500190734863,1233929329,-0.005750000476837158,1233938408,0.37175002694129944,,,,,,,,
mpu,,,,,,,,,1234033724,1942,1164,-31814,1234033724,561,-158,-359
adc,1234011257,0.4826250374317169,1234020301,-0.12350000441074371,1234029335,0.017250001430511475,1234038780,0.4181250333786011,,,,,,,,
mpu,,,,,,,,,1234133730,6114,-4092,-31560,1234133730,1631,-40,-1234
adc,1234111254,1.136125087738037,1234120287,0.22475001215934753,1234129324,0.4672500193119049,1234138671,0.8317500352859497,,,,,,,,
mpu,,,,,,,,,1234233727,5052,8682,-20612,1234233727,1800,283,-1067
adc,1234211244,0.9178750514984131,1234220278,-0.04475000128149986,1234229314,1.3372501134872437,1234238807,1.4701250791549683,,,,,,,,
mpu,,,,,,,,,1234333726,7814,22266,-18886,1234333726,1675,207,-658
adc,1234311259,0.27512502670288086,1234320294,0.030375001952052116,1234329328,1.6648750305175781,1234338349,1.5767500400543213,,,,,,,,
mpu,,,,,,,,,1234433734,3372,31694,-30344,1234433734,895,-403,-306
adc,1234411262,0.6490000486373901,1234420299,-0.08287500590085983,1234429330,1.624250054359436,1234438809,1.4953750371932983,,,,,,,,
mpu,,,,,,,,,1234533732,-2092,32767,-32278,1234533732,-844,-119,528
adc,1234511250,0.01912500150501728,1234520285,-0.2523750066757202,1234529320,0.5687500238418579,1234538393,0.9487500190734863,,,,,,,,
mpu,,,,,,,,,1234633724,3794,24716,-31258,1234633724,-2382,149,1358
adc,1234611265,0.11675000190734863,1234620298,-0.21162500977516174,1234629328,0.006875000428408384,1234638538,0.39537501335144043,,,,,,,,
mpu,,,,,,,,,1234733732,2884,15054,-27232,1234733732,-2172,363,1255
adc,1234711255,0.24900001287460327,1234720293,-0.2446250170469284,1234729328,-0.005500000435858965,1234738337,0.3238750100135803,,,,,,,,
mpu,,,,,,,,,1234833733,3370,8140,-26930,1234833733,-1020,-190,668
adc,1234811262,0.5795000195503235,1234820306,-0.21562500298023224,1234829337,0.02862500213086605,1234838353,0.4688750207424164,,,,,,,,
mpu,,,,,,,,,1234933735,910,-482,-30874,1234933735,587,-130,-329
adc,1234911263,0.4558750092983246,1234920299,-0.20150001347064972,1234929336,0.0010000000474974513,1234938408,0.335625022649765,,,,,,,,
mpu,,,,,,,,,1235033727,5378,-6594,-32768,1235033727,1635,-89,-1340
adc,1235011261,1.295375108718872,1235020295,-0.12775000929832458,1235029327,0.32625001668930054,1235038817,0.783625066280365,,,,,,,,
mpu,,,,,,,,,1235133734,4978,11586,-22004,1235133734,1742,383,-1141
adc,1235111258,1.0883750915527344,1235120289,-0.17412500083446503,1235129330,1.2288750410079956,1235138406,1.3843750953674316,,,,,,,,
mpu,,,,,,,,,1235233725,4456,22204,-19836,1235233725,1639,270,-660
adc,1235211255,1.1132500171661377,1235220292,-0.09162500500679016,1235229319,1.5600000619888306,1235238793,1.5317500829696655,,,,,,,,
mpu,,,,,,,,,1235333725,2982,32448,-30188,1235333725,847,-478,-223
adc,1235311260,0.7850000262260437,1235320293,-0.23100000619888306,1235329337,1.4725000858306885,1235338833,1.4295001029968262,,,,,,,,
mpu,,,,,,,,,1235433735,1186,32614,-32768,1235433735,-987,-79,631
adc,1235411258,0.1535000056028366,1235420287,-0.3238750100135803,1235429320,0.6462500095367432,1235438375,0.9451250433921814,,,,,,,,
mpu,,,,,,,,,1235533732,5744,23530,-31818,1235533732,-2489,177,1378
adc,1235511262,0.41862502694129944,1235520296,-0.29225000739097595,1235529329,0.03674999997019768,1235538813,0.37150001525878906,,,,,,,,
mpu,,,,,,,,,1235633728,4398,15752,-27262,1235633728,-2126,332,1234
adc,1235611251,0.5848750472068787,1235620287,-0.30412501096725464,1235629319,0.02175000123679638,1235638342,0.3973750174045563,,,,,,,,
mpu,,,,,,,,,1235733733,4598,6690,-27458,1235733733,-919,-176,554
adc,1235711251,0.3552500307559967,1235720289,-0.2977500259876251,1235729324,0.001125000067986548,1235738822,0.4492500126361847,,,,,,,,
mpu,,,,,,,,,1235833739,152,-882,-32424,1235833739,767,-94,-483
adc,1235811256,0.46162500977516174,1235820295,-0.2901250123977661,1235829330,-0.003375000087544322,1235838343,0.4415000081062317,,,,,,,,
mpu,,,,,,,,,1235933730,5068,-4876,-30564,1235933730,1683,-99,-1347
adc,1235911260,1.3575000762939453,1235920298,-0.3243750035762787,1235929328,0.5506250262260437,1235938344,0.9691250324249268,,,,,,,,
mpu,,,,,,,,,1236033727,9056,13646,-19680,1236033727,1789,407,-1242
adc,1236011257,1.024375081062317,1236020304,-0.08450000733137131,1236029336,1.4410001039505005,1236038792,1.4657500982284546,,,,,,,,
mpu,,,,,,,,,1236133735,4250,22118,-21038,1236133735,1448,-25,-618
adc,1236111257,0.9226250648498535,1236120296,-0.20275001227855682,1236129328,1.689750075340271,1236138538,1.5013750791549683,,,,,,,,
mpu,,,,,,,,,1236233729,3582,32767,-32768,1236233729,707,-351,-87
adc,1236211256,1.105875015258789,1236220299,-0.2677500247955322,1236229331,1.5850000381469727,1236238334,1.5107500553131104,,,,,,,,
mpu,,,,,,,,,1236333728,-1708,32767,-31870,1236333728,-1110,-73,744
adc,1236311259,-0.21037501096725464,1236320299,-0.3565000295639038,1236329336,0.4803750216960907,1236338810,0.7105000615119934,,,,,,,,
mpu,,,,,,,,,1236433726,5820,20068,-28728,1236433726,-2481,252,1430
adc,1236411257,0.19037501513957977,1236420297,-0.28812500834465027,1236429328,-0.0008750000270083547,1236438812,0.18775001168251038,,,,,,,,
mpu,,,,,,,,,1236533731,1984,12570,-29186,1236533731,-2014,473,1268
adc,1236511249,0.4662500321865082,1236520281,-0.36237502098083496,1236529311,0.11012500524520874,1236538521,0.22212500870227814,,,,,,,,
mpu,,,,,,,,,1236633735,2752,8556,-24758,1236633735,-649,-60,546
adc,1236611257,0.8170000314712524,1236620289,-0.30250000953674316,1236629323,0.12475000321865082,1236638652,0.3398750126361847,,,,,,,,
mpu,,,,,,,,,1236733728,2028,-2154,-32678,1236733728,696,-525,-596
adc,1236711265,0.5200000405311584,1236720298,-0.28425002098083496,1236729330,0.09050000458955765,1236738788,0.4051250219345093,,,,,,,,
mpu,,,,,,,,,1236833729,4210,-2822,-29496,1236833729,1599,-194,-1443
adc,1236811258,1.520625114440918,1236820299,-0.257625013589859,1236829329,0.8533750176429749,1236838810,0.952375054359436,,,,,,,,
mpu,,,,,,,,,1236933727,5642,9328,-19132,1236933727,1646,463,-1211
adc,1236911255,0.8553750514984131,1236920290,-0.32500001788139343,1236929321,1.3990000486373901,1236938795,1.3967500925064087,,,,,,,,
mpu,,,,,,,,,1237033723,3164,26000,-16182,1237033723,1552,231,-700
adc,1237011258,0.8830000162124634,1237020297,0.000375000003259629,1237029327,1.6761250495910645,1237038820,1.4671250581741333,,,,,,,,
mpu,,,,,,,,,1237133733,1384,32348,-32680,1237133733,677,-493,-101
adc,1237111261,1.1790000200271606,1237120298,-0.3292500078678131,1237129330,1.4343750476837158,1237138519,1.2737500667572021,,,,,,,,
mpu,,,,,,,,,1237233733,2024,31234,-32646,1237233733,-1172,34,782
adc,1237211259,0.736875057220459,1237220300,-0.3398750126361847,1237229333,0.5145000219345093,1237238323,0.7798750400543213,,,,,,,,
mpu,,,,,,,,,1237333726,6786,26166,-27596,1237333726,-2501,212,1432
adc,1237311263,1.0416250228881836,1237320303,-0.3266250193119049,1237329336,0.15587501227855682,1237338522,0.38975000381469727,,,,,,,,
mpu,,,,,,,,,1237433726,5290,13466,-26374,1237433726,-2077,263,1078
adc,1237411261,-0.3148750066757202,1237420303,-0.32737502455711365,1237429336,0.08887500315904617,1237438393,0.2901250123977661,,,,,,,,
mpu,,,,,,,,,1237533728,2982,5750,-27270,1237533728,-667,-41,400
adc,1237511258,0.4401250183582306,1237520295,-0.22487501800060272,1237529326,0.2198750078678131,1237538553,0.40262502431869507,,,,,,,,
mpu,,,,,,,,,1237633730,-542,-1872,-32768,1237633730,936,-243,-641
adc,1237611254,0.4710000157356262,1237620294,-0.2527500092983246,1237629326,0.03350000083446503,1237638569,0.3812500238418579,,,,,,,,
mpu,,,,,,,,,1237733729,4906,-1074,-28266,1237733729,1728,84,-1374
adc,1237711247,1.471750020980835,1237720283,-0.1758750081062317,1237729319,0.9177500605583191,1237738306,0.9830000400543213,,,,,,,,
mpu,,,,,,,,,1237833724,6940,12112,-22262,1237833724,1762,489,-974
adc,1237811260,1.412500023841858,1237820301,-0.2667500078678131,1237829336,1.4915000200271606,1237838320,1.365625023841858,,,,,,,,
mpu,,,,,,,,,1237933729,6576,27378,-23560,1237933729,1553,-42,-546
adc,1237911262,0.8360000252723694,1237920303,-0.05437500402331352,1237929344,1.7246251106262207,1237938342,1.4443750381469727,,,,,,,,
mpu,,,,,,,,,1238033724,7958,32767,-32768,1238033724,462,-463,-11
adc,1238011262,1.0023750066757202,1238020294,-0.2553749978542328,1238029332,1.452625036239624,1238038789,1.1876250505447388,,,,,,,,
mpu,,,,,,,,,1238133729,-210,30140,-31684,1238133729,-1465,30,839
adc,1238111256,0.24062500894069672,1238120290,-0.3400000035762787,1238129322,0.5830000042915344,1238138554,0.7007500529289246,,,,,,,,
mpu,,,,,,,,,1238233731,1582,21552,-31968,1238233731,-2477,309,1424
adc,1238211259,0.6982500553131104,1238220297,-0.23475001752376556,1238229335,0.11562500894069672,1238238551,0.2906250059604645,,,,,,,,
mpu,,,,,,,,,1238333724,2438,11778,-27260,1238333724,-1887,270,1104
adc,1238311253,0.4488750100135803,1238320290,-0.15725000202655792,1238329325,0.061375003308057785,1238338818,0.3036250174045563,,,,,,,,
mpu,,,,,,,,,1238433729,1904,3660,-28512,1238433729,-417,-176,327
adc,1238411255,0.4246250092983246,1238420290,-0.07387500256299973,1238429326,0.033375002443790436,1238438402,0.351375013589859,,,,,,,,
mpu,,,,,,,,,1238533728,-1330,-2350,-32768,1238533728,1057,-177,-666
adc,1238511258,0.39625000953674316,1238520298,-0.14124999940395355,1238529333,0.036250002682209015,1238538316,0.49262502789497375,,,,,,,,
mpu,,,,,,,,,1238633733,4694,-2932,-29090,1238633733,1729,-42,-1400
adc,1238611252,1.537000060081482,1238620284,0.17337501049041748,1238629320,0.831250011920929,1238638531,0.9337500333786011,,,,,,,,
mpu,,,,,,,,,1238733726,6666,13820,-18244,1238733726,1741,497,-952
adc,1238711249,1.0197499990463257,1238720289,-0.10875000804662704,1238729322,1.3996250629425049,1238738788,1.3661251068115234,,,,,,,,
mpu,,,,,,,,,1238833725,5410,26248,-20612,1238833725,1406,-74,-506
adc,1238811264,1.2002500295639038,1238820299,0.027250001206994057,1238829334,1.6162500381469727,1238838318,1.3002500534057617,,,,,,,,
mpu,,,,,,,,,1238933729,-5186,32767,-31608,1238933729,233,-480,44
adc,1238911253,0.9465000629425049,1238920290,-0.014375000260770321,1238929322,1.2155001163482666,1238938317,0.9925000667572021,,,,,,,,
mpu,,,,,,,,,1239033728,902,29808,-31590,1239033728,-1604,138,969
adc,1239011252,0.004625000059604645,1239020288,-0.08112500607967377,1239029326,0.12300000339746475,1239038816,0.2737500071525574,,,,,,,,
mpu,,,,,,,,,1239133728,934,18840,-28448,1239133728,-2384,352,1404
adc,1239111256,0.5938750505447388,1239120293,-0.11537500470876694,1239129333,0.04662500321865082,1239138382,0.24125000834465027,,,,,,,,
mpu,,,,,,,,,1239233729,2756,13244,-28634,1239233729,-1743,92,1041
adc,1239211262,0.43150001764297485,1239220297,-0.01087500061839819,1239229330,0.0663750022649765,1239238823,0.3257500231266022,,,,,,,,
mpu,,,,,,,,,1239333725,2194,2422,-30314,1239333725,-323,-159,182
adc,1239311260,0.31187501549720764,1239320297,0.09512500464916229,1239329329,0.03712500259280205,1239338803,0.3098750114440918,,,,,,,,
mpu,,,,,,,,,1239433729,-4378,-2746,-31074,1239433729,1167,-88,-818
adc,1239411262,0.8145000338554382,1239420301,0.06837500631809235,1239429332,0.02800000086426735,1239438367,0.3867500126361847,,,,,,,,
mpu,,,,,,,,,1239533734,4512,-2782,-29868,1239533734,1704,-66,-1391
adc,1239511256,1.537500023841858,1239520292,0.5142500400543213,1239529330,0.8126250505447388,1239538519,0.9381250739097595,,,,,,,,
mpu,,,,,,,,,1239633726,6840,13820,-21218,1239633726,1757,503,-874
adc,1239611254,1.0733751058578491,1239620293,0.05712500214576721,1239629330,1.420125126838684,1239638327,1.35812509059906,,,,,,,,
mpu,,,,,,,,,1239733732,5162,28936,-26314,1239733732,1357,-166,-493
adc,1239711259,1.1414999961853027,1239720299,0.23650000989437103,1239729337,1.6602500677108765,1239738316,1.357875108718872,,,,,,,,
mpu,,,,,,,,,1239833722,-754,32670,-32768,1239833722,34,-386,125
adc,1239811264,0.5843750238418579,1239820299,0.07625000178813934,1239829332,1.1671251058578491,1239838796,1.0285000801086426,,,,,,,,
mpu,,,,,,,,,1239933730,3006,28708,-32428,1239933730,-1834,107,1087
adc,1239911261,-0.1391250044107437,1239920298,-0.2032500058412552,1239929335,0.1496250033378601,1239938818,0.5053750276565552,,,,,,,,
mpu,,,,,,,,,1240033725,2124,19682,-25196,1240033725,-2393,540,1370
adc,1240011254,0.43025001883506775,1240020300,0.21687501668930054,1240029330,0.03450000286102295,1240038819,0.3800000250339508,,,,,,,,
mpu,,,,,,,,,1240133732,4840,12832,-27956,1240133732,-1629,-91,962
adc,1240111260,0.28862500190734863,1240120294,0.1822500079870224,1240129329,0.04487500339746475,1240138531,0.39262500405311584,,,,,,,,
mpu,,,,,,,,,1240233729,2070,-190,-28926,1240233729,-57,-164,9
adc,1240211260,0.2837500274181366,1240220300,0.30887502431869507,1240229339,0.007750000339001417,1240238326,0.3593750298023224,,,,,,,,
mpu,,,,,,,,,1240333731,-6100,-4392,-29238,1240333731,1374,-56,-983
adc,1240311263,0.6235000491142273,1240320303,0.3372500240802765,1240329342,0.01100000087171793,1240338820,0.46162500977516174,,,,,,,,
mpu,,,,,,,,,1240433733,6368,1034,-25272,1240433733,1761,41,-1341
adc,1240411247,1.3481251001358032,1240420285,0.6423750519752502,1240429328,0.9613750576972961,1240438516,1.1073750257492065,,,,,,,,
mpu,,,,,,,,,1240533730,5286,17502,-24862,1240533730,1718,405,-832
adc,1240511259,0.4415000081062317,1240520295,0.36637502908706665,1240529330,1.4573750495910645,1240538364,1.4666250944137573,,,,,,,,
mpu,,,,,,,,,1240633741,5782,29202,-29022,1240633741,1242,-290,-357
adc,1240611268,0.7105000615119934,1240620311,0.28962501883506775,1240629350,1.4620000123977661,1240638332,1.339500069618225,,,,,,,,
mpu,,,,,,,,,1240733726,528,32767,-32768,1240733726,-288,-203,283
adc,1240711261,0.5485000014305115,1240720296,0.2645000219345093,1240729332,0.768500030040741,1240738783,0.8347500562667847,,,,,,,,
mpu,,,,,,,,,1240833731,-1598,23980,-32768,1240833731,-2172,172,1181
adc,1240811259,0.20000000298023224,1240820299,0.16487500071525574,1240829330,0.005250000394880772,1240838546,0.28187501430511475,,,,,,,,
mpu,,,,,,,,,1240933734,2978,19062,-26424,1240933734,-2329,426,1320
adc,1240911254,-0.20125001668930054,1240920289,0.2835000157356262,1240929326,0.006625000387430191,1240938308,0.16325001418590546,,,,,,,,
mpu,,,,,,,,,1241033729,3462,8846,-28200,1241033729,-1300,-237,907
adc,1241011252,0.12687501311302185,1241020287,0.41587501764297485,1241029322,0.009750000201165676,1241038519,0.31800001859664917,,,,,,,,
mpu,,,,,,,,,1241133734,2904,1968,-31168,1241133734,300,-213,-52
adc,1241111251,0.12600000202655792,1241120290,0.5785000324249268,1241129319,0.006625000387430191,1241138409,0.39100003242492676,,,,,,,,
mpu,,,,,,,,,1241233732,88,-4862,-27770,1241233732,1417,-76,-1249
adc,1241211251,0.9048750400543213,1241220284,0.7253750562667847,1241229319,0.014750001020729542,1241238399,0.515250027179718,,,,,,,,
mpu,,,,,,,,,1241333728,5034,5156,-23664,1241333728,1680,191,-1340
adc,1241311254,1.0635000467300415,1241320291,0.6075000166893005,1241329328,1.0240000486373901,1241338807,1.1515001058578491,,,,,,,,
mpu,,,,,,,,,1241433723,6790,19280,-20398,1241433723,1617,289,-829
adc,1241411263,0.20887501537799835,1241420290,0.7092500329017639,1241429317,1.4623750448226929,1241438805,1.3510000705718994,,,,,,,,
mpu,,,,,,,,,1241533742,5460,32767,-31726,1241533742,1013,-407,-334
adc,1241511271,0.4428750276565552,1241520316,0.5202500224113464,1241529349,1.4676250219345093,1241538565,1.2856251001358032,,,,,,,,
mpu,,,,,,,,,1241633730,2376,32767,-32652,1241633730,-655,-71,518
adc,1241611255,0.5012500286102295,1241620291,0.06862500309944153,1241629324,0.6917500495910645,1241638416,0.846250057220459,,,,,,,,
mpu,,,,,,,,,1241733734,4826,25698,-30326,1241733734,-2318,268,1335
adc,1241711260,0.3941250145435333,1241720298,0.374625027179718,1241729331,0.02525000087916851,1241738363,0.2901250123977661,,,,,,,,
mpu,,,,,,,,,1241833728,4396,17338,-26402,1241833728,-2215,312,1300
adc,1241811263,-0.2550000250339508,1241820296,0.41037502884864807,1241829331,0.007000000216066837,1241838802,0.2798750102519989,,,,,,,,
mpu,,,,,,,,,1241933732,4716,7386,-27068,1241933732,-1071,-241,626
adc,1241911249,-0.04412500187754631,1241920286,0.5297500491142273,1241929318,0.007750000339001417,1241938372,0.33662500977516174,,,,,,,,
mpu,,,,,,,,,1242033731,-148,-196,-30056,1242033731,623,-56,-400
adc,1242011260,-0.08162500709295273,1242020301,0.721625030040741,1242029336,0.007500000298023224,1242038824,0.3190000057220459,,,,,,,,
mpu,,,,,,,,,1242133731,4304,-6816,-32684,1242133731,1694,-89,-1320
adc,1242111261,0.7520000338554382,1242120297,0.9760000705718994,1242129331,0.06325000524520874,1242138672,0.6037500500679016,,,,,,,,
mpu,,,,,,,,,1242233728,6520,13940,-21976,1242233728,1731,352,-1094
adc,1242211271,0.9546250700950623,1242220305,0.7475000619888306,1242229335,1.2228749990463257,1242238331,1.1643750667572021,,,,,,,,
mpu,,,,,,,,,1242333728,4286,20818,-20592,1242333728,1560,187,-697
adc,1242311254,0.07862500101327896,1242320297,0.908875048160553,1242329333,1.4448751211166382,1242338796,1.2955000400543213,,,,,,,,
mpu,,,,,,,,,1242433726,1812,32767,-32768,1242433726,666,-458,-135
adc,1242411252,0.18287500739097595,1242420288,0.7571250200271606,1242429326,1.3918750286102295,1242438330,1.174125075340271,,,,,,,,
mpu,,,,,,,,,1242533731,318,31296,-30734,1242533731,-1135,15,729
adc,1242511249,-0.23475001752376556,1242520294,0.1418750137090683,1242529326,0.4125000238418579,1242538552,0.612625002861023,,,,,,,,
mpu,,,,,,,,,1242633726,4852,24420,-28504,1242633726,-2529,157,1339
adc,1242611257,-0.07125000655651093,1242620294,0.6961250305175781,1242629327,0.19337500631809235,1242638338,0.46287500858306885,,,,,,,,
mpu,,,,,,,,,1242733731,3370,16180,-26752,1242733731,-2028,255,1147
adc,1242711257,-0.21562500298023224,1242720294,0.6967500448226929,1242729328,0.023500001057982445,1242738820,0.30900001525878906,,,,,,,,
mpu,,,,,,,,,1242833726,1916,4150,-27384,1242833726,-577,-26,407
adc,1242811257,-0.13725000619888306,1242820298,0.7640000581741333,1242829332,0.006500000134110451,1242838376,0.35737502574920654,,,,,,,,
mpu,,,,,,,,,1242933723,-80,-2484,-32768,1242933723,1041,-274,-532
adc,1242911247,-0.15262500941753387,1242920277,0.8917500376701355,1242929312,0.006375000346451998,1242938303,0.3231250047683716,,,,,,,,
mpu,,,,,,,,,1243033728,4242,-5748,-30832,1243033728,1754,5,-1356
adc,1243011264,0.971750020980835,1243020300,1.0862500667572021,1243029333,0.3332500159740448,1243038329,0.8033750653266907,,,,,,,,
mpu,,,,,,,,,1243133735,8894,14724,-18296,1243133735,1649,452,-964
adc,1243111254,0.04387500137090683,1243120297,0.8980000615119934,1243129328,1.25,1243138643,1.4026250839233398,,,,,,,,
mpu,,,,,,,,,1243233730,676,26664,-21574,1243233730,1446,42,-594
adc,1243211258,-0.17250001430511475,1243220299,1.0527499914169312,1243229337,1.5748751163482666,1243238555,1.455625057220459,,,,,,,,
mpu,,,,,,,,,1243333736,3746,32576,-32768,1243333736,355,-509,10
adc,1243311257,0.2643750011920929,1243320293,0.9575000405311584,1243329327,1.3953750133514404,1243338358,1.1990000009536743,,,,,,,,
mpu,,,,,,,,,1243433729,3128,28662,-31550,1243433729,-1509,76,852
adc,1243411259,-0.34425002336502075,1243420293,0.5131250023841858,1243429333,0.3855000138282776,1243438770,0.6202500462532043,,,,,,,,
mpu,,,,,,,,,1243533732,1596,22124,-31212,1243533732,-2442,271,1383
adc,1243511255,-0.21825000643730164,1243520294,0.8493750691413879,1243529329,0.2006250023841858,1243538557,0.5455000400543213,,,,,,,,
mpu,,,,,,,,,1243633729,3262,11188,-27480,1243633729,-1829,135,1085
adc,1243611242,-0.27012500166893005,1243620283,0.7562500238418579,1243629318,0.05300000309944153,1243638342,0.3580000102519989,,,,,,,,
mpu,,,,,,,,,1243733725,1718,2780,-28686,1243733725,-340,-102,188
adc,1243711260,-0.24625001847743988,1243720290,0.8512500524520874,1243729320,0.00937500037252903,1243738296,0.4050000309944153,,,,,,,,
mpu,,,,,,,,,1243833727,-2430,-3374,-32104,1243833727,1245,-209,-770
adc,1243811266,-0.23625001311302185,1243820303,0.9318750500679016,1243829336,0.0038750001695007086,1243838818,0.4073750078678131,,,,,,,,
mpu,,,,,,,,,1243933730,1934,-750,-27300,1243933730,1796,86,-1366
adc,1243911244,0.9505000710487366,1243920277,1.2827500104904175,1243929312,0.6632500290870667,1243938624,1.0102500915527344,,,,,,,,
mpu,,,,,,,,,1244033733,8076,13862,-18790,1244033733,1696,417,-884
adc,1244011262,-0.19162501394748688,1244020307,0.968000054359436,1244029346,1.2827500104904175,1244038804,1.4260001182556152,,,,,,,,
mpu,,,,,,,,,1244133730,3362,29522,-24646,1244133730,1301,-96,-487
adc,1244111259,-0.18975001573562622,1244120296,1.1698750257492065,1244129330,1.4687501192092896,1244138632,1.3445000648498535,,,,,,,,
mpu,,,,,,,,,1244233730,-382,31666,-29928,1244233730,-3,-309,180
adc,1244211270,-0.20362500846385956,1244220303,0.9496250748634338,1244229341,1.1320000886917114,1244238364,1.0570000410079956,,,,,,,,
mpu,,,,,,,,,1244333729,2676,28680,-31290,1244333729,-1843,99,1119
adc,1244311256,-0.4075000286102295,1244320295,0.5952500104904175,1244329326,0.1381250023841858,1244338371,0.6651250123977661,,,,,,,,
mpu,,,,,,,,,1244433724,1842,20302,-26424,1244433724,-2376,409,1369
adc,1244411260,-0.3426250219345093,1244420298,0.8613750338554382,1244429330,0.0742500051856041,1244438328,0.47987502813339233,,,,,,,,
mpu,,,,,,,,,1244533727,4144,10976,-27244,1244533727,-1642,-63,865
adc,1244511257,-0.3447500169277191,1244520294,0.7075000405311584,1244529325,0.07825000584125519,1244538338,0.45625001192092896,,,,,,,,
mpu,,,,,,,,,1244633732,1912,-4,-28956,1244633732,-42,-126,-96
adc,1244611254,-0.35062500834465027,1244620290,0.8866250514984131,1244629325,0.029500002041459084,1244638324,0.40025001764297485,,,,,,,,
mpu,,,,,,,,,1244733732,-4888,-4800,-27390,1244733732,1409,-42,-1038
adc,1244711246,0.23150001466274261,1244720278,0.9050000309944153,1244729310,0.01075000036507845,1244738344,0.4227500259876251,,,,,,,,
mpu,,,,,,,,,1244833727,5896,3374,-23546,1244833727,1721,158,-1265
adc,1244811249,0.32200002670288086,1244820287,1.346000075340271,1244829321,0.9262500405311584,1244838798,1.053375005722046,,,,,,,,
mpu,,,,,,,,,1244933729,6794,21120,-21494,1244933729,1725,448,-729
adc,1244911251,-0.37012502551078796,1244920288,1.1752500534057617,1244929322,1.4981250762939453,1244938809,1.4878751039505005,,,,,,,,
mpu,,,,,,,,,1245033735,6904,31278,-28446,1245033735,1216,-400,-323
adc,1245011263,-0.2056250125169754,1245020300,1.071000099182129,1245029331,1.5162500143051147,1245038312,1.434000015258789,,,,,,,,
mpu,,,,,,,,,1245133731,2330,32704,-32768,1245133731,-392,-163,388
adc,1245111262,-0.1756250113248825,1245120299,0.9747500419616699,1245129340,1.0236250162124634,1245138407,0.9831250309944153,,,,,,,,
mpu,,,,,,,,,1245233731,1728,24528,-32308,1245233731,-2162,136,1180
adc,1245211254,-0.38987502455711365,1245220291,0.596375048160553,1245229329,0.14150001108646393,1245238421,0.48987501859664917,,,,,,,,
mpu,,,,,,,,,1245333731,2818,18258,-27176,1245333731,-2296,327,1331
adc,1245311257,-0.38587501645088196,1245320295,0.7585000395774841,1245329335,0.0832500010728836,1245338537,0.4006250202655792,,,,,,,,
mpu,,,,,,,,,1245433730,4550,8308,-29658,1245433730,-1290,-92,775
adc,1245411255,-0.4008750319480896,1245420292,0.6607500314712524,1245429329,-0.0005000000237487257,1245438805,0.3721250295639038,,,,,,,,
mpu,,,,,,,,,1245533737,1332,850,-30568,1245533737,346,-123,-184
adc,1245511263,-0.3305000066757202,1245520305,0.8187500238418579,1245529344,0.0162500012665987,1245538554,0.49250003695487976,,,,,,,,
mpu,,,,,,,,,1245633731,3240,-5368,-31514,1245633731,1528,-122,-1176
adc,1245611258,0.0728750005364418,1245620292,0.8815000653266907,1245629327,0.0020000000949949026,1245638575,0.6150000095367432,,,,,,,,
mpu,,,,,,,,,1245733729,2476,7940,-26746,1245733729,1752,261,-1203
adc,1245711258,0.5033750534057617,1245720293,1.1811250448226929,1245729325,1.1605000495910645,1245738799,1.3020000457763672,,,,,,,,
mpu,,,,,,,,,1245833734,6704,18580,-24014,1245833734,1661,257,-727
adc,1245811267,-0.3642500042915344,1245820306,1.0067501068115234,1245829343,1.4305000305175781,1245838803,1.4485000371932983,,,,,,,,
mpu,,,,,,,,,1245933732,5424,32326,-26740,1245933732,901,-422,-317
adc,1245911263,0.023000001907348633,1245920304,0.9670000672340393,1245929343,1.56125009059906,1245938802,1.251750111579895,,,,,,,,
mpu,,,,,,,,,1246033724,238,32767,-32768,1246033724,-761,-179,506
adc,1246011255,-0.367125004529953,1246020297,0.18062500655651093,1246029326,0.846750020980835,1246038805,1.062000036239624,,,,,,,,
mpu,,,,,,,,,1246133728,2320,23290,-31024,1246133728,-2373,272,1342
adc,1246111258,-0.39625000953674316,1246120296,0.5680000185966492,1246129332,0.1456250101327896,1246138539,0.5505000352859497,,,,,,,,
mpu,,,,,,,,,1246233729,5152,17136,-28238,1246233729,-2180,258,1258
adc,1246211251,-0.33000001311302185,1246220288,0.565250039100647,1246229327,0.019750000908970833,1246238529,0.3530000150203705,,,,,,,,
mpu,,,,,,,,,1246333728,3654,7238,-27590,1246333728,-941,-80,643
adc,1246311247,-0.296625018119812,1246320279,0.5257500410079956,1246329308,-0.001875000074505806,1246338302,0.3993750214576721,,,,,,,,
mpu,,,,,,,,,1246433727,1822,-2758,-32032,1246433727,826,-198,-371
adc,1246411263,-0.1992500126361847,1246420303,0.5910000205039978,1246429333,-0.0036250001285225153,1246438814,0.3422500193119049,,,,,,,,
mpu,,,,,,,,,1246533733,4988,-5458,-32044,1246533733,1685,-171,-1349
adc,1246511262,0.7677500247955322,1246520298,0.9326250553131104,1246529331,0.13862501084804535,1246538341,0.7726250290870667,,,,,,,,
mpu,,,,,,,,,1246633731,5922,10086,-21336,1246633731,1683,460,-1126
adc,1246611247,0.27287501096725464,1246620287,0.5720000267028809,1246629324,1.1903750896453857,1246638517,1.3458750247955322,,,,,,,,
mpu,,,,,,,,,1246733725,3706,23412,-18632,1246733725,1495,117,-699
adc,1246711254,-0.15900000929832458,1246720289,0.8492500185966492,1246729322,1.4988750219345093,1246738803,1.4571250677108765,,,,,,,,
mpu,,,,,,,,,1246833730,1950,32767,-32548,1246833730,557,-482,-118
adc,1246811257,0.2941250205039978,1246820293,0.7817500233650208,1246829324,1.4576250314712524,1246838820,1.2036250829696655,,,,,,,,
mpu,,,,,,,,,1246933725,2684,29104,-32766,1246933725,-1291,60,802
adc,1246911252,-0.4375000298023224,1246920284,0.3995000123977661,1246929318,0.6463750600814819,1246938796,0.6565000414848328,,,,,,,,
mpu,,,,,,,,,1247033729,3222,25266,-32106,1247033729,-2487,224,1365
adc,1247011252,-0.3178750276565552,1247020290,0.3616250157356262,1247029321,0.21800000965595245,1247038808,0.45250001549720764,,,,,,,,
mpu,,,,,,,,,1247133730,2496,14424,-26960,1247133730,-1912,289,1152
adc,1247111255,-0.2146250158548355,1247120293,0.44975003600120544,1247129328,0.02487500198185444,1247138649,0.3841250240802765,,,,,,,,
mpu,,,,,,,,,1247233734,1604,3994,-28416,1247233734,-385,-147,434
adc,1247211259,-0.17225000262260437,1247220292,0.3240000009536743,1247229324,-0.0036250001285225153,1247238403,0.47325003147125244,,,,,,,,
mpu,,,,,,,,,1247333728,-2380,-3780,-32768,1247333728,1129,-383,-705
adc,1247311260,-0.1313749998807907,1247320298,0.4307500123977661,1247329335,-0.004124999977648258,1247338809,0.4166250228881836,,,,,,,,
mpu,,,,,,,,,1247433735,5876,-870,-26266,1247433735,1663,-1,-1453
adc,1247411257,0.9031250476837158,1247420294,0.8143750429153442,1247429323,0.5552500486373901,1247438521,0.9376250505447388,,,,,,,,
mpu,,,,,,,,,1247533731,5312,13882,-23134,1247533731,1685,468,-1036
adc,1247511255,0.2580000162124634,1247520289,0.30900001525878906,1247529320,1.3878750801086426,1247538381,1.4101250171661377,,,,,,,,
mpu,,,,,,,,,1247633735,5970,29374,-21914,1247633735,1366,-122,-591
adc,1247611263,-0.17637500166893005,1247620299,0.5887500047683716,1247629333,1.6976250410079956,1247638620,1.4416251182556152,,,,,,,,
mpu,,,,,,,,,1247733731,-2982,31500,-29234,1247733731,99,-307,155
adc,1247711261,-0.12862500548362732,1247720297,0.4075000286102295,1247729332,1.3047500848770142,1247738354,1.1007500886917114,,,,,,,,
mpu,,,,,,,,,1247833727,1548,28768,-32768,1247833727,-1821,79,1072
adc,1247811264,-0.27150002121925354,1247820305,0.3343750238418579,1247829339,0.44450002908706665,1247838804,0.7270000576972961,,,,,,,,
mpu,,,,,,,,,1247933727,-64,20280,-30228,1247933727,-2413,355,1349
adc,1247911253,0.03187500312924385,1247920290,0.2524999976158142,1247929322,0.09162500500679016,1247938307,0.4320000112056732,,,,,,,,
mpu,,,,,,,,,1248033730,5190,10814,-27618,1248033730,-1640,51,980
adc,1248011250,-0.1352500021457672,1248020307,0.23600001633167267,1248029335,0.017625000327825546,1248038821,0.39475002884864807,,,,,,,,
mpu,,,,,,,,,1248133732,2142,1254,-29998,1248133732,45,-121,68
adc,1248111262,0.05312500149011612,1248120296,0.26075002551078796,1248129327,-0.004625000059604645,1248138403,0.3908750116825104,,,,,,,,
mpu,,,,,,,,,1248233724,-1676,-4592,-26098,1248233724,1516,-162,-985
adc,1248211254,0.44850000739097595,1248220290,0.23362500965595245,1248229321,-0.004875000100582838,1248238370,0.5116250514984131,,,,,,,,
mpu,,,,,,,,,1248333729,6760,4202,-25558,1248333729,1837,34,-1364
adc,1248311261,0.706250011920929,1248320299,0.2990000247955322,1248329334,1.1405000686645508,1248338811,0.8826250433921814,,,,,,,,
mpu,,,,,,,,,1248433736,7644,17300,-18724,1248433736,1578,350,-878
adc,1248411260,0.11825000494718552,1248420294,0.3136250078678131,1248429324,1.5697500705718994,1248438346,1.2466250658035278,,,,,,,,
mpu,,,,,,,,,1248533733,5228,32678,-29466,1248533733,1023,-284,-354
adc,1248511261,0.31937500834465027,1248520295,0.39762502908706665,1248529333,1.577875018119812,1248538338,1.2326250076293945,,,,,,,,
mpu,,,,,,,,,1248633728,3192,32767,-32768,1248633728,-483,-87,462
adc,1248611250,0.30637502670288086,1248620285,0.036375001072883606,1248629318,1.0450000762939453,1248638328,0.9207500219345093,,,,,,,,
mpu,,,,,,,,,1248733737,3246,26028,-32550,1248733737,-2300,114,1236
adc,1248711269,-0.029750000685453415,1248720307,0.03700000047683716,1248729340,0.30637502670288086,1248738800,0.6015000343322754,,,,,,,,
mpu,,,,,,,,,1248833731,756,17224,-27386,1248833731,-2280,372,1331
adc,1248811254,0.4348750114440918,1248820290,0.07800000160932541,1248829325,0.12562499940395355,1248838322,0.46437501907348633,,,,,,,,
mpu,,,,,,,,,1248933732,4336,8042,-26832,1248933732,-1164,-144,700
adc,1248911261,0.12812501192092896,1248920304,-0.004625000059604645,1248929337,-0.008875000290572643,1248938824,0.3068750202655792,,,,,,,,
mpu,,,,,,,,,1249033734,1080,-828,-31972,1249033734,608,-199,-338
adc,1249011245,0.3071250021457672,1249020283,-0.026000000536441803,1249029316,-0.005875000264495611,1249038378,0.3646250069141388,,,,,,,,
mpu,,,,,,,,,1249133733,2944,-6506,-32768,1249133733,1650,-123,-1321
adc,1249111261,1.0227500200271606,1249120300,0.007250000257045031,1249129333,0.005625000223517418,1249138621,0.6012500524520874,,,,,,,,
mpu,,,,,,,,,1249233726,5098,12776,-20560,1249233726,1759,397,-1167
adc,1249211255,1.0723750591278076,1249220295,0.31662502884864807,1249229325,1.173875093460083,1249238322,1.2001250982284546,,,,,,,,
mpu,,,,,,,,,1249333729,5190,18814,-19348,1249333729,1544,110,-662
adc,1249311243,0.6033750176429749,1249320282,0.13362500071525574,1249329318,1.4473750591278076,1249338810,1.3576250076293945,,,,,,,,
mpu,,,,,,,,,1249433733,4026,32767,-31518,1249433733,651,-302,-113
adc,1249411263,0.5170000195503235,1249420298,0.18787500262260437,1249429334,1.408250093460083,1249438394,1.3485000133514404,,,,,,,,
mpu,,,,,,,,,1249533735,1284,30708,-29870,1249533735,-1191,96,832
adc,1249511258,-0.2796249985694885,1249520299,-0.19287501275539398,1249529334,0.3541250228881836,1249538819,0.8143750429153442,,,,,,,,
mpu,,,,,,,,,1249633722,6112,25302,-29792,1249633722,-2506,75,1304
adc,1249611245,-0.14687500894069672,1249620287,-0.0806250050663948,1249629323,-0.0061250003054738045,1249638340,0.14012500643730164,,,,,,,,
mpu,,,,,,,,,1249733731,5482,12254,-32246,1249733731,-2039,-162,1410
adc,1249711261,0.1758750081062317,1249720291,-0.14212501049041748,1249729328,-0.006375000346451998,1249738372,0.1705000102519989,,,,,,,,
mpu,,,,,,,,,1249833736,2872,3504,-27296,1249833736,-501,-11,247
adc,1249811261,0.23100000619888306,1249820301,-0.18012501299381256,1249829337,-0.0036250001285225153,1249838822,0.35975000262260437,,,,,,,,
mpu,,,,,,,,,1249933731,1820,-4284,-32768,1249933731,747,-713,-1228
adc,1249911245,0.44737502932548523,1249920282,-0.19362500309944153,1249929319,0.06387500464916229,1249938360,0.39787501096725464,,,,,,,,
mpu,,,,,,,,,1250033736,2540,-1194,-27192,1250033736,1787,606,-1526
adc,1250011257,1.357875108718872,1250020331,0.6721250414848328,1250029368,0.9421250224113464,1250038860,1.003000020980835,,,,,,,,
mpu,,,,,,,,,1250133725,5632,14234,-20950,1250133725,1846,481,-943
adc,1250111258,1.131500005722046,1250120296,-0.05400000140070915,1250129331,1.7458751201629639,1250138409,1.4986250400543213,,,,,,,,
mpu,,,,,,,,,1250233725,7594,28832,-25760,1250233725,1409,-569,-494
adc,1250211266,0.9600000381469727,1250220301,0.015250001102685928,1250229335,1.8965001106262207,1250238386,1.5991250276565552,,,,,,,,
mpu,,,,,,,,,1250333730,-4026,32767,-32768,1250333730,33,4,342
adc,1250311267,0.7405000329017639,1250320307,-0.04337500035762787,1250329340,1.4890000820159912,1250338827,1.208375096321106,,,,,,,,
mpu,,,,,,,,,1250433732,1408,25730,-32768,1250433732,-2145,186,1392
adc,1250411252,-0.20887501537799835,1250420285,-0.3292500078678131,1250429320,0.15587501227855682,1250438563,0.312125027179718,,,,,,,,
mpu,,,,,,,,,1250533734,2686,18662,-29508,1250533734,-2372,432,1506
adc,1250511249,0.2851250171661377,1250520289,-0.2678750157356262,1250529328,-0.0043750000186264515,1250538395,0.24425001442432404,,,,,,,,
mpu,,,,,,,,,1250633726,2838,8426,-28248,1250633726,-1311,-32,736
adc,1250611261,0.055000003427267075,1250620293,-0.27812501788139343,1250629326,-0.004625000059604645,1250638636,0.19975000619888306,,,,,,,,
mpu,,,,,,,,,1250733730,-1922,-4890,-31186,1250733730,467,-299,-509
adc,1250711263,0.5573750138282776,1250720297,-0.2693750262260437,1250729331,0.011125000193715096,1250738404,0.31437501311302185,,,,,,,,
mpu,,,,,,,,,1250833725,5702,-7628,-32768,1250833725,1733,87,-1573
adc,1250811266,1.3485000133514404,1250820304,0.008750000037252903,1250829338,0.4396250247955322,1250838766,0.7915000319480896,,,,,,,,
mpu,,,,,,,,,1250933726,11840,10716,-17894,1250933726,1895,524,-1185
adc,1250911253,1.2117500305175781,1250920291,-0.19337500631809235,1250929323,1.417375087738037,1250938311,1.4375001192092896,,,,,,,,
mpu,,,,,,,,,1251033731,10880,30670,-23368,1251033731,1587,-199,-587
adc,1251011251,0.7747500538825989,1251020287,-0.07900000363588333,1251029322,1.7190001010894775,1251038621,1.4612500667572021,,,,,,,,
mpu,,,,,,,,,1251133725,2340,32767,-32768,1251133725,125,-281,222
adc,1251111258,0.8710000514984131,1251120291,-0.2303750067949295,1251129324,1.5316250324249268,1251138554,1.2463750839233398,,,,,,,,
mpu,,,,,,,,,1251233732,-3304,28482,-31838,1251233732,-2149,247,1308
adc,1251211261,0.2302500158548355,1251220299,-0.3771250247955322,1251229334,0.4442500174045563,1251238351,0.5701250433921814,,,,,,,,
mpu,,,,,,,,,1251333728,3372,20570,-27674,1251333728,-2509,275,1572
adc,1251311259,0.3008750081062317,1251320299,-0.335875004529953,1251329336,0.0351250022649765,1251338324,0.35325002670288086,,,,,,,,
mpu,,,,,,,,,1251433728,1686,5896,-27344,1251433728,-1199,22,883
adc,1251411259,0.37162500619888306,1251420293,-0.3175000250339508,1251429330,-0.003000000026077032,1251438816,0.3265000283718109,,,,,,,,
mpu,,,,,,,,,1251533736,-592,-6176,-32768,1251533736,667,-256,-593
adc,1251511257,0.3570000231266022,1251520296,-0.2800000011920929,1251529328,-0.0021250001154839993,1251538427,0.3317500054836273,,,,,,,,
mpu,,,,,,,,,1251633732,5454,-7460,-32768,1251633732,1803,-87,-1628
adc,1251611262,1.3127501010894775,1251620300,-0.2562500238418579,1251629332,0.390250027179718,1251638457,0.6655000448226929,,,,,,,,
mpu,,,,,,,,,1251733732,6928,12990,-19116,1251733732,1963,639,-1165
adc,1251711247,1.4140000343322754,1251720282,-0.17162500321865082,1251729315,1.355125069618225,1251738379,1.3751250505447388,,,,,,,,
mpu,,,,,,,,,1251833725,9302,32767,-25390,1251833725,1462,-292,-543
adc,1251811253,1.1013751029968262,1251820291,-0.22600001096725464,1251829322,1.702375054359436,1251838559,1.4686250686645508,,,,,,,,
mpu,,,,,,,,,1251933727,2156,32767,-32768,1251933727,-214,-67,419
adc,1251911264,0.33762502670288086,1251920301,-0.3630000054836273,1251929334,1.3091250658035278,1251938320,1.0915000438690186,,,,,,,,
mpu,,,,,,,,,1252033730,-2078,28722,-31348,1252033730,-2436,224,1433
adc,1252011260,0.5545000433921814,1252020297,-0.4021250307559967,1252029330,0.5325000286102295,1252038578,0.6133750081062317,,,,,,,,
mpu,,,,,,,,,1252133735,1072,17208,-27752,1252133735,-2466,151,1494
adc,1252111257,0.36012500524520874,1252120291,-0.38737502694129944,1252129328,0.014000000432133675,1252138399,0.3362500071525574,,,,,,,,
mpu,,,,,,,,,1252233732,2614,3470,-30894,1252233732,-880,-75,628
adc,1252211264,0.39637503027915955,1252220305,-0.3318750262260437,1252229342,0.0002500000118743628,1252238434,0.31962502002716064,,,,,,,,
mpu,,,,,,,,,1252333730,-2986,-6720,-32768,1252333730,1134,-168,-935
adc,1252311263,0.3763750195503235,1252320302,-0.22575001418590546,1252329336,0.0006250000442378223,1252338814,0.31712502241134644,,,,,,,,
mpu,,,,,,,,,1252433728,7960,-2572,-28418,1252433728,1942,-27,-1613
adc,1252411259,1.452625036239624,1252420296,-0.17075000703334808,1252429332,0.5570000410079956,1252438535,0.8555000424385071,,,,,,,,
mpu,,,,,,,,,1252533730,9804,16934,-16630,1252533730,1897,641,-1027
adc,1252511253,1.4361250400543213,1252520292,-0.21125000715255737,1252529319,1.3163750171661377,1252538341,1.3098750114440918,,,,,,,,
mpu,,,,,,,,,1252633735,9526,32767,-27510,1252633735,1164,-366,-272
adc,1252611262,1.107875108718872,1252620305,-0.21637500822544098,1252629334,1.5490000247955322,1252638557,1.2765001058578491,,,,,,,,
mpu,,,,,,,,,1252733730,5980,32767,-32768,1252733730,-898,-45,668
adc,1252711256,0.7363750338554382,1252720292,-0.4032500088214874,1252729327,0.8966250419616699,1252738529,0.8302500247955322,,,,,,,,
mpu,,,,,,,,,1252833729,4726,27284,-32264,1252833729,-2585,273,1573
adc,1252811255,0.6256250143051147,1252820287,-0.421625018119812,1252829325,0.12175000458955765,1252838797,0.4971250295639038,,,,,,,,
mpu,,,,,,,,,1252933731,2702,14272,-31070,1252933731,-2067,218,1368
adc,1252911266,0.6611250042915344,1252920295,-0.38075003027915955,1252929325,0.005875000264495611,1252938820,0.3396250307559967,,,,,,,,
mpu,,,,,,,,,1253033730,1530,-2130,-31784,1253033730,-382,-196,46
adc,1253011265,0.2592500150203705,1253020302,-0.21387501060962677,1253029335,0.0023750001564621925,1253038809,0.23187501728534698,,,,,,,,
mpu,,,,,,,,,1253133732,-10278,-8246,-28258,1253133732,1514,-76,-1358
adc,1253111245,0.4507500231266022,1253120281,-0.22300000488758087,1253129315,0.002875000238418579,1253138404,0.19562500715255737,,,,,,,,
mpu,,,,,,,,,1253233728,11312,2304,-22676,1253233728,1902,115,-1493
adc,1253211262,1.6122500896453857,1253220302,0.19850000739097595,1253229335,0.7366250157356262,1253238316,1.0308750867843628,,,,,,,,
mpu,,,,,,,,,1253333736,10806,28040,-19016,1253333736,1809,335,-753
adc,1253311261,1.1851251125335693,1253320297,0.0038750001695007086,1253329329,1.5196250677108765,1253338632,1.4881250858306885,,,,,,,,
mpu,,,,,,,,,1253433730,354,32767,-29914,1253433730,667,-394,-112
adc,1253411258,1.4102500677108765,1253420302,-0.2678750157356262,1253429340,1.5268750190734863,1253438830,1.2335000038146973,,,,,,,,
mpu,,,,,,,,,1253533734,1262,32767,-29418,1253533734,-1607,18,1069
adc,1253511251,0.47200003266334534,1253520294,-0.4062500298023224,1253529326,0.5415000319480896,1253538372,0.4982500374317169,,,,,,,,
mpu,,,,,,,,,1253633735,710,24746,-30324,1253633735,-2621,336,1629
adc,1253611261,0.5223750472068787,1253620303,-0.3400000035762787,1253629333,0.08775000274181366,1253638694,0.42112502455711365,,,,,,,,
mpu,,,,,,,,,1253733728,4928,8874,-28826,1253733728,-1668,44,1087
adc,1253711245,0.1821250021457672,1253720272,-0.20125001668930054,1253729303,0.003000000026077032,1253738776,0.21325001120567322,,,,,,,,
mpu,,,,,,,,,1253833727,-4,-4328,-32768,1253833727,296,-214,-343
adc,1253811255,0.37675002217292786,1253820289,-0.05687500163912773,1253829323,0.005500000435858965,1253838813,0.2122500091791153,,,,,,,,
mpu,,,,,,,,,1253933728,3270,-9676,-30742,1253933728,1825,-74,-1521
adc,1253911259,0.7365000247955322,1253920298,0.02487500198185444,1253929336,0.00937500037252903,1253938317,0.3831250071525574,,,,,,,,
mpu,,,,,,,,,1254033731,6838,10624,-19202,1254033731,1913,324,-1315
adc,1254011257,1.486125111579895,1254020300,0.1991250067949295,1254029337,1.0252500772476196,1254038814,1.1065000295639038,,,,,,,,
mpu,,,,,,,,,1254133732,2776,32767,-20000,1254133732,1609,-20,-717
adc,1254111253,1.3851250410079956,1254120291,-0.06837500631809235,1254129326,1.4916250705718994,1254138627,1.240125060081482,,,,,,,,
mpu,,,,,,,,,1254233737,2574,32767,-32768,1254233737,-50,-368,234
adc,1254211262,1.3546251058578491,1254220298,-0.14087501168251038,1254229331,1.2286250591278076,1254238822,0.9288750290870667,,,,,,,,
mpu,,,,,,,,,1254333731,2344,29618,-32760,1254333731,-2163,203,1396
adc,1254311252,0.11425000429153442,1254320291,-0.22687500715255737,1254329319,0.2626250088214874,1254338314,0.5145000219345093,,,,,,,,
mpu,,,,,,,,,1254433728,1018,20310,-25968,1254433728,-2456,516,1532
adc,1254411251,0.3801250159740448,1254420288,-0.12425000220537186,1254429324,0.026750002056360245,1254438787,0.26487502455711365,,,,,,,,
mpu,,,,,,,,,1254533730,2982,2964,-29486,1254533730,-1103,-174,705
adc,1254511249,0.10662500560283661,1254520289,0.03662500157952309,1254529319,0.005125000141561031,1254538311,0.22337500751018524,,,,,,,,
mpu,,,,,,,,,1254633732,-2238,-6120,-32768,1254633732,947,-201,-719
adc,1254611249,0.2747500240802765,1254620278,0.13712500035762787,1254629309,0.006375000346451998,1254638562,0.2251250147819519,,,,,,,,
mpu,,,,,,,,,1254733730,3256,-9818,-32768,1254733730,1966,10,-1645
adc,1254711246,1.342750072479248,1254720282,0.07775000482797623,1254729317,0.17225000262260437,1254738379,0.6691250205039978,,,,,,,,
mpu,,,,,,,,,1254833730,8232,14394,-18398,1254833730,2088,575,-985
adc,1254811260,1.490125060081482,1254820295,0.4270000159740448,1254829331,1.258500099182129,1254838313,1.480625033378601,,,,,,,,
mpu,,,,,,,,,1254933727,4334,32767,-27736,1254933727,1423,-554,-527
adc,1254911242,1.383750081062317,1254920280,0.18937501311302185,1254929313,1.4805001020431519,1254938289,1.6126251220703125,,,,,,,,
mpu,,,,,,,,,1255033731,-6208,32767,-32768,1255033731,-387,53,385
adc,1255011255,0.5649999976158142,1255020286,-0.06487500667572021,1255029325,0.9227500557899475,1255038358,1.2362500429153442,,,,,,,,
mpu,,,,,,,,,1255133729,1090,25380,-32768,1255133729,-2491,416,1643
adc,1255111248,0.23537501692771912,1255120282,-0.05250000208616257,1255129317,0.07062499970197678,1255138648,0.4345000088214874,,,,,,,,
mpu,,,,,,,,,1255233735,1742,15828,-31244,1255233735,-2154,206,1386
adc,1255211258,0.1990000158548355,1255220299,0.0793750062584877,1255229331,0.008875000290572643,1255238322,0.3163750171661377,,,,,,,,
mpu,,,,,,,,,1255333725,-526,-1476,-32768,1255333725,-492,-77,110
adc,1255311260,0.31150001287460327,1255320292,0.26212501525878906,1255329331,0.006500000134110451,1255338822,0.2893750071525574,,,,,,,,
mpu,,,,,,,,,1255433733,-842,-8960,-30326,1255433733,1186,-93,-1292
adc,1255411260,0.6016250252723694,1255420301,0.3440000116825104,1255429338,0.006625000387430191,1255438318,0.4100000262260437,,,,,,,,
mpu,,,,,,,,,1255533727,8824,1634,-20298,1255533727,2031,247,-1384
adc,1255511269,1.518375039100647,1255520307,0.4755000174045563,1255529341,0.49000000953674316,1255538829,0.9918750524520874,,,,,,,,
mpu,,,,,,,,,1255633729,4592,28588,-20898,1255633729,1921,149,-804
adc,1255611257,0.9672500491142273,1255620291,0.31987500190734863,1255629330,1.268875002861023,1255638523,1.3803750276565552,,,,,,,,
mpu,,,,,,,,,1255733732,1864,32767,-32768,1255733732,739,-627,-224
adc,1255711263,1.0787500143051147,1255720302,0.25475001335144043,1255729335,1.2765001058578491,1255738821,1.146125078201294,,,,,,,,
mpu,,,,,,,,,1255833726,-2284,32767,-32768,1255833726,-1449,273,1006
adc,1255811253,0.1965000033378601,1255820285,-0.20200000703334808,1255829318,0.5245000123977661,1255838810,0.8086250424385071,,,,,,,,
mpu,,,,,,,,,1255933724,2688,23924,-32714,1255933724,-2810,183,1644
adc,1255911259,0.09700000286102295,1255920297,0.18937501311302185,1255929329,0.03450000286102295,1255938810,0.30137500166893005,,,,,,,,
mpu,,,,,,,,,1256033734,1920,10638,-29414,1256033734,-1917,238,1155
adc,1256011255,0.1496250033378601,1256020299,0.26512500643730164,1256029333,0.0062500000931322575,1256038789,0.1823750138282776,,,,,,,,
mpu,,,,,,,,,1256133736,-1002,-2208,-32768,1256133736,12,-221,-82
adc,1256111255,0.09612500667572021,1256120291,0.46037501096725464,1256129322,0.006750000175088644,1256138646,0.28187501430511475,,,,,,,,
mpu,,,,,,,,,1256233728,1866,-10426,-32380,1256233728,1636,-132,-1334
adc,1256211261,0.3995000123977661,1256220299,0.5606250166893005,1256229331,0.007000000216066837,1256238313,0.3256250023841858,,,,,,,,
mpu,,,,,,,,,1256333727,6502,9058,-20342,1256333727,1927,271,-1368
adc,1256311262,1.2186250686645508,1256320296,0.7222500443458557,1256329330,0.7140000462532043,1256338805,1.011125087738037,,,,,,,,
mpu,,,,,,,,,1256433729,3656,32018,-22268,1256433729,1723,122,-869
adc,1256411255,0.5896250009536743,1256420285,0.6810000538825989,1256429317,1.3506250381469727,1256438810,1.2422500848770142,,,,,,,,
mpu,,,,,,,,,1256533728,4908,32767,-32768,1256533728,411,-456,39
adc,1256511254,0.8210000395774841,1256520290,0.41037502884864807,1256529325,1.3167500495910645,1256538302,1.1435000896453857,,,,,,,,
mpu,,,,,,,,,1256633733,-2352,32767,-32768,1256633733,-1835,345,1214
adc,1256611248,-0.04762500151991844,1256620282,-0.003375000087544322,1256629315,0.23262500762939453,1256638449,0.6345000267028809,,,,,,,,
mpu,,,,,,,,,1256733731,2478,22550,-27734,1256733731,-2729,320,1568
adc,1256711257,0.09675000607967377,1256720287,0.4906250238418579,1256729325,0.005625000223517418,1256738388,0.29500001668930054,,,,,,,,
mpu,,,,,,,,,1256833736,2362,7062,-28760,1256833736,-1583,-45,957
adc,1256811272,0.12912499904632568,1256820311,0.503125011920929,1256829347,0.007000000216066837,1256838826,0.265500009059906,,,,,,,,
mpu,,,,,,,,,1256933731,-2736,-4026,-32444,1256933731,442,-251,-380
adc,1256911255,-0.0338750034570694,1256920291,0.5742500424385071,1256929325,0.007750000339001417,1256938378,0.20662501454353333,,,,,,,,
mpu,,,,,,,,,1257033727,4240,-9044,-31516,1257033727,1820,-63,-1510
adc,1257011251,0.5021250247955322,1257020284,0.7722500562667847,1257029327,0.008375000208616257,1257038816,0.3523750305175781,,,,,,,,
mpu,,,,,,,,,1257133735,10140,14746,-16544,1257133735,1949,421,-1190
adc,1257111255,1.373500108718872,1257120295,0.9810000658035278,1257129327,1.0603750944137573,1257138470,1.0985000133514404,,,,,,,,
mpu,,,,,,,,,1257233731,2386,32767,-24490,1257233731,1542,-102,-718
adc,1257211257,0.41337502002716064,1257220293,0.7917500138282776,1257229330,1.376750111579895,1257238564,1.3383750915527344,,,,,,,,
mpu,,,,,,,,,1257333723,2046,32767,-32768,1257333723,-22,-308,286
adc,1257311260,0.6393750309944153,1257320297,0.5477500557899475,1257329330,1.1495000123977661,1257338795,1.0107500553131104,,,,,,,,
mpu,,,,,,,,,1257433733,-2430,28238,-31714,1257433733,-2187,244,1344
adc,1257411252,-0.004124999977648258,1257420285,0.405875027179718,1257429322,0.058250002562999725,1257438379,0.4553750157356262,,,,,,,,
mpu,,,,,,,,,1257533731,1720,20150,-29530,1257533731,-2466,197,1541
adc,1257511258,-0.2160000056028366,1257520302,0.6180000305175781,1257529338,0.00787500012665987,1257538540,0.2068750113248825,,,,,,,,
mpu,,,,,,,,,1257633730,2068,3312,-28934,1257633730,-1145,18,695
adc,1257611267,-0.11087500303983688,1257620310,0.6451250314712524,1257629342,0.007625000551342964,1257638350,0.13312500715255737,,,,,,,,
mpu,,,,,,,,,1257733734,-2996,-3272,-32768,1257733734,701,-307,-656
adc,1257711261,-0.05737500265240669,1257720302,0.7477500438690186,1257729337,0.007375000510364771,1257738338,0.26987501978874207,,,,,,,,
mpu,,,,,,,,,1257833730,6052,-9998,-31706,1257833730,1932,40,-1586
adc,1257811263,0.9113750457763672,1257820301,0.9878750443458557,1257829337,0.01600000075995922,1257838548,0.5125000476837158,,,,,,,,
mpu,,,,,,,,,1257933726,6386,17424,-17020,1257933726,1908,531,-1094
adc,1257911247,0.8562500476837158,1257920286,1.024375081062317,1257929325,1.1017500162124634,1257938379,1.1541250944137573,,,,,,,,
mpu,,,,,,,,,1258033734,7446,32767,-26930,1258033734,1392,-316,-477
adc,1258011261,0.38462501764297485,1258020298,0.9675000309944153,1258029329,1.383500099182129,1258038562,1.2577500343322754,,,,,,,,
mpu,,,,,,,,,1258133731,-382,32767,-32768,1258133731,-369,-37,459
adc,1258111256,-0.0923750028014183,1258120298,0.7596250176429749,1258129331,1.0417500734329224,1258138544,1.0373750925064087,,,,,,,,
mpu,,,,,,,,,1258233727,768,27614,-28282,1258233727,-2506,281,1464
adc,1258211265,-0.18162500858306885,1258220299,0.4892500340938568,1258229332,0.09712500125169754,1258238518,0.4648750126361847,,,,,,,,
mpu,,,,,,,,,1258333729,3014,18504,-29594,1258333729,-2390,235,1436
adc,1258311267,-0.19437500834465027,1258320298,0.7711250185966492,1258329334,0.03375000134110451,1258338563,0.31162500381469727,,,,,,,,
mpu,,,,,,,,,1258433728,586,84,-29752,1258433728,-711,-149,474
adc,1258411259,-0.24962501227855682,1258420294,0.7303750514984131,1258429328,0.005875000264495611,1258438823,0.19300000369548798,,,,,,,,
mpu,,,,,,,,,1258533723,-4120,-6084,-32768,1258533723,1233,-247,-862
adc,1258511262,-0.2031250149011612,1258520298,0.9191250205039978,1258529331,0.0061250003054738045,1258538311,0.2511250078678131,,,,,,,,
mpu,,,,,,,,,1258633738,7818,-3682,-27470,1258633738,1936,26,-1570
adc,1258611267,1.2796250581741333,1258620305,1.128250002861023,1258629351,0.21187500655651093,1258638560,0.749500036239624,,,,,,,,
mpu,,,,,,,,,1258733731,9782,19326,-15846,1258733731,1813,399,-1006
adc,1258711252,-0.07775000482797623,1258720292,1.128000020980835,1258729325,1.2321250438690186,1258738938,1.336625099182129,,,,,,,,
mpu,,,,,,,,,1258833733,6348,32767,-30494,1258833733,1093,-402,-357
adc,1258811259,0.4047500193119049,1258820297,1.1392500400543213,1258829331,1.4428750276565552,1258838420,1.237125039100647,,,,,,,,
mpu,,,,,,,,,1258933732,2010,32767,-32768,1258933732,-948,-8,731
adc,1258911252,-0.27037501335144043,1258920296,0.6085000038146973,1258929330,0.8473750352859497,1258938820,0.8370000123977661,,,,,,,,
mpu,,,,,,,,,1259033724,6662,25222,-31612,1259033724,-2684,344,1617
adc,1259011260,-0.30287501215934753,1259020296,0.7158750295639038,1259029329,0.033125001937150955,1259038306,0.44075003266334534,,,,,,,,
mpu,,,,,,,,,1259133723,4516,13064,-30268,1259133723,-2026,256,1293
adc,1259111254,-0.320125013589859,1259120296,0.7987500429153442,1259129333,0.0008750000270083547,1259138385,0.2671250104904175,,,,,,,,
mpu,,,,,,,,,1259233732,68,-1430,-32512,1259233732,-240,-232,65
adc,1259211256,-0.3017500042915344,1259220298,0.8196250200271606,1259229331,0.002500000176951289,1259238335,0.3017500042915344,,,,,,,,
mpu,,,,,,,,,1259333734,-6272,-8282,-29038,1259333734,1472,-115,-1173
adc,1259311247,-0.26112499833106995,1259320283,0.9756250381469727,1259329320,0.001875000074505806,1259338371,0.28687500953674316,,,,,,,,
mpu,,,,,,,,,1259433726,9806,5620,-15312,1259433726,1953,195,-1451
adc,1259411257,1.1090000867843628,1259420287,1.2098751068115234,1259429319,0.5701250433921814,1259438550,0.9751250743865967,,,,,,,,
mpu,,,,,,,,,1259533734,14210,24702,-16828,1259533734,1711,131,-867
adc,1259511255,0.05900000408291817,1259520290,0.9546250700950623,1259529322,1.1883751153945923,1259538401,1.4378750324249268,,,,,,,,
mpu,,,,,,,,,1259633728,3166,32767,-32768,1259633728,717,-438,-152
adc,1259611258,-0.008875000290572643,1259620295,1.2425000667572021,1259629329,1.3017500638961792,1259638564,1.287500023841858,,,,,,,,
mpu,,,,,,,,,1259733724,-2350,32767,-32768,1259733724,-1444,100,990
adc,1259711255,-0.38062500953674316,1259720298,0.5590000152587891,1259729331,0.5727500319480896,1259738321,0.6966250538825989,,,,,,,,
mpu,,,,,,,,,1259833735,2150,22770,-32594,1259833735,-2626,488,1735
adc,1259811248,-0.39625000953674316,1259820282,0.7485000491142273,1259829320,0.026500001549720764,1259838406,0.4072500169277191,,,,,,,,
mpu,,,,,,,,,1259933729,3630,8710,-31068,1259933729,-1761,2,1103
adc,1259911260,-0.3946250081062317,1259920294,0.7198750376701355,1259929331,0.007500000298023224,1259938572,0.34825000166893005,,,,,,,,
mpu,,,,,,,,,1260033726,-1134,-2112,-32768,1260033726,166,-148,-289
adc,1260011253,-0.35462501645088196,1260020293,0.8535000681877136,1260029326,-0.0001250000059371814,1260038347,0.3360000252723694,,,,,,,,
mpu,,,,,,,,,1260133728,3742,-12416,-32768,1260133728,1755,25,-1440
adc,1260111257,-0.08812500536441803,1260120293,0.8253750205039978,1260129323,-0.0008750000270083547,1260138532,0.39137500524520874,,,,,,,,
mpu,,,,,,,,,1260233732,7030,12530,-16546,1260233732,1977,306,-1257
adc,1260211254,0.8770000338554382,1260220291,1.214250087738037,1260229329,0.8407500386238098,1260238574,1.1586250066757202,,,,,,,,
mpu,,,,,,,,,1260333732,3946,32767,-22734,1260333732,1701,182,-716
adc,1260311260,-0.29112499952316284,1260320298,1.2357500791549683,1260329336,1.2658751010894775,1260338775,1.5596250295639038,,,,,,,,
mpu,,,,,,,,,1260433730,-336,32767,-32498,1260433730,301,-453,187
adc,1260411252,-0.2628750205039978,1260420277,1.0945000648498535,1260429311,1.1667500734329224,1260438320,1.2206250429153442,,,,,,,,
mpu,,,,,,,,,1260533735,-20,32396,-32768,1260533735,-2064,68,1267
adc,1260511257,-0.4351250231266022,1260520295,0.5196250081062317,1260529328,0.4286250174045563,1260538814,0.659250020980835,,,,,,,,
mpu,,,,,,,,,1260633727,3248,22936,-23326,1260633727,-2644,422,1622
adc,1260611259,-0.37175002694129944,1260620297,0.7226250171661377,1260629330,0.058125004172325134,1260638821,0.4480000138282776,,,,,,,,
mpu,,,,,,,,,1260733733,2710,5740,-27478,1260733733,-1317,-37,829
adc,1260711263,-0.4300000071525574,1260720301,0.56187504529953,1260729331,0.00787500012665987,1260738816,0.3400000035762787,,,,,,,,
mpu,,,,,,,,,1260833729,-2252,-6346,-32768,1260833729,667,-259,-613
adc,1260811247,-0.2045000046491623,1260820282,0.7020000219345093,1260829313,-0.002875000238418579,1260838330,0.34162500500679016,,,,,,,,
mpu,,,,,,,,,1260933723,1924,-7458,-32768,1260933723,1915,-114,-1553
adc,1260911257,1.0164999961853027,1260920294,0.5915000438690186,1260929329,0.31812500953674316,1260938311,0.7518750429153442,,,,,,,,
mpu,,,,,,,,,1261033730,9878,8806,-16540,1261033730,1952,505,-1121
adc,1261011262,1.0603750944137573,1261020297,1.0643750429153442,1261029331,1.0616250038146973,1261038793,1.359125018119812,,,,,,,,
mpu,,,,,,,,,1261133735,5062,32767,-26006,1261133735,1357,-264,-558
adc,1261111253,0.4516250193119049,1261120291,1.1045000553131104,1261129327,1.5132501125335693,1261138574,1.5621250867843628,,,,,,,,
mpu,,,,,,,,,1261233732,1722,32767,-32768,1261233732,-303,-271,438
adc,1261211259,-0.2172500044107437,1261220295,0.8257500529289246,1261229328,1.1023750305175781,1261238350,1.142625093460083,,,,,,,,
mpu,,,,,,,,,1261333728,842,29848,-32392,1261333728,-2255,200,1571
adc,1261311252,-0.452875018119812,1261320290,0.37800002098083496,1261329322,0.5637500286102295,1261338799,0.7480000257492065,,,,,,,,
mpu,,,,,,,,,1261433730,4076,14978,-30632,1261433730,-2476,413,1400
adc,1261411246,-0.38587501645088196,1261420282,0.5682500004768372,1261429311,0.18800000846385956,1261438799,0.4751250147819519,,,,,,,,
mpu,,,,,,,,,1261533728,5222,1642,-29204,1261533728,-1052,-88,347
adc,1261511260,-0.44837501645088196,1261520296,0.5612500309944153,1261529327,0.007250000257045031,1261538339,0.3268750011920929,,,,,,,,
mpu,,,,,,,,,1261633732,-3480,-5584,-32768,1261633732,1023,-87,-901
adc,1261611248,-0.17462500929832458,1261620286,0.5586250424385071,1261629320,0.01587500050663948,1261638328,0.3085000216960907,,,,,,,,
mpu,,,,,,,,,1261733731,2998,-3200,-23734,1261733731,2065,34,-1532
adc,1261711255,0.9567500352859497,1261720293,0.4102500081062317,1261729325,0.4206250309944153,1261738329,0.6448750495910645,,,,,,,,
mpu,,,,,,,,,1261833735,11542,13462,-17916,1261833735,1893,319,-954
adc,1261811257,1.0366250276565552,1261820294,1.0141249895095825,1261829329,1.2232500314712524,1261838796,1.3072500228881836,,,,,,,,
mpu,,,,,,,,,1261933734,6832,32767,-25766,1261933734,1210,-270,-443
adc,1261911260,0.026250001043081284,1261920295,0.7990000247955322,1261929331,1.5407500267028809,1261938374,1.4005000591278076,,,,,,,,
mpu,,,,,,,,,1262033729,1408,32767,-32768,1262033729,-699,-200,625
adc,1262011250,-0.026500001549720764,1262020287,0.38050001859664917,1262029318,1.1375000476837158,1262038307,1.017625093460083,,,,,,,,
mpu,,,,,,,,,1262133735,1582,29522,-30294,1262133735,-2466,436,1713
adc,1262111257,-0.34550002217292786,1262120289,0.27025002241134644,1262129323,0.4258750081062317,1262138546,0.6676250100135803,,,,,,,,
mpu,,,,,,,,,1262233725,1272,13878,-29094,1262233725,-2234,236,1386
adc,1262211252,-0.29475000500679016,1262220293,0.2877500057220459,1262229323,0.08712500333786011,1262238339,0.3816250264644623,,,,,,,,
mpu,,,,,,,,,1262333728,680,626,-32054,1262333728,-540,-116,187
adc,1262311270,-0.29512500762939453,1262320307,0.3265000283718109,1262329341,-0.004875000100582838,1262338819,0.26087501645088196,,,,,,,,
mpu,,,,,,,,,1262433731,-2952,-8558,-27418,1262433731,1333,-137,-1119
adc,1262411268,0.0008750000270083547,1262420306,0.1977500021457672,1262429341,-0.005125000141561031,1262438813,0.3631250262260437,,,,,,,,
mpu,,,,,,,,,1262533732,8248,4736,-24254,1262533732,2026,162,-1493
adc,1262511262,1.0558750629425049,1262520297,0.39225003123283386,1262529335,0.6517500281333923,1262538829,0.905375063419342,,,,,,,,
mpu,,,,,,,,,1262633734,11810,26670,-17702,1262633734,1774,163,-950
adc,1262611258,1.190500020980835,1262620292,0.686750054359436,1262629327,1.3590000867843628,1262638401,1.3905000686645508,,,,,,,,
mpu,,,,,,,,,1262733737,3596,32767,-27994,1262733737,754,-467,-246
adc,1262711268,0.13450001180171967,1262720308,0.5283750295639038,1262729342,1.4468750953674316,1262738811,1.2908750772476196,,,,,,,,
mpu,,,,,,,,,1262833730,142,32767,-32080,1262833730,-1194,-65,954
adc,1262811244,-0.19287501275539398,1262820284,0.05412500351667404,1262829313,0.9036250710487366,1262838784,0.9151250720024109,,,,,,,,
mpu,,,,,,,,,1262933735,4482,25422,-31486,1262933735,-2530,446,1795
adc,1262911274,-0.04975000396370888,1262920302,0.10462500154972076,1262929344,0.27012500166893005,1262938790,0.5422500371932983,,,,,,,,
mpu,,,,,,,,,1263033730,3440,8982,-28066,1263033730,-1873,273,1207
adc,1263011240,-0.429375022649765,1263020277,0.051625002175569534,1263029313,0.014125000685453415,1263038327,0.2823750078678131,,,,,,,,
mpu,,,,,,,,,1263133729,-1510,-818,-32768,1263133729,-15,-96,-174
adc,1263111251,-0.017875000834465027,1263120293,0.17287500202655792,1263129331,-0.005625000223517418,1263138597,0.3448750078678131,,,,,,,,
mpu,,,,,,,,,1263233731,7246,-12222,-32768,1263233731,1660,-292,-1316
adc,1263211256,0.20287500321865082,1263220288,-0.02487500198185444,1263229322,-0.006000000052154064,1263238354,0.35612502694129944,,,,,,,,
mpu,,,,,,,,,1263333726,7038,7862,-22704,1263333726,1918,341,-1479
adc,1263311259,1.1787500381469727,1263320303,0.32887500524520874,1263329343,0.9848750233650208,1263338809,1.078125,,,,,,,,
mpu,,,,,,,,,1263433726,9856,28820,-18522,1263433726,1651,115,-727
adc,1263411247,0.9352500438690186,1263420275,0.3133750259876251,1263429306,1.3208750486373901,1263438297,1.3633750677108765,,,,,,,,
mpu,,,,,,,,,1263533728,776,32767,-27666,1263533728,464,-404,-65
adc,1263511256,0.659125030040741,1263520295,0.1757500022649765,1263529333,1.3046250343322754,1263538820,1.1651250123977661,,,,,,,,
mpu,,,,,,,,,1263633738,5188,32767,-31654,1263633738,-1645,5,1177
adc,1263611257,-0.07225000113248825,1263620293,-0.12250000238418579,1263629326,0.6841250061988831,1263638330,0.7411250472068787,,,,,,,,
mpu,,,,,,,,,1263733727,-268,20630,-31660,1263733727,-2533,522,1753
adc,1263711256,-0.2356250137090683,1263720294,-0.07112500071525574,1263729329,0.09275000542402267,1263738797,0.44462502002716064,,,,,,,,
mpu,,,,,,,,,1263833729,2388,7974,-27042,1263833729,-1595,128,835
adc,1263811258,-0.4363750219345093,1263820293,-0.07662500441074371,1263829330,-0.007625000551342964,1263838811,0.26362502574920654,,,,,,,,
mpu,,,,,,,,,1263933734,-1758,-4472,-32768,1263933734,326,-277,-503
adc,1263911250,0.15662500262260437,1263920289,-0.14387500286102295,1263929318,-0.006000000052154064,1263938368,0.29087501764297485,,,,,,,,
mpu,,,,,,,,,1264033731,2166,-11194,-32768,1264033731,1750,-255,-1460
adc,1264011265,0.5757500529289246,1264020307,-0.11737500876188278,1264029342,0.003375000087544322,1264038796,0.3685000240802765,,,,,,,,
mpu,,,,,,,,,1264133731,7986,13444,-17860,1264133731,1914,649,-1386
adc,1264111258,1.2138750553131104,1264120295,0.30425000190734863,1264129324,1.1186250448226929,1264138647,1.0758750438690186,,,,,,,,
mpu,,,,,,,,,1264233728,4732,32767,-21858,1264233728,1582,-17,-471
adc,1264211260,0.9566250443458557,1264220299,0.343500018119812,1264229335,1.4663751125335693,1264238341,1.4467500448226929,,,,,,,,
mpu,,,,,,,,,1264333731,340,32767,-32768,1264333731,-69,-515,269
adc,1264311259,1.0122500658035278,1264320300,-0.124875009059906,1264329332,1.4255000352859497,1264338339,1.115875005722046,,,,,,,,
mpu,,,,,,,,,1264433726,-116,28708,-32768,1264433726,-2245,272,1456
adc,1264411254,-0.2486250102519989,1264420289,-0.242125004529953,1264429323,0.5163750052452087,1264438811,0.6643750071525574,,,,,,,,
mpu,,,,,,,,,1264533733,1694,17940,-27216,1264533733,-2471,516,1581
adc,1264511260,-0.033375002443790436,1264520292,-0.23725001513957977,1264529326,0.07100000232458115,1264538319,0.44212502241134644,,,,,,,,
mpu,,,,,,,,,1264633730,1386,3076,-28500,1264633730,-958,-154,618
adc,1264611250,-0.09362500160932541,1264620283,-0.29237502813339233,1264629315,-0.0043750000186264515,1264638326,0.2551250159740448,,,,,,,,
mpu,,,,,,,,,1264733730,-2820,-5876,-32768,1264733730,1112,-243,-799
adc,1264711251,0.3736250102519989,1264720291,-0.2563750147819519,1264729327,-0.0043750000186264515,1264738797,0.26362502574920654,,,,,,,,
mpu,,,,,,,,,1264833732,3800,-4664,-31144,1264833732,2035,42,-1591
adc,1264811265,1.2736250162124634,1264820299,-0.19025000929832458,1264829334,0.030250001698732376,1264838810,0.6358750462532043,,,,,,,,
mpu,,,,,,,,,1264933725,8158,14902,-17986,1264933725,1791,438,-1062
adc,1264911256,1.1782500743865967,1264920294,0.1498750001192093,1264929322,1.108375072479248,1264938809,1.2346251010894775,,,,,,,,
mpu,,,,,,,,,1265033728,6482,32767,-27930,1265033728,1093,-415,-337
adc,1265011255,1.0432500839233398,1265020288,-0.23487500846385956,1265029322,1.4296250343322754,1265038309,1.2861250638961792,,,,,,,,
mpu,,,,,,,,,1265133736,1978,32767,-32768,1265133736,-852,-2,673
adc,1265111261,1.0718750953674316,1265120299,-0.3487500250339508,1265129341,0.9603750705718994,1265138408,0.924375057220459,,,,,,,,
mpu,,,,,,,,,1265233727,3074,22568,-31160,1265233727,-2637,500,1572
adc,1265211253,-0.008750000037252903,1265220292,-0.398125022649765,1265229328,0.004875000100582838,1265238526,0.36775001883506775,,,,,,,,
mpu,,,,,,,,,1265333732,5050,13590,-31672,1265333732,-2062,90,1293
adc,1265311260,0.687000036239624,1265320294,-0.3540000021457672,1265329324,0.0,1265338535,0.31800001859664917,,,,,,,,
mpu,,,,,,,,,1265433730,-250,-752,-30812,1265433730,-255,-254,172
adc,1265411252,0.16700001060962677,1265420282,-0.31550002098083496,1265429315,-0.0010000000474974513,1265438790,0.257625013589859,,,,,,,,
mpu,,,,,,,,,1265533726,-5172,-10064,-29604,1265533726,1506,-198,-1225
adc,1265511256,0.42637503147125244,1265520293,-0.2941250205039978,1265529329,-0.0001250000059371814,1265538319,0.25325000286102295,,,,,,,,
mpu,,,,,,,,,1265633731,11726,5460,-17766,1265633731,1935,290,-1525
adc,1265611259,1.5505000352859497,1265620294,-0.11625000834465027,1265629332,0.4621250331401825,1265638337,0.8951250314712524,,,,,,,,
mpu,,,,,,,,,1265733725,11726,5460,-17766,1265733725,1935,290,-1525
adc,1265711264,1.0815000534057617,1265720301,-0.029750000685453415,1265729330,1.2471250295639038,1265738808,1.340250015258789,,,,,,,,
mpu,,,,,,,,,1265833730,12628,27174,-19362,1265833730,1713,139,-850
adc,1265811258,1.2841250896453857,1265820298,-0.34687501192092896,1265829328,1.4481251239776611,1265838817,1.220750093460083,,,,,,,,
mpu,,,,,,,,,1265933731,4986,32767,-29206,1265933731,592,-425,-109
adc,1265911253,0.5207500457763672,1265920291,-0.41187500953674316,1265929322,0.7468750476837158,1265938808,0.8701250553131104,,,,,,,,
mpu,,,,,,,,,1266033733,1074,32767,-32768,1266033733,-1574,43,1020
adc,1266011257,0.5862500071525574,1266020304,-0.36000001430511475,1266029340,0.07900000363588333,1266038817,0.4465000331401825,,,,,,,,
mpu,,,,,,,,,1266133729,-764,21446,-31706,1266133729,-2630,495,1722
adc,1266111249,0.3007500171661377,1266120287,-0.31862500309944153,1266129323,0.0038750001695007086,1266138646,0.27687501907348633,,,,,,,,
mpu,,,,,,,,,1266233728,2980,7652,-28046,1266233728,-1614,8,1055
adc,1266211253,0.406125009059906,1266220279,-0.1783750057220459,1266229314,0.0031250000465661287,1266238313,0.2628750205039978,,,,,,,,
mpu,,,,,,,,,1266333727,428,-3872,-32768,1266333727,347,-261,-392
adc,1266311253,0.3775000274181366,1266320286,-0.1391250044107437,1266329320,0.0035000001080334187,1266338298,0.29512500762939453,,,,,,,,
mpu,,,,,,,,,1266433736,1052,-12082,-32768,1266433736,1856,54,-1544
adc,1266411252,1.542625069618225,1266420287,0.19050000607967377,1266429326,0.7610000371932983,1266438422,1.0295000076293945,,,,,,,,
mpu,,,,,,,,,1266533731,7268,16492,-18500,1266533731,1934,314,-1256
adc,1266511256,1.230875015258789,1266520288,-0.19475001096725464,1266529324,1.2787500619888306,1266538409,1.2887500524520874,,,,,,,,
mpu,,,,,,,,,1266633731,5882,32767,-19372,1266633731,1505,-85,-657
adc,1266611251,1.121250033378601,1266620286,-0.28600001335144043,1266629321,1.258250117301941,1266638392,1.222000002861023,,,,,,,,
mpu,,,,,,,,,1266733730,1976,32767,-32768,1266733730,-42,-419,248
adc,1266711258,0.4090000092983246,1266720294,-0.3567500114440918,1266729334,0.5690000057220459,1266738537,0.5230000019073486,,,,,,,,
mpu,,,,,,,,,1266833731,-2588,26988,-31708,1266833731,-2294,141,1345
adc,1266811264,0.5986250042915344,1266820302,-0.2370000183582306,1266829335,0.011250000447034836,1266838795,0.23125001788139343,,,,,,,,
mpu,,,,,,,,,1266933734,290,17160,-26392,1266933734,-2459,594,1539
adc,1266911260,0.25725001096725464,1266920295,-0.21412500739097595,1266929327,0.008625000715255737,1266938391,0.304500013589859,,,,,,,,
mpu,,,,,,,,,1267033732,1830,5040,-31866,1267033732,-1041,-267,702
adc,1267011258,0.3283750116825104,1267020292,0.048750001937150955,1267029328,0.005750000476837158,1267038388,0.27937501668930054,,,,,,,,
mpu,,,,,,,,,1267133731,-2632,-6402,-32768,1267133731,1027,-160,-738
adc,1267111247,1.2606250047683716,1267120280,0.1407500058412552,1267129315,0.005250000394880772,1267138412,0.4907500147819519,,,,,,,,
mpu,,,,,,,,,1267233730,4594,-6368,-32768,1267233730,1974,-57,-1612
adc,1267211253,1.318250060081482,1267220291,0.12450000643730164,1267229332,1.046625018119812,1267238321,1.1567500829696655,,,,,,,,
mpu,,,,,,,,,1267333726,9456,15568,-15466,1267333726,1838,451,-1187
adc,1267311253,0.5881250500679016,1267320293,0.14237500727176666,1267329330,1.4890000820159912,1267338329,1.2960000038146973,,,,,,,,
mpu,,,,,,,,,1267433732,5778,32767,-26952,1267433732,1252,-527,-412
adc,1267411261,1.1073750257492065,1267420296,-0.18012501299381256,1267429329,1.232875108718872,1267438625,1.0162500143051147,,,,,,,,
mpu,,,,,,,,,1267533725,5012,32767,-32768,1267533725,-700,-132,631
adc,1267511264,0.16162501275539398,1267520293,-0.2685000002384186,1267529325,0.12862500548362732,1267538376,0.502750039100647,,,,,,,,
mpu,,,,,,,,,1267633726,1910,26124,-29988,1267633726,-2526,423,1610
adc,1267611253,0.5106250047683716,1267620292,0.006000000052154064,1267629327,0.09962500631809235,1267638589,0.41587501764297485,,,,,,,,
mpu,,,,,,,,,1267733733,4466,16178,-29678,1267733733,-2209,287,1438
adc,1267711261,0.24625001847743988,1267720298,0.14925000071525574,1267729329,0.005375000182539225,1267738797,0.29587501287460327,,,,,,,,
mpu,,,,,,,,,1267833735,1280,276,-32086,1267833735,-517,-129,263
adc,1267811261,0.22300000488758087,1267820301,0.23650000989437103,1267829338,0.007000000216066837,1267838814,0.17125001549720764,,,,,,,,
mpu,,,,,,,,,1267933730,-3900,-8442,-32768,1267933730,1408,-117,-1031
adc,1267911256,1.2355000972747803,1267920294,0.5105000138282776,1267929326,0.0247500017285347,1267938820,0.6652500033378601,,,,,,,,
mpu,,,,,,,,,1268033729,9990,-440,-21132,1268033729,2036,146,-1492
adc,1268011249,0.7287500500679016,1268020293,0.4048750102519989,1268029323,1.1975001096725464,1268038795,1.2122501134872437,,,,,,,,
mpu,,,,,,,,,1268133738,12682,23416,-15654,1268133738,1774,315,-889
adc,1268111255,0.7412500381469727,1268120291,0.19325001537799835,1268129329,1.4138751029968262,1268138547,1.2291250228881836,,,,,,,,
mpu,,,,,,,,,1268233734,2272,32767,-30680,1268233734,828,-527,-210
adc,1268211252,0.40425002574920654,1268220290,0.0021250001154839993,1268229322,1.0625,1268238335,0.9191250205039978,,,,,,,,
mpu,,,,,,,,,1268333730,396,32767,-32190,1268333730,-1261,6,897
adc,1268311257,0.34837502241134644,1268320288,0.09075000137090683,1268329322,0.08575000613927841,1268338364,0.44175001978874207,,,,,,,,
mpu,,,,,,,,,1268433732,1340,22976,-31576,1268433732,-2645,510,1743
adc,1268411255,0.3253750205039978,1268420292,0.21962501108646393,1268429326,0.013125000521540642,1268438353,0.3217500150203705,,,,,,,,
mpu,,,,,,,,,1268533733,4816,10680,-29978,1268533733,-1825,74,1210
adc,1268511268,0.09337500482797623,1268520307,0.4650000333786011,1268529340,0.007625000551342964,1268538827,0.24412500858306885,,,,,,,,
mpu,,,,,,,,,1268633731,-596,-2638,-32768,1268633731,73,-198,-221
adc,1268611261,0.048750001937150955,1268620298,0.5333750247955322,1268629332,0.00787500012665987,1268638548,0.26487502455711365,,,,,,,,
mpu,,,,,,,,,1268733732,-202,-9912,-27446,1268733732,1677,-58,-1436
adc,1268711246,1.505750060081482,1268720283,0.8616250157356262,1268729320,0.5848750472068787,1268738371,0.9515000581741333,,,,,,,,
mpu,,,,,,,,,1268833729,7366,12130,-24224,1268833729,1882,191,-1344
adc,1268811260,0.5385000109672546,1268820291,0.46150001883506775,1268829320,1.333875060081482,1268838799,1.2531250715255737,,,,,,,,
mpu,,,,,,,,,1268933735,3728,28740,-18090,1268933735,1636,124,-794
adc,1268911266,0.5985000133514404,1268920301,0.5143750309944153,1268929336,1.3536250591278076,1268938390,1.2206250429153442,,,,,,,,
mpu,,,,,,,,,1269033729,2426,32767,-32768,1269033729,290,-494,70
adc,1269011263,0.13950000703334808,1269020298,0.21800000965595245,1269029333,0.6582500338554382,1269038817,0.7362500429153442,,,,,,,,
mpu,,,,,,,,,1269133731,116,31516,-32768,1269133731,-1866,179,1196
adc,1269111265,0.12325000762939453,1269120307,0.3206250071525574,1269129339,0.08175000548362732,1269138575,0.4312500059604645,,,,,,,,
mpu,,,,,,,,,1269233728,3594,23630,-26440,1269233728,-2528,390,1639
adc,1269211257,0.012625000439584255,1269220297,0.38075003027915955,1269229334,0.04412500187754631,1269238325,0.23500001430511475,,,,,,,,
mpu,,,,,,,,,1269333729,2682,5750,-27384,1269333729,-1422,-153,1040
adc,1269311257,-0.07575000077486038,1269320294,0.7500000596046448,1269329322,0.007125000469386578,1269338304,0.3006250262260437,,,,,,,,
mpu,,,,,,,,,1269433731,-748,-2338,-32768,1269433731,616,-249,-398
adc,1269411257,-0.03225000202655792,1269420292,0.8006250262260437,1269429326,0.008249999955296516,1269438365,0.2996250092983246,,,,,,,,
mpu,,,,,,,,,1269533727,2572,-14012,-31652,1269533727,1947,-47,-1660
adc,1269511249,0.98375004529953,1269520285,1.0286250114440918,1269529318,0.8805000185966492,1269538355,1.168624997138977,,,,,,,,
mpu,,,,,,,,,1269633727,7502,16618,-17602,1269633727,1887,649,-1228
adc,1269611253,-0.017750000581145287,1269620287,0.9467500448226929,1269629323,1.3697500228881836,1269638330,1.3322501182556152,,,,,,,,
mpu,,,,,,,,,1269733733,3540,31894,-23202,1269733733,1382,-356,-637
adc,1269711252,0.4051250219345093,1269720295,0.7610000371932983,1269729330,1.3022500276565552,1269738816,1.1198750734329224,,,,,,,,
mpu,,,,,,,,,1269833734,1680,32767,-32768,1269833734,-252,-190,336
adc,1269811260,-0.21400001645088196,1269820296,0.10262500494718552,1269829328,0.3147500157356262,1269838823,0.612625002861023,,,,,,,,
mpu,,,,,,,,,1269933732,514,27538,-32768,1269933732,-2352,222,1430
adc,1269911258,-0.14362500607967377,1269920301,0.6373750567436218,1269929340,0.10250000655651093,1269938828,0.3412500023841858,,,,,,,,
mpu,,,,,,,,,1270033729,2006,19062,-26782,1270033729,-2407,330,1486
adc,1270011254,-0.19037501513957977,1270020293,0.8112500309944153,1270029322,0.005750000476837158,1270038803,0.27300000190734863,,,,,,,,
mpu,,,,,,,,,1270133733,1436,3084,-30952,1270133733,-868,-105,536
adc,1270111248,-0.16737501323223114,1270120279,0.8867500424385071,1270129309,0.006875000428408384,1270138510,0.25,,,,,,,,
mpu,,,,,,,,,1270233731,-2014,-7846,-32768,1270233731,1090,-160,-909
adc,1270211262,0.21812501549720764,1270220296,1.0537500381469727,1270229331,0.006375000346451998,1270238560,0.499875009059906,,,,,,,,
mpu,,,,,,,,,1270333727,4186,-3990,-27522,1270333727,2027,-46,-1536
adc,1270311254,0.47987502813339233,1270320297,1.2068750858306885,1270329330,1.1108750104904175,1270338328,1.1333750486373901,,,,,,,,
mpu,,,,,,,,,1270433727,8364,16722,-15416,1270433727,1925,568,-1034
adc,1270411255,-0.1471250057220459,1270420297,0.9857500195503235,1270429325,1.3636250495910645,1270438791,1.2510000467300415,,,,,,,,
mpu,,,,,,,,,1270533732,5642,32767,-28252,1270533732,1047,-581,-383
adc,1270511253,-0.24137501418590546,1270520288,0.37175002694129944,1270529324,1.1757500171661377,1270538797,1.046875,,,,,,,,
mpu,,,,,,,,,1270633730,2796,32767,-32768,1270633730,-967,-39,755
adc,1270611267,-0.22462500631809235,1270620308,0.6631250381469727,1270629346,0.08112500607967377,1270638838,0.5460000038146973,,,,,,,,
mpu,,,,,,,,,1270733729,4752,25072,-32152,1270733729,-2649,431,1633
adc,1270711260,-0.06525000184774399,1270720301,0.8535000681877136,1270729332,0.05625000223517418,1270738315,0.41450002789497375,,,,,,,,
mpu,,,,,,,,,1270833732,3832,12896,-29490,1270833732,-2081,151,1300
adc,1270811269,-0.33887502551078796,1270820304,0.7796250581741333,1270829340,0.0023750001564621925,1270838318,0.27687501907348633,,,,,,,,
mpu,,,,,,,,,1270933728,-222,-1106,-31692,1270933728,-217,-97,41
adc,1270911256,-0.2552500069141388,1270920295,0.9726250171661377,1270929332,0.0027500002179294825,1270938310,0.24012501537799835,,,,,,,,
mpu,,,,,,,,,1271033726,-7146,-9500,-31170,1271033726,1560,-157,-1256
adc,1271011251,1.1296250820159912,1271020290,0.937000036239624,1271029325,0.3395000100135803,1271038804,0.7908750176429749,,,,,,,,
mpu,,,,,,,,,1271133727,5998,7524,-20866,1271133727,1943,286,-1482
adc,1271111254,-0.035875000059604645,1271120292,1.227000117301941,1271129322,1.2556250095367432,1271138563,1.25,,,,,,,,
mpu,,,,,,,,,1271233730,8778,24130,-18196,1271233730,1782,144,-815
adc,1271211251,-0.3553750216960907,1271220297,1.2122501134872437,1271229333,1.4046250581741333,1271238551,1.3596251010894775,,,,,,,,
mpu,,,,,,,,,1271333731,674,32767,-32768,1271333731,609,-411,-98
adc,1271311258,-0.3228750228881836,1271320296,0.6222500205039978,1271329327,0.8658750653266907,1271338389,0.9182500243186951,,,,,,,,
mpu,,,,,,,,,1271433725,-1960,32767,-31550,1271433725,-1613,51,1064
adc,1271411254,-0.37162500619888306,1271420290,0.7070000171661377,1271429321,0.07612500339746475,1271438803,0.6011250019073486,,,,,,,,
mpu,,,,,,,,,1271533726,3172,22250,-32398,1271533726,-2680,323,1714
adc,1271511254,-0.3696250319480896,1271520300,0.7118750214576721,1271529332,0.013500000350177288,1271538343,0.4006250202655792,,,,,,,,
mpu,,,,,,,,,1271633732,1842,7670,-29280,1271633732,-1650,162,1033
adc,1271611253,-0.35362502932548523,1271620290,0.8408750295639038,1271629329,-0.000750000006519258,1271638529,0.35487502813339233,,,,,,,,
mpu,,,,,,,,,1271733734,-584,-3682,-32768,1271733734,312,-196,-398
adc,1271711258,-0.2527500092983246,1271720297,0.6785000562667847,1271729335,-0.001500000013038516,1271738332,0.2970000207424164,,,,,,,,
mpu,,,,,,,,,1271833735,4398,-11206,-30170,1271833735,1900,9,-1482
adc,1271811247,0.8851250410079956,1271820285,1.3192501068115234,1271829317,0.859125018119812,1271838366,1.0348750352859497,,,,,,,,
mpu,,,,,,,,,1271933730,3654,12884,-16346,1271933730,1885,369,-1203
adc,1271911256,0.029875000938773155,1271920291,1.0985000133514404,1271929326,1.4076250791549683,1271938366,1.3628751039505005,,,,,,,,
mpu,,,,,,,,,1272033722,4442,32767,-20454,1272033722,1543,-75,-695
adc,1272011252,-0.3252500295639038,1272020293,0.9597500562667847,1272029328,1.4773750305175781,1272038816,1.3761250972747803,,,,,,,,
mpu,,,,,,,,,1272133732,264,32767,-32768,1272133732,107,-286,294
adc,1272111249,-0.4051250219345093,1272120281,0.6218750476837158,1272129319,0.12825000286102295,1272138533,0.6157500147819519,,,,,,,,
mpu,,,,,,,,,1272233732,3196,26750,-29966,1272233732,-2270,299,1307
adc,1272211259,-0.2357500046491623,1272220300,0.7426250576972961,1272229330,0.1940000057220459,1272238413,0.6471250057220459,,,,,,,,
mpu,,,,,,,,,1272333731,-638,23050,-29684,1272333731,-2478,265,1538
adc,1272311261,-0.3985000252723694,1272320299,0.5687500238418579,1272329334,-0.001125000067986548,1272338316,0.2473750114440918,,,,,,,,
mpu,,,,,,,,,1272433728,4856,2408,-28044,1272433728,-1047,-280,608
adc,1272411264,-0.18650001287460327,1272420303,0.5043750405311584,1272429336,-0.0042500002309679985,1272438531,0.15275000035762787,,,,,,,,
mpu,,,,,,,,,1272533734,1672,-6668,-32768,1272533734,1051,-366,-725
adc,1272511250,0.23737500607967377,1272520283,0.5021250247955322,1272529318,-0.0035000001080334187,1272538405,0.4635000228881836,,,,,,,,
mpu,,,,,,,,,1272633726,11390,-5452,-30964,1272633726,1853,-16,-1582
adc,1272611269,0.14537501335144043,1272620301,1.1198750734329224,1272629334,1.0663750171661377,1272638410,1.1607500314712524,,,,,,,,
mpu,,,,,,,,,1272733727,12628,17652,-14146,1272733727,1692,452,-1166
adc,1272711250,-0.32200002670288086,1272720289,0.8500000238418579,1272729323,1.3738750219345093,1272738580,1.2010000944137573,,,,,,,,
mpu,,,,,,,,,1272833736,6580,32767,-29252,1272833736,1145,-400,-463
adc,1272811257,-0.07850000262260437,1272820298,0.671500027179718,1272829331,1.3160001039505005,1272838559,0.955875039100647,,,,,,,,
mpu,,,,,,,,,1272933726,288,32767,-32768,1272933726,-572,25,641
adc,1272911255,-0.42487502098083496,1272920290,0.6135000586509705,1272929322,0.6042500138282776,1272938333,0.3828750252723694,,,,,,,,
mpu,,,,,,,,,1273033727,-762,27916,-31920,1273033727,-2410,343,1555
adc,1273011245,-0.21237501502037048,1273020282,0.4035000205039978,1273029315,0.2665000259876251,1273038807,0.2527500092983246,,,,,,,,
mpu,,,,,,,,,1273133725,2294,14202,-27530,1273133725,-2176,180,1472
adc,1273111266,-0.16325001418590546,1273120304,0.40437501668930054,1273129335,-0.004000000189989805,1273138382,0.2787500023841858,,,,,,,,
mpu,,,,,,,,,1273233736,1420,1676,-32768,1273233736,-563,-226,246
adc,1273211254,-0.039000000804662704,1273220296,0.3517500162124634,1273229329,-0.0042500002309679985,1273238538,0.28125,,,,,,,,
mpu,,,,,,,,,1273333732,-10026,-9448,-30720,1273333732,1270,12,-1196
adc,1273311257,0.7321250438690186,1273320292,0.4008750319480896,1273329326,0.36512503027915955,1273338802,0.8540000319480896,,,,,,,,
mpu,,,,,,,,,1273433729,6708,3434,-20036,1273433729,1914,312,-1520
adc,1273411256,0.5191250443458557,1273420292,0.8018750548362732,1273429321,1.1826250553131104,1273438304,1.4018750190734863,,,,,,,,
mpu,,,,,,,,,1273533733,9562,23484,-20312,1273533733,1821,273,-772
adc,1273511251,-0.234250009059906,1273520293,0.7826250195503235,1273529324,1.4752501249313354,1273538315,1.3793751001358032,,,,,,,,
mpu,,,,,,,,,1273633731,1316,32767,-31460,1273633731,825,-363,-109
adc,1273611267,-0.001125000067986548,1273620304,0.14937500655651093,1273629337,1.1626250743865967,1273638536,0.9800000190734863,,,,,,,,
mpu,,,,,,,,,1273733730,1126,32767,-28348,1273733730,-1334,-35,988
adc,1273711251,-0.13850000500679016,1273720290,0.28700000047683716,1273729323,0.4033750295639038,1273738390,0.7833750247955322,,,,,,,,
mpu,,,,,,,,,1273833728,3894,27288,-32768,1273833728,-2646,147,1627
adc,1273811249,-0.2516250014305115,1273820282,0.21575000882148743,1273829318,-0.002625000197440386,1273838313,0.37687501311302185,,,,,,,,
mpu,,,,,,,,,1273933732,2270,6956,-31036,1273933732,-1815,165,1087
adc,1273911260,0.008500000461935997,1273920298,0.14212501049041748,1273929331,-0.005125000141561031,1273938347,0.3460000157356262,,,,,,,,
mpu,,,,,,,,,1274033727,-2556,-1440,-31016,1274033727,157,-120,-269
adc,1274011257,0.05150000378489494,1274020300,0.10637500137090683,1274029334,-0.006625000387430191,1274038347,0.36900001764297485,,,,,,,,
mpu,,,,,,,,,1274133735,5862,-14128,-32768,1274133735,1788,72,-1583
adc,1274111264,1.0823750495910645,1274120307,0.3318750262260437,1274129343,0.7267500162124634,1274138551,1.0502500534057617,,,,,,,,
mpu,,,,,,,,,1274233730,8178,11314,-17468,1274233730,1949,336,-1227
adc,1274211257,0.6656250357627869,1274220298,0.7751250267028809,1274229330,1.3420000076293945,1274238570,1.4182500839233398,,,,,,,,
mpu,,,,,,,,,1274333729,9958,32767,-24168,1274333729,1656,47,-582
adc,1274311258,0.15050001442432404,1274320291,0.42500001192092896,1274329320,1.412500023841858,1274338303,1.3227500915527344,,,,,,,,
mpu,,,,,,,,,1274433736,664,32767,-32768,1274433736,147,-184,235
adc,1274411266,-0.1328750103712082,1274420301,0.01237500086426735,1274429341,0.6778750419616699,1274438839,0.7705000638961792,,,,,,,,
mpu,,,,,,,,,1274533731,2570,30312,-32764,1274533731,-2116,121,1279
adc,1274511260,0.10762500762939453,1274520301,0.05662500113248825,1274529339,0.09312500804662704,1274538531,0.5758750438690186,,,,,,,,
mpu,,,,,,,,,1274633734,1808,21286,-28890,1274633734,-2548,218,1517
adc,1274611262,-0.18262501060962677,1274620301,0.007250000257045031,1274629339,-0.0062500000931322575,1274638532,0.2866250276565552,,,,,,,,
mpu,,,,,,,,,1274733730,4630,4880,-30792,1274733730,-1191,-71,743
adc,1274711253,0.17100000381469727,1274720288,-0.04612500220537186,1274729318,-0.007375000510364771,1274738441,0.3343750238418579,,,,,,,,
mpu,,,,,,,,,1274833737,-3874,-6120,-32768,1274833737,880,-135,-717
adc,1274811268,0.39762502908706665,1274820310,-0.04137500375509262,1274829348,-0.006375000346451998,1274838562,0.5543750524520874,,,,,,,,
mpu,,,,,,,,,1274933727,7670,-6602,-30514,1274933727,1988,-28,-1603
adc,1274911260,0.9743750691413879,1274920300,0.5877500176429749,1274929339,1.0108751058578491,1274938825,1.2196251153945923,,,,,,,,
mpu,,,,,,,,,1275033733,10744,15022,-15332,1275033733,1801,490,-1083
adc,1275011261,0.242125004529953,1275020298,0.6572500467300415,1275029334,1.3782501220703125,1275038317,1.4280000925064087,,,,,,,,
mpu,,,,,,,,,1275133728,10690,32767,-25392,1275133728,1335,-146,-322
adc,1275111262,0.6960000395774841,1275120299,0.0507500022649765,1275129333,1.3418750762939453,1275138312,1.1618750095367432,,,,,,,,
mpu,,,,,,,,,1275233729,-28,32767,-32768,1275233729,-624,-197,522
adc,1275211262,0.03450000286102295,1275220298,-0.13475000858306885,1275229334,0.257500022649765,1275238337,0.6957500576972961,,,,,,,,
mpu,,,,,,,,,1275333730,452,28146,-30914,1275333730,-2580,211,1483
adc,1275311242,0.23487500846385956,1275320275,-0.15775001049041748,1275329311,0.058750003576278687,1275338634,0.5480000376701355,,,,,,,,
mpu,,,,,,,,,1275433731,3094,17012,-27546,1275433731,-2235,201,1393
adc,1275411264,0.08487500250339508,1275420300,-0.20475001633167267,1275429337,-0.005750000476837158,1275438832,0.3255000114440918,,,,,,,,
mpu,,,,,,,,,1275533734,2830,792,-31260,1275533734,-481,-124,256
adc,1275511259,0.2527500092983246,1275520296,-0.19712500274181366,1275529331,-0.006625000387430191,1275538321,0.27900001406669617,,,,,,,,
mpu,,,,,,,,,1275633730,-8942,-10956,-32768,1275633730,1430,-142,-1152
adc,1275611242,0.8963750600814819,1275620271,-0.19625000655651093,1275629305,0.04050000011920929,1275638341,0.702375054359436,,,,,,,,
mpu,,,,,,,,,1275733729,7928,2780,-18998,1275733729,1988,237,-1503
adc,1275711252,1.1414999961853027,1275720289,0.20725001394748688,1275729324,1.1475000381469727,1275738819,1.349250078201294,,,,,,,,
mpu,,,,,,,,,1275833724,10834,22940,-16678,1275833724,1778,286,-758
adc,1275811259,0.4361250102519989,1275820292,0.1913750022649765,1275829323,1.4225000143051147,1275838808,1.3975000381469727,,,,,,,,
mpu,,,,,,,,,1275933731,2310,32767,-28558,1275933731,787,-304,-93
adc,1275911257,0.8136250376701355,1275920296,-0.30925002694129944,1275929329,1.096250057220459,1275938307,1.0478750467300415,,,,,,,,
mpu,,,,,,,,,1276033730,834,32767,-28314,1276033730,-1467,-30,972
adc,1276011249,0.39250001311302185,1276020291,-0.2821250259876251,1276029324,0.12475000321865082,1276038553,0.6415000557899475,,,,,,,,
mpu,,,,,,,,,1276133730,4014,26096,-30924,1276133730,-2645,158,1682
adc,1276111258,0.46787503361701965,1276120291,-0.3086250126361847,1276129325,0.020875001326203346,1276138518,0.518750011920929,,,,,,,,
mpu,,,,,,,,,1276233733,2882,8540,-31014,1276233733,-1686,206,1127
adc,1276211262,0.21775001287460327,1276220299,-0.3111250102519989,1276229334,-0.0038750001695007086,1276238550,0.3836250305175781,,,,,,,,
mpu,,,,,,,,,1276333739,-118,-3756,-32768,1276333739,307,-211,-247
adc,1276311269,0.3360000252723694,1276320313,-0.26075002551078796,1276329351,-0.0035000001080334187,1276338830,0.34662503004074097,,,,,,,,
mpu,,,,,,,,,1276433734,-96,-9208,-32768,1276433734,1857,-179,-1470
adc,1276411264,1.3717501163482666,1276420306,-0.20287500321865082,1276429336,0.3096250295639038,1276438810,0.9197500348091125,,,,,,,,
mpu,,,,,,,,,1276533728,9696,9722,-15280,1276533728,1915,402,-1265
adc,1276511261,1.2471250295639038,1276520300,0.07800000160932541,1276529336,1.2505000829696655,1276538319,1.45187509059906,,,,,,,,
mpu,,,,,,,,,1276633727,7752,32767,-25098,1276633727,1396,30,-795
adc,1276611268,1.1665000915527344,1276620306,-0.22412501275539398,1276629340,1.3655000925064087,1276638811,1.2513750791549683,,,,,,,,
mpu,,,,,,,,,1276733732,3406,32767,-32768,1276733732,18,-347,218
adc,1276711260,0.5049999952316284,1276720298,-0.38612502813339233,1276729333,0.6358750462532043,1276738826,0.768625020980835,,,,,,,,
mpu,,,,,,,,,1276833728,-630,30604,-32024,1276833728,-2018,171,1325
adc,1276811257,0.6445000171661377,1276820292,-0.3838750123977661,1276829329,0.0741250067949295,1276838397,0.5662500262260437,,,,,,,,
mpu,,,,,,,,,1276933730,2096,19984,-28732,1276933730,-2503,228,1552
adc,1276911252,0.6793750524520874,1276920288,-0.34812501072883606,1276929324,0.0002500000118743628,1276938790,0.33237501978874207,,,,,,,,
mpu,,,,,,,,,1277033728,3694,4376,-29666,1277033728,-1176,-15,690
adc,1277011259,0.296750009059906,1277020290,-0.28312501311302185,1277029325,0.0005000000237487257,1277038762,0.2785000205039978,,,,,,,,
mpu,,,,,,,,,1277133733,-1474,-5132,-32768,1277133733,900,-227,-747
adc,1277111254,0.6536250114440918,1277120294,-0.2718750238418579,1277129328,0.0001250000059371814,1277138531,0.34837502241134644,,,,,,,,
mpu,,,,,,,,,1277233731,6132,-9122,-32768,1277233731,1994,-21,-1560
adc,1277211251,1.4438750743865967,1277220293,0.06350000202655792,1277229328,0.8486250638961792,1277238349,1.0093750953674316,,,,,,,,
mpu,,,,,,,,,1277333730,8850,15560,-15506,1277333730,1799,444,-1110
adc,1277311258,1.1331250667572021,1277320298,0.16737501323223114,1277329330,1.2441250085830688,1277338322,1.2337501049041748,,,,,,,,
mpu,,,,,,,,,1277433734,7198,32767,-25386,1277433734,1147,-301,-473
adc,1277411243,1.417875051498413,1277420283,-0.28950002789497375,1277429317,1.289500117301941,1277438342,0.9828750491142273,,,,,,,,
mpu,,,,,,,,,1277533730,700,32767,-32768,1277533730,-603,-223,516
adc,1277511261,0.44587501883506775,1277520296,-0.3941250145435333,1277529330,0.3348750174045563,1277538813,0.5441250205039978,,,,,,,,
mpu,,,,,,,,,1277633726,5688,28446,-31922,1277633726,-2422,221,1512
adc,1277611253,0.45087501406669617,1277620289,-0.3712500035762787,1277629325,0.08162500709295273,1277638767,0.3830000162124634,,,,,,,,
mpu,,,,,,,,,1277733733,1876,16228,-26614,1277733733,-2214,441,1401
adc,1277711243,0.006875000428408384,1277720283,-0.3110000193119049,1277729314,0.0035000001080334187,1277738398,0.3060000240802765,,,,,,,,
mpu,,,,,,,,,1277833731,-530,2062,-29188,1277833731,-516,-139,352
adc,1277811268,0.35587501525878906,1277820308,-0.16100001335144043,1277829339,0.0036250001285225153,1277838829,0.2200000137090683,,,,,,,,
mpu,,,,,,,,,1277933734,-2288,-9282,-32768,1277933734,1433,-362,-1040
adc,1277911263,0.5394999980926514,1277920301,-0.08387500047683716,1277929335,0.0032500000670552254,1277938417,0.5207500457763672,,,,,,,,
mpu,,,,,,,,,1278033726,11546,-2696,-19950,1278033726,2012,153,-1543
adc,1278011247,1.4383751153945923,1278020289,0.39400002360343933,1278029325,1.1241250038146973,1278038368,1.2671250104904175,,,,,,,,
mpu,,,,,,,,,1278133727,11374,24786,-19714,1278133727,1667,321,-1000
adc,1278111266,1.2570000886917114,1278120294,-0.16175000369548798,1278129328,1.4218751192092896,1278138538,1.3137500286102295,,,,,,,,
mpu,,,,,,,,,1278233732,3354,32767,-30400,1278233732,881,-343,-206
adc,1278211260,1.2192500829696655,1278220301,-0.3606250286102295,1278229335,1.1536250114440918,1278238341,1.0353749990463257,,,,,,,,
mpu,,,,,,,,,1278333728,220,32767,-32768,1278333728,-1267,32,951
adc,1278311245,0.18150000274181366,1278320281,-0.34412500262260437,1278329314,0.16062501072883606,1278338795,0.5440000295639038,,,,,,,,
mpu,,,,,,,,,1278433727,2406,25328,-31010,1278433727,-2691,275,1621
adc,1278411265,0.2852500081062317,1278420304,-0.14500001072883606,1278429334,0.045375000685453415,1278438812,0.31062501668930054,,,,,,,,
mpu,,,,,,,,,1278533731,5004,10480,-27748,1278533731,-1855,140,1237
adc,1278511259,0.23625001311302185,1278520294,-0.03175000101327896,1278529330,0.005875000264495611,1278538810,0.18637500703334808,,,,,,,,
mpu,,,,,,,,,1278633737,160,-2696,-32768,1278633737,226,-142,-141
adc,1278611244,0.24062500894069672,1278620278,0.1067500039935112,1278629313,0.006000000052154064,1278638308,0.20750001072883606,,,,,,,,
mpu,,,,,,,,,1278733738,-138,-11580,-30588,1278733738,1778,-184,-1332
adc,1278711266,1.5253751277923584,1278720305,0.3137500286102295,1278729344,0.34200000762939453,1278738553,0.765500009059906,,,,,,,,
mpu,,,,,,,,,1278833731,7746,11246,-20424,1278833731,1851,248,-1411
adc,1278811264,0.9330000281333923,1278820306,0.07112500071525574,1278829343,1.2558751106262207,1278838825,1.2140001058578491,,,,,,,,
mpu,,,,,,,,,1278933724,4868,31624,-21110,1278933724,1511,24,-896
adc,1278911257,0.4441250264644623,1278920290,0.1342500001192093,1278929325,1.4136251211166382,1278938796,1.2787500619888306,,,,,,,,
mpu,,,,,,,,,1279033731,1658,32767,-32768,1279033731,313,-400,136
adc,1279011265,0.5440000295639038,1279020306,-0.2905000150203705,1279029340,0.9188750386238098,1279038812,0.8955000638961792,,,,,,,,
mpu,,,,,,,,,1279133727,-1450,31460,-32768,1279133727,-1911,277,1268
adc,1279111269,0.5750000476837158,1279120299,-0.008875000290572643,1279129338,0.11337500810623169,1279138324,0.5227500200271606,,,,,,,,
mpu,,,,,,,,,1279233725,1644,21824,-30884,1279233725,-2601,364,1609
adc,1279211261,0.35612502694129944,1279220299,0.013875001110136509,1279229335,0.022750001400709152,1279238555,0.35225000977516174,,,,,,,,
mpu,,,,,,,,,1279333735,2834,5514,-28942,1279333735,-1335,-53,816
adc,1279311254,0.19950000941753387,1279320295,0.19287501275539398,1279329334,0.007125000469386578,1279338315,0.25824999809265137,,,,,,,,
mpu,,,,,,,,,1279433737,-7142,-5838,-32768,1279433737,779,-183,-662
adc,1279411265,0.17475001513957977,1279420305,0.38325002789497375,1279429342,0.007125000469386578,1279438834,0.26500001549720764,,,,,,,,
mpu,,,,,,,,,1279533727,6510,-9692,-28330,1279533727,1985,-110,-1550
adc,1279511262,1.437000036239624,1279520298,0.6292500495910645,1279529336,0.7902500629425049,1279538315,1.059249997138977,,,,,,,,
mpu,,,,,,,,,1279633726,8230,16284,-13800,1279633726,1865,379,-1087
adc,1279611263,0.5902500152587891,1279620294,0.21787500381469727,1279629330,1.1978750228881836,1279638819,1.3365000486373901,,,,,,,,
mpu,,,,,,,,,1279733728,7268,32767,-24472,1279733728,1157,-355,-460
adc,1279711254,0.5681250095367432,1279720283,0.4815000295639038,1279729314,1.315250039100647,1279738531,1.2382500171661377,,,,,,,,
mpu,,,,,,,,,1279833734,1674,32767,-32768,1279833734,-523,-84,432
adc,1279811272,0.2136250138282776,1279820303,-0.14525000751018524,1279829334,0.5178750157356262,1279838363,0.7228750586509705,,,,,,,,
mpu,,,,,,,,,1279933726,1298,26422,-32368,1279933726,-2518,131,1575
adc,1279911253,0.4036250114440918,1279920288,0.24450001120567322,1279929325,0.13512501120567322,1279938404,0.5235000252723694,,,,,,,,
mpu,,,,,,,,,1280033729,1644,16444,-29098,1280033729,-2219,451,1452
adc,1280011256,0.04662500321865082,1280020299,0.3773750066757202,1280029333,0.006500000134110451,1280038343,0.2722500264644623,,,,,,,,
mpu,,,,,,,,,1280133734,126,-440,-31490,1280133734,-462,-101,236
adc,1280111253,0.11800000816583633,1280120288,0.45350003242492676,1280129322,0.00800000037997961,1280138636,0.24650001525878906,,,,,,,,
mpu,,,,,,,,,1280233724,-3038,-9146,-32768,1280233724,1461,-66,-1082
adc,1280211249,1.0092500448226929,1280220289,0.8162500262260437,1280229326,0.00787500012665987,1280238550,0.46800002455711365,,,,,,,,
mpu,,,,,,,,,1280333732,8200,1464,-28946,1280333732,2007,-5,-1507
adc,1280311263,0.6805000305175781,1280320293,0.5328750014305115,1280329328,1.0890001058578491,1280338810,1.0842500925064087,,,,,,,,
mpu,,,,,,,,,1280433733,9882,20280,-17384,1280433733,1703,506,-912
adc,1280411257,0.34187501668930054,1280420293,0.5798750519752502,1280429326,1.3083751201629639,1280438812,1.3041250705718994,,,,,,,,
mpu,,,,,,,,,1280533736,2744,32767,-30328,1280533736,773,-460,-118
adc,1280511252,0.2473750114440918,1280520290,0.4190000295639038,1280529322,0.9936250448226929,1280538320,1.167375087738037,,,,,,,,
mpu,,,,,,,,,1280633724,-966,32767,-31128,1280633724,-1349,141,994
adc,1280611256,0.0023750001564621925,1280620287,0.10725000500679016,1280629320,0.006625000387430191,1280638517,0.4426250159740448,,,,,,,,
mpu,,,,,,,,,1280733723,-456,23628,-29844,1280733723,-2749,174,1595
adc,1280711254,0.011375000700354576,1280720290,0.46400001645088196,1280729325,0.006750000175088644,1280738330,0.27000001072883606,,,,,,,,
mpu,,,,,,,,,1280833725,1488,10280,-28368,1280833725,-1748,54,1076
adc,1280811265,-0.07562500238418579,1280820304,0.5796250104904175,1280829332,0.007625000551342964,1280838796,0.2821250259876251,,,,,,,,
mpu,,,,,,,,,1280933733,-520,-3662,-32768,1280933733,262,-189,-247
adc,1280911260,-0.01587500050663948,1280920296,0.6913750171661377,1280929330,0.008875000290572643,1280938332,0.27812501788139343,,,,,,,,
mpu,,,,,,,,,1281033726,3804,-11636,-27888,1281033726,1828,-90,-1451
adc,1281011255,1.4222500324249268,1281020291,0.9142500162124634,1281029324,0.19200000166893005,1281038346,0.8053750395774841,,,,,,,,
mpu,,,,,,,,,1281133734,8746,13030,-16078,1281133734,1955,371,-1298
adc,1281111266,0.13600000739097595,1281120308,0.9442500472068787,1281129339,1.1290000677108765,1281138557,1.2610000371932983,,,,,,,,
mpu,,,,,,,,,1281233734,-1426,32767,-18646,1281233734,1540,61,-734
adc,1281211259,0.32350000739097595,1281220297,0.6115000247955322,1281229338,1.3703750371932983,1281238565,1.2267500162124634,,,,,,,,
mpu,,,,,,,,,1281333724,1356,32767,-32768,1281333724,87,-325,218
adc,1281311255,-0.06212500110268593,1281320292,0.41175001859664917,1281329327,0.6616250276565552,1281338321,0.7455000281333923,,,,,,,,
mpu,,,,,,,,,1281433729,956,31844,-30002,1281433729,-2090,355,1284
adc,1281411254,-0.0572500042617321,1281420295,0.6223750114440918,1281429331,0.013500000350177288,1281438550,0.4556250274181366,,,,,,,,
mpu,,,,,,,,,1281533738,538,18296,-29138,1281533738,-2476,258,1606
adc,1281511245,-0.17125001549720764,1281520282,0.627750039100647,1281529324,0.0061250003054738045,1281538514,0.2678750157356262,,,,,,,,
mpu,,,,,,,,,1281633733,2290,4102,-28936,1281633733,-1069,-133,676
adc,1281611250,-0.2201250046491623,1281620279,0.9455000162124634,1281629317,0.007500000298023224,1281638303,0.30637502670288086,,,,,,,,
mpu,,,,,,,,,1281733729,-3316,-6144,-32768,1281733729,862,-314,-827
adc,1281711263,0.015625,1281720304,0.9268750548362732,1281729343,0.007250000257045031,1281738542,0.36925002932548523,,,,,,,,
mpu,,,,,,,,,1281833731,5390,-6610,-29388,1281833731,1916,-31,-1669
adc,1281811271,0.8971250653266907,1281820302,1.1618750095367432,1281829335,0.9495000243186951,1281838411,1.1482501029968262,,,,,,,,
mpu,,,,,,,,,1281933728,8958,17110,-17494,1281933728,1815,485,-1101
adc,1281911257,-0.17875000834465027,1281920301,1.0977500677108765,1281929336,1.3877500295639038,1281938381,1.287500023841858,,,,,,,,
mpu,,,,,,,,,1282033728,4768,32767,-28332,1282033728,1169,-442,-347
adc,1282011250,0.3945000171661377,1282020294,0.9552500247955322,1282029330,1.3170000314712524,1282038796,1.1660000085830688,,,,,,,,
mpu,,,,,,,,,1282133730,3082,32767,-32384,1282133730,-791,79,714
adc,1282111265,-0.25587502121925354,1282120301,0.30387502908706665,1282129335,0.24925000965595245,1282138523,0.6921250224113464,,,,,,,,
mpu,,,,,,,,,1282233729,3780,26852,-32100,1282233729,-2693,240,1598
adc,1282211255,-0.23375001549720764,1282220292,0.8722500205039978,1282229319,0.0806250050663948,1282238662,0.4285000264644623,,,,,,,,
mpu,,,,,,,,,1282333736,3910,14144,-31680,1282333736,-2130,252,1312
adc,1282311259,-0.31150001287460327,1282320303,0.6632500290870667,1282329337,0.0031250000465661287,1282338831,0.2578750252723694,,,,,,,,
mpu,,,,,,,,,1282433720,-616,-3078,-30930,1282433720,-228,-163,29
adc,1282411254,-0.19575001299381256,1282420292,0.9480000734329224,1282429327,0.0038750001695007086,1282438805,0.3150000274181366,,,,,,,,
mpu,,,,,,,,,1282533729,-9058,-10476,-28768,1282533729,1616,-75,-1267
adc,1282511257,0.28987500071525574,1282520288,1.0907500982284546,1282529321,0.06825000047683716,1282538306,0.6538750529289246,,,,,,,,
mpu,,,,,,,,,1282633723,6598,8644,-17560,1282633723,1990,191,-1399
adc,1282611250,0.783875048160553,1282620289,1.0723750591278076,1282629321,1.0822499990463257,1282638785,1.2208750247955322,,,,,,,,
mpu,,,,,,,,,1282733726,6452,28538,-16038,1282733726,1693,186,-760
adc,1282711256,-0.19187501072883606,1282720299,1.161750078201294,1282729336,1.4003750085830688,1282738324,1.239625096321106,,,,,,,,
mpu,,,,,,,,,1282833727,3332,32767,-31170,1282833727,461,-432,43
adc,1282811255,-0.2981250286102295,1282820290,0.7972500324249268,1282829320,1.0160000324249268,1282838365,0.9031250476837158,,,,,,,,
mpu,,,,,,,,,1282933733,-10,32767,-32062,1282933733,-1739,99,1125
adc,1282911252,-0.3580000102519989,1282920285,0.7948750257492065,1282929322,0.12575000524520874,1282938316,0.5283750295639038,,,,,,,,
mpu,,,,,,,,,1283033725,2744,23702,-30048,1283033725,-2657,280,1670
adc,1283011253,-0.34925001859664917,1283020289,0.7547500133514404,1283029322,0.045750003308057785,1283038770,0.37825003266334534,,,,,,,,
mpu,,,,,,,,,1283133732,2824,6084,-29188,1283133732,-1454,62,915
adc,1283111254,-0.3772500157356262,1283120288,0.8356250524520874,1283129320,-0.0001250000059371814,1283138533,0.27549999952316284,,,,,,,,
mpu,,,,,,,,,1283233732,-1322,-5544,-32768,1283233732,646,-150,-586
adc,1283211262,-0.2173750102519989,1283220299,0.8672500252723694,1283229341,-0.0006250000442378223,1283238419,0.32750001549720764,,,,,,,,
mpu,,,,,,,,,1283333725,8742,-9914,-29664,1283333725,2007,-55,-1531
adc,1283311249,0.6127500534057617,1283320284,1.1197500228881836,1283329315,0.5613750219345093,1283338295,0.9438750743865967,,,,,,,,
mpu,,,,,,,,,1283433728,8624,12622,-17230,1283433728,1863,513,-1125
adc,1283411243,-0.08700000494718552,1283420273,1.2747501134872437,1283429306,1.2471250295639038,1283438296,1.315500020980835,,,,,,,,
mpu,,,,,,,,,1283533733,9426,32767,-26268,1283533733,1302,-384,-552
adc,1283511263,0.2578750252723694,1283520298,0.971500039100647,1283529333,1.3601250648498535,1283538822,1.2906250953674316,,,,,,,,
mpu,,,,,,,,,1283633729,-1146,32767,-32768,1283633729,-401,-146,473
adc,1283611267,-0.42662501335144043,1283620294,0.5368750095367432,1283629330,0.6128750443458557,1283638349,0.7418750524520874,,,,,,,,
mpu,,,,,,,,,1283733730,1800,26900,-32428,1283733730,-2509,278,1577
adc,1283711258,-0.2993750274181366,1283720299,0.8556250333786011,1283729333,0.05712500214576721,1283738337,0.44837501645088196,,,,,,,,
mpu,,,,,,,,,1283833730,3150,15178,-29846,1283833730,-2297,342,1451
adc,1283811264,-0.4350000321865082,1283820303,0.4897500276565552,1283829339,-0.004875000100582838,1283838338,0.2772500216960907,,,,,,,,
mpu,,,,,,,,,1283933732,1392,1218,-30944,1283933732,-561,-190,298
adc,1283911257,-0.2343750149011612,1283920292,0.7615000605583191,1283929329,-0.0035000001080334187,1283938327,0.288750022649765,,,,,,,,
mpu,,,,,,,,,1284033738,-3112,-10170,-32768,1284033738,1449,-144,-1066
adc,1284011277,-0.020750001072883606,1284020318,0.7936250567436218,1284029354,-0.0035000001080334187,1284038836,0.4986250102519989,,,,,,,,
mpu,,,,,,,,,1284133729,9016,1028,-19362,1284133729,2021,63,-1537
adc,1284111249,0.814875066280365,1284120277,1.136125087738037,1284129311,1.0138750076293945,1284138311,1.193000078201294,,,,,,,,
mpu,,,,,,,,,1284233727,11126,21670,-18934,1284233727,1723,410,-911
adc,1284211258,-0.18550001084804535,1284220298,1.2815001010894775,1284229332,1.3635001182556152,1284238534,1.3408750295639038,,,,,,,,
mpu,,,,,,,,,1284333729,2770,32767,-29908,1284333729,780,-437,-180
adc,1284311259,0.39262500405311584,1284320297,0.6840000152587891,1284329328,1.225000023841858,1284338821,1.1346250772476196,,,,,,,,
mpu,,,,,,,,,1284433730,-990,32767,-32768,1284433730,-1394,27,988
adc,1284411256,-0.4255000054836273,1284420293,0.35362502932548523,1284429329,0.2775000035762787,1284438311,0.6760000586509705,,,,,,,,
mpu,,,,,,,,,1284533735,276,23956,-32340,1284533735,-2713,339,1684
adc,1284511249,-0.40687501430511475,1284520287,0.4852500259876251,1284529321,0.05712500214576721,1284538308,0.47050002217292786,,,,,,,,
mpu,,,,,,,,,1284633730,3548,8172,-29772,1284633730,-1774,91,1168
adc,1284611267,-0.3986250162124634,1284620311,0.4790000319480896,1284629346,-0.004500000271946192,1284638799,0.27425000071525574,,,,,,,,
mpu,,,,,,,,,1284733734,120,-3280,-32768,1284733734,352,-203,-332
adc,1284711258,-0.09787500649690628,1284720297,0.5005000233650208,1284729332,-0.004875000100582838,1284738342,0.21525001525878906,,,,,,,,
mpu,,,,,,,,,1284833732,1270,-11412,-24022,1284833732,1903,-19,-1546
adc,1284811252,0.7767500281333923,1284820288,0.8473750352859497,1284829323,0.16300000250339508,1284838350,0.7775000333786011,,,,,,,,
mpu,,,,,,,,,1284933732,9464,13160,-18482,1284933732,1841,206,-1275
adc,1284911267,0.006625000387430191,1284920300,0.7355000376701355,1284929333,1.1750000715255737,1284938794,1.245500087738037,,,,,,,,
mpu,,,,,,,,,1285033731,3978,32356,-22216,1285033731,1442,-56,-666
adc,1285011254,0.1573750078678131,1285020289,0.7276250123977661,1285029324,1.3468750715255737,1285038316,1.311500072479248,,,,,,,,
mpu,,,,,,,,,1285133727,-214,32767,-32768,1285133727,-114,-338,301
adc,1285111247,-0.24450001120567322,1285120284,0.4178750216960907,1285129323,0.7910000085830688,1285138660,0.893625020980835,,,,,,,,
mpu,,,,,,,,,1285233733,-1074,27722,-31066,1285233733,-2221,263,1380
adc,1285211254,-0.16587500274181366,1285220294,0.3372500240802765,1285229330,0.1185000091791153,1285238342,0.5911250114440918,,,,,,,,
mpu,,,,,,,,,1285333728,4730,21920,-26932,1285333728,-2406,417,1604
adc,1285311252,-0.05687500163912773,1285320297,0.23512500524520874,1285329330,0.0416250005364418,1285338796,0.460750013589859,,,,,,,,
mpu,,,,,,,,,1285433727,2672,3336,-27520,1285433727,-947,-149,576
adc,1285411252,-0.09662500768899918,1285420284,0.2761250138282776,1285429320,-0.005875000264495611,1285438807,0.2971250116825104,,,,,,,,
mpu,,,,,,,,,1285533726,-1560,-9022,-32768,1285533726,1135,-169,-981
adc,1285511253,0.03550000116229057,1285520292,0.15412500500679016,1285529332,-0.006375000346451998,1285538310,0.3225000202655792,,,,,,,,
mpu,,,,,,,,,1285633726,8854,-2140,-30640,1285633726,2037,-84,-1622
adc,1285611249,0.9330000281333923,1285620278,1.0597500801086426,1285629316,0.9108750224113464,1285638304,1.1140000820159912,,,,,,,,
mpu,,,,,,,,,1285733730,9306,18156,-14804,1285733730,1769,567,-920
adc,1285711255,0.11575000733137131,1285720288,0.8893750309944153,1285729318,1.2782500982284546,1285738523,1.3367500305175781,,,,,,,,
mpu,,,,,,,,,1285833727,5680,32767,-28716,1285833727,1076,-315,-240
adc,1285811255,0.6372500061988831,1285820295,0.21387501060962677,1285829325,1.277250051498413,1285838364,1.2626250982284546,,,,,,,,
mpu,,,,,,,,,1285933730,3022,32767,-32768,1285933730,-1069,-107,749
adc,1285911263,-0.3932500183582306,1285920297,0.11212500184774399,1285929331,0.132625013589859,1285938814,0.6058750152587891,,,,,,,,
mpu,,,,,,,,,1286033724,2712,24616,-29640,1286033724,-2717,263,1604
adc,1286011257,0.11637500673532486,1286020297,0.09662500768899918,1286029334,0.043125003576278687,1286038500,0.4233750104904175,,,,,,,,
mpu,,,,,,,,,1286133731,3750,11388,-29866,1286133731,-2004,116,1240
adc,1286111254,-0.24887500703334808,1286120292,0.055000003427267075,1286129331,-0.005625000223517418,1286138324,0.25175002217292786,,,,,,,,
mpu,,,,,,,,,1286233730,-614,-2098,-31554,1286233730,-18,-84,-97
adc,1286211263,0.08962500095367432,1286220297,0.10737500339746475,1286229332,-0.006875000428408384,1286238558,0.2460000067949295,,,,,,,,
mpu,,,,,,,,,1286333728,-9306,-10464,-27400,1286333728,1796,12,-1313
adc,1286311247,1.046625018119812,1286320283,0.16337500512599945,1286329316,0.033125001937150955,1286338362,0.687250018119812,,,,,,,,
mpu,,,,,,,,,1286433729,9690,7552,-22428,1286433729,1926,75,-1394
adc,1286411260,0.8606250286102295,1286420295,0.18125000596046448,1286429330,1.155250072479248,1286438603,1.2813750505447388,,,,,,,,
mpu,,,,,,,,,1286533734,6292,30348,-13792,1286533734,1600,269,-805
adc,1286511262,0.47337502241134644,1286520300,0.3140000104904175,1286529337,1.3867501020431519,1286538319,1.2640000581741333,,,,,,,,
mpu,,,,,,,,,1286633734,2078,32767,-31126,1286633734,383,-422,107
adc,1286611261,0.43787503242492676,1286620296,0.027125000953674316,1286629330,1.018875002861023,1286638808,0.9676250219345093,,,,,,,,
mpu,,,,,,,,,1286733734,1984,32314,-32768,1286733734,-1930,68,1212
adc,1286711257,-0.06537500023841858,1286720294,-0.1381250023841858,1286729333,0.05712500214576721,1286738533,0.4945000112056732,,,,,,,,
mpu,,,,,,,,,1286833735,-750,21086,-29166,1286833735,-2646,440,1596
adc,1286811266,0.11837500333786011,1286820303,-0.1223750039935112,1286829335,0.03187500312924385,1286838341,0.36762502789497375,,,,,,,,
mpu,,,,,,,,,1286933732,2946,6026,-28002,1286933732,-1354,-53,855
adc,1286911259,0.07637500017881393,1286920291,-0.13225001096725464,1286929327,-0.006625000387430191,1286938403,0.17725001275539398,,,,,,,,
mpu,,,,,,,,,1287033727,-656,-7126,-32768,1287033727,903,-215,-600
adc,1287011246,0.3022500276565552,1287020283,-0.1146250069141388,1287029318,-0.006500000134110451,1287038409,0.2395000159740448,,,,,,,,
mpu,,,,,,,,,1287133731,10312,-5350,-25520,1287133731,2008,-64,-1580
adc,1287111260,1.1953750848770142,1287120298,0.17375001311302185,1287129330,0.4853750169277191,1287138566,0.9780000448226929,,,,,,,,
mpu,,,,,,,,,1287233726,9030,16926,-12672,1287233726,1837,514,-1042
adc,1287211265,0.6766250133514404,1287220305,0.08912500739097595,1287229341,1.0672500133514404,1287238524,1.2728750705718994,,,,,,,,
mpu,,,,,,,,,1287333728,4936,32767,-23208,1287333728,1196,-321,-449
adc,1287311253,1.261875033378601,1287320284,-0.09962500631809235,1287329320,1.2345000505447388,1287338544,1.159000039100647,,,,,,,,
mpu,,,,,,,,,1287433727,48,32767,-32768,1287433727,-570,-291,470
adc,1287411262,0.1497500091791153,1287420301,-0.24000000953674316,1287429336,0.3943750262260437,1287438778,0.659125030040741,,,,,,,,
mpu,,,,,,,,,1287533733,1146,26442,-30784,1287533733,-2561,285,1533
adc,1287511261,0.30775001645088196,1287520292,-0.2460000067949295,1287529327,0.05300000309944153,1287538814,0.3505000174045563,,,,,,,,
mpu,,,,,,,,,1287633731,4094,16492,-28180,1287633731,-2249,262,1412
adc,1287611247,-0.23087501525878906,1287620288,-0.30300000309944153,1287629320,-0.004124999977648258,1287638781,0.2528750002384186,,,,,,,,
mpu,,,,,,,,,1287733728,956,-1638,-29708,1287733728,-387,-59,224
adc,1287711264,0.3458750247955322,1287720293,-0.25600001215934753,1287729329,-0.004500000271946192,1287738412,0.2581250071525574,,,,,,,,
mpu,,,,,,,,,1287833726,-6976,-8274,-32768,1287833726,1500,-343,-1058
adc,1287811243,0.7033750414848328,1287820286,-0.2523750066757202,1287829323,-0.0043750000186264515,1287838636,0.3890000283718109,,,,,,,,
mpu,,,,,,,,,1287933733,9126,988,-20234,1287933733,2005,102,-1535
adc,1287911254,1.2965000867843628,1287920289,-0.10987500846385956,1287929327,1.0077500343322754,1287938812,1.1848750114440918,,,,,,,,
mpu,,,,,,,,,1288033734,11474,22442,-18862,1288033734,1668,369,-898
adc,1288011253,1.0096250772476196,1288020294,0.0767500028014183,1288029327,1.3055000305175781,1288038815,1.292875051498413,,,,,,,,
mpu,,,,,,,,,1288133734,1428,32767,-30584,1288133734,684,-413,-149
adc,1288111255,1.1251250505447388,1288120291,-0.35325002670288086,1288129329,1.1467500925064087,1288138540,1.1012500524520874,,,,,,,,
mpu,,,,,,,,,1288233725,546,32767,-32768,1288233725,-1433,-33,957
adc,1288211257,-0.10462500154972076,1288220293,-0.37425002455711365,1288229324,0.058125004172325134,1288238556,0.4646250307559967,,,,,,,,
mpu,,,,,,,,,1288333733,1506,21826,-32768,1288333733,-2696,317,1659
adc,1288311261,0.608875036239624,1288320300,-0.3488750159740448,1288329335,0.029875000938773155,1288338825,0.35837501287460327,,,,,,,,
mpu,,,,,,,,,1288433734,3142,9340,-31910,1288433734,-1761,115,1086
adc,1288411249,0.0885000005364418,1288420283,-0.30525001883506775,1288429319,-0.0010000000474974513,1288438508,0.26987501978874207,,,,,,,,
mpu,,,,,,,,,1288533723,-402,-4014,-32768,1288533723,371,-140,-317
adc,1288511261,0.42487502098083496,1288520302,-0.2383750081062317,1288529335,-0.0001250000059371814,1288538533,0.2382500171661377,,,,,,,,
mpu,,,,,,,,,1288633731,2854,-10468,-32768,1288633731,1838,-144,-1455
adc,1288611257,1.4571250677108765,1288620289,-0.24412500858306885,1288629322,0.163875013589859,1288638376,0.6693750023841858,,,,,,,,
mpu,,,,,,,,,1288733726,5960,11022,-19584,1288733726,1819,300,-1267
adc,1288711255,1.2170000076293945,1288720294,-0.06362500041723251,1288729323,1.0508750677108765,1288738552,1.1958750486373901,,,,,,,,
mpu,,,,,,,,,1288833727,14420,32767,-31112,1288833727,1451,-112,-599
adc,1288811262,1.1727499961853027,1288820289,-0.327750027179718,1288829325,1.2397500276565552,1288838414,1.1360000371932983,,,,,,,,
mpu,,,,,,,,,1288933730,2502,32767,-32596,1288933730,85,-121,304
adc,1288911251,1.0835000276565552,1288920284,-0.42512503266334534,1288929316,0.812250018119812,1288938387,0.8716250658035278,,,,,,,,
mpu,,,,,,,,,1289033733,-224,30150,-30606,1289033733,-2129,55,1288
adc,1289011253,0.6046250462532043,1289020291,-0.33287501335144043,1289029330,0.10312500596046448,1289038321,0.6341250538825989,,,,,,,,
mpu,,,,,,,,,1289133733,1106,19662,-29342,1289133733,-2463,360,1560
adc,1289111264,0.48875001072883606,1289120296,-0.31550002098083496,1289129333,0.002500000176951289,1289138330,0.2697499990463257,,,,,,,,
mpu,,,,,,,,,1289233727,1562,2494,-30376,1289233727,-1021,57,596
adc,1289211262,0.3438750207424164,1289220296,-0.13125000894069672,1289229333,0.003000000026077032,1289238388,0.25962501764297485,,,,,,,,
mpu,,,,,,,,,1289333734,-2562,-3248,-32768,1289333734,1013,-254,-720
adc,1289311263,0.3621250092983246,1289320296,-0.18425001204013824,1289329329,0.0036250001285225153,1289338558,0.31200000643730164,,,,,,,,
mpu,,,,,,,,,1289433727,8196,-9062,-31432,1289433727,2000,-131,-1625
adc,1289411250,1.5091251134872437,1289420287,0.11762500554323196,1289429318,0.48362502455711365,1289438370,0.9500000476837158,,,,,,,,
mpu,,,,,,,,,1289533730,8872,15888,-16376,1289533730,1747,579,-1054
adc,1289511261,1.0593750476837158,1289520301,0.31025001406669617,1289529335,1.1916249990463257,1289538819,1.3131250143051147,,,,,,,,
mpu,,,,,,,,,1289633728,5902,32767,-27596,1289633728,1160,-305,-407
adc,1289611259,1.3292500972747803,1289620291,-0.2175000160932541,1289629326,1.272125005722046,1289638422,1.2312500476837158,,,,,,,,
mpu,,,,,,,,,1289733728,3930,32767,-32768,1289733728,-754,-176,600
adc,1289711270,0.5296249985694885,1289720305,-0.39500001072883606,1289729337,0.1522500067949295,1289738414,0.5205000042915344,,,,,,,,
mpu,,,,,,,,,1289833730,3364,25456,-32768,1289833730,-2546,386,1607
adc,1289811262,0.5246250033378601,1289820293,-0.27275002002716064,1289829333,0.017125001177191734,1289838796,0.3606250286102295,,,,,,,,
mpu,,,,,,,,,1289933725,4224,14668,-30810,1289933725,-2109,232,1327
adc,1289911261,0.6993750333786011,1289920296,-0.12225000560283661,1289929327,0.005125000141561031,1289938796,0.22225001454353333,,,,,,,,
mpu,,,,,,,,,1290033726,3316,-826,-32768,1290033726,-336,-119,113
adc,1290011245,0.2782500088214874,1290020294,-0.007750000339001417,1290029327,0.0061250003054738045,1290038803,0.29075002670288086,,,,,,,,
mpu,,,,,,,,,1290133726,-8786,-9228,-32768,1290133726,1462,-228,-1072
adc,1290111259,0.8568750619888306,1290120286,0.09000000357627869,1290129321,0.005125000141561031,1290138547,0.5012500286102295,,,,,,,,
mpu,,,,,,,,,1290233729,8428,944,-23132,1290233729,1918,91,-1518
adc,1290211245,1.3638750314712524,1290220282,0.15337501466274261,1290229316,0.8551250696182251,1290238482,1.1287500858306885,,,,,,,,
mpu,,,,,,,,,1290333730,7200,24780,-18842,1290333730,1679,462,-835
adc,1290311257,1.1567500829696655,1290320302,0.4087500274181366,1290329333,1.2536250352859497,1290338794,1.3076250553131104,,,,,,,,
mpu,,,,,,,,,1290433731,904,32767,-29954,1290433731,693,-443,-173
adc,1290411269,1.3167500495910645,1290420307,0.10237500816583633,1290429343,1.2020000219345093,1290438833,1.1591250896453857,,,,,,,,
mpu,,,,,,,,,1290533735,244,32767,-32438,1290533735,-1453,36,993
adc,1290511260,0.05350000411272049,1290520290,-0.3543750047683716,1290529324,0.09487500786781311,1290538815,0.5430000424385071,,,,,,,,
mpu,,,,,,,,,1290633733,2728,24322,-31504,1290633733,-2660,330,1642
adc,1290611259,0.32500001788139343,1290620292,-0.014250000938773155,1290629324,0.07875000685453415,1290638802,0.41587501764297485,,,,,,,,
mpu,,,,,,,,,1290733729,4844,11212,-29708,1290733729,-1708,7,1105
adc,1290711250,0.07700000703334808,1290720288,0.16312500834465027,1290729319,0.006375000346451998,1290738537,0.25837501883506775,,,,,,,,
mpu,,,,,,,,,1290833735,58,-5048,-32768,1290833735,371,-109,-346
adc,1290811257,0.15587501227855682,1290820296,0.25737500190734863,1290829334,0.007125000469386578,1290838800,0.2357500046491623,,,,,,,,
mpu,,,,,,,,,1290933726,-2778,-11248,-27532,1290933726,1852,-48,-1451
adc,1290911259,1.2992500066757202,1290920291,0.43800002336502075,1290929323,0.09000000357627869,1290938813,0.6773750185966492,,,,,,,,
mpu,,,,,,,,,1291033734,6654,17538,-18286,1291033734,1888,305,-1300
adc,1291011256,0.674375057220459,1291020290,0.41212502121925354,1291029324,1.2367500066757202,1291038816,1.2060000896453857,,,,,,,,
mpu,,,,,,,,,1291133728,5862,32767,-22270,1291133728,1464,-97,-681
adc,1291111256,0.7522500157356262,1291120293,0.14637500047683716,1291129324,1.3765000104904175,1291138349,1.2990000247955322,,,,,,,,
mpu,,,,,,,,,1291233728,-592,32767,-32768,1291233728,17,-267,261
adc,1291211250,0.5353749990463257,1291220293,0.1770000010728836,1291229322,0.8366250395774841,1291238324,0.9768750667572021,,,,,,,,
mpu,,,,,,,,,1291333729,408,29280,-32768,1291333729,-2160,208,1352
adc,1291311259,0.36525002121925354,1291320296,0.0586250014603138,1291329332,0.058500003069639206,1291338789,0.43525001406669617,,,,,,,,
mpu,,,,,,,,,1291433731,3218,19946,-28146,1291433731,-2544,319,1503
adc,1291411258,0.281125009059906,1291420287,0.19162501394748688,1291429325,0.014750001020729542,1291438815,0.3163750171661377,,,,,,,,
mpu,,,,,,,,,1291533724,1464,3254,-29766,1291533724,-1066,-119,629
adc,1291511254,0.00787500012665987,1291520294,0.4570000171661377,1291529326,0.007250000257045031,1291538330,0.28437501192092896,,,,,,,,
mpu,,,,,,,,,1291633732,-3152,-6820,-32768,1291633732,1013,-160,-789
adc,1291611255,0.016499999910593033,1291620293,0.43300002813339233,1291629322,0.008375000208616257,1291638371,0.29612502455711365,,,,,,,,
mpu,,,,,,,,,1291733728,7880,-5306,-32768,1291733728,1910,-61,-1817
adc,1291711255,1.0871250629425049,1291720289,0.7378750443458557,1291729322,0.7870000600814819,1291738626,0.8831250667572021,,,,,,,,
mpu,,,,,,,,,1291833735,8242,13090,-5408,1291833735,1805,687,-911
adc,1291811260,0.41612502932548523,1291820291,0.7305000424385071,1291829323,1.1680001020431519,1291838790,1.1273750066757202,,,,,,,,
mpu,,,,,,,,,1291933725,7072,32767,-27190,1291933725,1226,-439,-259
adc,1291911255,0.9803750514984131,1291920296,0.5451250076293945,1291929331,1.3436250686645508,1291938314,1.2170000076293945,,,,,,,,
mpu,,,,,,,,,1292033727,596,32767,-32768,1292033727,-711,-235,559
adc,1292011244,-0.13312500715255737,1292020282,-0.029750000685453415,1292029316,0.33925002813339233,1292038333,0.5453750491142273,,,,,,,,
mpu,,,,,,,,,1292133734,2776,27986,-30054,1292133734,-2610,426,1683
adc,1292111262,-0.1756250113248825,1292120300,0.5193750262260437,1292129333,0.007125000469386578,1292138567,0.20662501454353333,,,,,,,,
mpu,,,,,,,,,1292233727,1868,12024,-26528,1292233727,-2330,312,1436
adc,1292211259,-0.05625000223517418,1292220297,0.7505000233650208,1292229328,0.014625000767409801,1292238381,0.2821250259876251,,,,,,,,
mpu,,,,,,,,,1292333731,1996,474,-31698,1292333731,-683,-415,205
adc,1292311259,0.09200000762939453,1292320294,0.6663750410079956,1292329335,0.10625000298023224,1292338784,0.38087502121925354,,,,,,,,
mpu,,,,,,,,,1292433727,-7116,-8758,-32768,1292433727,1525,112,-1188
adc,1292411258,1.2798750400543213,1292420297,0.6613750457763672,1292429333,0.2486250102519989,1292438776,0.33925002813339233,,,,,,,,
mpu,,,,,,,,,1292533734,17788,-344,-24450,1292533734,2156,-81,-1637
adc,1292511245,1.3227500915527344,1292520277,0.7752500176429749,1292529311,1.0805000066757202,1292538369,1.0835000276565552,,,,,,,,
mpu,,,,,,,,,1292633729,9750,27924,-20380,1292633729,1690,276,-888
adc,1292611234,-0.03750000149011612,1292620271,0.9660000205039978,1292629302,1.562000036239624,1292638344,1.255500078201294,,,,,,,,
mpu,,,,,,,,,1292733734,1950,32767,-31048,1292733734,591,-548,-23
adc,1292711258,0.19975000619888306,1292720295,0.7333750128746033,1292729329,1.2282500267028809,1292738388,0.9198750257492065,,,,,,,,
mpu,,,,,,,,,1292833726,2368,32767,-29202,1292833726,-1580,221,1154
adc,1292811258,-0.23725001513957977,1292820294,0.4792500138282776,1292829332,0.07125000655651093,1292838777,0.43250003457069397,,,,,,,,
mpu,,,,,,,,,1292933733,3286,23822,-30778,1292933733,-2614,305,1582
adc,1292911262,-0.0872500017285347,1292920292,0.6985000371932983,1292929325,0.1120000034570694,1292938359,0.3173750042915344,,,,,,,,
mpu,,,,,,,,,1293033730,1254,8832,-27292,1293033730,-1595,165,943
adc,1293011245,-0.15537500381469727,1293020284,0.7093750238418579,1293029313,0.0062500000931322575,1293038797,0.218625009059906,,,,,,,,
mpu,,,,,,,,,1293133726,-30,-5884,-32768,1293133726,464,-324,-418
adc,1293111255,-0.1665000021457672,1293120291,0.721875011920929,1293129329,0.0062500000931322575,1293138411,0.24275001883506775,,,,,,,,
mpu,,,,,,,,,1293233734,5674,-9550,-25486,1293233734,1962,-29,-1527
adc,1293211255,0.8317500352859497,1293220290,1.1165000200271606,1293229328,0.7861250638961792,1293238426,0.8236250281333923,,,,,,,,
mpu,,,,,,,,,1293333733,10206,15898,-10434,1293333733,1899,598,-1224
adc,1293311258,0.33100003004074097,1293320288,1.003250002861023,1293329323,1.3072500228881836,1293338346,1.2120000123977661,,,,,,,,
mpu,,,,,,,,,1293433725,15106,32767,-28064,1293433725,1532,-190,-442
adc,1293411254,0.549875020980835,1293420287,1.084375023841858,1293429320,1.4631251096725464,1293438298,1.1992501020431519,,,,,,,,
mpu,,,,,,,,,1293533730,862,32767,-32768,1293533730,-313,-295,393
adc,1293511254,-0.2642500102519989,1293520293,0.3382500112056732,1293529325,0.7385000586509705,1293538384,0.6597500443458557,,,,,,,,
mpu,,,,,,,,,1293633728,2210,26614,-30978,1293633728,-2379,163,1490
adc,1293611249,-0.28700000047683716,1293620286,0.6198750138282776,1293629319,0.09125000238418579,1293638790,0.4072500169277191,,,,,,,,
mpu,,,,,,,,,1293733724,-1022,17652,-28912,1293733724,-2313,385,1462
adc,1293711262,-0.2838750183582306,1293720299,0.8797500133514404,1293729337,0.07187500596046448,1293738349,0.3290000259876251,,,,,,,,
mpu,,,,,,,,,1293833730,1396,1926,-31256,1293833730,-817,-122,430
adc,1293811254,-0.24900001287460327,1293820291,0.8177500367164612,1293829331,0.0036250001285225153,1293838822,0.16237500309944153,,,,,,,,
mpu,,,,,,,,,1293933727,-4050,-8102,-32768,1293933727,1201,-199,-924
adc,1293911250,-0.23112501204013824,1293920293,0.9502500295639038,1293929323,0.002250000135973096,1293938782,0.23400001227855682,,,,,,,,
mpu,,,,,,,,,1294033721,12202,-4322,-32768,1294033721,1969,-22,-1588
adc,1294011252,0.8516250252723694,1294020288,1.3353750705718994,1294029322,0.9050000309944153,1294038785,0.9496250748634338,,,,,,,,
mpu,,,,,,,,,1294133731,12588,21094,-18444,1294133731,1855,586,-914
adc,1294111248,-0.10212500393390656,1294120287,1.112125039100647,1294129317,1.3831250667572021,1294138314,1.190000057220459,,,,,,,,
mpu,,,,,,,,,1294233736,5204,32767,-28526,1294233736,950,-489,-236
adc,1294211259,-0.2057500034570694,1294220296,1.105375051498413,1294229330,1.4032500982284546,1294238570,1.1697500944137573,,,,,,,,
mpu,,,,,,,,,1294333731,970,32767,-32768,1294333731,-1145,-103,827
adc,1294311262,-0.42012500762939453,1294320291,0.5236250162124634,1294329324,0.35475000739097595,1294338324,0.5491250157356262,,,,,,,,
mpu,,,,,,,,,1294433730,1614,24636,-29566,1294433730,-2635,459,1648
adc,1294411247,-0.35500001907348633,1294420292,0.8256250619888306,1294429326,0.10525000840425491,1294438538,0.4515000283718109,,,,,,,,
mpu,,,,,,,,,1294533727,5710,13464,-31854,1294533727,-1928,95,1218
adc,1294511245,-0.40037500858306885,1294520286,0.8353750109672546,1294529317,0.0008750000270083547,1294538541,0.2567500174045563,,,,,,,,
mpu,,,,,,,,,1294633721,810,-5664,-32768,1294633721,45,-132,-168
adc,1294611260,-0.23675000667572021,1294620300,0.8016250133514404,1294629334,-0.0002500000118743628,1294638540,0.23262500762939453,,,,,,,,
mpu,,,,,,,,,1294733728,-7722,-10054,-26556,1294733728,1716,-66,-1393
adc,1294711255,0.1666250079870224,1294720290,0.9692500233650208,1294729324,0.02175000123679638,1294738514,0.5117500424385071,,,,,,,,
mpu,,,,,,,,,1294833728,10894,9630,-19166,1294833728,1939,243,-1366
adc,1294811259,0.11012500524520874,1294820301,1.189500093460083,1294829336,1.0786250829696655,1294838823,1.1090000867843628,,,,,,,,
mpu,,,,,,,,,1294933727,9900,31960,-18172,1294933727,1651,166,-674
adc,1294911253,0.2446250170469284,1294920290,1.1976250410079956,1294929325,1.3785001039505005,1294938804,1.2001250982284546,,,,,,,,
mpu,,,,,,,,,1295033735,4654,32767,-29822,1295033735,237,-355,122
adc,1295011250,-0.17912501096725464,1295020283,0.9908750653266907,1295029313,1.1667500734329224,1295038787,0.9633750319480896,,,,,,,,
mpu,,,,,,,,,1295133729,410,29794,-32768,1295133729,-1943,86,1293
adc,1295111253,-0.4268750250339508,1295120289,0.47700002789497375,1295129326,0.11512500792741776,1295138552,0.5293750166893005,,,,,,,,
mpu,,,,,,,,,1295233729,2698,20170,-28142,1295233729,-2582,408,1626
adc,1295211259,-0.40025001764297485,1295220291,0.643750011920929,1295229324,0.10575000196695328,1295238587,0.43700000643730164,,,,,,,,
mpu,,,,,,,,,1295333729,2290,7588,-28014,1295333729,-1214,-18,864
adc,1295311261,-0.4271250069141388,1295320302,0.7612500190734863,1295329330,-0.0027500002179294825,1295338782,0.26387500762939453,,,,,,,,
mpu,,,,,,,,,1295433731,930,-5622,-32768,1295433731,830,-200,-635
adc,1295411263,-0.15275000035762787,1295420301,0.7190000414848328,1295429336,-0.003375000087544322,1295438830,0.27425000071525574,,,,,,,,
mpu,,,,,,,,,1295533731,6190,-7358,-26248,1295533731,1968,-89,-1600
adc,1295511255,0.6290000081062317,1295520300,1.0998750925064087,1295529339,0.41337502002716064,1295538394,0.7816250324249268,,,,,,,,
mpu,,,,,,,,,1295633730,4080,15208,-15218,1295633730,1836,588,-1122
adc,1295611255,0.1407500058412552,1295620297,1.111375093460083,1295629329,1.1628750562667847,1295638814,1.227000117301941,,,,,,,,
mpu,,,,,,,,,1295733732,8850,32767,-25420,1295733732,1192,-384,-542
adc,1295711253,0.6112500429153442,1295720297,0.9670000672340393,1295729327,1.406000018119812,1295738432,1.186750054359436,,,,,,,,
mpu,,,,,,,,,1295833732,1544,32767,-32768,1295833732,-394,-258,446
adc,1295811268,-0.4088750183582306,1295820307,0.491875022649765,1295829342,0.7740000486373901,1295838331,0.7227500081062317,,,,,,,,
mpu,,,,,,,,,1295933734,-2608,27098,-30548,1295933734,-2368,303,1505
adc,1295911263,-0.4336250126361847,1295920298,0.49687501788139343,1295929333,0.2538750171661377,1295938339,0.5593750476837158,,,,,,,,
mpu,,,,,,,,,1296033728,-428,17278,-28142,1296033728,-2318,301,1468
adc,1296011251,-0.2991250157356262,1296020297,0.5413750410079956,1296029333,0.024625001475214958,1296038539,0.34787502884864807,,,,,,,,
mpu,,,,,,,,,1296133726,2754,262,-30776,1296133726,-697,-209,413
adc,1296111255,-0.3007500171661377,1296120289,0.43912503123283386,1296129327,-0.005000000353902578,1296138569,0.28062501549720764,,,,,,,,
mpu,,,,,,,,,1296233731,-2520,-7066,-32768,1296233731,1288,-168,-909
adc,1296211256,0.21275000274181366,1296220293,0.48250001668930054,1296229329,-0.004124999977648258,1296238418,0.304500013589859,,,,,,,,
mpu,,,,,,,,,1296333734,6332,-2892,-28128,1296333734,1939,91,-1630
adc,1296311258,0.47212502360343933,1296320288,1.1125000715255737,1296329324,0.8583750128746033,1296338305,1.081375002861023,,,,,,,,
mpu,,,,,,,,,1296433728,9412,20478,-15032,1296433728,1842,533,-946
adc,1296411263,0.17912501096725464,1296420303,0.8166250586509705,1296429342,1.4072500467300415,1296438325,1.3833750486373901,,,,,,,,
mpu,,,,,,,,,1296533727,1342,32767,-29010,1296533727,921,-575,-272
adc,1296511251,-0.029875000938773155,1296520287,0.6692500114440918,1296529320,1.4325001239776611,1296538349,1.1443750858306885,,,,,,,,
mpu,,,,,,,,,1296633726,3422,32767,-32768,1296633726,-1140,-119,817
adc,1296611253,-0.3140000104904175,1296620294,0.1508750021457672,1296629325,0.5250000357627869,1296638528,0.6392500400543213,,,,,,,,
mpu,,,,,,,,,1296733730,2796,24880,-32228,1296733730,-2624,396,1628
adc,1296711256,-0.17362500727176666,1296720292,0.3398750126361847,1296729326,0.12387500703334808,1296738553,0.49800002574920654,,,,,,,,
mpu,,,,,,,,,1296833733,3084,12622,-28038,1296833733,-1960,152,1264
adc,1296811258,-0.08812500536441803,1296820299,0.2511250078678131,1296829332,-0.007500000298023224,1296838818,0.26475000381469727,,,,,,,,
mpu,,,,,,,,,1296933736,678,-3708,-32768,1296933736,-2,-138,-77
adc,1296911271,0.016875000670552254,1296920315,0.31687501072883606,1296929347,-0.005750000476837158,1296938830,0.27025002241134644,,,,,,,,
mpu,,,,,,,,,1297033730,-4080,-10936,-23874,1297033730,1711,-31,-1324
adc,1297011244,0.9066250324249268,1297020279,0.398250013589859,1297029308,-0.0038750001695007086,1297038320,0.5337499976158142,,,,,,,,
mpu,,,,,,,,,1297133732,8136,7580,-17788,1297133732,1900,225,-1439
adc,1297111248,0.7520000338554382,1297120282,0.5758750438690186,1297129314,1.167625069618225,1297138505,1.2608751058578491,,,,,,,,
mpu,,,,,,,,,1297233725,5458,32767,-19228,1297233725,1679,163,-829
adc,1297211253,-0.026750002056360245,1297220290,0.5455000400543213,1297229323,1.5061250925064087,1297238535,1.3211250305175781,,,,,,,,
mpu,,,,,,,,,1297333724,2316,32767,-32768,1297333724,399,-500,145
adc,1297311261,0.33525002002716064,1297320290,0.203000009059906,1297329325,1.2327500581741333,1297338311,1.145875096321106,,,,,,,,
mpu,,,,,,,,,1297433731,1638,32767,-32014,1297433731,-1904,198,1200
adc,1297411257,-0.35462501645088196,1297420297,0.08562500774860382,1297429330,0.08550000190734863,1297438513,0.5763750076293945,,,,,,,,
mpu,,,,,,,,,1297533731,2148,21042,-28352,1297533731,-2650,344,1574
adc,1297511260,0.017750000581145287,1297520297,0.12162500619888306,1297529337,0.01900000125169754,1297538322,0.38200002908706665,,,,,,,,
mpu,,,,,,,,,1297633731,2192,5732,-27510,1297633731,-1372,-17,904
adc,1297611261,-0.04662500321865082,1297620298,0.02187500149011612,1297629333,-0.006750000175088644,1297638819,0.23662501573562622,,,,,,,,
mpu,,,,,,,,,1297733732,-654,-5404,-32768,1297733732,701,-295,-553
adc,1297711261,0.18837501108646393,1297720301,0.09200000762939453,1297729332,-0.006750000175088644,1297738335,0.2993750274181366,,,,,,,,
mpu,,,,,,,,,1297833730,4488,-8454,-29298,1297833730,2111,54,-1473
adc,1297811261,0.968000054359436,1297820296,0.2971250116825104,1297829326,0.26512500643730164,1297838368,0.7856250405311584,,,,,,,,
mpu,,,,,,,,,1297933731,10080,16166,-16756,1297933731,1889,390,-1147
adc,1297911250,0.7847500443458557,1297920285,0.22037501633167267,1297929320,1.293125033378601,1297938311,1.3545000553131104,,,,,,,,
mpu,,,,,,,,,1298033728,6016,32767,-25056,1298033728,1276,-215,-652
adc,1298011253,0.765250027179718,1298020294,0.3098750114440918,1298029326,1.5221251249313354,1298038800,1.3123750686645508,,,,,,,,
mpu,,,,,,,,,1298133726,1186,32767,-32768,1298133726,-461,-339,513
adc,1298111265,0.43812501430511475,1298120301,-0.1223750039935112,1298129335,0.8703750371932983,1298138522,0.8220000267028809,,,,,,,,
mpu,,,,,,,,,1298233729,2442,26618,-32768,1298233729,-2510,285,1496
adc,1298211272,-0.10237500816583633,1298220309,-0.13187500834465027,1298229346,0.10712500661611557,1298238558,0.5432500243186951,,,,,,,,
mpu,,,,,,,,,1298333731,2476,16138,-28238,1298333731,-2368,339,1487
adc,1298311259,0.10687500238418579,1298320293,-0.15937501192092896,1298329327,0.026500001549720764,1298338314,0.4593750238418579,,,,,,,,
mpu,,,,,,,,,1298433726,1356,934,-30036,1298433726,-571,-169,366
adc,1298411254,0.18937501311302185,1298420294,-0.14775000512599945,1298429331,-0.007000000216066837,1298438810,0.28675001859664917,,,,,,,,
mpu,,,,,,,,,1298533731,-4432,-9828,-32768,1298533731,1434,-226,-1005
adc,1298511258,0.24437500536441803,1298520299,-0.132750004529953,1298529340,-0.007000000216066837,1298538320,0.3531250059604645,,,,,,,,
mpu,,,,,,,,,1298633730,7540,-652,-21888,1298633730,2015,114,-1576
adc,1298611266,1.1306250095367432,1298620298,0.5515000224113464,1298629336,0.9973750710487366,1298638794,1.1176249980926514,,,,,,,,
mpu,,,,,,,,,1298733728,12932,24662,-17320,1298733728,1758,361,-1020
adc,1298711260,1.0122500658035278,1298720298,-0.06937500089406967,1298729332,1.4787501096725464,1298738420,1.408000111579895,,,,,,,,
mpu,,,,,,,,,1298833724,2498,32767,-31928,1298833724,791,-461,-180
adc,1298811259,1.0667500495910645,1298820298,-0.03450000286102295,1298829333,1.3818750381469727,1298838826,1.2547500133514404,,,,,,,,
mpu,,,,,,,,,1298933735,-524,32767,-29814,1298933735,-1362,38,1006
adc,1298911247,0.4323750138282776,1298920289,-0.3060000240802765,1298929320,0.1471250057220459,1298938799,0.7382500171661377,,,,,,,,
mpu,,,,,,,,,1299033734,600,23398,-30940,1299033734,-2705,247,1693
adc,1299011257,0.05712500214576721,1299020289,-0.27812501788139343,1299029322,0.051875002682209015,1299038800,0.5095000267028809,,,,,,,,
mpu,,,,,,,,,1299133733,4310,9382,-29480,1299133733,-1777,154,1099
adc,1299111264,-0.25612500309944153,1299120300,-0.30275002121925354,1299129333,-0.0043750000186264515,1299138551,0.23887501657009125,,,,,,,,
mpu,,,,,,,,,1299233739,-652,-4836,-32768,1299233739,273,-142,-276
adc,1299211258,0.35587501525878906,1299220289,-0.2671250104904175,1299229320,-0.004124999977648258,1299238421,0.26862502098083496,,,,,,,,
mpu,,,,,,,,,1299333734,4314,-10624,-32146,1299333734,1859,-62,-1405
adc,1299311261,1.1435000896453857,1299320301,-0.20487500727176666,1299329339,0.023375000804662704,1299338348,0.5881250500679016,,,,,,,,
mpu,,,,,,,,,1299433727,8118,14588,-15846,1299433727,1977,432,-1294
adc,1299411260,1.3173750638961792,1299420301,-0.0001250000059371814,1299429336,1.1286250352859497,1299438804,1.168624997138977,,,,,,,,
mpu,,,,,,,,,1299533731,3350,32767,-21606,1299533731,1457,-64,-618
adc,1299511256,1.0242500305175781,1299520294,-0.19112500548362732,1299529335,1.4471250772476196,1299538379,1.343250036239624,,,,,,,,
mpu,,,,,,,,,1299633727,344,32767,-32768,1299633727,15,-429,254
adc,1299611253,0.8865000605583191,1299620291,-0.36775001883506775,1299629329,1.1016250848770142,1299638779,0.9360000491142273,,,,,,,,
mpu,,,,,,,,,1299733729,26,30562,-32096,1299733729,-2066,172,1325
adc,1299711252,0.49937501549720764,1299720291,-0.38612502813339233,1299729326,0.07462500035762787,1299738557,0.5516250133514404,,,,,,,,
mpu,,,,,,,,,1299833736,3626,20044,-28276,1299833736,-2484,332,1540
adc,1299811251,0.5662500262260437,1299820290,-0.3386250138282776,1299829326,0.07400000095367432,1299838380,0.41187500953674316,,,,,,,,
mpu,,,,,,,,,1299933726,2084,4544,-29958,1299933726,-1089,-33,704
adc,1299911259,0.1080000028014183,1299920299,-0.3283750116825104,1299929329,0.0001250000059371814,1299938823,0.3061250150203705,,,,,,,,
mpu,,,,,,,,,1300033729,-1286,-7118,-32768,1300033729,1020,-163,-737
adc,1300011254,0.44837501645088196,1300020307,-0.2524999976158142,1300029345,0.0005000000237487257,1300038828,0.2553749978542328,,,,,,,,
mpu,,,,,,,,,1300133733,6192,-5820,-32768,1300133733,2050,4,-1563
adc,1300111263,1.502500057220459,1300120297,0.10975000262260437,1300129334,0.639875054359436,1300138823,0.8295000195503235,,,,,,,,
mpu,,,,,,,,,1300233725,10148,15326,-15146,1300233725,1829,495,-1138
adc,1300211255,1.24875009059906,1300220282,-0.038750000298023224,1300229313,1.284250020980835,1300238550,1.286750078201294,,,,,,,,
mpu,,,,,,,,,1300333728,5266,32767,-25592,1300333728,1111,-449,-414
adc,1300311253,1.2760000228881836,1300320289,-0.33150002360343933,1300329319,1.4953750371932983,1300338785,1.317750096321106,,,,,,,,
mpu,,,,,,,,,1300433733,4200,32767,-32768,1300433733,-777,-144,678
adc,1300411246,0.9508750438690186,1300420291,-0.42512503266334534,1300429322,0.6948750615119934,1300438802,0.7622500658035278,,,,,,,,
mpu,,,,,,,,,1300533732,6206,26448,-32768,1300533732,-2635,267,1607
adc,1300511251,0.3216250240802765,1300520289,-0.3932500183582306,1300529325,0.10262500494718552,1300538591,0.5103750228881836,,,,,,,,
mpu,,,,,,,,,1300633733,3644,14828,-31072,1300633733,-2144,254,1367
adc,1300611255,0.6421250104904175,1300620284,-0.3642500042915344,1300629315,0.01075000036507845,1300638801,0.29100000858306885,,,,,,,,
mpu,,,,,,,,,1300733729,-82,-2482,-31338,1300733729,-193,-96,124
adc,1300711255,0.281000018119812,1300720291,-0.12712500989437103,1300729324,0.003375000087544322,1300738540,0.2537500262260437,,,,,,,,
mpu,,,,,,,,,1300833729,-8574,-11536,-32768,1300833729,1692,-214,-1211
adc,1300811243,0.43675002455711365,1300820275,-0.28725001215934753,1300829309,0.004124999977648258,1300838315,0.3661250174045563,,,,,,,,
mpu,,,,,,,,,1300933733,5964,6268,-20644,1300933733,2016,264,-1497
adc,1300911256,1.4983750581741333,1300920291,0.4857500195503235,1300929322,1.1201250553131104,1300938360,1.1963750123977661,,,,,,,,
mpu,,,,,,,,,1301033734,4384,28516,-19202,1301033734,1722,266,-873
adc,1301011257,1.2017500400543213,1301020295,-0.11312500387430191,1301029326,1.4576250314712524,1301038313,1.3885000944137573,,,,,,,,
mpu,,,,,,,,,1301133733,3418,32767,-32768,1301133733,500,-416,27
adc,1301111265,1.0288749933242798,1301120296,-0.1613750010728836,1301129328,1.4108750820159912,1301138326,1.2823750972747803,,,,,,,,
mpu,,,,,,,,,1301233726,248,32767,-32768,1301233726,-1863,30,1117
adc,1301211251,0.518875002861023,1301220296,-0.41187500953674316,1301229323,0.374875009059906,1301238538,0.6302500367164612,,,,,,,,
mpu,,,,,,,,,1301333729,5594,23406,-29388,1301333729,-2775,183,1653
adc,1301311254,0.4646250307559967,1301320289,-0.19075000286102295,1301329325,0.22412501275539398,1301338302,0.581250011920929,,,,,,,,
mpu,,,,,,,,,1301433731,2018,7554,-29556,1301433731,-1481,161,975
adc,1301411256,0.15025000274181366,1301420294,-0.19625000655651093,1301429330,0.004750000312924385,1301438381,0.31675001978874207,,,,,,,,
mpu,,,,,,,,,1301533731,-918,-6084,-32768,1301533731,599,-223,-507
adc,1301511256,0.2970000207424164,1301520290,0.08312500268220901,1301529322,0.0061250003054738045,1301538342,0.28037500381469727,,,,,,,,
mpu,,,,,,,,,1301633732,6686,-10134,-30302,1301633732,2026,-70,-1509
adc,1301611261,1.3941251039505005,1301620296,0.2566250264644623,1301629326,0.2458750158548355,1301638376,0.6697500348091125,,,,,,,,
mpu,,,,,,,,,1301733733,6792,14688,-14646,1301733733,1882,511,-1226
adc,1301711257,1.302125096321106,1301720290,0.36900001764297485,1301729324,1.268375039100647,1301738553,1.343500018119812,,,,,,,,
mpu,,,,,,,,,1301833728,9966,32767,-27830,1301833728,1415,-399,-544
adc,1301811256,0.9115000367164612,1301820295,-0.005875000264495611,1301829326,1.5810000896453857,1301838341,1.408000111579895,,,,,,,,
mpu,,,,,,,,,1301933729,250,32767,-32768,1301933729,-277,-216,372
adc,1301911268,1.068750023841858,1301920307,-0.1731250137090683,1301929339,1.2117500305175781,1301938529,1.0353749990463257,,,,,,,,
mpu,,,,,,,,,1302033732,440,27872,-31026,1302033732,-2483,252,1502
adc,1302011261,0.3685000240802765,1302020304,-0.11987500637769699,1302029341,0.09550000727176666,1302038784,0.5335000157356262,,,,,,,,
mpu,,,,,,,,,1302133725,3172,17982,-27276,1302133725,-2423,330,1518
adc,1302111258,0.5488750338554382,1302120296,-0.0572500042617321,1302129331,0.09037500619888306,1302138317,0.4708750247955322,,,,,,,,
mpu,,,,,,,,,1302233733,114,1692,-30714,1302233733,-707,-42,399
adc,1302211266,0.04325000196695328,1302220305,0.24275001883506775,1302229339,0.006750000175088644,1302238573,0.22875000536441803,,,,,,,,
mpu,,,,,,,,,1302333727,-2214,-10134,-32768,1302333727,1351,-271,-979
adc,1302311253,0.1469999998807907,1302320285,0.25337502360343933,1302329313,0.007250000257045031,1302338401,0.26212501525878906,,,,,,,,
mpu,,,,,,,,,1302433726,8880,172,-19546,1302433726,2069,161,-1547
adc,1302411257,1.3595000505447388,1302420294,0.6471250057220459,1302429323,0.7948750257492065,1302438311,0.983375072479248,,,,,,,,
mpu,,,,,,,,,1302533738,10096,21966,-14414,1302533738,1772,356,-967
adc,1302511266,1.1737500429153442,1302520309,0.483875036239624,1302529348,1.3906251192092896,1302538836,1.364625096321106,,,,,,,,
mpu,,,,,,,,,1302633735,6054,32767,-27824,1302633735,859,-490,-217
adc,1302611246,1.102500081062317,1302620280,0.2627499997615814,1302629313,1.4438750743865967,1302638346,1.308000087738037,,,,,,,,
mpu,,,,,,,,,1302733730,-1338,32767,-32768,1302733730,-1252,-8,924
adc,1302711259,0.3056250214576721,1302720289,-0.0897500067949295,1302729322,0.5721250176429749,1302738543,0.7515000104904175,,,,,,,,
mpu,,,,,,,,,1302833731,3590,24364,-32768,1302833731,-2718,288,1660
adc,1302811255,0.1900000125169754,1302820288,0.16737501323223114,1302829322,0.16487500071525574,1302838815,0.5688750147819519,,,,,,,,
mpu,,,,,,,,,1302933728,4710,11664,-31630,1302933728,-1871,155,1192
adc,1302911257,0.1525000035762787,1302920288,0.14550000429153442,1302929325,0.011125000193715096,1302938361,0.28587502241134644,,,,,,,,
mpu,,,,,,,,,1303033731,316,-3816,-32768,1303033731,199,-112,-227
adc,1303011254,-0.011125000193715096,1303020285,0.5382500290870667,1303029324,0.00812500063329935,1303038319,0.3050000071525574,,,,,,,,
mpu,,,,,,,,,1303133727,2100,-10608,-24342,1303133727,1891,0,-1382
adc,1303111258,0.4740000367164612,1303120297,0.53062504529953,1303129330,0.006875000428408384,1303138310,0.5060000419616699,,,,,,,,
mpu,,,,,,,,,1303233733,9290,14606,-15766,1303233733,1963,163,-1227
adc,1303211248,0.6303750276565552,1303220288,0.7246250510215759,1303229325,1.111375093460083,1303238564,1.2491250038146973,,,,,,,,
mpu,,,,,,,,,1303333732,6136,30954,-18592,1303333732,1493,31,-749
adc,1303311259,0.23112501204013824,1303320298,0.7365000247955322,1303329331,1.4638750553131104,1303338539,1.3006250858306885,,,,,,,,
mpu,,,,,,,,,1303433730,2852,32767,-32768,1303433730,106,-416,142
adc,1303411251,0.8478750586509705,1303420287,0.5041249990463257,1303429326,1.3622500896453857,1303438806,1.1565001010894775,,,,,,,,
mpu,,,,,,,,,1303533735,-846,30358,-32052,1303533735,-2060,87,1312
adc,1303511255,-0.04725000262260437,1303520289,0.15425001084804535,1303529326,0.16550001502037048,1303538387,0.5698750019073486,,,,,,,,
mpu,,,,,,,,,1303633731,-434,19806,-28814,1303633731,-2501,412,1617
adc,1303611260,-0.13512501120567322,1303620292,0.45900002121925354,1303629324,0.08300000429153442,1303638305,0.4400000274181366,,,,,,,,
mpu,,,,,,,,,1303733735,3206,5132,-29326,1303733735,-1164,-43,765
adc,1303711254,-0.12012500315904617,1303720291,0.4426250159740448,1303729330,0.006875000428408384,1303738625,0.2527500092983246,,,,,,,,
mpu,,,,,,,,,1303833733,-984,-6606,-32768,1303833733,933,-277,-692
adc,1303811252,-0.09837500751018524,1303820296,0.7845000624656677,1303829333,0.008375000208616257,1303838317,0.19300000369548798,,,,,,,,
mpu,,,,,,,,,1303933735,3300,-10116,-32536,1303933735,2060,-148,-1595
adc,1303911257,1.236375093460083,1303920292,0.7827500104904175,1303929332,0.2695000171661377,1303938355,0.6082500219345093,,,,,,,,
mpu,,,,,,,,,1304033729,14824,18014,-9206,1304033729,1883,606,-1199
adc,1304011249,0.84312504529953,1304020289,1.0203750133514404,1304029325,1.3443750143051147,1304038778,1.3631250858306885,,,,,,,,
mpu,,,,,,,,,1304133732,6770,32767,-28506,1304133732,1136,-544,-506
adc,1304111265,0.10137500613927841,1304120303,0.8917500376701355,1304129335,1.5292500257492065,1304138574,1.3732500076293945,,,,,,,,
mpu,,,,,,,,,1304233723,3802,32767,-32768,1304233723,-672,-34,618
adc,1304211257,-0.018000001087784767,1304220298,0.39250001311302185,1304229333,0.8370000123977661,1304238383,0.9562500715255737,,,,,,,,
mpu,,,,,,,,,1304333734,2768,25872,-32662,1304333734,-2639,269,1632
adc,1304311255,-0.15262500941753387,1304320296,0.5716250538825989,1304329329,0.09862500429153442,1304338306,0.5365000367164612,,,,,,,,
mpu,,,,,,,,,1304433726,-94,16274,-27852,1304433726,-2267,326,1382
adc,1304411263,-0.18150000274181366,1304420302,0.6875000596046448,1304429334,0.016625000163912773,1304438771,0.2827500104904175,,,,,,,,
mpu,,,,,,,,,1304533733,82,-1970,-30886,1304533733,-365,-87,152
adc,1304511251,-0.2070000171661377,1304520288,0.8215000629425049,1304529324,0.0062500000931322575,1304538810,0.2045000046491623,,,,,,,,
mpu,,,,,,,,,1304633732,-9540,-9118,-32768,1304633732,1542,-148,-1159
adc,1304611261,-0.09975000470876694,1304620298,0.8201250433921814,1304629335,0.006625000387430191,1304638365,0.27525001764297485,,,,,,,,
mpu,,,,,,,,,1304733725,7852,1206,-21924,1304733725,1989,165,-1484
adc,1304711252,1.7880001068115234,1304720285,1.2057501077651978,1304729317,0.8023750185966492,1304738546,1.0192500352859497,,,,,,,,
mpu,,,,,,,,,1304833736,9248,26696,-17658,1304833736,1730,408,-834
adc,1304811260,0.2370000183582306,1304820303,1.1251250505447388,1304829335,1.4315000772476196,1304838797,1.4175000190734863,,,,,,,,
mpu,,,,,,,,,1304933726,5554,32767,-30278,1304933726,697,-554,-84
adc,1304911264,-0.3112500011920929,1304920301,1.0368750095367432,1304929335,1.4187500476837158,1304938806,1.32687509059906,,,,,,,,
mpu,,,,,,,,,1305033731,288,32767,-31716,1305033731,-1557,9,987
adc,1305011245,-0.320125013589859,1305020285,0.44200003147125244,1305029320,0.502625048160553,1305038788,0.7158750295639038,,,,,,,,
mpu,,,,,,,,,1305133725,2906,23700,-29806,1305133725,-2736,252,1638
adc,1305111255,-0.39362502098083496,1305120292,0.6765000224113464,1305129324,0.15000000596046448,1305138550,0.45787501335144043,,,,,,,,
mpu,,,,,,,,,1305233731,3146,9292,-27660,1305233731,-1648,173,1080
adc,1305211267,-0.3852500319480896,1305220307,0.7562500238418579,1305229341,0.012125000357627869,1305238566,0.3087500035762787,,,,,,,,
mpu,,,,,,,,,1305333721,-566,-3846,-32768,1305333721,492,-103,-227
adc,1305311261,1.3855000734329224,1305320300,0.8080000281333923,1305329334,0.003000000026077032,1305338798,0.2018750160932541,,,,,,,,
mpu,,,,,,,,,1305433733,496,-10884,-32768,1305433733,2017,-182,-1402
adc,1305411252,0.3058750033378601,1305420292,0.7540000081062317,1305429326,0.002625000197440386,1305438312,0.4050000309944153,,,,,,,,
mpu,,,,,,,,,1305533733,6056,15302,-19376,1305533733,1845,395,-1340
adc,1305511248,0.1837500035762787,1305520286,1.1142500638961792,1305529320,1.0525000095367432,1305538304,1.0323750972747803,,,,,,,,
mpu,,,,,,,,,1305633728,7574,32767,-21574,1305633728,1423,-93,-690
adc,1305611259,-0.31550002098083496,1305620297,1.1405000686645508,1305629328,1.3885000944137573,1305638804,1.2211250066757202,,,,,,,,
mpu,,,,,,,,,1305733730,-754,32767,-32768,1305733730,5,-280,249
adc,1305711253,-0.37912502884864807,1305720283,0.7443750500679016,1305729321,1.2806251049041748,1305738315,1.199125051498413,,,,,,,,
mpu,,,,,,,,,1305833728,1004,27742,-32768,1305833728,-2214,108,1332
adc,1305811259,-0.4111250340938568,1305820293,0.6373750567436218,1305829327,0.09537500143051147,1305838791,0.5213750004768372,,,,,,,,
mpu,,,,,,,,,1305933735,3660,20112,-27334,1305933735,-2497,370,1569
adc,1305911258,-0.40275001525878906,1305920292,0.858875036239624,1305929323,0.08575000613927841,1305938815,0.4463750123977661,,,,,,,,
mpu,,,,,,,,,1306033724,3438,4276,-28264,1306033724,-1024,-30,670
adc,1306011261,-0.4180000126361847,1306020304,0.6105000376701355,1306029337,-0.003000000026077032,1306038812,0.25300002098083496,,,,,,,,
mpu,,,,,,,,,1306133734,-2336,-5824,-32768,1306133734,1024,-183,-834
adc,1306111259,-0.3281250298023224,1306120297,0.7270000576972961,1306129324,-0.001500000013038516,1306138408,0.20137500762939453,,,,,,,,
mpu,,,,,,,,,1306233726,8004,-5828,-32768,1306233726,2097,140,-1535
adc,1306211262,0.6701250076293945,1306220300,0.858625054359436,1306229333,0.6212500333786011,1306238369,0.7247500419616699,,,,,,,,
mpu,,,,,,,,,1306333729,8202,15564,-16508,1306333729,1885,385,-985
adc,1306311262,0.2316250056028366,1306320300,0.8757500648498535,1306329327,1.4095001220703125,1306338364,1.1596250534057617,,,,,,,,
mpu,,,,,,,,,1306433724,3228,32767,-26208,1306433724,1075,-414,-360
adc,1306411253,0.020250000059604645,1306420289,1.0656250715255737,1306429323,1.658750057220459,1306438354,1.3130000829696655,,,,,,,,
mpu,,,,,,,,,1306533724,4096,32767,-32552,1306533724,-770,-75,633
adc,1306511253,-0.4025000333786011,1306520287,0.8415000438690186,1306529321,0.5425000190734863,1306538313,0.8651250600814819,,,,,,,,
mpu,,,,,,,,,1306633730,4552,28252,-31828,1306633730,-2669,176,1579
adc,1306611254,-0.4063750207424164,1306620292,0.6573750376701355,1306629327,0.014250000938773155,1306638797,0.6217500567436218,,,,,,,,
mpu,,,,,,,,,1306733724,4264,14546,-28634,1306733724,-2109,189,1384
adc,1306711249,-0.43812501430511475,1306720285,0.5902500152587891,1306729319,-0.005875000264495611,1306738510,0.3381250202655792,,,,,,,,
mpu,,,,,,,,,1306833735,-304,-1716,-32094,1306833735,-251,84,118
adc,1306811249,-0.4012500047683716,1306820281,0.4933750331401825,1306829315,-0.0042500002309679985,1306838354,0.21812501549720764,,,,,,,,
mpu,,,,,,,,,1306933731,-5368,-6560,-29008,1306933731,1507,-262,-1058
adc,1306911255,0.37412500381469727,1306920287,0.5237500071525574,1306929318,-0.004124999977648258,1306938383,0.3386250138282776,,,,,,,,
mpu,,,,,,,,,1307033730,9148,818,-19668,1307033730,1973,159,-1503
adc,1307011262,0.6787500381469727,1307020293,1.1911250352859497,1307029328,0.8211250305175781,1307038791,0.9330000281333923,,,,,,,,
mpu,,,,,,,,,1307133723,9866,24644,-15872,1307133723,1646,228,-876
adc,1307111256,0.18400001525878906,1307120294,0.7972500324249268,1307129325,1.361625075340271,1307138306,1.2412500381469727,,,,,,,,
mpu,,,,,,,,,1307233727,3416,32767,-32678,1307233727,714,-448,-127
adc,1307211254,0.8610000610351562,1307220294,0.9190000295639038,1307229328,1.4266250133514404,1307238531,1.2943750619888306,,,,,,,,
mpu,,,,,,,,,1307333730,-962,32767,-31926,1307333730,-1412,165,926
adc,1307311260,-0.36412501335144043,1307320294,0.42225003242492676,1307329328,0.34062501788139343,1307338810,0.6958750486373901,,,,,,,,
mpu,,,,,,,,,1307433736,3022,24484,-31336,1307433736,-2704,237,1654
adc,1307411267,-0.40025001764297485,1307420298,0.3881250321865082,1307429330,0.08375000208616257,1307438820,0.4633750319480896,,,,,,,,
mpu,,,,,,,,,1307533730,2942,10550,-28374,1307533730,-1749,114,1075
adc,1307511263,-0.40812501311302185,1307520299,0.257750004529953,1307529329,0.005125000141561031,1307538310,0.3477500081062317,,,,,,,,
mpu,,,,,,,,,1307633733,102,-4666,-32768,1307633733,346,-199,-247
adc,1307611260,-0.05975000187754631,1307620289,0.33500000834465027,1307629321,-0.004500000271946192,1307638799,0.3302500247955322,,,,,,,,
mpu,,,,,,,,,1307733729,6062,-11974,-32768,1307733729,1933,-73,-1427
adc,1307711271,0.5301250219345093,1307720307,0.2448750138282776,1307729340,0.004875000100582838,1307738550,0.5277500152587891,,,,,,,,
mpu,,,,,,,,,1307833731,8178,11688,-13716,1307833731,1817,326,-1352
adc,1307811243,0.8581250309944153,1307820280,0.7320000529289246,1307829309,1.1046251058578491,1307838305,1.1115000247955322,,,,,,,,
mpu,,,,,,,,,1307933721,5234,32648,-23202,1307933721,1476,-113,-694
adc,1307911253,0.09100000560283661,1307920290,0.7510000467300415,1307929320,1.4483751058578491,1307938809,1.3098750114440918,,,,,,,,
mpu,,,,,,,,,1308033743,228,32767,-32768,1308033743,41,-211,289
adc,1308011266,0.9642500281333923,1308020312,0.27674999833106995,1308029350,1.2940000295639038,1308038838,1.1226251125335693,,,,,,,,
mpu,,,,,,,,,1308133729,-1342,31224,-31182,1308133729,-2154,116,1284
adc,1308111259,-0.12587501108646393,1308120296,0.1757500022649765,1308129330,0.2306250035762787,1308138334,0.6581250429153442,,,,,,,,
mpu,,,,,,,,,1308233727,1438,19292,-28948,1308233727,-2521,309,1583
adc,1308211255,-0.34925001859664917,1308220284,0.210875004529953,1308229315,0.0923750028014183,1308238314,0.4737500250339508,,,,,,,,
mpu,,,,,,,,,1308333730,1338,4362,-30172,1308333730,-1065,-13,647
adc,1308311262,-0.38450002670288086,1308320296,0.0963750034570694,1308329330,-0.006500000134110451,1308338806,0.3228750228881836,,,,,,,,
mpu,,,,,,,,,1308433733,-1014,-6292,-32768,1308433733,1079,-110,-679
adc,1308411260,0.1287500113248825,1308420302,0.11650000512599945,1308429333,-0.006750000175088644,1308438360,0.28062501549720764,,,,,,,,
mpu,,,,,,,,,1308533733,8960,-8772,-32768,1308533733,2034,-99,-1498
adc,1308511258,1.1655000448226929,1308520302,0.14475001394748688,1308529334,0.2905000150203705,1308538411,0.781125009059906,,,,,,,,
mpu,,,,,,,,,1308633727,10692,16948,-14790,1308633727,1711,411,-1206
adc,1308611262,0.6381250023841858,1308620297,0.5826250314712524,1308629328,1.3322501182556152,1308638821,1.3037500381469727,,,,,,,,
mpu,,,,,,,,,1308733725,4876,32767,-25260,1308733725,1217,-452,-368
adc,1308711247,0.952875018119812,1308720287,0.3876250088214874,1308729320,1.5040000677108765,1308738612,1.3415000438690186,,,,,,,,
mpu,,,,,,,,,1308833736,2316,32767,-32768,1308833736,-576,48,635
adc,1308811250,0.06312499940395355,1308820285,-0.03425000235438347,1308829318,0.8922500610351562,1308838400,0.9957500696182251,,,,,,,,
mpu,,,,,,,,,1308933733,2888,25708,-32768,1308933733,-2621,256,1580
adc,1308911262,-0.17662501335144043,1308920300,-0.0807500034570694,1308929331,0.03962500020861626,1308938314,0.6035000085830688,,,,,,,,
mpu,,,,,,,,,1309033733,2928,15652,-28780,1309033733,-2250,346,1307
adc,1309011258,-0.08575000613927841,1309020299,-0.08262500166893005,1309029333,0.036500003188848495,1309038545,0.3761250078678131,,,,,,,,
mpu,,,,,,,,,1309133731,248,748,-31432,1309133731,-368,-146,246
adc,1309111260,-0.010375000536441803,1309120300,-0.09287500381469727,1309129336,-0.0061250003054738045,1309138575,0.304375022649765,,,,,,,,
mpu,,,,,,,,,1309233733,-10064,-9724,-31794,1309233733,1636,-179,-1067
adc,1309211256,0.2891250252723694,1309220291,-0.17662501335144043,1309229320,-0.007125000469386578,1309238655,0.335750013589859,,,,,,,,
mpu,,,,,,,,,1309333732,6340,884,-19652,1309333732,1901,118,-1525
adc,1309311257,1.427625060081482,1309320296,0.24800001084804535,1309329332,0.6848750114440918,1309338556,0.9421250224113464,,,,,,,,
mpu,,,,,,,,,1309433737,7344,29836,-16818,1309433737,1621,246,-970
adc,1309411252,0.8290000557899475,1309420289,0.9432500600814819,1309429326,1.455125093460083,1309438381,1.3687500953674316,,,,,,,,
mpu,,,,,,,,,1309533730,3714,32767,-30616,1309533730,788,-525,-83
adc,1309511257,0.8638750314712524,1309520293,-0.15700000524520874,1309529329,1.520625114440918,1309538398,1.3323750495910645,,,,,,,,
mpu,,,,,,,,,1309633728,-352,32767,-32318,1309633728,-1509,124,1054
adc,1309611255,-0.07187500596046448,1309620289,-0.1980000138282776,1309629321,0.6331250071525574,1309638297,0.7473750114440918,,,,,,,,
mpu,,,,,,,,,1309733727,4108,24876,-32694,1309733727,-2750,240,1665
adc,1309711253,-0.05050000175833702,1309720294,-0.22812500596046448,1309729332,0.36362501978874207,1309738315,0.5863749980926514,,,,,,,,
mpu,,,,,,,,,1309833736,2340,9620,-27492,1309833736,-1647,204,1053
adc,1309811262,-0.03400000184774399,1309820298,-0.26625001430511475,1309829330,-0.005375000182539225,1309838314,0.18512500822544098,,,,,,,,
mpu,,,,,,,,,1309933732,2262,-8312,-32768,1309933732,518,-701,-505
adc,1309911262,0.3006250262260437,1309920299,-0.27800002694129944,1309929333,-0.005375000182539225,1309938348,0.3082500100135803,,,,,,,,
mpu,,,,,,,,,1310033724,4922,-6108,-32768,1310033724,1837,-251,-1615
adc,1310011257,0.6991250514984131,1310020304,-0.25687500834465027,1310029340,-0.005375000182539225,1310038832,0.3661250174045563,,,,,,,,
mpu,,,,,,,,,1310133729,9326,6866,-18432,1310133729,1772,322,-1427
adc,1310111256,1.3027501106262207,1310120297,-0.2833750247955322,1310129335,0.3173750042915344,1310138534,0.7423750162124634,,,,,,,,
mpu,,,,,,,,,1310233732,5926,30990,-24220,1310233732,1213,31,-748
adc,1310211253,0.7137500047683716,1310220296,-0.0430000014603138,1310229330,0.7747500538825989,1310238547,1.1047500371932983,,,,,,,,
mpu,,,,,,,,,1310333728,-598,32767,-28804,1310333728,41,-36,90
adc,1310311263,1.189750075340271,1310320302,-0.2758750021457672,1310329334,0.9928750395774841,1310338823,1.2183750867843628,,,,,,,,
mpu,,,,,,,,,1310433731,-12476,13834,-32768,1310433731,-935,208,650
adc,1310411256,0.8032500147819519,1310420295,-0.31150001287460327,1310429328,1.1893750429153442,1310438558,1.3405001163482666,,,,,,,,
mpu,,,,,,,,,1310533728,2972,28972,-32768,1310533728,1435,109,-648
adc,1310511260,1.3446251153945923,1310520291,-0.27512502670288086,1310529322,1.1508750915527344,1310538522,1.4605001211166382,,,,,,,,
mpu,,,,,,,,,1310633729,-8074,7062,-32768,1310633729,996,216,-681
adc,1310611258,1.206375002861023,1310620295,-0.3150000274181366,1310629330,1.408250093460083,1310638401,1.6251250505447388,,,,,,,,
mpu,,,,,,,,,1310733730,2716,10380,-26024,1310733730,370,-146,-175
adc,1310711262,0.8603750467300415,1310720306,-0.320250004529953,1310729339,1.3418750762939453,1310738550,1.5506250858306885,,,,,,,,
mpu,,,,,,,,,1310833729,-930,18814,-32768,1310833729,85,-150,96
adc,1310811263,1.1303750276565552,1310820302,-0.27300000190734863,1310829333,1.4441250562667847,1310838329,1.6336250305175781,,,,,,,,
mpu,,,,,,,,,1310933734,-4160,17024,-32768,1310933734,-208,-69,230
adc,1310911259,1.0722500085830688,1310920301,-0.29250001907348633,1310929328,1.5923750400543213,1310938305,1.6717500686645508,,,,,,,,
mpu,,,,,,,,,1311033727,-3166,17664,-32768,1311033727,471,-50,-261
adc,1311011263,1.187250018119812,1311020300,-0.2813750207424164,1311029333,1.592000126838684,1311038370,1.6648750305175781,,,,,,,,
mpu,,,,,,,,,1311133732,3480,16328,-32768,1311133732,512,-103,-251
adc,1311111256,1.0946249961853027,1311120293,-0.2750000059604645,1311129327,1.6788750886917114,1311138536,1.7511250972747803,,,,,,,,
mpu,,,,,,,,,1311233729,1504,14882,-32014,1311233729,-96,138,11
adc,1311211257,1.0252500772476196,1311220291,-0.2680000066757202,1311229325,1.6657500267028809,1311238568,1.7157500982284546,,,,,,,,
mpu,,,,,,,,,1311333733,-3702,17414,-32768,1311333733,-191,-48,104
adc,1311311259,1.29562509059906,1311320293,-0.20150001347064972,1311329324,1.6668751239776611,1311338798,1.7400001287460327,,,,,,,,
mpu,,,,,,,,,1311433734,-974,16532,-32768,1311433734,218,146,-113
adc,1311411267,1.1826250553131104,1311420306,-0.2017500102519989,1311429338,1.7032500505447388,1311438807,1.802125096321106,,,,,,,,
mpu,,,,,,,,,1311533732,404,16792,-32768,1311533732,126,64,-9
adc,1311511251,1.1213750839233398,1311520292,-0.19200000166893005,1311529328,1.6581250429153442,1311538389,1.8041250705718994,,,,,,,,
mpu,,,,,,,,,1311633722,-794,16498,-32768,1311633722,-239,37,164
adc,1311611251,1.2812501192092896,1311620284,-0.18050001561641693,1311629312,1.6353750228881836,1311638795,1.7507500648498535,,,,,,,,
mpu,,,,,,,,,1311733730,-724,16718,-32768,1311733730,-116,43,101
adc,1311711251,1.1098750829696655,1311720290,-0.20000000298023224,1311729327,1.6948751211166382,1311738417,1.7915000915527344,,,,,,,,
mpu,,,,,,,,,1311833735,-152,16466,-32768,1311833735,-100,-24,119
adc,1311811259,1.2536250352859497,1311820294,-0.14662501215934753,1311829333,1.646375060081482,1311838807,1.7903751134872437,,,,,,,,
mpu,,,,,,,,,1311933731,-362,16220,-32768,1311933731,-77,-36,84
adc,1311911247,0.518500030040741,1311920284,-0.0325000025331974,1311929314,1.7223750352859497,1311938326,1.8280000686645508,,,,,,,,
mpu,,,,,,,,,1312033733,128,15840,-32768,1312033733,31,38,5
adc,1312011257,0.3382500112056732,1312020306,0.04650000110268593,1312029341,1.5626250505447388,1312038774,1.8293750286102295,,,,,,,,
mpu,,,,,,,,,1312133732,-1404,17562,-32768,1312133732,96,5,-72
adc,1312111265,0.16225001215934753,1312120298,-0.0650000050663948,1312129329,1.4446250200271606,1312138312,1.75600004196167,,,,,,,,
mpu,,,,,,,,,1312233732,-988,16938,-32768,1312233732,219,152,-113
adc,1312211253,0.4087500274181366,1312220292,-0.06750000268220901,1312229327,1.092250108718872,1312238546,1.4988750219345093,,,,,,,,
mpu,,,,,,,,,1312333731,74,16788,-32768,1312333731,196,168,-70
adc,1312311260,0.23512500524520874,1312320295,0.03674999997019768,1312329333,0.4585000276565552,1312338797,1.2167500257492065,,,,,,,,
mpu,,,,,,,,,1312433727,666,17340,-32768,1312433727,-45,513,109
adc,1312411257,0.7138750553131104,1312420297,0.01087500061839819,1312429333,0.05675000324845314,1312438761,0.7466250061988831,,,,,,,,
mpu,,,,,,,,,1312533734,1560,13838,-32768,1312533734,21,856,76
adc,1312511261,0.1703750044107437,1312520301,0.09562500566244125,1312529333,0.002250000135973096,1312538825,0.38862502574920654,,,,,,,,
mpu,,,,,,,,,1312633728,-976,15892,-32768,1312633728,226,303,16
adc,1312611258,0.861875057220459,1312620295,0.07237500697374344,1312629331,0.0031250000465661287,1312638307,0.5376250147819519,,,,,,,,
mpu,,,,,,,,,1312733727,-1162,17570,-32768,1312733727,90,-570,-104
adc,1312711261,-0.23375001549720764,1312720296,-0.048500001430511475,1312729338,0.1301250010728836,1312738326,1.0248750448226929,,,,,,,,
mpu,,,,,,,,,1312833730,-28,17792,-32768,1312833730,13,-211,-22
adc,1312811257,0.7312500476837158,1312820295,-0.026750002056360245,1312829328,0.12862500548362732,1312838308,0.9808750748634338,,,,,,,,
mpu,,,,,,,,,1312933729,740,16794,-32768,1312933729,-98,166,61
adc,1312911263,0.6380000114440918,1312920298,0.016625000163912773,1312929330,0.012500000186264515,1312938809,0.7087500095367432,,,,,,,,
mpu,,,,,,,,,1313033725,894,16108,-32768,1313033725,-6,261,65
adc,1313011263,0.7860000133514404,1313020298,0.06262500584125519,1313029329,0.008875000290572643,1313038825,0.6528750061988831,,,,,,,,
mpu,,,,,,,,,1313133725,880,16736,-32768,1313133725,-56,-163,24
adc,1313111255,0.8245000243186951,1313120291,0.06612500548362732,1313129322,0.012500000186264515,1313138339,0.7417500615119934,,,,,,,,
mpu,,,,,,,,,1313233730,1980,16770,-32768,1313233730,-256,-254,-84
adc,1313211255,0.8237500190734863,1313220292,0.08550000190734863,1313229324,0.03525000065565109,1313238421,0.7923750281333923,,,,,,,,
mpu,,,,,,,,,1313333733,546,16042,-32768,1313333733,-275,-198,-87
adc,1313311255,0.7533750534057617,1313320284,0.10012500733137131,1313329315,0.12675000727176666,1313338809,0.8195000290870667,,,,,,,,
mpu,,,,,,,,,1313433731,-676,15550,-32768,1313433731,-155,-117,-78
adc,1313411257,0.14625000953674316,1313420297,0.07962500303983688,1313429337,0.1692500114440918,1313438818,0.8533750176429749,,,,,,,,
mpu,,,,,,,,,1313533730,128,17132,-32768,1313533730,-47,15,-59
adc,1313511259,-0.05912500247359276,1313520291,0.08787500113248825,1313529328,0.1485000103712082,1313538817,0.8387500643730164,,,,,,,,
mpu,,,,,,,,,1313633733,-416,16150,-32768,1313633733,-125,-18,-67
adc,1313611262,-0.0042500002309679985,1313620303,0.08087500184774399,1313629342,0.15837500989437103,1313638812,0.9020000696182251,,,,,,,,
mpu,,,,,,,,,1313733728,-522,15986,-32768,1313733728,-116,-25,7
adc,1313711262,0.08625000715255737,1313720298,0.08862500637769699,1313729331,0.20250001549720764,1313738336,0.9303750395774841,,,,,,,,
mpu,,,,,,,,,1313833734,-700,15710,-32768,1313833734,-31,46,41
adc,1313811265,-0.09537500143051147,1313820303,0.07962500303983688,1313829339,0.18062500655651093,1313838321,0.905750036239624,,,,,,,,
mpu,,,,,,,,,1313933729,-150,16746,-32768,1313933729,55,4,-15
adc,1313911257,-0.09650000184774399,1313920294,0.10050000250339508,1313929326,0.14687500894069672,1313938819,0.7557500600814819,,,,,,,,
mpu,,,,,,,,,1314033734,-1644,17374,-32768,1314033734,37,-5,-43
adc,1314011260,0.005250000394880772,1314020302,0.09987500309944153,1314029338,0.14487500488758087,1314038802,0.7895000576972961,,,,,,,,
mpu,,,,,,,,,1314133727,372,16584,-32768,1314133727,82,12,135
adc,1314111265,-0.01862500049173832,1314120305,0.10887500643730164,1314129338,0.030000001192092896,1314138324,0.7601250410079956,,,,,,,,
mpu,,,,,,,,,1314233731,86,16292,-32768,1314233731,74,109,67
adc,1314211260,-0.07150000333786011,1314220299,0.11075000464916229,1314229338,0.029500002041459084,1314238500,0.7292500138282776,,,,,,,,
mpu,,,,,,,,,1314333728,-202,16334,-32768,1314333728,47,28,12
adc,1314311259,-0.02175000123679638,1314320302,0.1145000085234642,1314329332,0.019875001162290573,1314338785,0.8036250472068787,,,,,,,,
mpu,,,,,,,,,1314433725,400,16770,-32768,1314433725,25,4,21
adc,1314411261,-0.051750004291534424,1314420297,0.11812500655651093,1314429325,0.03450000286102295,1314438821,0.737500011920929,,,,,,,,
mpu,,,,,,,,,1314533728,18,16516,-32768,1314533728,9,8,-14
adc,1314511267,-0.036500003188848495,1314520307,0.11875000596046448,1314529341,0.033125001937150955,1314538815,0.7321250438690186,,,,,,,,
mpu,,,,,,,,,1314633736,-174,16320,-32768,1314633736,4,-9,6
adc,1314611265,-0.05937500298023224,1314620307,0.12650001049041748,1314629342,0.024625001475214958,1314638805,0.7861250638961792,,,,,,,,
mpu,,,,,,,,,1314733728,582,15886,-32768,1314733728,18,61,81
adc,1314711267,-0.08225000649690628,1314720307,0.1341250091791153,1314729337,0.0188750009983778,1314738811,0.737125039100647,,,,,,,,
mpu,,,,,,,,,1314833727,698,16194,-32768,1314833727,54,67,59
adc,1314811258,-0.09775000810623169,1314820295,0.12962500751018524,1314829329,0.012500000186264515,1314838784,0.7453750371932983,,,,,,,,
mpu,,,,,,,,,1314933735,374,16542,-32768,1314933735,48,23,-13
adc,1314911261,-0.05925000458955765,1314920308,0.12950000166893005,1314929350,0.015250001102685928,1314938800,0.8050000667572021,,,,,,,,
mpu,,,,,,,,,1315033735,536,16716,-32768,1315033735,52,36,10
adc,1315011249,-0.07050000131130219,1315020292,0.13725000619888306,1315029328,0.017750000581145287,1315038798,0.8138750195503235,,,,,,,,
mpu,,,,,,,,,1315133727,470,16848,-32768,1315133727,49,109,66
adc,1315111260,-0.0950000062584877,1315120297,0.14400000870227814,1315129332,0.0023750001564621925,1315138371,0.8115000128746033,,,,,,,,
mpu,,,,,,,,,1315233729,604,17148,-32768,1315233729,6,49,38
adc,1315211254,0.010000000707805157,1315220288,0.1458750069141388,1315229324,0.003750000149011612,1315238594,0.9020000696182251,,,,,,,,
mpu,,,,,,,,,1315333729,220,16390,-32768,1315333729,-54,59,39
adc,1315311254,-0.13037501275539398,1315320294,0.1172500029206276,1315329326,0.03850000351667404,1315338400,0.9342500567436218,,,,,,,,
mpu,,,,,,,,,1315433726,1426,15708,-32768,1315433726,-127,-93,23
adc,1315411263,-0.1705000102519989,1315420298,0.13625000417232513,1315429332,0.11037500202655792,1315438816,0.9576250314712524,,,,,,,,
mpu,,,,,,,,,1315533736,642,16642,-32768,1315533736,-102,-115,-83
adc,1315511251,-0.0651250034570694,1315520278,0.1469999998807907,1315529309,0.11150000244379044,1315538381,0.9536250233650208,,,,,,,,
mpu,,,,,,,,,1315633733,136,16334,-32768,1315633733,-14,12,-21
adc,1315611266,-0.17075000703334808,1315620303,0.15937501192092896,1315629337,0.04325000196695328,1315638793,0.9253750443458557,,,,,,,,
mpu,,,,,,,,,1315733730,538,16322,-32768,1315733730,43,40,25
adc,1315711250,-0.18950000405311584,1315720279,0.14512500166893005,1315729313,0.02487500198185444,1315738516,0.9183750152587891,,,,,,,,
mpu,,,,,,,,,1315833724,662,16108,-32768,1315833724,91,7,1
adc,1315811254,-0.16612501442432404,1315820294,0.1431250125169754,1315829334,0.020625000819563866,1315838783,0.859125018119812,,,,,,,,
mpu,,,,,,,,,1315933729,620,16228,-32768,1315933729,141,88,4
adc,1315911263,-0.16562500596046448,1315920300,0.1508750021457672,1315929336,0.02237500064074993,1315938796,0.8207500576972961,,,,,,,,
mpu,,,,,,,,,1316033734,394,16146,-32768,1316033734,128,149,24
adc,1316011254,-0.195125013589859,1316020286,0.14487500488758087,1316029318,0.02812500111758709,1316038774,0.7813750505447388,,,,,,,,
mpu,,,,,,,,,1316133733,710,16714,-32768,1316133733,108,102,24
adc,1316111251,-0.15212500095367432,1316120291,0.14275000989437103,1316129324,0.013750000856816769,1316138635,0.7925000190734863,,,,,,,,
mpu,,,,,,,,,1316233724,536,16850,-32768,1316233724,73,60,-16
adc,1316211252,-0.14262500405311584,1316220289,0.13575001060962677,1316229321,0.003750000149011612,1316238389,0.8216250538825989,,,,,,,,
mpu,,,,,,,,,1316333734,90,17244,-32768,1316333734,15,-23,-23
adc,1316311259,-0.15162500739097595,1316320290,0.13175000250339508,1316329323,0.0036250001285225153,1316338321,0.8690000176429749,,,,,,,,
mpu,,,,,,,,,1316433729,850,16734,-32768,1316433729,-20,4,15
adc,1316411255,-0.10087500512599945,1316420296,0.140500009059906,1316429328,0.0062500000931322575,1316438324,0.9117500185966492,,,,,,,,
mpu,,,,,,,,,1316533730,794,16280,-32768,1316533730,-43,19,19
adc,1316511263,-0.164000004529953,1316520300,0.13962501287460327,1316529333,0.0042500002309679985,1316538819,0.9128750562667847,,,,,,,,
mpu,,,,,,,,,1316633728,406,16196,-32768,1316633728,-45,-14,-6
adc,1316611245,-0.14862500131130219,1316620275,0.140625,1316629307,0.029500002041459084,1316638384,0.9217500686645508,,,,,,,,
mpu,,,,,,,,,1316733725,984,16536,-32768,1316733725,-61,-108,-43
adc,1316711255,-0.05762500315904617,1316720292,0.17337501049041748,1316729326,0.04700000211596489,1316738534,0.9516250491142273,,,,,,,,
mpu,,,,,,,,,1316833728,664,16086,-32768,1316833728,-71,-32,-21
adc,1316811257,-0.17125001549720764,1316820294,0.14337500929832458,1316829330,0.06062500178813934,1316838798,1.0082499980926514,,,,,,,,
mpu,,,,,,,,,1316933735,538,16576,-32768,1316933735,0,30,11
adc,1316911262,-0.1836250126361847,1316920304,0.13600000739097595,1316929340,0.07087500393390656,1316938795,1.0291250944137573,,,,,,,,
mpu,,,,,,,,,1317033725,276,16660,-32768,1317033725,-5,-8,-12
adc,1317011266,-0.2240000069141388,1317020298,0.11812500655651093,1317029327,0.08837500214576721,1317038306,1.0405000448226929,,,,,,,,
mpu,,,,,,,,,1317133735,226,16568,-32768,1317133735,-36,-67,-27
adc,1317111260,-0.048375003039836884,1317120301,0.1366250067949295,1317129334,0.0990000069141388,1317138572,1.0072500705718994,,,,,,,,
mpu,,,,,,,,,1317233731,738,16392,-32768,1317233731,-17,-24,6
adc,1317211262,-0.1418750137090683,1317220297,0.12600000202655792,1317229328,0.10775000602006912,1317238339,1.0077500343322754,,,,,,,,
mpu,,,,,,,,,1317333733,452,16210,-32768,1317333733,18,36,11
adc,1317311257,-0.14650000631809235,1317320288,0.12037500739097595,1317329327,0.11600000411272049,1317338310,1.0200001001358032,,,,,,,,
mpu,,,,,,,,,1317433731,274,16648,-32768,1317433731,50,38,-13
adc,1317411257,-0.16612501442432404,1317420290,0.11275000870227814,1317429324,0.06075000390410423,1317438801,1.0296250581741333,,,,,,,,
mpu,,,,,,,,,1317533732,204,16404,-32768,1317533732,19,34,8
adc,1317511256,-0.132750004529953,1317520293,0.11075000464916229,1317529329,0.048875004053115845,1317538812,1.0282500982284546,,,,,,,,
mpu,,,,,,,,,1317633729,350,16610,-32768,1317633729,-2,-7,13
adc,1317611259,-0.12962500751018524,1317620296,0.10112500190734863,1317629331,0.030000001192092896,1317638320,1.0385000705718994,,,,,,,,
mpu,,,,,,,,,1317733730,586,16296,-32768,1317733730,27,3,27
adc,1317711257,-0.11087500303983688,1317720294,0.09950000792741776,1317729323,0.027375001460313797,1317738393,1.0336250066757202,,,,,,,,
mpu,,,,,,,,,1317833730,866,16556,-32768,1317833730,73,28,8
adc,1317811252,-0.2783749997615814,1317820294,0.3290000259876251,1317829327,-0.0001250000059371814,1317838531,1.0053750276565552,,,,,,,,
mpu,,,,,,,,,1317933725,256,16290,-32768,1317933725,58,26,-49
adc,1317911262,-0.27512502670288086,1317920301,0.3367500305175781,1317929335,-0.000375000003259629,1317938535,0.9912500381469727,,,,,,,,
mpu,,,,,,,,,1318033723,244,16582,-32768,1318033723,-1,-37,-61
adc,1318011257,-0.2516250014305115,1318020289,0.32712501287460327,1318029323,0.014000000432133675,1318038800,1.0442500114440918,,,,,,,,
mpu,,,,,,,,,1318133732,272,16552,-32768,1318133732,-10,-18,-44
adc,1318111258,-0.23725001513957977,1318120297,0.3162500262260437,1318129330,0.03887500241398811,1318138422,1.058500051498413,,,,,,,,
mpu,,,,,,,,,1318233733,118,16492,-32768,1318233733,-8,24,-4
adc,1318211250,-0.21275000274181366,1318220287,0.3003750145435333,1318229321,0.036125000566244125,1318238380,1.062000036239624,,,,,,,,
mpu,,,,,,,,,1318333729,284,16338,-32768,1318333729,-36,-17,-1
adc,1318311259,-0.18850000202655792,1318320298,0.2866250276565552,1318329333,0.04175000265240669,1318338323,1.0668751001358032,,,,,,,,
mpu,,,,,,,,,1318433728,274,16366,-32768,1318433728,-7,14,15
adc,1318411243,-0.16350001096725464,1318420280,0.27175000309944153,1318429313,0.03674999997019768,1318438756,1.0660001039505005,,,,,,,,
mpu,,,,,,,,,1318533731,260,16430,-32768,1318533731,12,39,29
adc,1318511267,-0.1456250101327896,1318520304,0.2537500262260437,1318529336,0.02800000086426735,1318538784,1.0542500019073486,,,,,,,,
mpu,,,,,,,,,1318633723,490,16386,-32768,1318633723,-16,-8,6
adc,1318611263,-0.11250000447034836,1318620297,0.23725001513957977,1318629329,0.03475000336766243,1318638774,1.071624994277954,,,,,,,,
mpu,,,,,,,,,1318733731,274,16476,-32768,1318733731,-23,-2,-7
adc,1318711255,-0.0806250050663948,1318720296,0.21762500703334808,1318729334,0.04062500223517418,1318738557,1.07687509059906,,,,,,,,
mpu,,,,,,,,,1318833728,268,16446,-32768,1318833728,-13,4,-3
adc,1318811262,-0.05012500286102295,1318820303,0.20262500643730164,1318829338,0.052000001072883606,1318838389,1.077125072479248,,,,,,,,
mpu,,,,,,,,,1318933732,246,16404,-32768,1318933732,-11,4,6
adc,1318911264,-0.023000001907348633,1318920296,0.18562500178813934,1318929330,0.048250000923871994,1318938808,1.0851250886917114,,,,,,,,
mpu,,,,,,,,,1319033735,372,16488,-32768,1319033735,-13,17,17
adc,1319011256,0.014125000685453415,1319020296,0.16875000298023224,1319029331,0.05762500315904617,1319038418,1.0835000276565552,,,,,,,,
mpu,,,,,,,,,1319133734,418,16482,-32768,1319133734,-11,10,4
adc,1319111260,0.04375000298023224,1319120300,0.15050001442432404,1319129333,0.0468750037252903,1319138323,1.0880000591278076,,,,,,,,
mpu,,,,,,,,,1319233729,322,16390,-32768,1319233729,0,5,-12
adc,1319211261,0.078125,1319220298,0.1328750103712082,1319229328,0.04400000348687172,1319238536,1.0770000219345093,,,,,,,,
mpu,,,,,,,,,1319333735,264,16462,-32768,1319333735,-6,-10,-12
adc,1319311253,0.11412500590085983,1319320291,0.11250000447034836,1319329331,0.05287500098347664,1319338673,1.0752500295639038,,,,,,,,
mpu,,,,,,,,,1319433732,224,16516,-32768,1319433732,-11,-1,3
adc,1319411252,0.15425001084804535,1319420290,0.09650000184774399,1319429323,0.07262500375509262,1319438805,1.0787500143051147,,,,,,,,
mpu,,,,,,,,,1319533738,200,16440,-32768,1319533738,-16,-2,-2
adc,1319511256,0.18400001525878906,1319520288,0.0793750062584877,1319529325,0.07375000417232513,1319538797,1.0662500858306885,,,,,,,,
mpu,,,,,,,,,1319633725,238,16480,-32768,1319633725,-13,-6,-10
adc,1319611268,0.2161250114440918,1319620303,0.05975000187754631,1319629340,0.06550000607967377,1319638794,1.074375033378601,,,,,,,,
mpu,,,,,,,,,1319733731,128,16426,-32768,1319733731,0,-15,-9
adc,1319711257,0.2618750035762787,1319720290,0.04350000247359276,1319729327,0.06737500429153442,1319738324,1.0607500076293945,,,,,,,,
mpu,,,,,,,,,1319833729,284,16246,-32768,1319833729,19,31,13
adc,1319811259,0.2943750023841858,1319820294,0.027000000700354576,1319829330,0.06612500548362732,1319838819,1.0578750371932983,,,,,,,,
mpu,,,,,,,,,1319933734,252,16438,-32768,1319933734,32,56,17
adc,1319911260,0.32887500524520874,1319920299,0.009750000201165676,1319929333,0.027250001206994057,1319938787,1.0331250429153442,,,,,,,,
mpu,,,,,,,,,1320033735,224,16466,-32768,1320033735,8,6,-20
adc,1320011251,0.3642500042915344,1320020291,-0.01087500061839819,1320029323,0.029250001534819603,1320038758,1.0410000085830688,,,,,,,,
mpu,,,,,,,,,1320133733,138,16676,-32768,1320133733,-1,-9,-21
adc,1320111262,0.40312501788139343,1320120291,-0.026250001043081284,1320129324,0.05037500336766243,1320138403,1.0565000772476196,,,,,,,,
mpu,,,,,,,,,1320233728,178,16362,-32768,1320233728,-5,11,1
adc,1320211246,0.43675002455711365,1320220282,-0.0442500002682209,1320229312,0.04125000163912773,1320238551,1.0515000820159912,,,,,,,,
mpu,,,,,,,,,1320333731,248,16548,-32768,1320333731,-9,2,4
adc,1320311262,0.4753750264644623,1320320293,-0.058375000953674316,1320329323,0.042500000447034836,1320338814,1.0586251020431519,,,,,,,,
mpu,,,,,,,,,1320433729,218,16446,-32768,1320433729,-18,-8,-2
adc,1320411253,0.5081250071525574,1320420292,-0.07575000077486038,1320429323,0.061875004321336746,1320438797,1.055999994277954,,,,,,,,
mpu,,,,,,,,,1320533736,236,16524,-32768,1320533736,-28,-26,-6
adc,1320511257,0.5483750104904175,1320520300,-0.09075000137090683,1320529334,0.07112500071525574,1320538329,1.0641250610351562,,,,,,,,
mpu,,,,,,,,,1320633736,210,16448,-32768,1320633736,-26,-14,-4
adc,1320611261,0.5888750553131104,1320620298,-0.1055000051856041,1320629328,0.07562500238418579,1320638812,1.0562500953674316,,,,,,,,
mpu,,,,,,,,,1320733727,130,16442,-32768,1320733727,-7,3,-10
adc,1320711254,0.6240000128746033,1320720295,-0.12037500739097595,1320729329,0.0923750028014183,1320738556,1.0678750276565552,,,,,,,,
mpu,,,,,,,,,1320833729,98,16512,-32768,1320833729,41,35,-8
adc,1320811254,0.6622500419616699,1320820282,-0.13450001180171967,1320829319,0.06287500262260437,1320838772,1.0860000848770142,,,,,,,,
mpu,,,,,,,,,1320933729,74,16326,-32768,1320933729,57,48,-15
adc,1320911266,0.6995000243186951,1320920303,-0.1469999998807907,1320929335,0.055125001817941666,1320938788,1.100250005722046,,,,,,,,
mpu,,,,,,,,,1321033734,-42,16496,-32768,1321033734,61,59,-3
adc,1321011251,0.7190000414848328,1321020285,-0.15912500023841858,1321029317,0.03137500211596489,1321038800,1.0885000228881836,,,,,,,,
mpu,,,,,,,,,1321133730,-50,16460,-32768,1321133730,42,94,24
adc,1321111263,0.7511250376701355,1321120306,-0.171750009059906,1321129343,0.0010000000474974513,1321138811,1.0857501029968262,,,,,,,,
mpu,,,,,,,,,1321233734,-30,16570,-32768,1321233734,-6,24,29
adc,1321211252,0.7915000319480896,1321220293,-0.1861250102519989,1321229318,0.000375000003259629,1321238539,1.0605000257492065,,,,,,,,
mpu,,,,,,,,,1321333729,348,16088,-32768,1321333729,-20,-32,21
adc,1321311249,0.8421250581741333,1321320280,-0.20025001466274261,1321329318,-0.000375000003259629,1321338358,1.0860000848770142,,,,,,,,
mpu,,,,,,,,,1321433731,294,16284,-32768,1321433731,-3,-2,31
adc,1321411252,0.8863750696182251,1321420292,-0.20887501537799835,1321429327,0.005375000182539225,1321438786,1.0923750400543213,,,,,,,,
mpu,,,,,,,,,1321533728,156,16782,-32768,1321533728,-47,-43,41
adc,1321511264,0.9170000553131104,1321520307,-0.21812501549720764,1321529341,0.006875000428408384,1321538833,1.0730000734329224,,,,,,,,
mpu,,,,,,,,,1321633729,334,16358,-32768,1321633729,-67,-29,36
adc,1321611259,0.9430000185966492,1321620301,-0.22850000858306885,1321629337,0.04962500184774399,1321638817,1.086625099182129,,,,,,,,
mpu,,,,,,,,,1321733737,526,16160,-32768,1321733737,-10,-45,-17
adc,1321711264,0.9735000729560852,1321720299,-0.2356250137090683,1321729334,0.058500003069639206,1321738443,1.0658750534057617,,,,,,,,
mpu,,,,,,,,,1321833734,142,16688,-32768,1321833734,44,4,-22
adc,1321811259,1.0128750801086426,1321820296,-0.23975001275539398,1321829332,0.06737500429153442,1321838804,1.0820000171661377,,,,,,,,
mpu,,,,,,,,,1321933729,382,16370,-32768,1321933729,32,10,-12
adc,1321911259,1.0396250486373901,1321920291,-0.24650001525878906,1321929329,0.01925000175833702,1321938820,1.0636250972747803,,,,,,,,
mpu,,,,,,,,,1322033731,-56,16522,-32768,1322033731,26,-14,-35
adc,1322011260,1.0621250867843628,1322020306,-0.25200000405311584,1322029342,0.006500000134110451,1322038334,1.0506250858306885,,,,,,,,
mpu,,,,,,,,,1322133731,122,16310,-32768,1322133731,19,-5,-16
adc,1322111268,1.0985000133514404,1322120305,-0.25187501311302185,1322129339,0.013250000774860382,1322138334,1.049125075340271,,,,,,,,
mpu,,,,,,,,,1322233732,240,16512,-32768,1322233732,28,23,-8
adc,1322211265,1.1253750324249268,1322220305,-0.2527500092983246,1322229344,0.010250000283122063,1322238557,1.0542500019073486,,,,,,,,
mpu,,,,,,,,,1322333728,-22,16230,-32768,1322333728,49,35,-13
adc,1322311266,1.143625020980835,1322320303,-0.25325000286102295,1322329337,0.0016250000335276127,1322338788,1.071624994277954,,,,,,,,
mpu,,,,,,,,,1322433728,198,16704,-32768,1322433728,6,-26,2
adc,1322411263,1.1601250171661377,1322420298,-0.25325000286102295,1322429330,0.0021250001154839993,1322438799,1.0913749933242798,,,,,,,,
mpu,,,,,,,,,1322533730,304,16478,-32768,1322533730,-48,-23,21
adc,1322511260,1.1752500534057617,1322520302,-0.25050002336502075,1322529335,0.008375000208616257,1322538818,1.1038750410079956,,,,,,,,
mpu,,,,,,,,,1322633733,260,16336,-32768,1322633733,-31,12,31
adc,1322611252,1.1891250610351562,1322620289,-0.24562501907348633,1322629321,0.008375000208616257,1322638779,1.1043750047683716,,,,,,,,
mpu,,,,,,,,,1322733732,208,16462,-32768,1322733732,-10,3,10
adc,1322711271,1.1853750944137573,1322720311,-0.24262501299381256,1322729344,0.006875000428408384,1322738389,1.0882500410079956,,,,,,,,
mpu,,,,,,,,,1322833728,328,16684,-32768,1322833728,-9,-24,-12
adc,1322811254,1.1981250047683716,1322820292,-0.23275001347064972,1322829333,0.008625000715255737,1322838814,1.0252500772476196,,,,,,,,
mpu,,,,,,,,,1322933734,258,16324,-32768,1322933734,36,18,-5
adc,1322911265,1.2110000848770142,1322920301,-0.22287501394748688,1322929337,0.016625000163912773,1322938813,1.0422500371932983,,,,,,,,
mpu,,,,,,,,,1323033733,44,16494,-32768,1323033733,38,32,-17
adc,1323011254,1.206375002861023,1323020285,-0.2146250158548355,1323029317,0.017750000581145287,1323038797,1.0049999952316284,,,,,,,,
mpu,,,,,,,,,1323133735,-88,16514,-32768,1323133735,11,-2,-20
adc,1323111255,1.2036250829696655,1323120295,-0.20612500607967377,1323129332,0.017125001177191734,1323138400,1.0128750801086426,,,,,,,,
mpu,,,,,,,,,1323233725,-88,16514,-32768,1323233725,11,-2,-20
adc,1323211261,1.214750051498413,1323220299,-0.1927500069141388,1323229337,0.01912500150501728,1323238537,1.0730000734329224,,,,,,,,
mpu,,,,,,,,,1323333720,120,16202,-32768,1323333720,-24,14,17
adc,1323311254,1.1942501068115234,1323320289,-0.18262501060962677,1323329317,0.008500000461935997,1323338768,1.0945000648498535,,,,,,,,
mpu,,,,,,,,,1323433727,264,16442,-32768,1323433727,10,27,25
adc,1323411252,1.1922500133514404,1323420291,-0.16712500154972076,1323429326,0.014625000767409801,1323438813,1.099500060081482,,,,,,,,
mpu,,,,,,,,,1323533732,200,16364,-32768,1323533732,6,18,9
adc,1323511249,1.1777501106262207,1323520286,-0.15412500500679016,1323529322,0.0162500012665987,1323538396,1.1105000972747803,,,,,,,,
mpu,,,,,,,,,1323633726,162,16430,-32768,1323633726,23,2,-18
adc,1323611265,1.1577500104904175,1323620301,-0.1417500078678131,1323629337,0.00812500063329935,1323638317,1.1066250801086426,,,,,,,,
mpu,,,,,,,,,1323733727,54,16356,-32768,1323733727,15,13,-4
adc,1323711255,1.1367501020431519,1323720293,-0.12537500262260437,1323729325,0.006750000175088644,1323738573,1.096750020980835,,,,,,,,
mpu,,,,,,,,,1323833736,188,16618,-32768,1323833736,-1,-3,1
adc,1323811250,1.0835000276565552,1323820286,-0.09437500685453415,1323829320,0.006375000346451998,1323838535,1.0996251106262207,,,,,,,,
mpu,,,,,,,,,1323933732,326,16302,-32768,1323933732,-4,-3,0
adc,1323911260,0.9572500586509705,1323920288,-0.10425000637769699,1323929317,0.07887500524520874,1323938806,1.0795000791549683,,,,,,,,
mpu,,,,,,,,,1324033728,-78,16204,-32768,1324033728,15,-15,-28
adc,1324011260,0.18775001168251038,1324020301,0.038750000298023224,1324029335,0.11787500232458115,1324038708,1.0438750982284546,,,,,,,,
mpu,,,,,,,,,1324133730,-26,16676,-32768,1324133730,1,-31,-32
adc,1324111251,0.2071250081062317,1324120288,0.04725000262260437,1324129321,0.11250000447034836,1324138312,1.0283750295639038,,,,,,,,
mpu,,,,,,,,,1324233731,42,16262,-32768,1324233731,13,14,-7
adc,1324211243,0.18587501347064972,1324220282,0.05250000208616257,1324229317,0.06062500178813934,1324238785,1.0545001029968262,,,,,,,,
mpu,,,,,,,,,1324333728,-142,16372,-32768,1324333728,66,88,18
adc,1324311252,0.1692500114440918,1324320292,0.058000002056360245,1324329331,0.06700000166893005,1324338731,1.0396250486373901,,,,,,,,
mpu,,,,,,,,,1324433736,40,16478,-32768,1324433736,66,56,29
adc,1324411265,0.15712501108646393,1324420305,0.06062500178813934,1324429342,0.041875001043081284,1324438752,1.0506250858306885,,,,,,,,
mpu,,,,,,,,,1324533729,216,16400,-32768,1324533729,-7,15,25
adc,1324511255,0.13612501323223114,1324520293,0.06437500566244125,1324529328,0.06387500464916229,1324538766,1.0477499961853027,,,,,,,,
mpu,,,,,,,,,1324633725,210,16420,-32768,1324633725,-48,-26,14
adc,1324611260,0.13237500190734863,1324620292,0.07300000637769699,1324629320,0.08500000089406967,1324638774,1.0602500438690186,,,,,,,,
mpu,,,,,,,,,1324733728,160,16352,-32768,1324733728,-4,8,13
adc,1324711255,0.09812500327825546,1324720290,0.07800000160932541,1324729323,0.08187500387430191,1324738785,1.064500093460083,,,,,,,,
mpu,,,,,,,,,1324833723,150,16572,-32768,1324833723,15,12,-4
adc,1324811253,0.09187500178813934,1324820284,0.08162500709295273,1324829317,0.09387500584125519,1324838708,1.0605000257492065,,,,,,,,
mpu,,,,,,,,,1324933731,42,16388,-32768,1324933731,-20,-19,-11
adc,1324911264,0.08150000125169754,1324920299,0.0898750051856041,1324929330,0.07762500643730164,1324938737,1.0567500591278076,,,,,,,,
mpu,,,,,,,,,1325033733,106,16308,-32768,1325033733,-23,-17,-5
adc,1325011261,0.04937500134110451,1325020303,0.09337500482797623,1325029342,0.07587500661611557,1325038733,1.0596250295639038,,,,,,,,
mpu,,,,,,,,,1325133732,192,16488,-32768,1325133732,28,20,7
adc,1325111254,0.05425000190734863,1325120290,0.10262500494718552,1325129321,0.07112500071525574,1325138767,1.0611250400543213,,,,,,,,
mpu,,,,,,,,,1325233731,162,16514,-32768,1325233731,14,22,0
adc,1325211268,0.039500001817941666,1325220299,0.10650000721216202,1325229336,0.07450000196695328,1325238768,1.055625081062317,,,,,,,,
mpu,,,,,,,,,1325333729,-50,16450,-32768,1325333729,8,1,-15
adc,1325311254,0.030375001952052116,1325320290,0.11350000649690628,1325329322,0.07825000584125519,1325338795,1.081125020980835,,,,,,,,
mpu,,,,,,,,,1325433727,274,16386,-32768,1325433727,-4,4,7
adc,1325411256,0.02225000038743019,1325420287,0.11837500333786011,1325429319,0.08000000566244125,1325438731,1.0696250200271606,,,,,,,,
mpu,,,,,,,,,1325533731,138,16416,-32768,1325533731,-2,18,10
adc,1325511262,0.001125000067986548,1325520296,0.12025000900030136,1325529331,0.07187500596046448,1325538726,1.0613750219345093,,,,,,,,
mpu,,,,,,,,,1325633730,192,16458,-32768,1325633730,-15,9,8
adc,1325611255,-0.016875000670552254,1325620292,0.12325000762939453,1325629324,0.08775000274181366,1325638718,1.0476250648498535,,,,,,,,
mpu,,,,,,,,,1325733735,212,16316,-32768,1325733735,-14,1,1
adc,1325711254,-0.02862500213086605,1325720292,0.13062500953674316,1325729325,0.09725000709295273,1325738767,1.0392500162124634,,,,,,,,
mpu,,,,,,,,,1325833730,220,16244,-32768,1325833730,-3,-8,-3
adc,1325811253,-0.04112500324845314,1325820289,0.13712500035762787,1325829320,0.10275000333786011,1325838716,1.0511250495910645,,,,,,,,
mpu,,,,,,,,,1325933744,180,16364,-32768,1325933744,14,21,24
adc,1325911268,-0.049000002443790436,1325920309,0.14250001311302185,1325929347,0.06662500649690628,1325938735,1.0405000448226929,,,,,,,,
mpu,,,,,,,,,1326033742,464,16440,-32768,1326033742,22,39,20
adc,1326011256,-0.070250004529953,1326020318,0.14687500894069672,1326029350,0.06424999982118607,1326038739,1.0315001010894775,,,,,,,,
mpu,,,,,,,,,1326133732,172,16364,-32768,1326133732,-2,3,-19
adc,1326111252,-0.0637500062584877,1326120288,0.1523750126361847,1326129324,0.07837500423192978,1326138370,1.033250093460083,,,,,,,,
mpu,,,,,,,,,1326233730,106,16344,-32768,1326233730,8,-10,-23
adc,1326211264,-0.09100000560283661,1326220292,0.15337501466274261,1326229328,0.09325000643730164,1326238752,1.0378750562667847,,,,,,,,
mpu,,,,,,,,,1326333728,122,16396,-32768,1326333728,-1,17,-1
adc,1326311265,-0.10475000739097595,1326320303,0.15600000321865082,1326329335,0.06037500128149986,1326338731,1.0446250438690186,,,,,,,,
mpu,,,,,,,,,1326433729,124,16316,-32768,1326433729,15,8,1
adc,1326411251,-0.09862500429153442,1326420293,0.1615000069141388,1326429328,0.07062499970197678,1326438705,1.0607500076293945,,,,,,,,
mpu,,,,,,,,,1326533728,166,16296,-32768,1326533728,-11,9,17
adc,1326511249,-0.12187500298023224,1326520287,0.16225001215934753,1326529323,0.0651250034570694,1326538703,1.0608750581741333,,,,,,,,
mpu,,,,,,,,,1326633729,226,16476,-32768,1326633729,1,12,21
adc,1326611269,-0.1367500126361847,1326620303,0.16725000739097595,1326629337,0.04050000011920929,1326638712,1.0573750734329224,,,,,,,,
mpu,,,,,,,,,1326733731,206,16314,-32768,1326733731,-9,-5,8
adc,1326711251,-0.13112500309944153,1326720291,0.1720000058412552,1326729324,0.05962500348687172,1326738755,1.0711250305175781,,,,,,,,
mpu,,,,,,,,,1326833726,168,16358,-32768,1326833726,-9,1,7
adc,1326811265,-0.14775000512599945,1326820300,0.17400000989437103,1326829332,0.0677500069141388,1326838732,1.0751250982284546,,,,,,,,
mpu,,,,,,,,,1326933729,246,16490,-32768,1326933729,-9,0,3
adc,1326911252,-0.1471250057220459,1326920295,0.17537501454353333,1326929332,0.061375003308057785,1326938724,1.0718750953674316,,,,,,,,
mpu,,,,,,,,,1327033730,230,16370,-32768,1327033730,-1,7,5
adc,1327011259,-0.16862501204013824,1327020299,0.1757500022649765,1327029332,0.03750000149011612,1327038720,1.076625108718872,,,,,,,,
mpu,,,,,,,,,1327133734,74,16500,-32768,1327133734,14,16,13
adc,1327111265,-0.16612501442432404,1327120302,0.18112501502037048,1327129339,0.027125000953674316,1327138750,1.0798749923706055,,,,,,,,
mpu,,,,,,,,,1327233728,348,16524,-32768,1327233728,7,26,24
adc,1327211261,-0.1941250115633011,1327220304,0.18687501549720764,1327229337,0.029125001281499863,1327238772,1.0758750438690186,,,,,,,,
mpu,,,,,,,,,1327333729,374,16428,-32768,1327333729,2,0,8
adc,1327311264,-0.19625000655651093,1327320300,0.17987500131130219,1327329338,0.030750000849366188,1327338707,1.0740000009536743,,,,,,,,
mpu,,,,,,,,,1327433736,210,16322,-32768,1327433736,-27,-19,-14
adc,1327411266,-0.1990000158548355,1327420305,0.17725001275539398,1327429336,0.04800000041723251,1327438730,1.0540000200271606,,,,,,,,
mpu,,,,,,,,,1327533729,122,16244,-32768,1327533729,1,-6,-6
adc,1327511257,-0.16437500715255737,1327520296,0.17987500131130219,1327529332,0.03762500360608101,1327538717,1.0512501001358032,,,,,,,,
mpu,,,,,,,,,1327633734,502,16454,-32768,1327633734,33,49,17
adc,1327611259,-0.21262501180171967,1327620297,0.17250001430511475,1327629332,0.02575000189244747,1327638706,1.0356251001358032,,,,,,,,
mpu,,,,,,,,,1327733726,296,16330,-32768,1327733726,8,7,-21
adc,1327711259,-0.2042500078678131,1327720294,0.17275001108646393,1327729329,0.042875003069639206,1327738732,0.9915000200271606,,,,,,,,
mpu,,,,,,,,,1327833728,76,16324,-32768,1327833728,4,-8,-24
adc,1327811262,-0.19162501394748688,1327820300,0.1720000058412552,1327829334,0.03450000286102295,1327838715,0.9923750758171082,,,,,,,,
mpu,,,,,,,,,1327933726,652,16492,-32768,1327933726,41,41,12
adc,1327911261,-0.16037501394748688,1327920293,0.16200000047683716,1327929327,0.033625002950429916,1327938706,1.0142500400543213,,,,,,,,
mpu,,,,,,,,,1328033736,364,16318,-32768,1328033736,7,30,14
adc,1328011254,-0.19200000166893005,1328020319,0.15662500262260437,1328029353,0.046000003814697266,1328038731,1.0421251058578491,,,,,,,,
mpu,,,,,,,,,1328133733,178,16530,-32768,1328133733,-28,-20,-2
adc,1328111259,-0.16037501394748688,1328120298,0.15512500703334808,1328129334,0.055000003427267075,1328138756,1.055375099182129,,,,,,,,
mpu,,,,,,,,,1328233734,274,16312,-32768,1328233734,-26,-10,6
adc,1328211265,-0.16500000655651093,1328220302,0.1576250046491623,1328229332,0.04462500289082527,1328238775,1.059249997138977,,,,,,,,
mpu,,,,,,,,,1328333729,218,16428,-32768,1328333729,13,25,2
adc,1328311268,-0.18950000405311584,1328320306,0.15137501060962677,1328329337,0.03837500140070915,1328338686,1.0381250381469727,,,,,,,,
mpu,,,,,,,,,1328433730,324,16460,-32768,1328433730,4,9,-4
adc,1328411252,-0.19875000417232513,1328420284,0.14012500643730164,1328429316,0.05975000187754631,1328438736,0.9750000238418579,,,,,,,,
mpu,,,,,,,,,1328533730,258,16372,-32768,1328533730,-26,-27,-18
adc,1328511256,-0.15900000929832458,1328520299,0.13987500965595245,1328529333,0.05887500196695328,1328538736,0.971750020980835,,,,,,,,
mpu,,,,,,,,,1328633729,192,16254,-32768,1328633729,-2,-4,-22
adc,1328611250,-0.16750000417232513,1328620292,0.12849999964237213,1328629330,0.08162500709295273,1328638764,0.9697500467300415,,,,,,,,
mpu,,,,,,,,,1328733727,-34,16388,-32768,1328733727,16,12,-20
adc,1328711266,-0.14212501049041748,1328720306,0.1261250078678131,1328729336,0.08425000309944153,1328738746,0.9656250476837158,,,,,,,,
mpu,,,,,,,,,1328833728,16,16302,-32768,1328833728,11,6,-10
adc,1328811255,-0.11500000208616257,1328820289,0.12550000846385956,1328829322,0.05062500387430191,1328838689,0.9792500734329224,,,,,,,,
mpu,,,,,,,,,1328933733,102,16428,-32768,1328933733,23,46,21
adc,1328911254,-0.11125000566244125,1328920287,0.11575000733137131,1328929317,0.054625000804662704,1328938787,0.9888750314712524,,,,,,,,
mpu,,,,,,,,,1329033729,-112,16278,-32768,1329033729,27,37,22
adc,1329011252,-0.11937500536441803,1329020293,0.117125004529953,1329029327,0.06325000524520874,1329038783,0.9438750743865967,,,,,,,,
mpu,,,,,,,,,1329133725,582,16506,-32768,1329133725,-22,-7,41
adc,1329111256,-0.12550000846385956,1329120292,0.10862500220537186,1329129326,0.06000000238418579,1329138308,0.9501250386238098,,,,,,,,
mpu,,,,,,,,,1329233726,380,16384,-32768,1329233726,-30,-3,39
adc,1329211252,-0.1223750039935112,1329220288,0.10312500596046448,1329229317,0.0650000050663948,1329238519,0.9458750486373901,,,,,,,,
mpu,,,,,,,,,1329333732,532,16476,-32768,1329333732,-35,-31,16
adc,1329311249,-0.09300000220537186,1329320286,0.09650000184774399,1329329320,0.05012500286102295,1329338306,0.9620000720024109,,,,,,,,
mpu,,,,,,,,,1329433732,260,16226,-32768,1329433732,-5,7,5
adc,1329411258,-0.05887500196695328,1329420298,0.09200000762939453,1329429333,0.0586250014603138,1329438395,0.9461250305175781,,,,,,,,
mpu,,,,,,,,,1329533730,54,16504,-32768,1329533730,-16,-10,-7
adc,1329511257,-0.0925000011920929,1329520300,0.08362500369548798,1329529338,0.07362500578165054,1329538820,0.9413750171661377,,,,,,,,
mpu,,,,,,,,,1329633730,778,16480,-32768,1329633730,-3,-28,-13
adc,1329611264,-0.04500000178813934,1329620298,0.07800000160932541,1329629334,0.05637500435113907,1329638323,0.9603750705718994,,,,,,,,
mpu,,,,,,,,,1329733729,248,16272,-32768,1329733729,56,66,1
adc,1329711263,-0.008500000461935997,1329720300,0.06937500089406967,1329729335,0.045500002801418304,1329738353,0.9687500596046448,,,,,,,,
mpu,,,,,,,,,1329833733,638,16508,-32768,1329833733,52,46,-12
adc,1329811261,-0.01912500150501728,1329820297,0.06025000289082527,1329829326,0.04675000160932541,1329838799,0.9780000448226929,,,,,,,,
mpu,,,,,,,,,1329933730,514,16332,-32768,1329933730,5,8,-8
adc,1329911256,-0.01912500150501728,1329920296,0.05125000327825546,1329929331,0.05925000458955765,1329938826,0.9825000762939453,,,,,,,,
mpu,,,,,,,,,1330033722,-44,16394,-32768,1330033722,-16,-8,-10
adc,1330011270,0.007625000551342964,1330020301,0.04912500083446503,1330029335,0.07837500423192978,1330038810,0.9768750667572021,,,,,,,,
mpu,,,,,,,,,1330133729,428,16598,-32768,1330133729,-50,-33,2
adc,1330111255,0.042375002056360245,1330120288,0.04150000214576721,1330129322,0.08912500739097595,1330138332,0.9918750524520874,,,,,,,,
mpu,,,,,,,,,1330233725,256,16182,-32768,1330233725,2,22,6
adc,1330211256,0.04750000312924385,1330220294,0.03400000184774399,1330229329,0.0560000017285347,1330238525,0.9815000295639038,,,,,,,,
mpu,,,,,,,,,1330333723,-78,16602,-32768,1330333723,20,17,4
adc,1330311260,0.045875001698732376,1330320300,0.02787500061094761,1330329327,0.07237500697374344,1330338767,0.971250057220459,,,,,,,,
mpu,,,,,,,,,1330433734,370,16332,-32768,1330433734,-8,-9,2
adc,1330411271,0.05950000137090683,1330420306,0.023500001057982445,1330429340,0.07950000464916229,1330438818,0.9722500443458557,,,,,,,,
mpu,,,,,,,,,1330533730,482,16448,-32768,1330533730,-1,14,11
adc,1330511266,0.07762500643730164,1330520303,0.013375001028180122,1330529336,0.06587500125169754,1330538830,0.9797500371932983,,,,,,,,
mpu,,,,,,,,,1330633727,104,16368,-32768,1330633727,10,17,4
adc,1330611264,0.09387500584125519,1330620298,0.008249999955296516,1330629333,0.07400000095367432,1330638797,0.9686250686645508,,,,,,,,
mpu,,,,,,,,,1330733732,188,16366,-32768,1330733732,-2,3,12
adc,1330711261,0.12162500619888306,1330720302,0.002875000238418579,1330729338,0.06599999964237213,1330738324,0.9608750343322754,,,,,,,,
mpu,,,,,,,,,1330833732,394,16348,-32768,1330833732,13,29,24
adc,1330811254,0.11912500858306885,1330820292,0.003750000149011612,1330829322,0.07512500137090683,1330838818,0.9562500715255737,,,,,,,,
mpu,,,,,,,,,1330933730,400,16558,-32768,1330933730,7,15,13
adc,1330911260,0.14400000870227814,1330920297,-0.012750000692903996,1330929325,0.07900000363588333,1330938316,0.9497500658035278,,,,,,,,
mpu,,,,,,,,,1331033731,474,16302,-32768,1331033731,12,17,5
adc,1331011264,0.14737500250339508,1331020301,-0.018250001594424248,1331029329,0.06975000351667404,1331038514,0.9693750739097595,,,,,,,,
mpu,,,,,,,,,1331133734,384,16378,-32768,1331133734,23,20,1
adc,1331111258,0.1587500125169754,1331120287,-0.02525000087916851,1331129322,0.0716250017285347,1331138601,0.9663750529289246,,,,,,,,
mpu,,,,,,,,,1331233731,250,16336,-32768,1331233731,10,5,2
adc,1331211260,0.1860000044107437,1331220298,-0.028875000774860382,1331229334,0.07125000655651093,1331238545,0.9520000219345093,,,,,,,,
mpu,,,,,,,,,1331333729,458,16492,-32768,1331333729,-15,-3,15
adc,1331311262,0.1993750035762787,1331320300,-0.039000000804662704,1331329334,0.08162500709295273,1331338564,0.9391250610351562,,,,,,,,
mpu,,,,,,,,,1331433735,322,16308,-32768,1331433735,-15,-5,3
adc,1331411259,0.22950001060962677,1331420296,-0.04075000062584877,1331429325,0.08237500488758087,1331438527,0.9461250305175781,,,,,,,,
mpu,,,,,,,,,1331533732,296,16464,-32768,1331533732,3,8,7
adc,1331511265,0.23237501084804535,1331520300,-0.045375000685453415,1331529340,0.0742500051856041,1331538811,0.9637500643730164,,,,,,,,
mpu,,,,,,,,,1331633732,426,16280,-32768,1331633732,8,15,-1
adc,1331611262,0.2541249990463257,1331620300,-0.051625002175569534,1331629336,0.06362500041723251,1331638791,0.9427500367164612,,,,,,,,
mpu,,,,,,,,,1331733732,458,16532,-32768,1331733732,-11,-1,-1
adc,1331711256,0.26112499833106995,1331720295,-0.0560000017285347,1331729325,0.06237500160932541,1331738340,0.9650000333786011,,,,,,,,
mpu,,,,,,,,,1331833731,376,16234,-32768,1331833731,-6,-4,-2
adc,1331811254,0.24050001800060272,1331820294,-0.06437500566244125,1331829333,0.07200000435113907,1331838436,0.9850000739097595,,,,,,,,
mpu,,,,,,,,,1331933725,154,16518,-32768,1331933725,-4,-5,-4
adc,1331911261,0.2833750247955322,1331920300,-0.06050000339746475,1331929334,0.0807500034570694,1331938807,0.9787500500679016,,,,,,,,
mpu,,,,,,,,,1332033732,374,16232,-32768,1332033732,-11,0,12
adc,1332011256,0.2672500014305115,1332020307,-0.06962500512599945,1332029340,0.08000000566244125,1332038807,0.9733750224113464,,,,,,,,
mpu,,,,,,,,,1332133734,372,16444,-32768,1332133734,-2,1,5
adc,1332111264,0.2906250059604645,1332120308,-0.0741250067949295,1332129342,0.0690000057220459,1332138408,0.9752500653266907,,,,,,,,
mpu,,,,,,,,,1332233727,382,16248,-32768,1332233727,2,-5,4
adc,1332211264,0.2903750240802765,1332220300,-0.06325000524520874,1332229335,0.06587500125169754,1332238319,1.0031250715255737,,,,,,,,
mpu,,,,,,,,,1332333725,-202,16306,-32768,1332333725,6,-1,9
adc,1332311249,0.29512500762939453,1332320282,-0.07762500643730164,1332329315,0.0742500051856041,1332338304,0.968375027179718,,,,,,,,
mpu,,,,,,,,,1332433727,640,16554,-32768,1332433727,-46,-26,-1
adc,1332411263,0.31562501192092896,1332420298,-0.08650000393390656,1332429331,0.07225000113248825,1332438324,0.9743750691413879,,,,,,,,
mpu,,,,,,,,,1332533728,288,16398,-32768,1332533728,-23,-6,-30
adc,1332511255,0.3343750238418579,1332520283,-0.09225000441074371,1332529318,0.07512500137090683,1332538340,0.9787500500679016,,,,,,,,
mpu,,,,,,,,,1332633725,280,16572,-32768,1332633725,7,4,-35
adc,1332611268,0.3412500023841858,1332620298,-0.07962500303983688,1332629330,0.06812500208616257,1332638558,0.9950000643730164,,,,,,,,
mpu,,,,,,,,,1332733725,166,16538,-32768,1332733725,65,44,-9
adc,1332711258,0.32112500071525574,1332720293,-0.07875000685453415,1332729327,0.06787500530481339,1332738556,1.0026249885559082,,,,,,,,
mpu,,,,,,,,,1332833731,-110,16460,-32768,1332833731,-26,-10,-17
adc,1332811256,0.3127500116825104,1332820287,-0.08237500488758087,1332829324,0.06599999964237213,1332838378,0.9877500534057617,,,,,,,,
mpu,,,,,,,,,1332933735,66,16350,-32768,1332933735,-47,-50,-32
adc,1332911254,0.33800002932548523,1332920285,-0.0846250057220459,1332929320,0.1210000067949295,1332938402,0.9966250658035278,,,,,,,,
mpu,,,,,,,,,1333033730,410,16352,-32768,1333033730,26,19,5
adc,1333011256,0.3400000035762787,1333020298,-0.08275000751018524,1333029336,0.06075000390410423,1333038311,0.9951250553131104,,,,,,,,
mpu,,,,,,,,,1333133723,-72,16462,-32768,1333133723,41,46,-15
adc,1333111259,0.33250001072883606,1333120289,-0.08312500268220901,1333129324,0.07062499970197678,1333138434,0.9943750500679016,,,,,,,,
mpu,,,,,,,,,1333233730,56,16400,-32768,1333233730,-9,-10,-24
adc,1333211257,0.3502500057220459,1333220292,-0.08700000494718552,1333229322,0.061625003814697266,1333238545,0.9942500591278076,,,,,,,,
mpu,,,,,,,,,1333333728,-104,16326,-32768,1333333728,-26,-25,-9
adc,1333311253,0.37175002694129944,1333320291,-0.08375000208616257,1333329321,0.08575000613927841,1333338626,1.0002501010894775,,,,,,,,
mpu,,,,,,,,,1333433727,72,16446,-32768,1333433727,-34,-1,6
adc,1333411247,0.3563750088214874,1333420287,-0.08225000649690628,1333429319,0.10625000298023224,1333438804,1.0073750019073486,,,,,,,,
mpu,,,,,,,,,1333533731,126,16516,-32768,1333533731,9,20,11
adc,1333511259,0.37300002574920654,1333520302,-0.07950000464916229,1333529340,0.0988750010728836,1333538813,1.0225000381469727,,,,,,,,
mpu,,,,,,,,,1333633731,96,16496,-32768,1333633731,13,30,17
adc,1333611245,0.37575000524520874,1333620284,-0.07850000262260437,1333629319,0.045250002294778824,1333638318,1.0101250410079956,,,,,,,,
mpu,,,,,,,,,1333733730,106,16422,-32768,1333733730,21,15,19
adc,1333711256,0.38700002431869507,1333720292,-0.08137500286102295,1333729325,0.05062500387430191,1333738507,1.0261250734329224,,,,,,,,
mpu,,,,,,,,,1333833731,-36,16348,-32768,1333833731,-2,-5,1
adc,1333811253,0.367125004529953,1333820288,-0.0755000039935112,1333829324,0.05700000375509262,1333838529,1.012125015258789,,,,,,,,
mpu,,,,,,,,,1333933728,122,16538,-32768,1333933728,-19,-54,-12
adc,1333911260,0.33525002002716064,1333920294,-0.06825000047683716,1333929331,0.039250001311302185,1333938790,0.9818750619888306,,,,,,,,
mpu,,,,,,,,,1334033732,414,16372,-32768,1334033732,-14,-35,-2
adc,1334011261,0.3361250162124634,1334020305,-0.06275000423192978,1334029338,0.029250001534819603,1334038815,0.9551250338554382,,,,,,,,
mpu,,,,,,,,,1334133731,-176,16162,-32768,1334133731,35,52,9
adc,1334111250,0.3265000283718109,1334120292,-0.05362500250339508,1334129331,0.03562500327825546,1334138318,0.9888750314712524,,,,,,,,
mpu,,,,,,,,,1334233726,262,16482,-32768,1334233726,56,63,25
adc,1334211252,0.36625000834465027,1334220291,-0.05387500301003456,1334229324,0.03125,1334238330,0.9982500672340393,,,,,,,,
mpu,,,,,,,,,1334333730,108,16340,-32768,1334333730,46,55,17
adc,1334311249,0.3831250071525574,1334320287,-0.06075000390410423,1334329319,0.026000000536441803,1334338811,1.0476250648498535,,,,,,,,
mpu,,,,,,,,,1334433729,-82,16568,-32768,1334433729,5,15,17
adc,1334411261,0.4233750104904175,1334420300,-0.04762500151991844,1334429333,0.05112500116229057,1334438812,1.0408750772476196,,,,,,,,
mpu,,,,,,,,,1334533733,402,16390,-32768,1334533733,-25,19,59
adc,1334511267,0.413750022649765,1334520301,-0.0416250005364418,1334529338,0.06525000184774399,1334538321,1.0497500896453857,,,,,,,,
mpu,,,,,,,,,1334633728,-154,16880,-32768,1334633728,-55,-27,65
adc,1334611257,0.34550002217292786,1334620301,-0.0403750017285347,1334629333,0.10212500393390656,1334638808,1.0413750410079956,,,,,,,,
mpu,,,,,,,,,1334733731,716,16262,-32768,1334733731,-92,-94,53
adc,1334711258,0.40950003266334534,1334720298,-0.06212500110268593,1334729330,0.10962500423192978,1334738331,1.0548750162124634,,,,,,,,
mpu,,,,,,,,,1334833728,412,15958,-32768,1334833728,-47,30,30
adc,1334811255,0.4337500333786011,1334820304,-0.14162500202655792,1334829335,0.12225000560283661,1334838317,1.033250093460083,,,,,,,,
mpu,,,,,,,,,1334933737,46,16328,-32768,1334933737,15,17,21
adc,1334911251,0.8448750376701355,1334920282,-0.10512500256299973,1334929323,0.13075000047683716,1334938300,1.1213750839233398,,,,,,,,
mpu,,,,,,,,,1335033733,1144,16090,-32768,1335033733,27,43,21
adc,1335011262,0.8060000538825989,1335020300,-0.11512500792741776,1335029338,0.12962500751018524,1335038541,1.1798750162124634,,,,,,,,
mpu,,,,,,,,,1335133729,280,16628,-32768,1335133729,96,177,41
adc,1335111259,0.7668750286102295,1335120294,-0.0860000029206276,1335129331,0.2551250159740448,1335138553,1.2620000839233398,,,,,,,,
mpu,,,,,,,,,1335233727,802,16304,-32768,1335233727,103,117,51
adc,1335211259,0.9477500319480896,1335220292,-0.12075000256299973,1335229328,0.4425000250339508,1335238397,1.2736250162124634,,,,,,,,
mpu,,,,,,,,,1335333731,676,16448,-32768,1335333731,58,120,48
adc,1335311254,0.7195000052452087,1335320293,-0.06175000220537186,1335329333,0.3830000162124634,1335338824,1.3095000982284546,,,,,,,,
mpu,,,,,,,,,1335433731,960,16112,-32768,1335433731,21,118,43
adc,1335411267,0.7643750309944153,1335420304,-0.0481250025331974,1335429339,0.40287500619888306,1335438791,1.3562500476837158,,,,,,,,
mpu,,,,,,,,,1335533726,1310,16332,-32768,1335533726,-26,4,10
adc,1335511264,0.7318750619888306,1335520298,-0.029250001534819603,1335529333,0.40937501192092896,1335538808,1.376750111579895,,,,,,,,
mpu,,,,,,,,,1335633730,1058,16028,-32768,1335633730,-22,-7,5
adc,1335611261,0.7197500467300415,1335620302,-0.010250000283122063,1335629333,0.46375003457069397,1335638336,1.3610000610351562,,,,,,,,
mpu,,,,,,,,,1335733727,1068,16526,-32768,1335733727,10,80,34
adc,1335711258,0.6763750314712524,1335720292,-0.009125000797212124,1335729324,0.49250003695487976,1335738521,1.4210001230239868,,,,,,,,
mpu,,,,,,,,,1335833725,1150,16196,-32768,1335833725,-34,35,19
adc,1335811255,0.6538750529289246,1335820288,0.010500000789761543,1335829324,0.32325002551078796,1335838301,1.4061250686645508,,,,,,,,
mpu,,,,,,,,,1335933728,1330,16114,-32768,1335933728,-7,39,18
adc,1335911252,0.6642500162124634,1335920291,0.02512500062584877,1335929324,0.23600001633167267,1335938791,1.4302500486373901,,,,,,,,
mpu,,,,,,,,,1336033730,1188,16490,-32768,1336033730,30,20,6
adc,1336011268,0.596500039100647,1336020306,0.039375003427267075,1336029335,0.18912501633167267,1336038788,1.339500069618225,,,,,,,,
mpu,,,,,,,,,1336133726,1308,16446,-32768,1336133726,-12,-43,-9
adc,1336111254,0.5180000066757202,1336120294,0.058375000953674316,1336129326,0.1367500126361847,1336138309,1.2191250324249268,,,,,,,,
mpu,,,,,,,,,1336233728,1248,16084,-32768,1336233728,-70,-77,-29
adc,1336211253,0.4595000147819519,1336220290,0.058375000953674316,1336229320,0.058000002056360245,1336238557,1.0627501010894775,,,,,,,,
mpu,,,,,,,,,1336333734,1112,16296,-32768,1336333734,-63,-57,-65
adc,1336311261,0.4506250321865082,1336320297,0.07762500643730164,1336329330,0.04937500134110451,1336338324,1.1013751029968262,,,,,,,,
mpu,,,,,,,,,1336433733,854,16474,-32768,1336433733,1,-15,-61
adc,1336411262,0.45125001668930054,1336420303,0.1041250079870224,1336429338,0.05112500116229057,1336438813,1.0482500791549683,,,,,,,,
mpu,,,,,,,,,1336533732,1004,16192,-32768,1336533732,14,48,-14
adc,1336511260,0.24137501418590546,1336520293,0.125,1336529327,0.04800000041723251,1336538530,0.8972500562667847,,,,,,,,
mpu,,,,,,,,,1336633726,1060,15720,-32768,1336633726,22,45,11
adc,1336611254,0.13437500596046448,1336620295,0.11925000697374344,1336629332,0.06612500548362732,1336638791,0.909000039100647,,,,,,,,
mpu,,,,,,,,,1336733724,1616,17254,-32768,1336733724,34,-81,-21
adc,1336711264,0.13300000131130219,1336720293,0.10487500578165054,1336729333,0.11525000631809235,1336738329,0.9888750314712524,,,,,,,,
mpu,,,,,,,,,1336833727,602,16648,-32768,1336833727,16,-56,-65
adc,1336811254,0.11637500673532486,1336820293,0.11537500470876694,1336829329,0.11262500286102295,1336838771,1.065250039100647,,,,,,,,
mpu,,,,,,,,,1336933738,686,16434,-32768,1336933738,-11,-8,-2
adc,1336911252,0.125,1336920291,0.1262499988079071,1336929325,0.11650000512599945,1336938358,1.083875060081482,,,,,,,,
mpu,,,,,,,,,1337033734,1154,16230,-32768,1337033734,15,72,30
adc,1337011256,0.10437500476837158,1337020285,0.12837500870227814,1337029318,0.117125004529953,1337038309,1.1442500352859497,,,,,,,,
mpu,,,,,,,,,1337133731,442,16894,-32768,1337133731,50,222,12
adc,1337111258,0.4412500262260437,1337120294,0.18425001204013824,1337129327,0.06362500041723251,1337138538,1.1851251125335693,,,,,,,,
mpu,,,,,,,,,1337233732,1340,16152,-32768,1337233732,60,94,62
adc,1337211250,0.27549999952316284,1337220290,0.1980000138282776,1337229327,0.1730000078678131,1337238557,1.2548750638961792,,,,,,,,
mpu,,,,,,,,,1337333730,1422,15942,-32768,1337333730,-10,59,78
adc,1337311268,0.2528750002384186,1337320307,0.19562500715255737,1337329335,0.17987500131130219,1337338547,1.2655000686645508,,,,,,,,
mpu,,,,,,,,,1337433733,1532,16254,-32768,1337433733,6,10,42
adc,1337411266,0.5052500367164612,1337420303,0.19037501513957977,1337429340,0.23787501454353333,1337438805,1.3017500638961792,,,,,,,,
mpu,,,,,,,,,1337533731,852,16306,-32768,1337533731,66,97,50
adc,1337511262,0.5961250066757202,1337520296,0.26900002360343933,1337529336,0.3596250116825104,1337538327,1.367875099182129,,,,,,,,
mpu,,,,,,,,,1337633730,964,16674,-32768,1337633730,56,17,24
adc,1337611254,0.5471250414848328,1337620289,0.25950002670288086,1337629324,0.41037502884864807,1337638811,1.4476250410079956,,,,,,,,
mpu,,,,,,,,,1337733733,1414,16318,-32768,1337733733,-39,-60,-11
adc,1337711259,0.5218750238418579,1337720292,0.27925002574920654,1337729320,0.4272500276565552,1337738301,1.4753750562667847,,,,,,,,
mpu,,,,,,,,,1337833734,1574,16256,-32768,1337833734,-24,46,4
adc,1337811260,0.452875018119812,1337820297,0.2917500138282776,1337829330,0.4256250262260437,1337838323,1.5011250972747803,,,,,,,,
mpu,,,,,,,,,1337933735,1464,16412,-32768,1337933735,-2,-7,4
adc,1337911268,0.43025001883506775,1337920303,0.3108750283718109,1337929340,0.28050002455711365,1337938826,1.4876251220703125,,,,,,,,
mpu,,,,,,,,,1338033734,1500,16276,-32768,1338033734,-45,-54,1
adc,1338011252,0.40662503242492676,1338020298,0.3335000276565552,1338029334,0.2706250250339508,1338038768,1.4752501249313354,,,,,,,,
mpu,,,,,,,,,1338133737,1514,15996,-32768,1338133737,-18,33,13
adc,1338111267,0.3867500126361847,1338120304,0.35337501764297485,1338129341,0.3003750145435333,1338138563,1.53725004196167,,,,,,,,
mpu,,,,,,,,,1338233731,1696,16840,-32768,1338233731,15,53,17
adc,1338211256,0.3386250138282776,1338220296,0.36525002121925354,1338229334,0.25462502241134644,1338238377,1.4961251020431519,,,,,,,,
mpu,,,,,,,,,1338333727,1520,15916,-32768,1338333727,-8,34,15
adc,1338311256,0.3111250102519989,1338320296,0.39100003242492676,1338329328,0.24262501299381256,1338338415,1.4945000410079956,,,,,,,,
mpu,,,,,,,,,1338433731,1452,16250,-32768,1338433731,15,66,26
adc,1338411252,0.2813750207424164,1338420288,0.40562501549720764,1338429321,0.28850001096725464,1338438530,1.4875000715255737,,,,,,,,
mpu,,,,,,,,,1338533726,1726,16674,-32768,1338533726,22,65,22
adc,1338511257,0.23675000667572021,1338520293,0.41712501645088196,1338529333,0.30662500858306885,1338538816,1.4703750610351562,,,,,,,,
mpu,,,,,,,,,1338633728,1732,16138,-32768,1338633728,-28,23,10
adc,1338611250,0.20762501657009125,1338620284,0.43825003504753113,1338629315,0.2600000202655792,1338638553,1.4727500677108765,,,,,,,,
mpu,,,,,,,,,1338733742,1590,16166,-32768,1338733742,-4,28,7
adc,1338711273,0.17775000631809235,1338720314,0.44600000977516174,1338729351,0.20912501215934753,1338738335,1.47475004196167,,,,,,,,
mpu,,,,,,,,,1338833731,1602,16536,-32768,1338833731,-20,-4,3
adc,1338811271,0.14124999940395355,1338820307,0.47162503004074097,1338829337,0.14250001311302185,1338838822,1.3721250295639038,,,,,,,,
mpu,,,,,,,,,1338933727,1620,16378,-32768,1338933727,-15,48,30
adc,1338911250,0.1457500010728836,1338920288,0.5106250047683716,1338929322,0.030375001952052116,1338938364,1.136125087738037,,,,,,,,
mpu,,,,,,,,,1339033732,956,17898,-32768,1339033732,33,152,65
adc,1339011261,0.19850000739097595,1339020304,0.5446250438690186,1339029341,0.0061250003054738045,1339038786,0.6138750314712524,,,,,,,,
mpu,,,,,,,,,1339133735,-792,18264,-29642,1339133735,-14,519,83
adc,1339111267,-0.31812500953674316,1339120303,0.437125027179718,1339129340,0.002875000238418579,1339138558,0.22725000977516174,,,,,,,,
mpu,,,,,,,,,1339233723,8908,14238,-25236,1339233723,-433,699,-54
adc,1339211267,-0.042250003665685654,1339220302,0.6395000219345093,1339229339,0.005750000476837158,1339238357,0.014000000432133675,,,,,,,,
mpu,,,,,,,,,1339333727,-3186,15108,-28674,1339333727,-990,1010,-218
adc,1339311265,-0.12575000524520874,1339320302,0.6321250200271606,1339329337,0.005250000394880772,1339338829,-0.007500000298023224,,,,,,,,
mpu,,,,,,,,,1339433733,6270,14154,-27666,1339433733,-1075,-56,-459
adc,1339411258,-0.17987500131130219,1339420295,0.5557500123977661,1339429328,0.004875000100582838,1339438659,-0.004500000271946192,,,,,,,,
mpu,,,,,,,,,1339533732,4778,16902,-32768,1339533732,-677,134,-239
adc,1339511252,-0.21250000596046448,1339520293,0.5367500185966492,1339529330,0.004750000312924385,1339538331,-0.0032500000670552254,,,,,,,,
mpu,,,,,,,,,1339633726,1824,19940,-32768,1339633726,-148,961,174
adc,1339611252,-0.20675000548362732,1339620289,0.6182500123977661,1339629319,0.004500000271946192,1339638310,-0.001125000067986548,,,,,,,,
mpu,,,,,,,,,1339733739,770,18736,-32768,1339733739,-52,127,376
adc,1339711276,-0.1300000101327896,1339720313,0.7195000052452087,1339729350,0.004124999977648258,1339738558,0.015250001102685928,,,,,,,,
mpu,,,,,,,,,1339833726,-754,16618,-30062,1339833726,-124,290,193
adc,1339811257,-0.24437500536441803,1339820288,0.6841250061988831,1339829323,0.003750000149011612,1339838521,0.0016250000335276127,,,,,,,,
mpu,,,,,,,,,1339933731,3946,14060,-29370,1339933731,92,-332,289
adc,1339911263,-0.2822500169277191,1339920291,0.4962500333786011,1339929328,0.003000000026077032,1339938594,0.0031250000465661287,,,,,,,,
mpu,,,,,,,,,1340033729,3468,14308,-30608,1340033729,558,215,274
adc,1340011263,-0.05925000458955765,1340020301,0.5998750329017639,1340029334,0.003375000087544322,1340038802,0.06362500041723251,,,,,,,,
mpu,,,,,,,,,1340133724,-3840,15236,-25284,1340133724,764,1050,24
adc,1340111250,-0.004124999977648258,1340120282,0.6827500462532043,1340129326,0.003000000026077032,1340138518,0.12125000357627869,,,,,,,,
mpu,,,,,,,,,1340233730,16,17214,-31612,1340233730,257,-973,-192
adc,1340211265,-0.34537503123283386,1340220305,0.5096250176429749,1340229339,0.0020000000949949026,1340238582,0.007500000298023224,,,,,,,,
mpu,,,,,,,,,1340333731,-218,18818,-32768,1340333731,-26,-38,-210
adc,1340311261,0.3412500023841858,1340320292,0.7892500162124634,1340329324,0.03187500312924385,1340338431,0.19425000250339508,,,,,,,,
mpu,,,,,,,,,1340433732,748,17590,-26652,1340433732,-120,863,-10
adc,1340411264,0.4933750331401825,1340420300,0.5815000534057617,1340429337,0.21125000715255737,1340438418,0.25337502360343933,,,,,,,,
mpu,,,,,,,,,1340533739,3788,15564,-31342,1340533739,-141,31,118
adc,1340511269,0.09400000423192978,1340520313,0.624250054359436,1340529350,0.2382500171661377,1340538584,0.24775001406669617,,,,,,,,
mpu,,,,,,,,,1340633728,416,18268,-31198,1340633728,-59,189,117
adc,1340611256,-0.14300000667572021,1340620288,0.5745000243186951,1340629318,0.36400002241134644,1340638782,0.2848750054836273,,,,,,,,
mpu,,,,,,,,,1340733728,3248,15896,-31886,1340733728,7,188,77
adc,1340711257,1.4393750429153442,1340720293,0.5483750104904175,1340729328,0.4126250147819519,1340738518,0.3657500147819519,,,,,,,,
mpu,,,,,,,,,1340833727,2680,15476,-30334,1340833727,69,267,79
adc,1340811252,-0.39125001430511475,1340820287,0.31712502241134644,1340829325,1.084375023841858,1340838798,0.46512502431869507,,,,,,,,
mpu,,,,,,,,,1340933728,1096,16166,-30842,1340933728,308,-130,-28
adc,1340911257,-0.3501250147819519,1340920288,0.6326250433921814,1340929327,1.5525001287460327,1340938820,0.4345000088214874,,,,,,,,
mpu,,,,,,,,,1341033733,2148,17070,-32768,1341033733,373,-6,65
adc,1341011262,-0.39787501096725464,1341020294,0.5905000567436218,1341029331,1.8496251106262207,1341038418,0.49900001287460327,,,,,,,,
mpu,,,,,,,,,1341133730,1864,16612,-32768,1341133730,44,230,146
adc,1341111253,-0.3817500174045563,1341120299,0.1991250067949295,1341129338,1.9946250915527344,1341138827,0.6938750147819519,,,,,,,,
mpu,,,,,,,,,1341233732,4284,15836,-32768,1341233732,-231,-43,183
adc,1341211258,-0.41837501525878906,1341220299,0.3632500171661377,1341229341,2.1651251316070557,1341238632,0.877875030040741,,,,,,,,
mpu,,,,,,,,,1341333730,5270,15256,-32768,1341333730,-285,-13,123
adc,1341311258,-0.42525002360343933,1341320292,0.7152500152587891,1341329328,2.181375026702881,1341338525,0.752750039100647,,,,,,,,
mpu,,,,,,,,,1341433734,4614,15366,-32768,1341433734,-362,74,134
adc,1341411263,-0.40437501668930054,1341420302,0.7306250333786011,1341429335,2.188000202178955,1341438785,0.7896250486373901,,,,,,,,
mpu,,,,,,,,,1341533733,-1306,17346,-29902,1341533733,-791,213,208
adc,1341511263,-0.4047500193119049,1341520303,0.8650000691413879,1341529338,1.9718750715255737,1341538554,0.9262500405311584,,,,,,,,
mpu,,,,,,,,,1341633732,5466,13822,-27774,1341633732,-1198,125,318
adc,1341611254,0.05350000411272049,1341620294,1.2857500314712524,1341629330,1.8343751430511475,1341638796,0.9581250548362732,,,,,,,,
mpu,,,,,,,,,1341733732,5552,15778,-24078,1341733732,-1136,484,108
adc,1341711264,-0.43950003385543823,1341720301,1.402500033378601,1341729336,0.9543750286102295,1341738571,0.2901250123977661,,,,,,,,
mpu,,,,,,,,,1341833725,774,17676,-27040,1341833725,-975,494,-58
adc,1341811255,-0.4411250352859497,1341820286,1.064750075340271,1341829324,-0.005250000394880772,1341838300,0.008500000461935997,,,,,,,,
mpu,,,,,,,,,1341933728,5152,9910,-27964,1341933728,-783,-11,411
adc,1341911259,-0.24650001525878906,1341920296,0.4986250102519989,1341929326,-0.003750000149011612,1341938766,0.007375000510364771,,,,,,,,
mpu,,,,,,,,,1342033735,-2708,8858,-23382,1342033735,244,1239,60
adc,1342011264,-0.18562500178813934,1342020303,0.4556250274181366,1342029338,-0.003750000149011612,1342038793,0.012500000186264515,,,,,,,,
mpu,,,,,,,,,1342133729,482,11650,-23502,1342133729,868,452,-480
adc,1342111252,-0.14337500929832458,1342120294,0.4205000102519989,1342129327,-0.004000000189989805,1342138601,0.011250000447034836,,,,,,,,
mpu,,,,,,,,,1342233727,534,14770,-23882,1342233727,1079,-141,-905
adc,1342211265,-0.1236250028014183,1342220304,0.4101250171661377,1342229336,-0.0043750000186264515,1342238551,0.013250000774860382,,,,,,,,
mpu,,,,,,,,,1342333735,3072,15486,-26636,1342333735,1152,-608,-739
adc,1342311261,-0.0963750034570694,1342320300,0.3803750276565552,1342329331,-0.0042500002309679985,1342338412,0.013750000856816769,,,,,,,,
mpu,,,,,,,,,1342433726,-1086,14442,-26888,1342433726,937,-139,-487
adc,1342411256,-0.09050000458955765,1342420294,0.3632500171661377,1342429329,-0.0043750000186264515,1342438785,0.013500000350177288,,,,,,,,
mpu,,,,,,,,,1342533725,-1930,15518,-28622,1342533725,1037,-130,-352
adc,1342511256,-0.024375000968575478,1342520287,0.11887500435113907,1342529320,-0.000375000003259629,1342538658,0.002250000135973096,,,,,,,,
mpu,,,,,,,,,1342633734,-2118,17258,-28906,1342633734,1062,-608,-306
adc,1342611270,0.014250000938773155,1342620310,0.027750002220273018,1342629345,-0.0005000000237487257,1342638833,0.003000000026077032,,,,,,,,
mpu,,,,,,,,,1342733728,-9936,23402,-32768,1342733728,602,-688,-306
adc,1342711252,-0.013625000603497028,1342720292,0.09062500298023224,1342729323,-0.000750000006519258,1342738564,0.003375000087544322,,,,,,,,
mpu,,,,,,,,,1342833736,-2114,17310,-30878,1342833736,134,595,-92
adc,1342811242,0.3175000250339508,1342820275,0.07750000059604645,1342829312,-0.0006250000442378223,1342838389,0.005000000353902578,,,,,,,,
mpu,,,,,,,,,1342933724,-3624,15650,-32768,1342933724,-83,2,57
adc,1342911258,0.33500000834465027,1342920289,0.027750002220273018,1342929327,-0.0005000000237487257,1342938776,0.030750000849366188,,,,,,,,
mpu,,,,,,,,,1343033731,-3678,16482,-32768,1343033731,-33,-117,122
adc,1343011259,1.0772500038146973,1343020296,0.04012500122189522,1343029327,-0.0002500000118743628,1343038821,0.16237500309944153,,,,,,,,
mpu,,,,,,,,,1343133731,-2210,16664,-32768,1343133731,-63,-123,160
adc,1343111261,-0.22312501072883606,1343120298,0.04125000163912773,1343129337,0.0012500000884756446,1343138553,0.16212500631809235,,,,,,,,
mpu,,,,,,,,,1343233728,-2230,16692,-32768,1343233728,-141,-26,191
adc,1343211261,-0.11350000649690628,1343220300,0.03125,1343229334,0.0162500012665987,1343238542,0.22975000739097595,,,,,,,,
mpu,,,,,,,,,1343333733,-1924,16430,-32526,1343333733,-179,58,257
adc,1343311255,-0.085875004529953,1343320288,-0.008249999955296516,1343329324,0.036000002175569534,1343338430,0.22975000739097595,,,,,,,,
mpu,,,,,,,,,1343433731,-1974,17004,-31318,1343433731,-192,-45,316
adc,1343411250,0.49400001764297485,1343420290,-0.08350000530481339,1343429321,0.1236250028014183,1343438387,0.49250003695487976,,,,,,,,
mpu,,,,,,,,,1343533729,-248,16656,-32436,1343533729,-202,-227,378
adc,1343511265,0.9518750309944153,1343520303,-0.3607500195503235,1343529337,0.25450000166893005,1343538321,0.8813750147819519,,,,,,,,
mpu,,,,,,,,,1343633726,402,16762,-31160,1343633726,-239,-171,454
adc,1343611262,0.8918750286102295,1343620301,-0.40300002694129944,1343629339,0.7712500095367432,1343638796,1.4655001163482666,,,,,,,,
mpu,,,,,,,,,1343733733,524,16112,-31038,1343733733,-63,-115,450
adc,1343711256,-0.40312501788139343,1343720607,-0.3751250207424164,1343729648,1.6648750305175781,1343738964,1.783750057220459,,,,,,,,
mpu,,,,,,,,,1343833732,2082,16300,-31218,1343833732,3,-96,329
adc,1343811251,-0.4048750102519989,1343820285,-0.27674999833106995,1343829316,1.821000099182129,1343838521,2.0097501277923584,,,,,,,,
mpu,,,,,,,,,1343933733,2542,16344,-31182,1343933733,15,-13,212
adc,1343911266,-0.18250000476837158,1343920305,0.7065000534057617,1343929340,1.551875114440918,1343938805,2.0980000495910645,,,,,,,,
mpu,,,,,,,,,1344033725,2580,16228,-31274,1344033725,55,71,54
adc,1344011250,0.4050000309944153,1344020293,0.6726250052452087,1344029326,1.1311250925064087,1344038784,2.0672500133514404,,,,,,,,
mpu,,,,,,,,,1344133729,2130,16688,-32094,1344133729,145,78,-96
adc,1344111256,0.048750001937150955,1344120292,-0.34975001215934753,1344129325,1.2391250133514404,1344138536,2.1101250648498535,,,,,,,,
mpu,,,,,,,,,1344233726,66,17284,-32768,1344233726,-102,-40,17
adc,1344211254,0.8985000252723694,1344220300,-0.4193750321865082,1344229335,1.598750114440918,1344238775,1.9718750715255737,,,,,,,,
mpu,,,,,,,,,1344333732,-1422,23176,-29442,1344333732,-899,-94,334
adc,1344311258,1.6362500190734863,1344320303,1.655250072479248,1344329337,0.03162500262260437,1344338829,0.5001250505447388,,,,,,,,
mpu,,,,,,,,,1344433724,466,13034,-25218,1344433724,-1032,48,266
adc,1344411247,-0.12412500381469727,1344420287,0.42100003361701965,1344429315,-0.0005000000237487257,1344438795,0.0042500002309679985,,,,,,,,
mpu,,,,,,,,,1344533731,-2776,5642,-32264,1344533731,77,-324,-698
adc,1344511267,0.06537500023841858,1344520305,0.14112500846385956,1344529335,-0.000375000003259629,1344538335,0.002875000238418579,,,,,,,,
mpu,,,,,,,,,1344633727,2794,19526,-29058,1344633727,1914,560,-1887
adc,1344611256,0.23187501728534698,1344620292,0.03887500241398811,1344629330,-0.0006250000442378223,1344638816,0.002875000238418579,,,,,,,,
mpu,,,,,,,,,1344733727,-5614,22926,-32768,1344733727,1451,-149,-962
adc,1344711258,1.630750060081482,1344720294,0.14537501335144043,1344729328,-0.000375000003259629,1344738794,0.1511250138282776,,,,,,,,
mpu,,,,,,,,,1344833734,-6350,11966,-31990,1344833734,-17,274,175
adc,1344811258,-0.3996250331401825,1344820292,-0.3422500193119049,1344829326,0.03837500140070915,1344838358,0.8948750495910645,,,,,,,,
mpu,,,,,,,,,1344933730,526,17534,-32768,1344933730,-268,-1077,696
adc,1344911253,-0.4051250219345093,1344920291,-0.413625031709671,1344929326,0.6322500109672546,1344938365,1.5322500467300415,,,,,,,,
mpu,,,,,,,,,1345033732,976,16014,-32392,1345033732,-407,-119,590
adc,1345011265,-0.32462501525878906,1345020300,-0.2515000104904175,1345029337,0.9826250672340393,1345038361,1.7883751392364502,,,,,,,,
mpu,,,,,,,,,1345133732,-280,16760,-32768,1345133732,-119,88,291
adc,1345111266,0.11512500792741776,1345120310,0.29225000739097595,1345129348,1.152500033378601,1345138539,1.8441250324249268,,,,,,,,
mpu,,,,,,,,,1345233733,272,16816,-32204,1345233733,-183,16,159
adc,1345211266,-0.12325000762939453,1345220302,-0.2238750159740448,1345229337,1.4555001258850098,1345238823,1.8518750667572021,,,,,,,,
mpu,,,,,,,,,1345333727,378,16626,-32432,1345333727,-238,-135,79
adc,1345311255,-0.2513750195503235,1345320291,-0.32712501287460327,1345329328,1.777250051498413,1345338821,1.9166251420974731,,,,,,,,
mpu,,,,,,,,,1345433728,848,16530,-31368,1345433728,-159,82,155
adc,1345411259,0.048375003039836884,1345420292,-0.12837500870227814,1345429328,1.908250093460083,1345438526,1.9215000867843628,,,,,,,,
mpu,,,,,,,,,1345533732,374,16444,-31692,1345533732,-116,17,-9
adc,1345511250,0.23225000500679016,1345520282,-0.21900001168251038,1345529318,1.9340001344680786,1345538328,1.9130001068115234,,,,,,,,
mpu,,,,,,,,,1345633732,268,16444,-31082,1345633732,-106,-51,-26
adc,1345611258,0.11925000697374344,1345620295,0.06000000238418579,1345629325,1.986875057220459,1345638332,1.939250111579895,,,,,,,,
mpu,,,,,,,,,1345733734,422,16826,-31408,1345733734,-35,34,-17
adc,1345711260,0.1355000138282776,1345720300,-0.035750001668930054,1345729339,2.0021250247955322,1345738831,1.952375054359436,,,,,,,,
mpu,,,,,,,,,1345833727,898,16130,-30762,1345833727,-62,-14,-16
adc,1345811251,0.11612500250339508,1345820285,-0.11525000631809235,1345829320,2.0318751335144043,1345838555,1.9342501163482666,,,,,,,,
mpu,,,,,,,,,1345933728,94,16472,-31088,1345933728,-5,-33,-38
adc,1345911247,0.24400001764297485,1345920287,0.3071250021457672,1345929323,2.026625156402588,1345938788,1.9506250619888306,,,,,,,,
